17.8.2026 23:10:18 [Notification] Client logger started.
17.8.2026 23:10:18 [Notification] Game Version: v1.22.6 (Stable)
17.8.2026 23:10:18 [Notification] Process path: %appdata%\Vintagestory\Vintagestory.exe
17.8.2026 23:10:18 [Notification] Operating System: Windows 10.0.26200.0
17.8.2026 23:10:18 [Notification] CPU Cores: 16
17.8.2026 23:10:18 [Notification] CPU: AMD Ryzen 7 9700X 8-Core Processor             
17.8.2026 23:10:18 [Notification] Available RAM: 31861 MB
17.8.2026 23:10:19 [Notification] OpenAL Initialized. Available Mono/Stereo Sources: 255/1
17.8.2026 23:10:19 [Notification] Graphics Card Vendor: ATI Technologies Inc.
17.8.2026 23:10:19 [Notification] Graphics Card Version: 4.3.0 Core Profile Context 26.7.1.260716
17.8.2026 23:10:19 [Notification] Graphics Card Renderer: AMD Radeon RX 9070
17.8.2026 23:10:19 [Notification] Graphics Card ShadingLanguageVersion: 4.60
17.8.2026 23:10:19 [Notification] GL.MaxVertexUniformComponents: 8000
17.8.2026 23:10:19 [Notification] GL.MaxUniformBlockSize: 4194304
17.8.2026 23:10:19 [Notification] C# Framework: .net 10.0.9
17.8.2026 23:10:19 [Notification] Cairo Graphics Version: 1.17.3
17.8.2026 23:10:19 [Notification] OpenAL Version: 1.1 ALSOFT 1.23.0
17.8.2026 23:10:19 [Notification] Zstd Version: 1.5.7
17.8.2026 23:10:19 [Notification] Start discovering assets
17.8.2026 23:10:19 [Notification] Found 35 base assets in category lang
17.8.2026 23:10:19 [Notification] Found 0 base assets in category patches
17.8.2026 23:10:19 [Notification] Found 24 base assets in category config
17.8.2026 23:10:19 [Notification] Found 0 base assets in category worldproperties
17.8.2026 23:10:19 [Notification] Found 49 base assets in category sounds
17.8.2026 23:10:19 [Notification] Found 230 base assets in category shapes
17.8.2026 23:10:19 [Notification] Found 84 base assets in category shaders
17.8.2026 23:10:19 [Notification] Found 19 base assets in category shaderincludes
17.8.2026 23:10:19 [Notification] Found 182 base assets in category textures
17.8.2026 23:10:19 [Notification] Found 4 base assets in category music
17.8.2026 23:10:19 [Notification] Found 0 base assets in category dialog
17.8.2026 23:10:19 [Notification] Found 627 base assets in total
17.8.2026 23:10:19 [Notification] Loading sounds
17.8.2026 23:10:19 [Notification] (Re-)loaded frame buffers
17.8.2026 23:10:19 [Notification] Loaded Shaderprogramm for render pass .
17.8.2026 23:10:19 [Notification] Sounds loaded
17.8.2026 23:10:19 [Notification] Begin loading shaders
17.8.2026 23:10:19 [Notification] Load shaders now
17.8.2026 23:10:19 [Notification] Loading shaders...
17.8.2026 23:10:19 [Notification] Loaded Shaderprogramm for render pass standard.
17.8.2026 23:10:19 [Notification] Loaded Shaderprogramm for render pass particlescube.
17.8.2026 23:10:19 [Notification] Loaded Shaderprogramm for render pass particlesquad.
17.8.2026 23:10:19 [Notification] Loaded Shaderprogramm for render pass sky.
17.8.2026 23:10:19 [Notification] Loaded Shaderprogramm for render pass nightsky.
17.8.2026 23:10:19 [Notification] Loaded Shaderprogramm for render pass woittest.
17.8.2026 23:10:19 [Notification] Loaded Shaderprogramm for render pass transparentcompose.
17.8.2026 23:10:19 [Notification] Loaded Shaderprogramm for render pass debugdepthbuffer.
17.8.2026 23:10:19 [Notification] Loaded Shaderprogramm for render pass helditem.
17.8.2026 23:10:19 [Notification] Loaded Shaderprogramm for render pass chunkopaque.
17.8.2026 23:10:19 [Notification] Loaded Shaderprogramm for render pass chunkliquid.
17.8.2026 23:10:19 [Notification] Loaded Shaderprogramm for render pass decals.
17.8.2026 23:10:19 [Notification] Loaded Shaderprogramm for render pass final.
17.8.2026 23:10:19 [Notification] Loaded Shaderprogramm for render pass gui.
17.8.2026 23:10:19 [Notification] Loaded Shaderprogramm for render pass blur.
17.8.2026 23:10:19 [Notification] Loaded Shaderprogramm for render pass chunktransparent.
17.8.2026 23:10:19 [Notification] Loaded Shaderprogramm for render pass findbright.
17.8.2026 23:10:19 [Notification] Loaded Shaderprogramm for render pass chunktopsoil.
17.8.2026 23:10:19 [Notification] Loaded Shaderprogramm for render pass godrays.
17.8.2026 23:10:19 [Notification] Loaded Shaderprogramm for render pass autocamera.
17.8.2026 23:10:19 [Notification] Loaded Shaderprogramm for render pass blockhighlights.
17.8.2026 23:10:19 [Notification] Loaded Shaderprogramm for render pass wireframe.
17.8.2026 23:10:19 [Notification] Loaded Shaderprogramm for render pass entityanimated.
17.8.2026 23:10:19 [Notification] Loaded Shaderprogramm for render pass luma.
17.8.2026 23:10:19 [Notification] Loaded Shaderprogramm for render pass blit.
17.8.2026 23:10:19 [Notification] Loaded Shaderprogramm for render pass particlesquad2d.
17.8.2026 23:10:19 [Notification] Loaded Shaderprogramm for render pass shadowmapentityanimated.
17.8.2026 23:10:19 [Notification] Loaded Shaderprogramm for render pass chunkshadowmap.
17.8.2026 23:10:19 [Notification] Loaded Shaderprogramm for render pass texture2texture.
17.8.2026 23:10:19 [Notification] Loaded Shaderprogramm for render pass celestialobject.
17.8.2026 23:10:19 [Notification] Loaded Shaderprogramm for render pass guitopsoil.
17.8.2026 23:10:19 [Notification] Loaded Shaderprogramm for render pass colorgrade.
17.8.2026 23:10:19 [Notification] Loaded Shaderprogramm for render pass guigear.
17.8.2026 23:10:19 [Notification] Loaded Shaderprogramm for render pass ssao.
17.8.2026 23:10:19 [Notification] Loaded Shaderprogramm for render pass bilateralblur.
17.8.2026 23:10:19 [Notification] Loaded Shaderprogramm for render pass chunkliquiddepth.
17.8.2026 23:10:19 [Notification] Loaded Shaderprogramm for render pass aurora.
17.8.2026 23:10:19 [Notification] Loaded Shaderprogramm for render pass cloudmap.
17.8.2026 23:10:19 [Notification] Loaded Shaderprogramm for render pass cloudvolumetric.
17.8.2026 23:10:19 [Notification] Loaded Shaderprogramm for render pass instanced.
17.8.2026 23:10:19 [Notification] Loaded Shaderprogramm for render pass lines.
17.8.2026 23:10:19 [Notification] Loaded Shaderprogramm for render pass entityanimated.
17.8.2026 23:10:19 [Notification] Cached session key is valid, validating with server
17.8.2026 23:10:20 [Notification] Server validation response: Good
17.8.2026 23:10:20 [Notification] Will search the following paths for mods:
17.8.2026 23:10:20 [Notification]     %appdata%\Vintagestory\Mods
17.8.2026 23:10:20 [Notification]     %appdata%\VintagestoryData\Mods
17.8.2026 23:10:26 [Notification] Initialized GUI Manager
17.8.2026 23:10:26 [Notification] Initialized Server Connection
17.8.2026 23:10:26 [Notification] Server args parsed
17.8.2026 23:10:26 [Notification] Server main instantiated
17.8.2026 23:10:54 [Notification] Server launched
17.8.2026 23:10:57 [Notification] Processed server identification
17.8.2026 23:10:57 [Notification] Map initialized
17.8.2026 23:10:57 [Notification] Received server assets
17.8.2026 23:10:57 [Notification] Loading and pre-starting client side mods...
17.8.2026 23:10:57 [Notification] Will search the following paths for mods:
17.8.2026 23:10:57 [Notification]     %appdata%\Vintagestory\Mods
17.8.2026 23:10:57 [Notification]     %appdata%\VintagestoryData\Mods
17.8.2026 23:10:57 [Notification] Found 168 mods (0 disabled)
17.8.2026 23:10:57 [Notification] Mods, sorted by dependency: walkingstick, barstogears, bedrespawnerz1, buffberries, cbr, chiseltools, cindersandembers, compostgrass, containersbundle, doublebackpackcapacity, extrachestsfantasyedition, flower-propagation, flowers, fruitrefreshed, haybales, hotcrops, increasedstoragecapacity, interestingoregen, jsonpatcheslib, limestonefromcaves, limetransmute, longtermfood, medievalclothes, miningdropsmorestone, mofirewood, molds, shroomies, notsotastywax, oldestjtents, ornamentalplants, overhaulliblegacycompat, overhaullib, p1nksshelvingtweaks, p1nkstacksizes, pinelogsfortannin, primitivesurvival, pulverize_rocks, qolcraftsupdate, racialability, racialequality, realisticmonsterloot, spinningwheel, meapineapplestone, temporaldust, temporalvessels, terratag, toolbelt, transmittance, usefulshears, vintagetimelapse, game, vsimgui, arthursjournal, waterwheelnormalwater, wforests, zoombuttonreborn, aculinaryartillery, adventureportals, alchemy, ancientlib, animationslib, apewindows, arrowbarrels, astralstone, attributerenderinglibrary, egocaribautomapmarkers, chiselreborn, awearablelight, baconbaconbacon, barkcanoe, betterruins, biggercellarsrebuilt, billposting, bdflower, biodiversity, blocksoverlay, botanicalleathers, buildingwands, butchering, carryonlib, cartwrightscaravan, commonlibforked, configlib, craftablecharcoal, customtableaux, darkerwalnut, dirtymind, earlychiseling, easybuilding, emotes, extrainfo, firewoodtosticks, floralworks, foodshelves, fromgoldencombs, gimmeoneseedplz, herbarium, knapster, lightdonjon, materialneeds, mealrevariation, medievalexpansionpatch, morepiles, ndlmushroomgrowth, ndltreegrowth, ndlwoodentorchholder, nomadtents, opineuponpine, paintedcanvas, particlesplus, petai, physicalmaps, pigroast, placeonslabs, playermodellib, postsandbeams, primitifglider, resinfarmremake, ridertoolkittest, sheydermod, shipwright, statushudcont, tentbagreworked, terraprety, terratagsoundspack, usefulstuff17, valksfuzzyclouds, vibrantglassquartzed, vigor, vintagecanvas, visibleoresandminerals, vsairshipmod, vsaapi, creative, survival, wenvironmentalstabilitypatch, xlibfork, apanserbjornstory, bdcrop, bdherb, bdorchard, bdshrub, bdtree, blushandbins, carryon, chariot, crossbowsfork, dingdong, expandedfoodsfixattempt, em, fulldropunofficial, heraldry, independentvehicles, lecternworks, notenoughsand, playercorpseforked, pnjrpg, pnjrpgwaters, quiversfork, stonequarryforked, terrainslabs, vsareplica, xskillsfork, zrustdrops, bricklayers, heraldrybanners, capes, xskillsgilded
17.8.2026 23:10:58 [Warning] [bdflower] Is a Content mod, but .cs or .dll files were found. These will be ignored.
17.8.2026 23:10:58 [Error] [usefulstuff17] An exception was thrown when trying to load assembly:
17.8.2026 23:10:58 [Error] [usefulstuff17] Exception: Could not load file or assembly 'Newtonsoft.Json, Version=13.0.0.0, Culture=neutral, PublicKeyToken=30ad4fe6b2a6aeed'. Assembly with same name is already loaded
   at System.Runtime.Loader.AssemblyLoadContext.<LoadFromPath>g____PInvoke|5_0(IntPtr __ptrNativeAssemblyBinder_native, UInt16* __ilPath_native, UInt16* __niPath_native, ObjectHandleOnStack __retAssembly_native)
   at System.Runtime.Loader.AssemblyLoadContext.<LoadFromPath>g____PInvoke|5_0(IntPtr __ptrNativeAssemblyBinder_native, UInt16* __ilPath_native, UInt16* __niPath_native, ObjectHandleOnStack __retAssembly_native)
   at System.Runtime.Loader.AssemblyLoadContext.LoadFromAssemblyPath(String assemblyPath)
   at Vintagestory.Common.ModAssemblyLoader.LoadFrom(String path) in VintagestoryLib\Common\API\ModAssemblyLoader.cs:line 36
   at Vintagestory.Common.ModContainer.<>c__DisplayClass38_0.<LoadAssembly>b__0(String path) in VintagestoryLib\Common\API\ModContainer.cs:line 607
   at System.Linq.Enumerable.ListSelectIterator`2.MoveNext()
   at System.Linq.Enumerable.IEnumerableWhereIterator`1.ToList()
   at Vintagestory.Common.ModContainer.LoadAssembly(ModCompilationContext compilationContext, ModAssemblyLoader loader) in VintagestoryLib\Common\API\ModContainer.cs:line 606
17.8.2026 23:10:58 [Warning] [bdcrop] Is a Content mod, but .cs or .dll files were found. These will be ignored.
17.8.2026 23:10:58 [Warning] [bdherb] Is a Content mod, but .cs or .dll files were found. These will be ignored.
17.8.2026 23:10:58 [Warning] [bdorchard] Is a Content mod, but .cs or .dll files were found. These will be ignored.
17.8.2026 23:10:58 [Warning] [bdshrub] Is a Content mod, but .cs or .dll files were found. These will be ignored.
17.8.2026 23:10:58 [Warning] [bdtree] Is a Content mod, but .cs or .dll files were found. These will be ignored.
17.8.2026 23:10:58 [Notification] [bedrespawnerz1] Successfully compiled 1 source files
17.8.2026 23:10:58 [Notification] [adventureportals] Successfully compiled 1 source files
17.8.2026 23:10:58 [Notification] Instantiated 322 mod systems from 165 enabled mods
17.8.2026 23:10:58 [Event] Starting mod 'Knapster v4.0.0' by ApacheTech Solutions...
17.8.2026 23:10:58 [Warning] [haybales] Mod 'haybales (haybales-V1.1.2.zip)' has no authors specified in mod info.
17.8.2026 23:10:58 [Notification] Loaded mods (165):
ModID                         Version       Name                                                  FileName                                                   Dependencies                                                     Authors                                                                                                  ModDB (if alias set by author)                           
biggercellarsrebuilt          1.0.0         Bigger Cellars Rebuilt                                BiggerCellarsRebuilt0.1.4.zip                              game@1.22.2                                                      _RaptorOne_                                                                                              https://mods.vintagestory.at/biggercellarsrebuilt        
haybales                      1.1.2         haybales                                              haybales-V1.1.2.zip                                        -                                                                -                                                                                                        https://mods.vintagestory.at/haybales                    
waterwheelnormalwater         1.0.1         Water Wheel Works With Normal Water                   waterwheelnormalwater.zip                                  -                                                                Aazdorah                                                                                                 https://mods.vintagestory.at/waterwheelnormalwater       
firewoodtosticks              1.0.0         Firewood to sticks                                    firewoodtostick.zip                                        game                                                             Akhates                                                                                                  https://mods.vintagestory.at/firewoodtosticks            
flower-propagation            0.0.2         flower-propagation                                    flower-propagation-v0.0.2.zip                              -                                                                alfie                                                                                                    https://mods.vintagestory.at/flower-propagation          
vibrantglassquartzed          1.0.7         Vibrant Glass (Quartz Ed.)                            vibrantglassquartzed.zip                                   game                                                             ALollipop                                                                                                https://mods.vintagestory.at/vibrantglassquartzed        
dingdong                      0.0.4         DingDong                                              DingDong_0.0.4.zip                                         game@1.22.0, survival@*                                          Alsair                                                                                                   https://mods.vintagestory.at/dingdong                    
knapster                      4.0.0         Knapster                                              Knapster_v4.0.0.zip                                        game@1.22.0                                                      ApacheTech Solutions                                                                                     https://mods.vintagestory.at/knapster                    
limetransmute                 1.1.0         Lime Transmutation                                    LimeTranmute1.1.0.zip                                      -                                                                ATP                                                                                                      https://mods.vintagestory.at/limetransmute               
barkcanoe                     1223.0.2      Bark Canoe                                            barkcanoemod-1223.0.2.zip                                  game@1.22.0                                                      Bannta                                                                                                   https://mods.vintagestory.at/barkcanoe                   
placeonslabs                  1.1.3         Place on slabs                                        placeonslabs_1.1.3.zip                                     game@1.22.2                                                      BeloMaximka                                                                                              https://mods.vintagestory.at/placeonslabs                
terrainslabs                  1.0.16        Terrain Slabs                                         terrainslabs_1.0.16.zip                                    game@1.22.2, placeonslabs@1.1.3                                  BeloMaximka                                                                                              https://mods.vintagestory.at/terrainslabs                
tentbagreworked               3.2.3         TentBag Reworked                                      TentBag Reworked v3.2.3.zip                                game                                                             BillyGalbreath, safwyl, El_Neuman                                                                        https://mods.vintagestory.at/tentbagreworked             
cindersandembers              1.0.2         Cinders and Embers                                    CindersAndEmbers-1.0.2.zip                                 -                                                                captainklutz                                                                                             https://mods.vintagestory.at/cindersandembers            
biodiversity                  1.1.4         Biodiversity: Core                                    biodiversity_core_1.1.4.zip                                game@1.22.0                                                      Captanredbeard, The Last Thing                                                                           https://mods.vintagestory.at/biodiversity                
bdcrop                        1.0.5         Biodiversity: Crops                                   biodiversity_bdcrop_1.0.5.zip                              biodiversity@1.1.4                                               Captanredbeard, WhiskeySunshine, The Last Thing                                                          https://mods.vintagestory.at/bdcrop                      
bdorchard                     1.0.5         Biodiversity: Orchards                                biodiversity_bdorchard_1.0.5.zip                           biodiversity@1.1.4                                               Captanredbeard, WhiskeySunshine, The Last Thing                                                          https://mods.vintagestory.at/bdorchard                   
bdshrub                       0.2.0         Biodiversity: Shrubs and Berries                      biodiversity_bdshrub_0.2.0.zip                             game@1.22.0-rc.5, biodiversity@1.0.0                             Captanredbeard, WhiskeySunshine, The Last Thing                                                          https://mods.vintagestory.at/bdshrub                     
bdtree                        1.1.0-pre.2   Biodiversity: Trees                                   biodiversity_bdtree_1.1.0-pre.2.zip                        game@1.22.2, biodiversity@1.1.4                                  Captanredbeard, WhiskeySunshine, The Last Thing                                                          https://mods.vintagestory.at/bdtree                      
bdflower                      0.1.1         Biodiversity: Flowers and Grass                       biodiversity_bdflower_0.1.0.zip                            game@1.22.0-pre.1                                                Captanredbeard, WhiskeySunshine, VirtusMarik, Sigmadron, Ледяная Соня (WC), CATASTEROID (WC), Gabb (WC)  https://mods.vintagestory.at/bdflower                    
bdherb                        0.1.1         Biodiversity: Herbs and Spices                        biodiversity_bdherb_0.1.0.zip                              game@1.22.0-pre.1, herbarium@1.4.1-rc.1                          Captanredbeard, WhiskeySunshine, VirtusMarik, Sigmadron, Ледяная Соня (WC), CATASTEROID (WC), Gabb (WC)  https://mods.vintagestory.at/bdherb                      
containersbundle              1.3.1         Containers Bundle                                     containersbundle_1.3.1.zip                                 -                                                                Centur1on                                                                                                https://mods.vintagestory.at/containersbundle            
transmittance                 1.0.0         Transmittance                                         TransmittanceV1.0.0.zip                                    -                                                                Cheeki                                                                                                   https://mods.vintagestory.at/transmittance               
usefulshears                  1.0.0         Useful Shears                                         UsefulShears-V.1.0.0.zip                                   -                                                                Cheeki                                                                                                   https://mods.vintagestory.at/usefulshears                
vigor                         122.7.3       Vigor                                                 vigor_122.7.3.zip                                          game@1.22.0                                                      chrisunfocused                                                                                           https://mods.vintagestory.at/vigor                       
carryon                       2.0.0-pre.4   Carry On                                              CarryOn-1.22.0_v2.0.0-pre.4.zip                            game@1.22.0, carryonlib@1.0.0-pre.4                              copygirl, NerdScurvy                                                                                     https://mods.vintagestory.at/carryon                     
extrainfo                     2.2.1         Extra Info                                            ExtraInfo-v2.2.1.zip                                       game@1.22.0                                                      Craluminum2413 (Dana)                                                                                    https://mods.vintagestory.at/extrainfo                   
morepiles                     3.0.1         More Piles                                            MorePiles-v3.0.1.zip                                       game@1.22.0                                                      Craluminum2413 (Dana)                                                                                    https://mods.vintagestory.at/morepiles                   
attributerenderinglibrary     3.1.5         Attribute Rendering Library                           AttributeRenderingLibrary-v3.1.5.zip                       game@1.22.0                                                      Craluminum2413 (Dana), Nanotect, BowlSoldier                                                             https://mods.vintagestory.at/attributerenderinglibrary   
heraldry                      2.0.0         Heraldry                                              Heraldry-v2.0.0.zip                                        game@1.22.0, attributerenderinglibrary@3.0.0                     Craluminum2413 (Dana), SaltyWater                                                                        https://mods.vintagestory.at/heraldry                    
heraldrybanners               2.0.0         Heraldry : Banners                                    HeraldryBanners-v2.0.0.zip                                 game@1.22.0, attributerenderinglibrary@3.0.0, heraldry@2.0.0     Craluminum2413 (Dana), SaltyWater                                                                        https://mods.vintagestory.at/heraldrybanners             
capes                         2.0.0         Heraldry : Capes                                      HeraldryCapes-v2.0.0.zip                                   game@1.22.0, attributerenderinglibrary@3.0.0, heraldry@2.0.0     Craluminum2413 (Dana), SaltyWater                                                                        https://mods.vintagestory.at/capes                       
commonlibforked               2.8.1         CommonLib-Forked                                      CommonLibForked_VS1.22.0_net10_v2.8.1.zip                  game@1.22.0                                                      DArkHekRoMaNT, jsknnr                                                                                    https://mods.vintagestory.at/commonlibforked             
playercorpseforked            1.14.1        PlayerCorpse-Forked                                   PlayerCorpseForked_VS1.22.0_net10_v1.14.1.zip              game@1.22.0, commonlibforked@2.8.1                               DArkHekRoMaNT, jsknnr                                                                                    https://mods.vintagestory.at/playercorpseforked          
stonequarryforked             3.5.3         Stone Quarry Forked                                   StoneQuarryForked.zip                                      game@1.22.0, commonlibforked@2.8.1                               DArkHekRoMaNT, Kurallier                                                                                 https://mods.vintagestory.at/stonequarryforked           
extrachestsfantasyedition     3.0.0         Extra Chests - Fantasy Edition vanilla update         ExtraChests - Fantasy Edition v3.0.0.zip                   -                                                                Dauron, Wandour                                                                                          https://mods.vintagestory.at/extrachestsfantasyedition   
limestonefromcaves            1.0.2         Limestone from Caves                                  limestonefromcaves_1.0.2.zip                               -                                                                Death-Seven                                                                                              https://mods.vintagestory.at/limestonefromcaves          
easybuilding                  1.2.2         Easy Building                                         Easy Building 1.2.2.zip                                    game                                                             DUCATISLO                                                                                                https://mods.vintagestory.at/easybuilding                
mofirewood                    1.1.2         MoFirewood                                            mofirewood_1.1.2.zip                                       -                                                                Duston                                                                                                   https://mods.vintagestory.at/mofirewood                  
egocaribautomapmarkers        5.0.3         Auto Map Markers                                      Auto Map Markers 5.0.3 - Vintage Story 1.22.zip            game@1.22.0                                                      egocarib                                                                                                 https://mods.vintagestory.at/egocaribautomapmarkers      
particlesplus                 2.5.8         ParticlesPlus                                         particlesplus-2.5.8.zip                                    game@1.22.0, vsimgui@1.2.0                                       el_shift                                                                                                 https://mods.vintagestory.at/particlesplus               
notenoughsand                 4.1.0         Not Enough Sand                                       NotEnoughSand-v4.1.0.zip                                   game@1.22.0, survival@1.22.0                                     ElectroNikkel                                                                                            https://mods.vintagestory.at/notenoughsand               
zrustdrops                    2.1.0         Rust Drops                                            zrustdrops-2.1.0.zip                                       game@1.21.0, survival@*                                          Faeldray                                                                                                 https://mods.vintagestory.at/zrustdrops                  
pigroast                      1.1.1         Pig Roast                                             pigroast_1.1.1.zip                                         game@1.22.0                                                      Fleece                                                                                                   https://mods.vintagestory.at/pigroast                    
cartwrightscaravan            1.9.1         Cartwrights Caravan                                   CartwrightsCaravan_1.9.1.zip                               game@1.22.0                                                      Freakyuser396                                                                                            https://mods.vintagestory.at/cartwrightscaravan          
shipwright                    1.4.1         Shipwright: Vessels of Distant Shores                 shipwright_1.4.1.zip                                       game@1.22.0                                                      Freakyuser396, Pal_5000, Rivvion, Shintharo12                                                            https://mods.vintagestory.at/shipwright                  
petai                         5.1.1         Pet AI                                                petai_v5.1.1.zip                                           game@1.22.0                                                      G3rste                                                                                                   https://mods.vintagestory.at/petai                       
butchering                    1.13.5        Butchering                                            butchering_1.13.5.zip                                      game                                                             G3rste, CaptainOats                                                                                      https://mods.vintagestory.at/butchering                  
herbarium                     1.4.3         Herbarium                                             herbarium_1.4.3.zip                                        game                                                             gabb, pizza2004, CATASTEROID                                                                             https://mods.vintagestory.at/herbarium                   
zoombuttonreborn              2.0.2         ZoomButton                                            zoombuttonreborn_2.0.2.zip                                 -                                                                goxmeor, SpearAndFang                                                                                    https://mods.vintagestory.at/zoombuttonreborn            
statushudcont                 4.3.1         Status HUD                                            statushudcont_4.3.1.zip                                    game@1.22.0                                                      Gravydigger, Rangelost                                                                                   https://mods.vintagestory.at/statushudcont               
miningdropsmorestone          1.0.0         Mining Drops More Stone                               MiningDropsMoreStone.zip                                   -                                                                GreyIsTired                                                                                              https://mods.vintagestory.at/miningdropsmorestone        
pulverize_rocks               1.0.0         Pulverize Rocks                                       pulverize_rocks.zip                                        -                                                                Guimoute                                                                                                 https://mods.vintagestory.at/pulverize_rocks             
spinningwheel                 1.2.12        Immersive Fibercraft                                  spinningwheel_1.2.12.zip                                   -                                                                HeadPilgrim                                                                                              https://mods.vintagestory.at/spinningwheel               
ridertoolkittest              0.1.0-test    RiderToolkitTest                                      RiderToolkitTest-0.1.0-test.zip                            game@1.22.0                                                      Hezekhiel, Codex                                                                                         https://mods.vintagestory.at/ridertoolkittest            
ornamentalplants              1.0.0         Ornamental Plants                                     ornamentalplants_1.0.0.zip                                 -                                                                Hya                                                                                                      https://mods.vintagestory.at/ornamentalplants            
vsaapi                        0.14.1        VSA API                                               VSA_API_V0.14.1.zip                                        game@1.22.0                                                      JackJJU                                                                                                  https://mods.vintagestory.at/vsaapi                      
vsareplica                    0.2.7021      VSA Replica                                           VSA_REPLICA_V0.2.7021.zip                                  game@1.22.0, vsaapi@0.7.0                                        JackJJU                                                                                                  https://mods.vintagestory.at/vsareplica                  
arthursjournal                2.0.5         Wanderer's Sketchbook                                 wanderers-sketchbook-net10-2.0.5.zip                       -                                                                JeanPierre                                                                                               https://mods.vintagestory.at/arthursjournal              
walkingstick                  3.0.9         Adventurer's Walking Stick                            adventurers-walking-stick-net10_3.0.9.zip                  -                                                                JeanPierre, SaltyWater                                                                                   https://mods.vintagestory.at/walkingstick                
resinfarmremake               1.1.4         Resin Farm                                            resinfarmremake_1.1.4.zip                                  game@1.22.0                                                      JohnM666                                                                                                 https://mods.vintagestory.at/resinfarmremake             
flowers                       1.0.1         Flowers                                               Flowers 1.0.1.zip                                          -                                                                Junk1911                                                                                                 https://mods.vintagestory.at/flowers                     
expandedfoodsfixattempt       2.0.2         Expanded Foods                                        ExpandedFoods 2.0.2.zip                                    aculinaryartillery@2.0.0-dev.1                                   l33tmaan                                                                                                 https://mods.vintagestory.at/expandedfoodsfixattempt     
aculinaryartillery            2.0.0-dev.21  A Culinary Artillery Experimental                     ACulinaryArtillery 2.0.0-dev.21.zip                        game@1.22.3                                                      l33tmaan, jakecool19, SpearAndFang, Mister_Andy_Dandy, Vinter Nacht, Philippe, Pursec, pizza2004         https://mods.vintagestory.at/aculinaryartillery          
botanicalleathers             1.3.2         Botanical Leathers                                    botanicalleathers_1.3.2.zip                                game@1.22.0                                                      Laerinok                                                                                                 https://mods.vintagestory.at/botanicalleathers           
mealrevariation               3.1.4         Variations on a Meal - Revaried                       mealrevariation-3.1.4.zip                                  game                                                             LexicalAnomaly, Echoweaver                                                                               https://mods.vintagestory.at/mealrevariation             
alchemy                       2.1.0-rc.76   Alchemy                                               alchemy_2.1.0-rc.76.zip                                    game@1.22.0                                                      Llama3013                                                                                                https://mods.vintagestory.at/alchemy                     
xskillsgilded                 1.3.36        xSkills Gilded                                        xSkills Gilded v1.3.36.zip                                 xlibfork, xskillsfork, vsimgui                                   MakhamDev, El_Neuman                                                                                     https://mods.vintagestory.at/xskillsgilded               
jsonpatcheslib                1.5.3         JSON Patches lib                                      jsonpatcheslib_1.5.3.zip                                   -                                                                Maltiez                                                                                                  https://mods.vintagestory.at/jsonpatcheslib              
overhaullib                   2.0.9         Overhaul lib                                          overhaullib_2.0.9.zip                                      -                                                                Maltiez                                                                                                  https://mods.vintagestory.at/overhaullib                 
vsimgui                       1.2.7         Dear ImGui                                            vsimgui_1.2.7.zip                                          -                                                                Maltiez                                                                                                  https://mods.vintagestory.at/vsimgui                     
animationslib                 0.0.2         Animations lib                                        animationslib_0.0.2.zip                                    game@*, jsonpatcheslib@1.4.1                                     Maltiez                                                                                                  https://mods.vintagestory.at/animationslib               
overhaulliblegacycompat       1.1.55        Overhaul lib legacy compat                            overhaulliblegacycompat_1.1.55.zip                         -                                                                Maltiez, Alodh                                                                                           https://mods.vintagestory.at/overhaulliblegacycompat     
crossbowsfork                 1.9.14        Crossbows                                             crossbowsfork_1.9.14.zip                                   overhaulliblegacycompat@1.0.1, animationslib@0.0.0               Maltiez, Alodh                                                                                           https://mods.vintagestory.at/crossbowsfork               
quiversfork                   0.9.27        Quivers And Sheaths                                   quiversfork_0.9.27.zip                                     overhaulliblegacycompat@1.1.54, attributerenderinglibrary@3.1.0  Maltiez, Alodh                                                                                           https://mods.vintagestory.at/quiversfork                 
playermodellib                1.21.11       Player Model Library                                  playermodellib_1.21.11.zip                                 jsonpatcheslib@1.5.2, overhaullib@2.0.9                          Maltiez, Caliber                                                                                         https://mods.vintagestory.at/playermodellib              
configlib                     1.12.0        Config lib                                            configlib_1.12.0.zip                                       vsimgui@1.2.0                                                    Maltiez, The Insanity God                                                                                https://mods.vintagestory.at/configlib                   
compostgrass                  1.22.0        Compost Grass                                         compostgrass-v1.22.0.zip                                   -                                                                Matiamo                                                                                                  https://mods.vintagestory.at/compostgrass                
craftablecharcoal             1.0.2         Craftable Charcoal                                    craftablecharcoal_matski_1.0.2_vs1.22.0.zip                game@1.22.0                                                      Matski                                                                                                   https://mods.vintagestory.at/craftablecharcoal           
meapineapplestone             1.0.2         Stoneworks                                            Stoneworks_1.0.2.zip                                       -                                                                meapineapple                                                                                             https://mods.vintagestory.at/meapineapplestone           
chiselreborn                  5.1.0         Autochisel                                            Autochisel-5.1.0.zip                                       game@1.22.3                                                      Metalismatic                                                                                             https://mods.vintagestory.at/chiselreborn                
awearablelight                1.2.3-pre.2   A Wearable Light                                      awearablelight-v1.2.3-pre.2.zip                            game@1.22.0                                                      Mister Andy Dandy                                                                                        https://mods.vintagestory.at/awearablelight              
billposting                   2.0.2         Billposting                                           billposting_2.0.2.zip                                      game                                                             Moby_                                                                                                    https://mods.vintagestory.at/billposting                 
fulldropunofficial            1.0.8         Full Drop (Unofficial)                                FullDrop_1.0.8_for_1.22.zip                                game@1.22.0, survival@1.22.0                                     Mr1k3, JimmyJTC (Adapted)                                                                                https://mods.vintagestory.at/fulldropunofficial          
longtermfood                  0.6.9         Long-term food                                        Long-term_food_v0.6.9.zip                                  -                                                                MrFlame                                                                                                  https://mods.vintagestory.at/longtermfood                
molds                         0.3.4         Molds                                                 Molds_v0.3.4.zip                                           -                                                                MrFlame, UA_Shaman, Electrified                                                                          https://mods.vintagestory.at/molds                       
ndlmushroomgrowth             2.2.1         NDL MushroomGrowth                                    ndlmushroomgrowth_2.2.1.zip                                game                                                             NateDoesLife                                                                                             https://mods.vintagestory.at/ndlmushroomgrowth           
ndltreegrowth                 2.3.3         NDL TreeGrowth                                        ndltreegrowth_2.3.3.zip                                    game                                                             NateDoesLife                                                                                             https://mods.vintagestory.at/ndltreegrowth               
ndlwoodentorchholder          3.0.2         NDL Wooden Torch Holders                              ndlwoodentorchholder_3.0.2.zip                             game                                                             NateDoesLife                                                                                             https://mods.vintagestory.at/ndlwoodentorchholder        
materialneeds                 1.1.16        Material Needs                                        MaterialNeeds_1.1.16.zip                                   game                                                             Nephelangelo                                                                                             https://mods.vintagestory.at/materialneeds               
carryonlib                    1.0.0-pre.4   CarryOnLib                                            CarryOnLib-1.22.0_v1.0.0-pre.4.zip                         game@1.22.0                                                      NerdScurvy                                                                                               https://mods.vintagestory.at/carryonlib                  
betterruins                   0.6.3         BetterRuins                                           BetterRuinsv0.6.3.zip                                      game@1.22.0                                                      NiclAss                                                                                                  https://mods.vintagestory.at/betterruins                 
vintagetimelapse              0.1.0         Vintage Timelapse                                     VintageTimelapse-0.1.0.zip                                 -                                                                nicol                                                                                                    https://mods.vintagestory.at/vintagetimelapse            
astralstone                   0.5.0         Astral Stone                                          AstralStone-0.5.0.zip                                      game@1.22.2                                                      nicol                                                                                                    https://mods.vintagestory.at/astralstone                 
customtableaux                1.6.8         Custom Tableaux                                       CustomTableaux-1.6.8.zip                                   game@1.22.3                                                      nicol                                                                                                    https://mods.vintagestory.at/customtableaux              
paintedcanvas                 0.2.1         Painted Canvas                                        PaintedCanvas-0.2.1.zip                                    game@1.22.3                                                      nicol                                                                                                    https://mods.vintagestory.at/paintedcanvas               
physicalmaps                  0.6.24        Physical Maps                                         PhysicalMaps-0.6.24.zip                                    game@1.22.2                                                      nicol                                                                                                    https://mods.vintagestory.at/physicalmaps                
primitifglider                0.4.5         Primitif Glider                                       PrimitifGlider-0.4.5.zip                                   game@1.22.3                                                      Nicol                                                                                                    https://mods.vintagestory.at/primitifglider              
chariot                       0.6.3         Chariot                                               Chariot-0.6.3.zip                                          game@1.22.0, survival@1.22.0                                     Nicol                                                                                                    https://mods.vintagestory.at/chariot                     
lecternworks                  0.4.35        Lectern Works                                         LecternWorks-0.4.35.zip                                    game@1.22.3, survival@1.22.3                                     Nicol                                                                                                    https://mods.vintagestory.at/lecternworks                
pnjrpg                        0.26.1        PNJ RPG                                               PNJRPG-0.26.1.zip                                          game@1.22.5, survival                                            Nicol                                                                                                    https://mods.vintagestory.at/pnjrpg                      
independentvehicles           0.3.3         Independent Vehicles Prototype                        IndependentVehicles-0.3.3.zip                              game@1.22.6, survival@1.22.6                                     nicol, Codex                                                                                             https://mods.vintagestory.at/independentvehicles         
adventureportals              1.2.0         Adventure Portals                                     AdventurePortals_v1.2.0.zip                                game@1.22.5                                                      Nicol, OpenAI                                                                                            https://mods.vintagestory.at/adventureportals            
lightdonjon                   1.0.0         LightDonjon                                           LightDonjon_1.0.0.zip                                      game@*                                                           Nicolas R                                                                                                https://mods.vintagestory.at/lightdonjon                 
floralworks                   0.3.8         Floral Works                                          FloralWorks-0.3.8.zip                                      game@1.22.3                                                      Nicolas, Codex                                                                                           https://mods.vintagestory.at/floralworks                 
doublebackpackcapacity        0.0.2         DoubleBackpackCapacity                                DoubleBackpackCapacityV0.0.2.zip                           -                                                                NomadicPirate                                                                                            https://mods.vintagestory.at/doublebackpackcapacity      
increasedstoragecapacity      0.0.8         IncreasedStorageCapacity                              IncreasedStorageCapacityV0.0.8.zip                         -                                                                NomadicPirate                                                                                            https://mods.vintagestory.at/increasedstoragecapacity    
darkerwalnut                  1.1.6         Darker Walnut                                         DarkerWalnut_1.1.6.zip                                     game                                                             Nysilla                                                                                                  https://mods.vintagestory.at/darkerwalnut                
oldestjtents                  1.0.0         OldestJ's Tents                                       OldestJTentsV1.zip                                         -                                                                OldestJ                                                                                                  https://mods.vintagestory.at/oldestjtents                
temporalvessels               1.0.3         Temporal Vessels - A Vessel Teleportation System      TemporalVessels_1.0.3.zip                                  -                                                                Omikronlex                                                                                               https://mods.vintagestory.at/temporalvessels             
p1nksshelvingtweaks           1.0.8         P1nks Shelving Tweaks                                 P1nksShelvingTweaks_1.0.8.zip                              -                                                                P1nkOblivion                                                                                             https://mods.vintagestory.at/p1nksshelvingtweaks         
p1nkstacksizes                1.2.2         P1nks Stack Sizes                                     p1nkstacksize_1.2.2.zip                                    -                                                                P1nkOblivion                                                                                             https://mods.vintagestory.at/p1nkstacksizes              
blushandbins                  1.3.3         Blush and Bins                                        BlushAndBins_1.3.3.zip                                     game, attributerenderinglibrary@*                                P1nkOblivion                                                                                             https://mods.vintagestory.at/blushandbins                
shroomies                     1.3.5         Mushroom Nutrition & Stuff                            MushroomNutrition-1.3.5.zip                                -                                                                Pihkur                                                                                                   https://mods.vintagestory.at/shroomies                   
pinelogsfortannin             1.0.0         Pine Logs For Tannin                                  PineLogsForTannin-v1.0.0.zip                               -                                                                PineReseen/MarterKlavee                                                                                  https://mods.vintagestory.at/pinelogsfortannin           
pnjrpgwaters                  0.3.2         PNJRPG Decorative Waters - Fixed Decorative Surfaces  PNJRPG_DecorativeWaters_0.3.2_FixedSurface.zip             game@1.22.5, survival@1.22.5                                     PNJRPG                                                                                                   https://mods.vintagestory.at/pnjrpgwaters                
chiseltools                   1.17.3        chiseltools                                           ChiselTools1.17.3.zip                                      -                                                                QPTech                                                                                                   https://mods.vintagestory.at/chiseltools                 
buildingwands                 1.0.2         Building Wands                                        Building Wands 1.0.2.zip                                   game                                                             QPTech                                                                                                   https://mods.vintagestory.at/buildingwands               
temporaldust                  0.0.1         Temporal dust                                         TemporalDust.zip                                           -                                                                Ray_Anor                                                                                                 https://mods.vintagestory.at/temporaldust                
medievalexpansionpatch        1.4.1         Medieval Expansion Patch                              medievalexpansionpatch-1.4.1.zip                           game@1.22.0                                                      Rhonen, Elocrypt                                                                                         https://mods.vintagestory.at/medievalexpansionpatch      
vsairshipmod                  1.1.4         The Airship Mod!                                      vsairshipmod_1.1.4.zip                                     game@1.22.0                                                      Rivvion, TygrysT, DarthSack, Pal-5000 / Hyperion, Freakyuser396                                          https://mods.vintagestory.at/vsairshipmod                
interestingoregen             2.3.8         Interesting Ore Gen                                   InterestingOreGen-v2.3.8.zip                               -                                                                RosstheGreat                                                                                             https://mods.vintagestory.at/interestingoregen           
cbr                           2.0.1         Chiseled Block Retention                              ChiseledBlockRetention-2.0.1.zip                           -                                                                Rythillian                                                                                               https://mods.vintagestory.at/cbr                         
terratag                      0.5.0         Terra Tag                                             TerraTag_0.5.0.zip                                         -                                                                SaltyWater                                                                                               https://mods.vintagestory.at/terratag                    
toolbelt                      0.3.5         ToolBelt                                              ToolBelt_0.3.5.zip                                         -                                                                SaltyWater                                                                                               https://mods.vintagestory.at/toolbelt                    
terratagsoundspack            0.1.1         TerraTag Sounds Pack                                  TerraTagSoundsPack_0.1.1.zip                               terratag@0.4.3                                                   SaltyWater                                                                                               https://mods.vintagestory.at/terratagsoundspack          
sheydermod                    1.0.1         SheyderMod                                            SheyderMod - 1.0.1.zip                                     game@1.22.2                                                      Shey                                                                                                     https://mods.vintagestory.at/sheydermod                  
baconbaconbacon               1.2.2         Bacon Bacon Bacon                                     baconbaconbacon_1.2.2.zip                                  game@1.22.0                                                      shrinerh                                                                                                 https://mods.vintagestory.at/baconbaconbacon             
barstogears                   0.2.0         Bars To Gears                                         barstogears.zip                                            -                                                                ShroomGhost                                                                                              https://mods.vintagestory.at/barstogears                 
buffberries                   1.1.0         Buff Berries                                          BuffBerries.zip                                            -                                                                ShroudedLilac                                                                                            https://mods.vintagestory.at/buffberries                 
fruitrefreshed                1.1.0         Fruit Refreshed                                       Fruit Refreshed.zip                                        -                                                                ShroudedLilac                                                                                            https://mods.vintagestory.at/fruitrefreshed              
emotes                        2.5.1         Emotes                                                emotes_2.5.1.zip                                           game@*                                                           SiiMeR, W4RD0                                                                                            https://mods.vintagestory.at/emotes                      
valksfuzzyclouds              2.1.3         ValksFuzzyClouds                                      valksfuzzyclouds_2.1.3.zip                                 game@1.22.1                                                      SilverValkyrie                                                                                           https://mods.vintagestory.at/valksfuzzyclouds            
visibleoresandminerals        1.3.1         Visible Ores and Minerals                             visible-ores-and-minerals-v1.3.1.zip                       game@1.22.2                                                      Skyforger                                                                                                https://mods.vintagestory.at/visibleoresandminerals      
foodshelves                   3.0.4         FoodShelves                                           foodshelves_3.0.4.zip                                      game@1.22.0                                                      SONZ-INA                                                                                                 https://mods.vintagestory.at/foodshelves                 
primitivesurvival             5.0.6         Primitive Survival                                    primitivesurvival_5.0.6.zip                                -                                                                SpearAndFang                                                                                             https://mods.vintagestory.at/primitivesurvival           
apanserbjornstory             0.10.2        A Panserbjørn Story                                   APanserbjornStory-v0.10.2-1.21.0.zip                       game@1.21.0, petai@4.0.1                                         Sythelux Rikd                                                                                            https://mods.vintagestory.at/apanserbjornstory           
dirtymind                     1.3.0         Dirty Mind                                            dirtymind_130.zip                                          game@*                                                           TaimatCompany                                                                                            https://mods.vintagestory.at/dirtymind                   
nomadtents                    1.1.4         Nomad Tents                                           nomadtents_114.zip                                         game@*                                                           TaimatCompany                                                                                            https://mods.vintagestory.at/nomadtents                  
ancientlib                    1.0.0         Ancient Lib                                           AncientLib_V1.0.0.zip                                      game@1.22.0-rc.2                                                 Taska Raine                                                                                              https://mods.vintagestory.at/ancientlib                  
em                            3.7.0         Expanded Matter                                       expanded_matter-3.7.0.zip                                  game@1.22.0, survival@1.22.0                                     Tels, Phiwa                                                                                              https://mods.vintagestory.at/em                          
bricklayers                   3.2.2         Bricklayers                                           bricklayers-3.2.2.zip                                      game@1.22.0, survival@1.22.0, em@3.5.2                           Tels, Phiwa                                                                                              https://mods.vintagestory.at/bricklayers                 
wforests                      1.0.0         Wilderlands Forests                                   Wilderlands Forests_1.0.0.zip                              -                                                                thalius                                                                                                  https://mods.vintagestory.at/wforests                    
wenvironmentalstabilitypatch  1.0.3         Wilderlands Environmental Stability Patch             Wilderlands Environmental Stability Patch 2.0.3.zip        game                                                             Thalius                                                                                                  https://mods.vintagestory.at/wenvironmentalstabilitypatch
hotcrops                      1.1.0         Hot Crops                                             HotCrops.zip                                               -                                                                TheGrunge                                                                                                https://mods.vintagestory.at/hotcrops                    
medievalclothes               1.0.9         Medieval Clothes                                      Medieval Clothes v1.0.9 VS1.21.6-24-V1-0-9-1768150569.zip  -                                                                Tisma: Collaborator, Ruddi: Developer                                                                    https://mods.vintagestory.at/medievalclothes             
racialability                 0.2.7         Racial Ability                                        racialability_0.2.7.zip                                    -                                                                Tomoyuki                                                                                                 https://mods.vintagestory.at/racialability               
racialequality                0.1.28        Racial Equality                                       racialequality_0.1.28.zip                                  -                                                                Tomoyuki                                                                                                 https://mods.vintagestory.at/racialequality              
vintagecanvas                 1.1.1         VintageCanvas                                         vintagecanvas_1.1.1.zip                                    game@1.22.0                                                      Tony Murchison                                                                                           https://mods.vintagestory.at/vintagecanvas               
game                          1.22.6        Essentials                                            VSEssentials.dll                                           -                                                                Tyron                                                                                                    https://mods.vintagestory.at/game                        
creative                      1.22.6        Creative Mode                                         VSCreativeMod.dll                                          game                                                             Tyron                                                                                                    https://mods.vintagestory.at/creative                    
survival                      1.22.6        Survival Mode                                         VSSurvivalMod.dll                                          game                                                             Tyron                                                                                                    https://mods.vintagestory.at/survival                    
qolcraftsupdate               1.1.0         QoL Crafts 1.21                                       qolcraftsupdate1.1.zip                                     -                                                                Vanhellsing                                                                                              https://mods.vintagestory.at/qolcraftsupdate             
fromgoldencombs               2.0.8         From Golden Combs                                     FromGoldenCombs-1.22-v2.0.8.zip                            game                                                             Vinter Nacht                                                                                             https://mods.vintagestory.at/fromgoldencombs             
realisticmonsterloot          1.2.0         Realistic Monster Loot                                realisticmonsterloot_v1.2.0.zip                            -                                                                Vyh06                                                                                                    https://mods.vintagestory.at/realisticmonsterloot        
notsotastywax                 1.0.1         No So Tasty: Wax Food                                 notsotastywax-1.0.1.zip                                    -                                                                WhiskeySunshine                                                                                          https://mods.vintagestory.at/notsotastywax               
opineuponpine                 1.0.10        Opine Upon Pine (Retexture)                           Opine_Upon_Pine_v1.0.10.zip                                game                                                             whomp                                                                                                    https://mods.vintagestory.at/opineuponpine               
xlibfork                      1.0.21        XLib Fork                                             XLib Fork v1.0.21.zip                                      game                                                             Xandu, El_Neuman                                                                                         https://mods.vintagestory.at/xlibfork                    
xskillsfork                   1.0.70        xSkills Fork                                          xSkills Fork v1.0.70.zip                                   xlibfork@1.0.21                                                  Xandu, El_Neuman                                                                                         https://mods.vintagestory.at/xskillsfork                 
blocksoverlay                 4.11.3        Block overlay                                         blockoverlay-4.11.3.zip                                    game@1.22.0                                                      xel                                                                                                      https://mods.vintagestory.at/blocksoverlay               
earlychiseling                1.0.1         Early Chiseling                                       earlychiseling_1.0.1.zip                                   game@1.18.0                                                      XurxoMF                                                                                                  https://mods.vintagestory.at/earlychiseling              
apewindows                    1.5.0         Unleaded Windows                                      apewindows-v1.22.0-1..0.zip                                game@1.22.0                                                      xXx_Ape_xXx                                                                                              https://mods.vintagestory.at/apewindows                  
arrowbarrels                  1.5.0         Arrow Barrels                                         arrowbarrels-V1.22.0-1.5.0.zip                             game@1.22.0                                                      xXx_Ape_xXx                                                                                              https://mods.vintagestory.at/arrowbarrels                
postsandbeams                 1.5.1         Posts and Beams                                       postsandbeams_1.5.1.zip                                    game@*                                                           Zach2039                                                                                                 https://mods.vintagestory.at/postsandbeams               
bedrespawnerz1                1.0.1         bedrespawner                                          bedrespawner.zip                                           -                                                                Zor1al                                                                                                   https://mods.vintagestory.at/bedrespawnerz1              

17.8.2026 23:10:58 [Notification] [commonlibforked] Config PlayerCorpse.Config from PlayerCorpse v1.0.0.0 loaded successfully
17.8.2026 23:10:58 [Notification] [commonlibforked] Config StoneQuarry.Config from StoneQuarry v1.0.0.0 loaded successfully
17.8.2026 23:10:58 [Event] ContainersBundle started
17.8.2026 23:10:58 [Notification] [IOG] Config successfully loaded.
17.8.2026 23:10:58 [Notification] [Immersive Fibercraft] Registered block, block entity, and mountable classes
17.8.2026 23:10:58 [Notification] [Immersive Fibercraft] Registered ItemDropSpindle for portable spinning
17.8.2026 23:10:58 [Notification] [Immersive Fibercraft] Loaded config from disk
17.8.2026 23:10:58 [Event] [extrainfo] started mod
17.8.2026 23:10:59 [Notification] CarryOn: Harmony patches enabled.
17.8.2026 23:10:59 [Event] started 'CarryOn' mod
17.8.2026 23:10:59 [Notification] Done loading and pre-starting client side mods.
17.8.2026 23:10:59 [Notification] [interestingoregen] Starting Interesting Ore Gen
17.8.2026 23:10:59 [Notification] [IOG CaveAmbience] Initialized.
17.8.2026 23:10:59 [Warning] [haybales] Mod 'haybales (haybales-V1.1.2.zip)' has no authors specified in mod info.
17.8.2026 23:10:59 [Event] Loaded mods:
'walkingstick'	'3.0.9'	'Adventurer's Walking Stick'	'JeanPierre, SaltyWater'	'adventurers-walking-stick-net10_3.0.9.zip'
'barstogears'	'0.2.0'	'Bars To Gears'	'ShroomGhost'	'barstogears.zip'
'buffberries'	'1.1.0'	'Buff Berries'	'ShroudedLilac'	'BuffBerries.zip'
'cbr'	'2.0.1'	'Chiseled Block Retention'	'Rythillian'	'ChiseledBlockRetention-2.0.1.zip'
'chiseltools'	'1.17.3'	'chiseltools'	'QPTech'	'ChiselTools1.17.3.zip'
'cindersandembers'	'1.0.2'	'Cinders and Embers'	'captainklutz'	'CindersAndEmbers-1.0.2.zip'
'compostgrass'	'1.22.0'	'Compost Grass'	'Matiamo'	'compostgrass-v1.22.0.zip'
'containersbundle'	'1.3.1'	'Containers Bundle'	'Centur1on'	'containersbundle_1.3.1.zip'
'doublebackpackcapacity'	'0.0.2'	'DoubleBackpackCapacity'	'NomadicPirate'	'DoubleBackpackCapacityV0.0.2.zip'
'extrachestsfantasyedition'	'3.0.0'	'Extra Chests - Fantasy Edition vanilla update'	'Dauron, Wandour'	'ExtraChests - Fantasy Edition v3.0.0.zip'
'flower-propagation'	'0.0.2'	'flower-propagation'	'alfie'	'flower-propagation-v0.0.2.zip'
'flowers'	'1.0.1'	'Flowers'	'Junk1911'	'Flowers 1.0.1.zip'
'fruitrefreshed'	'1.1.0'	'Fruit Refreshed'	'ShroudedLilac'	'Fruit Refreshed.zip'
'haybales'	'1.1.2'	'haybales'	'-'	'haybales-V1.1.2.zip'
'hotcrops'	'1.1.0'	'Hot Crops'	'TheGrunge'	'HotCrops.zip'
'increasedstoragecapacity'	'0.0.8'	'IncreasedStorageCapacity'	'NomadicPirate'	'IncreasedStorageCapacityV0.0.8.zip'
'interestingoregen'	'2.3.8'	'Interesting Ore Gen'	'RosstheGreat'	'InterestingOreGen-v2.3.8.zip'
'jsonpatcheslib'	'1.5.3'	'JSON Patches lib'	'Maltiez'	'jsonpatcheslib_1.5.3.zip'
'limestonefromcaves'	'1.0.2'	'Limestone from Caves'	'Death-Seven'	'limestonefromcaves_1.0.2.zip'
'limetransmute'	'1.1.0'	'Lime Transmutation'	'ATP'	'LimeTranmute1.1.0.zip'
'longtermfood'	'0.6.9'	'Long-term food'	'MrFlame'	'Long-term_food_v0.6.9.zip'
'medievalclothes'	'1.0.9'	'Medieval Clothes'	'Tisma: Collaborator, Ruddi: Developer'	'Medieval Clothes v1.0.9 VS1.21.6-24-V1-0-9-1768150569.zip'
'miningdropsmorestone'	'1.0.0'	'Mining Drops More Stone'	'GreyIsTired'	'MiningDropsMoreStone.zip'
'mofirewood'	'1.1.2'	'MoFirewood'	'Duston'	'mofirewood_1.1.2.zip'
'molds'	'0.3.4'	'Molds'	'MrFlame, UA_Shaman, Electrified'	'Molds_v0.3.4.zip'
'shroomies'	'1.3.5'	'Mushroom Nutrition & Stuff'	'Pihkur'	'MushroomNutrition-1.3.5.zip'
'notsotastywax'	'1.0.1'	'No So Tasty: Wax Food'	'WhiskeySunshine'	'notsotastywax-1.0.1.zip'
'oldestjtents'	'1.0.0'	'OldestJ's Tents'	'OldestJ'	'OldestJTentsV1.zip'
'ornamentalplants'	'1.0.0'	'Ornamental Plants'	'Hya'	'ornamentalplants_1.0.0.zip'
'overhaulliblegacycompat'	'1.1.55'	'Overhaul lib legacy compat'	'Maltiez, Alodh'	'overhaulliblegacycompat_1.1.55.zip'
'overhaullib'	'2.0.9'	'Overhaul lib'	'Maltiez'	'overhaullib_2.0.9.zip'
'p1nksshelvingtweaks'	'1.0.8'	'P1nks Shelving Tweaks'	'P1nkOblivion'	'P1nksShelvingTweaks_1.0.8.zip'
'p1nkstacksizes'	'1.2.2'	'P1nks Stack Sizes'	'P1nkOblivion'	'p1nkstacksize_1.2.2.zip'
'pinelogsfortannin'	'1.0.0'	'Pine Logs For Tannin'	'PineReseen/MarterKlavee'	'PineLogsForTannin-v1.0.0.zip'
'primitivesurvival'	'5.0.6'	'Primitive Survival'	'SpearAndFang'	'primitivesurvival_5.0.6.zip'
'pulverize_rocks'	'1.0.0'	'Pulverize Rocks'	'Guimoute'	'pulverize_rocks.zip'
'qolcraftsupdate'	'1.1.0'	'QoL Crafts 1.21'	'Vanhellsing'	'qolcraftsupdate1.1.zip'
'racialability'	'0.2.7'	'Racial Ability'	'Tomoyuki'	'racialability_0.2.7.zip'
'racialequality'	'0.1.28'	'Racial Equality'	'Tomoyuki'	'racialequality_0.1.28.zip'
'realisticmonsterloot'	'1.2.0'	'Realistic Monster Loot'	'Vyh06'	'realisticmonsterloot_v1.2.0.zip'
'spinningwheel'	'1.2.12'	'Immersive Fibercraft'	'HeadPilgrim'	'spinningwheel_1.2.12.zip'
'meapineapplestone'	'1.0.2'	'Stoneworks'	'meapineapple'	'Stoneworks_1.0.2.zip'
'temporaldust'	'0.0.1'	'Temporal dust'	'Ray_Anor'	'TemporalDust.zip'
'temporalvessels'	'1.0.3'	'Temporal Vessels - A Vessel Teleportation System'	'Omikronlex'	'TemporalVessels_1.0.3.zip'
'terratag'	'0.5.0'	'Terra Tag'	'SaltyWater'	'TerraTag_0.5.0.zip'
'toolbelt'	'0.3.5'	'ToolBelt'	'SaltyWater'	'ToolBelt_0.3.5.zip'
'transmittance'	'1.0.0'	'Transmittance'	'Cheeki'	'TransmittanceV1.0.0.zip'
'usefulshears'	'1.0.0'	'Useful Shears'	'Cheeki'	'UsefulShears-V.1.0.0.zip'
'vintagetimelapse'	'0.1.0'	'Vintage Timelapse'	'nicol'	'VintageTimelapse-0.1.0.zip'
'game'	'1.22.6'	'Essentials'	'Tyron'	'VSEssentials.dll'
'vsimgui'	'1.2.7'	'Dear ImGui'	'Maltiez'	'vsimgui_1.2.7.zip'
'arthursjournal'	'2.0.5'	'Wanderer's Sketchbook'	'JeanPierre'	'wanderers-sketchbook-net10-2.0.5.zip'
'waterwheelnormalwater'	'1.0.1'	'Water Wheel Works With Normal Water'	'Aazdorah'	'waterwheelnormalwater.zip'
'wforests'	'1.0.0'	'Wilderlands Forests'	'thalius'	'Wilderlands Forests_1.0.0.zip'
'zoombuttonreborn'	'2.0.2'	'ZoomButton'	'goxmeor, SpearAndFang'	'zoombuttonreborn_2.0.2.zip'
'aculinaryartillery'	'2.0.0-dev.21'	'A Culinary Artillery Experimental'	'l33tmaan, jakecool19, SpearAndFang, Mister_Andy_Dandy, Vinter Nacht, Philippe, Pursec, pizza2004'	'ACulinaryArtillery 2.0.0-dev.21.zip'
'alchemy'	'2.1.0-rc.76'	'Alchemy'	'Llama3013'	'alchemy_2.1.0-rc.76.zip'
'ancientlib'	'1.0.0'	'Ancient Lib'	'Taska Raine'	'AncientLib_V1.0.0.zip'
'animationslib'	'0.0.2'	'Animations lib'	'Maltiez'	'animationslib_0.0.2.zip'
'apewindows'	'1.5.0'	'Unleaded Windows'	'xXx_Ape_xXx'	'apewindows-v1.22.0-1..0.zip'
'arrowbarrels'	'1.5.0'	'Arrow Barrels'	'xXx_Ape_xXx'	'arrowbarrels-V1.22.0-1.5.0.zip'
'astralstone'	'0.5.0'	'Astral Stone'	'nicol'	'AstralStone-0.5.0.zip'
'attributerenderinglibrary'	'3.1.5'	'Attribute Rendering Library'	'Craluminum2413 (Dana), Nanotect, BowlSoldier'	'AttributeRenderingLibrary-v3.1.5.zip'
'egocaribautomapmarkers'	'5.0.3'	'Auto Map Markers'	'egocarib'	'Auto Map Markers 5.0.3 - Vintage Story 1.22.zip'
'chiselreborn'	'5.1.0'	'Autochisel'	'Metalismatic'	'Autochisel-5.1.0.zip'
'awearablelight'	'1.2.3-pre.2'	'A Wearable Light'	'Mister Andy Dandy'	'awearablelight-v1.2.3-pre.2.zip'
'baconbaconbacon'	'1.2.2'	'Bacon Bacon Bacon'	'shrinerh'	'baconbaconbacon_1.2.2.zip'
'barkcanoe'	'1223.0.2'	'Bark Canoe'	'Bannta'	'barkcanoemod-1223.0.2.zip'
'betterruins'	'0.6.3'	'BetterRuins'	'NiclAss'	'BetterRuinsv0.6.3.zip'
'biggercellarsrebuilt'	'1.0.0'	'Bigger Cellars Rebuilt'	'_RaptorOne_'	'BiggerCellarsRebuilt0.1.4.zip'
'billposting'	'2.0.2'	'Billposting'	'Moby_'	'billposting_2.0.2.zip'
'bdflower'	'0.1.1'	'Biodiversity: Flowers and Grass'	'Captanredbeard, WhiskeySunshine, VirtusMarik, Sigmadron, Ледяная Соня (WC), CATASTEROID (WC), Gabb (WC)'	'biodiversity_bdflower_0.1.0.zip'
'biodiversity'	'1.1.4'	'Biodiversity: Core'	'Captanredbeard, The Last Thing'	'biodiversity_core_1.1.4.zip'
'blocksoverlay'	'4.11.3'	'Block overlay'	'xel'	'blockoverlay-4.11.3.zip'
'botanicalleathers'	'1.3.2'	'Botanical Leathers'	'Laerinok'	'botanicalleathers_1.3.2.zip'
'buildingwands'	'1.0.2'	'Building Wands'	'QPTech'	'Building Wands 1.0.2.zip'
'butchering'	'1.13.5'	'Butchering'	'G3rste, CaptainOats'	'butchering_1.13.5.zip'
'carryonlib'	'1.0.0-pre.4'	'CarryOnLib'	'NerdScurvy'	'CarryOnLib-1.22.0_v1.0.0-pre.4.zip'
'cartwrightscaravan'	'1.9.1'	'Cartwrights Caravan'	'Freakyuser396'	'CartwrightsCaravan_1.9.1.zip'
'commonlibforked'	'2.8.1'	'CommonLib-Forked'	'DArkHekRoMaNT, jsknnr'	'CommonLibForked_VS1.22.0_net10_v2.8.1.zip'
'configlib'	'1.12.0'	'Config lib'	'Maltiez, The Insanity God'	'configlib_1.12.0.zip'
'craftablecharcoal'	'1.0.2'	'Craftable Charcoal'	'Matski'	'craftablecharcoal_matski_1.0.2_vs1.22.0.zip'
'customtableaux'	'1.6.8'	'Custom Tableaux'	'nicol'	'CustomTableaux-1.6.8.zip'
'darkerwalnut'	'1.1.6'	'Darker Walnut'	'Nysilla'	'DarkerWalnut_1.1.6.zip'
'dirtymind'	'1.3.0'	'Dirty Mind'	'TaimatCompany'	'dirtymind_130.zip'
'earlychiseling'	'1.0.1'	'Early Chiseling'	'XurxoMF'	'earlychiseling_1.0.1.zip'
'easybuilding'	'1.2.2'	'Easy Building'	'DUCATISLO'	'Easy Building 1.2.2.zip'
'emotes'	'2.5.1'	'Emotes'	'SiiMeR, W4RD0'	'emotes_2.5.1.zip'
'extrainfo'	'2.2.1'	'Extra Info'	'Craluminum2413 (Dana)'	'ExtraInfo-v2.2.1.zip'
'firewoodtosticks'	'1.0.0'	'Firewood to sticks'	'Akhates'	'firewoodtostick.zip'
'floralworks'	'0.3.8'	'Floral Works'	'Nicolas, Codex'	'FloralWorks-0.3.8.zip'
'foodshelves'	'3.0.4'	'FoodShelves'	'SONZ-INA'	'foodshelves_3.0.4.zip'
'fromgoldencombs'	'2.0.8'	'From Golden Combs'	'Vinter Nacht'	'FromGoldenCombs-1.22-v2.0.8.zip'
'herbarium'	'1.4.3'	'Herbarium'	'gabb, pizza2004, CATASTEROID'	'herbarium_1.4.3.zip'
'knapster'	'4.0.0'	'Knapster'	'ApacheTech Solutions'	'Knapster_v4.0.0.zip'
'lightdonjon'	'1.0.0'	'LightDonjon'	'Nicolas R'	'LightDonjon_1.0.0.zip'
'materialneeds'	'1.1.16'	'Material Needs'	'Nephelangelo'	'MaterialNeeds_1.1.16.zip'
'mealrevariation'	'3.1.4'	'Variations on a Meal - Revaried'	'LexicalAnomaly, Echoweaver'	'mealrevariation-3.1.4.zip'
'medievalexpansionpatch'	'1.4.1'	'Medieval Expansion Patch'	'Rhonen, Elocrypt'	'medievalexpansionpatch-1.4.1.zip'
'morepiles'	'3.0.1'	'More Piles'	'Craluminum2413 (Dana)'	'MorePiles-v3.0.1.zip'
'ndlmushroomgrowth'	'2.2.1'	'NDL MushroomGrowth'	'NateDoesLife'	'ndlmushroomgrowth_2.2.1.zip'
'ndltreegrowth'	'2.3.3'	'NDL TreeGrowth'	'NateDoesLife'	'ndltreegrowth_2.3.3.zip'
'ndlwoodentorchholder'	'3.0.2'	'NDL Wooden Torch Holders'	'NateDoesLife'	'ndlwoodentorchholder_3.0.2.zip'
'nomadtents'	'1.1.4'	'Nomad Tents'	'TaimatCompany'	'nomadtents_114.zip'
'opineuponpine'	'1.0.10'	'Opine Upon Pine (Retexture)'	'whomp'	'Opine_Upon_Pine_v1.0.10.zip'
'paintedcanvas'	'0.2.1'	'Painted Canvas'	'nicol'	'PaintedCanvas-0.2.1.zip'
'particlesplus'	'2.5.8'	'ParticlesPlus'	'el_shift'	'particlesplus-2.5.8.zip'
'petai'	'5.1.1'	'Pet AI'	'G3rste'	'petai_v5.1.1.zip'
'physicalmaps'	'0.6.24'	'Physical Maps'	'nicol'	'PhysicalMaps-0.6.24.zip'
'pigroast'	'1.1.1'	'Pig Roast'	'Fleece'	'pigroast_1.1.1.zip'
'placeonslabs'	'1.1.3'	'Place on slabs'	'BeloMaximka'	'placeonslabs_1.1.3.zip'
'playermodellib'	'1.21.11'	'Player Model Library'	'Maltiez, Caliber'	'playermodellib_1.21.11.zip'
'postsandbeams'	'1.5.1'	'Posts and Beams'	'Zach2039'	'postsandbeams_1.5.1.zip'
'primitifglider'	'0.4.5'	'Primitif Glider'	'Nicol'	'PrimitifGlider-0.4.5.zip'
'resinfarmremake'	'1.1.4'	'Resin Farm'	'JohnM666'	'resinfarmremake_1.1.4.zip'
'ridertoolkittest'	'0.1.0-test'	'RiderToolkitTest'	'Hezekhiel, Codex'	'RiderToolkitTest-0.1.0-test.zip'
'sheydermod'	'1.0.1'	'SheyderMod'	'Shey'	'SheyderMod - 1.0.1.zip'
'shipwright'	'1.4.1'	'Shipwright: Vessels of Distant Shores'	'Freakyuser396, Pal_5000, Rivvion, Shintharo12'	'shipwright_1.4.1.zip'
'statushudcont'	'4.3.1'	'Status HUD'	'Gravydigger, Rangelost'	'statushudcont_4.3.1.zip'
'tentbagreworked'	'3.2.3'	'TentBag Reworked'	'BillyGalbreath, safwyl, El_Neuman'	'TentBag Reworked v3.2.3.zip'
'terratagsoundspack'	'0.1.1'	'TerraTag Sounds Pack'	'SaltyWater'	'TerraTagSoundsPack_0.1.1.zip'
'valksfuzzyclouds'	'2.1.3'	'ValksFuzzyClouds'	'SilverValkyrie'	'valksfuzzyclouds_2.1.3.zip'
'vibrantglassquartzed'	'1.0.7'	'Vibrant Glass (Quartz Ed.)'	'ALollipop'	'vibrantglassquartzed.zip'
'vigor'	'122.7.3'	'Vigor'	'chrisunfocused'	'vigor_122.7.3.zip'
'vintagecanvas'	'1.1.1'	'VintageCanvas'	'Tony Murchison'	'vintagecanvas_1.1.1.zip'
'visibleoresandminerals'	'1.3.1'	'Visible Ores and Minerals'	'Skyforger'	'visible-ores-and-minerals-v1.3.1.zip'
'vsairshipmod'	'1.1.4'	'The Airship Mod!'	'Rivvion, TygrysT, DarthSack, Pal-5000 / Hyperion, Freakyuser396'	'vsairshipmod_1.1.4.zip'
'vsaapi'	'0.14.1'	'VSA API'	'JackJJU'	'VSA_API_V0.14.1.zip'
'creative'	'1.22.6'	'Creative Mode'	'Tyron'	'VSCreativeMod.dll'
'survival'	'1.22.6'	'Survival Mode'	'Tyron'	'VSSurvivalMod.dll'
'wenvironmentalstabilitypatch'	'1.0.3'	'Wilderlands Environmental Stability Patch'	'Thalius'	'Wilderlands Environmental Stability Patch 2.0.3.zip'
'xlibfork'	'1.0.21'	'XLib Fork'	'Xandu, El_Neuman'	'XLib Fork v1.0.21.zip'
'apanserbjornstory'	'0.10.2'	'A Panserbjørn Story'	'Sythelux Rikd'	'APanserbjornStory-v0.10.2-1.21.0.zip'
'bdcrop'	'1.0.5'	'Biodiversity: Crops'	'Captanredbeard, WhiskeySunshine, The Last Thing'	'biodiversity_bdcrop_1.0.5.zip'
'bdherb'	'0.1.1'	'Biodiversity: Herbs and Spices'	'Captanredbeard, WhiskeySunshine, VirtusMarik, Sigmadron, Ледяная Соня (WC), CATASTEROID (WC), Gabb (WC)'	'biodiversity_bdherb_0.1.0.zip'
'bdorchard'	'1.0.5'	'Biodiversity: Orchards'	'Captanredbeard, WhiskeySunshine, The Last Thing'	'biodiversity_bdorchard_1.0.5.zip'
'bdshrub'	'0.2.0'	'Biodiversity: Shrubs and Berries'	'Captanredbeard, WhiskeySunshine, The Last Thing'	'biodiversity_bdshrub_0.2.0.zip'
'bdtree'	'1.1.0-pre.2'	'Biodiversity: Trees'	'Captanredbeard, WhiskeySunshine, The Last Thing'	'biodiversity_bdtree_1.1.0-pre.2.zip'
'blushandbins'	'1.3.3'	'Blush and Bins'	'P1nkOblivion'	'BlushAndBins_1.3.3.zip'
'carryon'	'2.0.0-pre.4'	'Carry On'	'copygirl, NerdScurvy'	'CarryOn-1.22.0_v2.0.0-pre.4.zip'
'chariot'	'0.6.3'	'Chariot'	'Nicol'	'Chariot-0.6.3.zip'
'crossbowsfork'	'1.9.14'	'Crossbows'	'Maltiez, Alodh'	'crossbowsfork_1.9.14.zip'
'dingdong'	'0.0.4'	'DingDong'	'Alsair'	'DingDong_0.0.4.zip'
'expandedfoodsfixattempt'	'2.0.2'	'Expanded Foods'	'l33tmaan'	'ExpandedFoods 2.0.2.zip'
'em'	'3.7.0'	'Expanded Matter'	'Tels, Phiwa'	'expanded_matter-3.7.0.zip'
'fulldropunofficial'	'1.0.8'	'Full Drop (Unofficial)'	'Mr1k3, JimmyJTC (Adapted)'	'FullDrop_1.0.8_for_1.22.zip'
'heraldry'	'2.0.0'	'Heraldry'	'Craluminum2413 (Dana), SaltyWater'	'Heraldry-v2.0.0.zip'
'independentvehicles'	'0.3.3'	'Independent Vehicles Prototype'	'nicol, Codex'	'IndependentVehicles-0.3.3.zip'
'lecternworks'	'0.4.35'	'Lectern Works'	'Nicol'	'LecternWorks-0.4.35.zip'
'notenoughsand'	'4.1.0'	'Not Enough Sand'	'ElectroNikkel'	'NotEnoughSand-v4.1.0.zip'
'playercorpseforked'	'1.14.1'	'PlayerCorpse-Forked'	'DArkHekRoMaNT, jsknnr'	'PlayerCorpseForked_VS1.22.0_net10_v1.14.1.zip'
'pnjrpg'	'0.26.1'	'PNJ RPG'	'Nicol'	'PNJRPG-0.26.1.zip'
'pnjrpgwaters'	'0.3.2'	'PNJRPG Decorative Waters - Fixed Decorative Surfaces'	'PNJRPG'	'PNJRPG_DecorativeWaters_0.3.2_FixedSurface.zip'
'quiversfork'	'0.9.27'	'Quivers And Sheaths'	'Maltiez, Alodh'	'quiversfork_0.9.27.zip'
'stonequarryforked'	'3.5.3'	'Stone Quarry Forked'	'DArkHekRoMaNT, Kurallier'	'StoneQuarryForked.zip'
'terrainslabs'	'1.0.16'	'Terrain Slabs'	'BeloMaximka'	'terrainslabs_1.0.16.zip'
'vsareplica'	'0.2.7021'	'VSA Replica'	'JackJJU'	'VSA_REPLICA_V0.2.7021.zip'
'xskillsfork'	'1.0.70'	'xSkills Fork'	'Xandu, El_Neuman'	'xSkills Fork v1.0.70.zip'
'zrustdrops'	'2.1.0'	'Rust Drops'	'Faeldray'	'zrustdrops-2.1.0.zip'
'bricklayers'	'3.2.2'	'Bricklayers'	'Tels, Phiwa'	'bricklayers-3.2.2.zip'
'heraldrybanners'	'2.0.0'	'Heraldry : Banners'	'Craluminum2413 (Dana), SaltyWater'	'HeraldryBanners-v2.0.0.zip'
'capes'	'2.0.0'	'Heraldry : Capes'	'Craluminum2413 (Dana), SaltyWater'	'HeraldryCapes-v2.0.0.zip'
'xskillsgilded'	'1.3.36'	'xSkills Gilded'	'MakhamDev, El_Neuman'	'xSkills Gilded v1.3.36.zip'
'bedrespawnerz1'	'1.0.1'	'bedrespawner'	'Zor1al'	'bedrespawner.zip'
'adventureportals'	'1.2.0'	'Adventure Portals'	'Nicol, OpenAI'	'AdventurePortals_v1.2.0.zip'
17.8.2026 23:11:00 [Notification] [P1nksShelvingTweaks] Applied BlushAndBins MBOnPickBlock crash guard.
17.8.2026 23:11:00 [Notification] [P1nksShelvingTweaks] Forced universal item psurface 2x2x2 behavior is active.
17.8.2026 23:11:00 [Notification] [Subclasses] Config loaded successfully
17.8.2026 23:11:00 [Notification] Original system has 0 traits
17.8.2026 23:11:00 [Notification] Found 0 traits files from mods
17.8.2026 23:11:00 [Notification] Added 0 traits from mods. Total: 0 traits
17.8.2026 23:11:00 [Event] started 'Immersive Fibercraft' mod
17.8.2026 23:11:00 [Notification] Mod Config successfully loaded.
17.8.2026 23:11:00 [Event] started 'Unleaded Windows' mod
17.8.2026 23:11:00 [Event] started 'Arrow Barrels' mod
17.8.2026 23:11:00 [Event] [attributerenderinglibrary] started 'Attribute Rendering Library' mod
17.8.2026 23:11:00 [Notification] [baconbaconbacon] Bacon Bacon Bacon: Client started
17.8.2026 23:11:00 [Notification] [BarkCanoe] Mod starting...
17.8.2026 23:11:00 [Notification] [BarkCanoe] Harmony patches applied!
17.8.2026 23:11:00 [Notification] [BarkCanoe] Block entities registered!
17.8.2026 23:11:00 [Notification] [BarkCanoe] Mod initialization complete!
17.8.2026 23:11:00 [Notification] [BarkCanoe] Config values are read from entity JSON (speedMultiplier, passengerEffect)
17.8.2026 23:11:00 [Warning] [BiggerCellarsRebuilt] Starting transpiler version.
17.8.2026 23:11:00 [Warning] [BiggerCellarsRebuilt] Loaded successfully.
17.8.2026 23:11:00 [Notification] Billposting loaded
17.8.2026 23:11:00 [Notification] Mod Config successfully loaded.
17.8.2026 23:11:00 [Notification] From Golden Combs existing client config loaded successfully.
17.8.2026 23:11:00 [Notification] From Golden Combs existing server config loaded successfully.
17.8.2026 23:11:00 [Notification] modconfigload
17.8.2026 23:11:00 [Event] Medieval Expansion Mod Patch v1.4.1 loading
17.8.2026 23:11:00 [Notification] Mod Config successfully loaded.
17.8.2026 23:11:00 [Notification] Loaded Posts And Beams!
17.8.2026 23:11:00 [Notification] [WEnvStabilityPatch] Environmental stability patch active – no more ruins/depth penalties
17.8.2026 23:11:00 [Notification] [BlushAndBins.Code] Loaded
17.8.2026 23:11:00 [Event] [heraldry] started 'Heraldry' mod
17.8.2026 23:11:00 [Event] [heraldrybanners] started 'Heraldry : Banners' mod
17.8.2026 23:11:00 [Notification] Tags registries now locked.
17.8.2026 23:11:00 [Notification] External Origins in load order: modorigin@%appdata%\Vintagestory\assets\creative\, modorigin@%appdata%\Vintagestory\assets\survival\, mod@adventurers-walking-stick-net10_3.0.9.zip, mod@barstogears.zip, mod@BuffBerries.zip, mod@ChiseledBlockRetention-2.0.1.zip, mod@ChiselTools1.17.3.zip, mod@CindersAndEmbers-1.0.2.zip, mod@compostgrass-v1.22.0.zip, mod@containersbundle_1.3.1.zip, mod@DoubleBackpackCapacityV0.0.2.zip, mod@ExtraChests - Fantasy Edition v3.0.0.zip, mod@flower-propagation-v0.0.2.zip, mod@Flowers 1.0.1.zip, mod@Fruit Refreshed.zip, mod@haybales-V1.1.2.zip, mod@HotCrops.zip, mod@IncreasedStorageCapacityV0.0.8.zip, mod@InterestingOreGen-v2.3.8.zip, mod@jsonpatcheslib_1.5.3.zip, mod@limestonefromcaves_1.0.2.zip, mod@LimeTranmute1.1.0.zip, mod@Long-term_food_v0.6.9.zip, mod@Medieval Clothes v1.0.9 VS1.21.6-24-V1-0-9-1768150569.zip, mod@MiningDropsMoreStone.zip, mod@mofirewood_1.1.2.zip, mod@Molds_v0.3.4.zip, mod@MushroomNutrition-1.3.5.zip, mod@notsotastywax-1.0.1.zip, mod@OldestJTentsV1.zip, mod@ornamentalplants_1.0.0.zip, mod@overhaulliblegacycompat_1.1.55.zip, mod@overhaullib_2.0.9.zip, mod@P1nksShelvingTweaks_1.0.8.zip, mod@p1nkstacksize_1.2.2.zip, mod@PineLogsForTannin-v1.0.0.zip, mod@primitivesurvival_5.0.6.zip, mod@pulverize_rocks.zip, mod@qolcraftsupdate1.1.zip, mod@racialability_0.2.7.zip, mod@racialequality_0.1.28.zip, mod@realisticmonsterloot_v1.2.0.zip, mod@spinningwheel_1.2.12.zip, mod@Stoneworks_1.0.2.zip, mod@TemporalDust.zip, mod@TemporalVessels_1.0.3.zip, mod@TransmittanceV1.0.0.zip, mod@UsefulShears-V.1.0.0.zip, mod@VintageTimelapse-0.1.0.zip, mod@vsimgui_1.2.7.zip, mod@wanderers-sketchbook-net10-2.0.5.zip, mod@waterwheelnormalwater.zip, mod@Wilderlands Forests_1.0.0.zip, mod@zoombuttonreborn_2.0.2.zip, mod@ACulinaryArtillery 2.0.0-dev.21.zip, mod@alchemy_2.1.0-rc.76.zip, mod@AncientLib_V1.0.0.zip, mod@animationslib_0.0.2.zip, mod@apewindows-v1.22.0-1..0.zip, mod@arrowbarrels-V1.22.0-1.5.0.zip, mod@AstralStone-0.5.0.zip, mod@Auto Map Markers 5.0.3 - Vintage Story 1.22.zip, mod@awearablelight-v1.2.3-pre.2.zip, mod@baconbaconbacon_1.2.2.zip, mod@barkcanoemod-1223.0.2.zip, mod@BetterRuinsv0.6.3.zip, mod@billposting_2.0.2.zip, mod@biodiversity_bdflower_0.1.0.zip, mod@biodiversity_core_1.1.4.zip, mod@blockoverlay-4.11.3.zip, mod@botanicalleathers_1.3.2.zip, mod@Building Wands 1.0.2.zip, mod@butchering_1.13.5.zip, mod@CartwrightsCaravan_1.9.1.zip, mod@craftablecharcoal_matski_1.0.2_vs1.22.0.zip, mod@CustomTableaux-1.6.8.zip, mod@DarkerWalnut_1.1.6.zip, mod@dirtymind_130.zip, mod@earlychiseling_1.0.1.zip, mod@Easy Building 1.2.2.zip, mod@emotes_2.5.1.zip, mod@ExtraInfo-v2.2.1.zip, mod@firewoodtostick.zip, mod@FloralWorks-0.3.8.zip, mod@foodshelves_3.0.4.zip, mod@FromGoldenCombs-1.22-v2.0.8.zip, mod@herbarium_1.4.3.zip, mod@Knapster_v4.0.0.zip, mod@LightDonjon_1.0.0.zip, mod@MaterialNeeds_1.1.16.zip, mod@mealrevariation-3.1.4.zip, mod@medievalexpansionpatch-1.4.1.zip, mod@MorePiles-v3.0.1.zip, mod@ndlmushroomgrowth_2.2.1.zip, mod@ndltreegrowth_2.3.3.zip, mod@ndlwoodentorchholder_3.0.2.zip, mod@nomadtents_114.zip, mod@PaintedCanvas-0.2.1.zip, mod@particlesplus-2.5.8.zip, mod@petai_v5.1.1.zip, mod@PhysicalMaps-0.6.24.zip, mod@pigroast_1.1.1.zip, mod@placeonslabs_1.1.3.zip, mod@playermodellib_1.21.11.zip, mod@postsandbeams_1.5.1.zip, mod@PrimitifGlider-0.4.5.zip, mod@resinfarmremake_1.1.4.zip, mod@RiderToolkitTest-0.1.0-test.zip, mod@SheyderMod - 1.0.1.zip, mod@shipwright_1.4.1.zip, mod@statushudcont_4.3.1.zip, mod@TentBag Reworked v3.2.3.zip, mod@TerraTagSoundsPack_0.1.1.zip, mod@valksfuzzyclouds_2.1.3.zip, mod@vibrantglassquartzed.zip, mod@vigor_122.7.3.zip, mod@vintagecanvas_1.1.1.zip, mod@visible-ores-and-minerals-v1.3.1.zip, mod@vsairshipmod_1.1.4.zip, mod@XLib Fork v1.0.21.zip, mod@APanserbjornStory-v0.10.2-1.21.0.zip, mod@biodiversity_bdcrop_1.0.5.zip, mod@biodiversity_bdherb_0.1.0.zip, mod@biodiversity_bdorchard_1.0.5.zip, mod@biodiversity_bdshrub_0.2.0.zip, mod@biodiversity_bdtree_1.1.0-pre.2.zip, mod@BlushAndBins_1.3.3.zip, mod@CarryOn-1.22.0_v2.0.0-pre.4.zip, mod@Chariot-0.6.3.zip, mod@crossbowsfork_1.9.14.zip, mod@DingDong_0.0.4.zip, mod@ExpandedFoods 2.0.2.zip, mod@expanded_matter-3.7.0.zip, mod@FullDrop_1.0.8_for_1.22.zip, mod@Heraldry-v2.0.0.zip, mod@IndependentVehicles-0.3.3.zip, mod@LecternWorks-0.4.35.zip, mod@NotEnoughSand-v4.1.0.zip, mod@PlayerCorpseForked_VS1.22.0_net10_v1.14.1.zip, mod@PNJRPG-0.26.1.zip, mod@PNJRPG_DecorativeWaters_0.3.2_FixedSurface.zip, mod@quiversfork_0.9.27.zip, mod@StoneQuarryForked.zip, mod@terrainslabs_1.0.16.zip, mod@VSA_REPLICA_V0.2.7021.zip, mod@xSkills Fork v1.0.70.zip, mod@zrustdrops-2.1.0.zip, mod@bricklayers-3.2.2.zip, mod@HeraldryBanners-v2.0.0.zip, mod@HeraldryCapes-v2.0.0.zip, mod@xSkills Gilded v1.3.36.zip, mod@bedrespawner.zip, mod@AdventurePortals_v1.2.0.zip, themepack@Opine_Upon_Pine_v1.0.10.zip
17.8.2026 23:11:00 [Notification] Found 674 external assets in category lang
17.8.2026 23:11:00 [Notification] Found 1272 external assets in category patches
17.8.2026 23:11:00 [Notification] Found 382 external assets in category config
17.8.2026 23:11:00 [Notification] Found 41 external assets in category worldproperties
17.8.2026 23:11:00 [Notification] Found 883 external assets in category sounds
17.8.2026 23:11:00 [Notification] Found 10222 external assets in category shapes
17.8.2026 23:11:00 [Notification] Found 81 external assets in category shaders
17.8.2026 23:11:00 [Notification] Found 0 external assets in category shaderincludes
17.8.2026 23:11:01 [Notification] Found 22078 external assets in category textures
17.8.2026 23:11:01 [Notification] Found 79 external assets in category music
17.8.2026 23:11:01 [Notification] Found 18 external assets in category dialog
17.8.2026 23:11:01 [Notification] Found 90 external assets in category compatibility
17.8.2026 23:11:01 [Notification] Found 4 external assets in category jsonpatches
17.8.2026 23:11:01 [Notification] Found 12 external assets in category skills
17.8.2026 23:11:01 [Notification] Found 4 external assets in category effects
17.8.2026 23:11:01 [Notification] Reloaded lang file now with mod assets
17.8.2026 23:11:02 [Notification] [Config lib] Configs loaded: 26
17.8.2026 23:11:02 [Notification] Compatibility lib: 8 assets added, 0 assets replaced.
17.8.2026 23:11:03 [Notification] JsonPatch Loader: 1777 patches total, successfully applied 419 patches, missing files on 1355 patches, unmet conditions on 1452 patches, no errors
17.8.2026 23:11:03 [Notification] [Immersive Fibercraft] Mod detection - tailorsdelight: False, wool: False
17.8.2026 23:11:03 [Notification] [Immersive Fibercraft] Pattern weaving disabled (requires both tailorsdelight and wool mods)
17.8.2026 23:11:03 [Notification] [Transmittance] Loaded 4 shader patch(es): 0 by name, 4 by content
17.8.2026 23:11:03 [Event] [xlibfork] Initialize skills
17.8.2026 23:11:03 [Event] [xlibfork] Registered 11 skills (0 disabled) and 159 abilities (1 disabled).
17.8.2026 23:11:03 [Event] [xlibfork] Initialize effects
17.8.2026 23:11:03 [Event] [xlibfork] Registered 37 effects and 0 effect triggers.
17.8.2026 23:11:04 [Error] Entity shape for entity racialability:boulder not found or errored, was supposed to be at racialability:shapes/item/boulder.json. Entity will be invisible!
17.8.2026 23:11:06 [Notification] Reloaded sounds, now with mod assets
17.8.2026 23:11:06 [Warning] Texture asset 'c:textures//users/llama/onedrive/documents/vintage story/vsmods/billposting/billposting/assets/billposting/textures/billpost.png' not found (defined in Shape file billposting:billpost).
17.8.2026 23:11:06 [Warning] Texture asset 'game:textures/block/wood/planks/darkaged1.png' not found (defined in Entity type cartwrightscaravan:cart-basiccart-classic-darkaged).
17.8.2026 23:11:06 [Warning] Texture asset 'game:textures/block/wood/bark/lightaged-h.png' not found (defined in Entity type cartwrightscaravan:cart-basiccart-classic-lightaged).
17.8.2026 23:11:06 [Warning] Texture asset 'game:textures/block/wood/bark/lightaged.png' not found (defined in Entity type cartwrightscaravan:sled-basicsled-lightaged).
17.8.2026 23:11:06 [Warning] Texture asset 'game:textures/block/wood/path/darkaged1.png' not found (defined in Entity type shipwright:shipwrightconstruction-catboat-darkaged).
17.8.2026 23:11:06 [Warning] Texture asset 'game:textures/block/wood/path/darkaged2.png' not found (defined in Entity type shipwright:shipwrightconstruction-catboat-darkaged).
17.8.2026 23:11:06 [Warning] Texture asset 'game:textures/block/wood/path/lightaged1.png' not found (defined in Entity type shipwright:shipwrightconstruction-catboat-lightaged).
17.8.2026 23:11:06 [Warning] Texture asset 'game:textures/block/wood/path/lightaged2.png' not found (defined in Entity type shipwright:shipwrightconstruction-catboat-lightaged).
17.8.2026 23:11:06 [Warning] Texture asset 'shipwright:textures/block/zigzagbeams/darkaged.png' not found (defined in Entity type shipwright:shipwrightconstruction-drakkar-darkaged).
17.8.2026 23:11:06 [Warning] Texture asset 'shipwright:textures/block/zigzagbeams/lightaged.png' not found (defined in Entity type shipwright:shipwrightconstruction-drakkar-lightaged).
17.8.2026 23:11:06 [Warning] Texture asset 'game:textures/block/wood/bark/quad/ends/debarked/lightaged.png' not found (defined in Entity type shipwright:shipwrightconstruction-drakkar-lightaged).
17.8.2026 23:11:06 [Warning] Texture asset 'game:textures/block/metal/sheet/copper.png' not found (defined in Entity type chariot:cart-rustic).
17.8.2026 23:11:06 [Notification] Composed 1 4096x4096 entities texture atlases from 1118 textures
17.8.2026 23:11:07 [Notification] Received 13068 item types from server
17.8.2026 23:11:07 [Notification] Loaded 55094 block types from server
17.8.2026 23:11:07 [Warning] Did not find required shape expandedfoods:shapes/item/food/candy/fruit/beautyberry.json anywhere. (defined in Shape for item expandedfoods:candiedfruit-beautyberry)
17.8.2026 23:11:07 [Warning] Did not find required shape expandedfoods:shapes/item/food/candy/fruit/blackberry.json anywhere. (defined in Shape for item expandedfoods:candiedfruit-blackberry)
17.8.2026 23:11:07 [Warning] Did not find required shape expandedfoods:shapes/item/food/candy/fruit/cactusfruit.json anywhere. (defined in Shape for item expandedfoods:candiedfruit-cactusfruit)
17.8.2026 23:11:07 [Warning] Did not find required shape expandedfoods:shapes/item/food/candy/fruit/cloudberry.json anywhere. (defined in Shape for item expandedfoods:candiedfruit-cloudberry)
17.8.2026 23:11:07 [Warning] Did not find required shape expandedfoods:shapes/item/food/candy/fruit/gooseberry.json anywhere. (defined in Shape for item expandedfoods:candiedfruit-gooseberry)
17.8.2026 23:11:07 [Warning] Did not find required shape expandedfoods:shapes/item/food/candy/fruit/guava.json anywhere. (defined in Shape for item expandedfoods:candiedfruit-guava)
17.8.2026 23:11:07 [Warning] Did not find required shape expandedfoods:shapes/item/food/candy/fruit/kumquat.json anywhere. (defined in Shape for item expandedfoods:candiedfruit-kumquat)
17.8.2026 23:11:07 [Warning] Did not find required shape expandedfoods:shapes/item/food/candy/fruit/plumnatal.json anywhere. (defined in Shape for item expandedfoods:candiedfruit-plumnatal)
17.8.2026 23:11:07 [Warning] Did not find required shape expandedfoods:shapes/item/food/candy/fruit/raspberry.json anywhere. (defined in Shape for item expandedfoods:candiedfruit-raspberry)
17.8.2026 23:11:07 [Warning] Did not find required shape expandedfoods:shapes/item/food/candy/fruit/strawberry.json anywhere. (defined in Shape for item expandedfoods:candiedfruit-strawberry)
17.8.2026 23:11:07 [Warning] Did not find required shape expandedfoods:shapes/item/food/mushroom/chopped/bluemeanie.json anywhere. (defined in Shape for item expandedfoods:choppedmushroom-bluemeanie)
17.8.2026 23:11:07 [Warning] Did not find required shape expandedfoods:shapes/item/food/mushroom/chopped/foolsconecap.json anywhere. (defined in Shape for item expandedfoods:choppedmushroom-foolsconecap)
17.8.2026 23:11:07 [Warning] Did not find required shape expandedfoods:shapes/item/food/mushroom/chopped/goldcap.json anywhere. (defined in Shape for item expandedfoods:choppedmushroom-goldcap)
17.8.2026 23:11:07 [Warning] Did not find required shape expandedfoods:shapes/item/food/mushroom/chopped/honeymushroom.json anywhere. (defined in Shape for item expandedfoods:choppedmushroom-honeymushroom)
17.8.2026 23:11:07 [Warning] Did not find required shape expandedfoods:shapes/item/food/mushroom/chopped/laughingjim.json anywhere. (defined in Shape for item expandedfoods:choppedmushroom-laughingjim)
17.8.2026 23:11:07 [Warning] Did not find required shape expandedfoods:shapes/item/food/mushroom/chopped/libertycap.json anywhere. (defined in Shape for item expandedfoods:choppedmushroom-libertycap)
17.8.2026 23:11:07 [Warning] Did not find required shape expandedfoods:shapes/item/food/mushroom/chopped/sickener.json anywhere. (defined in Shape for item expandedfoods:choppedmushroom-sickener)
17.8.2026 23:11:07 [Warning] Did not find required shape expandedfoods:shapes/item/food/mushroom/chopped/wavycap.json anywhere. (defined in Shape for item expandedfoods:choppedmushroom-wavycap)
17.8.2026 23:11:07 [Warning] Did not find required shape expandedfoods:shapes/item/food/mushroom/chopped/cooked/bluemeanie.json anywhere. (defined in Shape for item expandedfoods:cookedchoppedmushroom-bluemeanie-partbaked)
17.8.2026 23:11:07 [Warning] Did not find required shape expandedfoods:shapes/item/food/mushroom/chopped/cooked/foolsconecap.json anywhere. (defined in Shape for item expandedfoods:cookedchoppedmushroom-foolsconecap-partbaked)
17.8.2026 23:11:07 [Warning] Did not find required shape expandedfoods:shapes/item/food/mushroom/chopped/cooked/goldcap.json anywhere. (defined in Shape for item expandedfoods:cookedchoppedmushroom-goldcap-partbaked)
17.8.2026 23:11:07 [Warning] Did not find required shape expandedfoods:shapes/item/food/mushroom/chopped/cooked/honeymushroom.json anywhere. (defined in Shape for item expandedfoods:cookedchoppedmushroom-honeymushroom-partbaked)
17.8.2026 23:11:07 [Warning] Did not find required shape expandedfoods:shapes/item/food/mushroom/chopped/cooked/laughingjim.json anywhere. (defined in Shape for item expandedfoods:cookedchoppedmushroom-laughingjim-partbaked)
17.8.2026 23:11:07 [Warning] Did not find required shape expandedfoods:shapes/item/food/mushroom/chopped/cooked/libertycap.json anywhere. (defined in Shape for item expandedfoods:cookedchoppedmushroom-libertycap-partbaked)
17.8.2026 23:11:07 [Warning] Did not find required shape expandedfoods:shapes/item/food/mushroom/chopped/cooked/sickener.json anywhere. (defined in Shape for item expandedfoods:cookedchoppedmushroom-sickener-partbaked)
17.8.2026 23:11:07 [Warning] Did not find required shape expandedfoods:shapes/item/food/mushroom/chopped/cooked/wavycap.json anywhere. (defined in Shape for item expandedfoods:cookedchoppedmushroom-wavycap-partbaked)
17.8.2026 23:11:07 [Warning] Did not find required shape expandedfoods:shapes/item/food/dryfruit/beautyberry.json anywhere. (defined in Shape for item expandedfoods:dehydratedfruit-beautyberry)
17.8.2026 23:11:07 [Warning] Did not find required shape expandedfoods:shapes/item/food/dryfruit/blackberry.json anywhere. (defined in Shape for item expandedfoods:dehydratedfruit-blackberry)
17.8.2026 23:11:07 [Warning] Did not find required shape expandedfoods:shapes/item/food/dryfruit/cactusfruit.json anywhere. (defined in Shape for item expandedfoods:dehydratedfruit-cactusfruit)
17.8.2026 23:11:07 [Warning] Did not find required shape expandedfoods:shapes/item/food/dryfruit/cloudberry.json anywhere. (defined in Shape for item expandedfoods:dehydratedfruit-cloudberry)
17.8.2026 23:11:07 [Warning] Did not find required shape expandedfoods:shapes/item/food/dryfruit/gooseberry.json anywhere. (defined in Shape for item expandedfoods:dehydratedfruit-gooseberry)
17.8.2026 23:11:07 [Warning] Did not find required shape expandedfoods:shapes/item/food/dryfruit/guava.json anywhere. (defined in Shape for item expandedfoods:dehydratedfruit-guava)
17.8.2026 23:11:07 [Warning] Did not find required shape expandedfoods:shapes/item/food/dryfruit/kumquat.json anywhere. (defined in Shape for item expandedfoods:dehydratedfruit-kumquat)
17.8.2026 23:11:07 [Warning] Did not find required shape expandedfoods:shapes/item/food/dryfruit/plumnatal.json anywhere. (defined in Shape for item expandedfoods:dehydratedfruit-plumnatal)
17.8.2026 23:11:07 [Warning] Did not find required shape expandedfoods:shapes/item/food/dryfruit/raspberry.json anywhere. (defined in Shape for item expandedfoods:dehydratedfruit-raspberry)
17.8.2026 23:11:07 [Warning] Did not find required shape expandedfoods:shapes/item/food/dryfruit/strawberry.json anywhere. (defined in Shape for item expandedfoods:dehydratedfruit-strawberry)
17.8.2026 23:11:07 [Warning] Could not find any variants for wildcard shape block/plant/mushroom/bluemeanie/harvested*, will use standard cube shape.
17.8.2026 23:11:07 [Warning] Could not find any variants for wildcard shape block/plant/mushroom/foolsconecap/harvested*, will use standard cube shape.
17.8.2026 23:11:07 [Warning] Could not find any variants for wildcard shape block/plant/mushroom/goldcap/harvested*, will use standard cube shape.
17.8.2026 23:11:07 [Warning] Could not find any variants for wildcard shape block/plant/mushroom/honeymushroom/harvested*, will use standard cube shape.
17.8.2026 23:11:07 [Warning] Could not find any variants for wildcard shape block/plant/mushroom/laughingjim/harvested*, will use standard cube shape.
17.8.2026 23:11:07 [Warning] Could not find any variants for wildcard shape block/plant/mushroom/libertycap/harvested*, will use standard cube shape.
17.8.2026 23:11:07 [Warning] Could not find any variants for wildcard shape block/plant/mushroom/sickener/harvested*, will use standard cube shape.
17.8.2026 23:11:07 [Warning] Could not find any variants for wildcard shape block/plant/mushroom/wavycap/harvested*, will use standard cube shape.
17.8.2026 23:11:07 [Warning] Could not find any variants for wildcard shape block/plant/mushroom/bluemeanie/harvested*, will use standard cube shape.
17.8.2026 23:11:07 [Warning] Could not find any variants for wildcard shape block/plant/mushroom/foolsconecap/harvested*, will use standard cube shape.
17.8.2026 23:11:07 [Warning] Could not find any variants for wildcard shape block/plant/mushroom/goldcap/harvested*, will use standard cube shape.
17.8.2026 23:11:07 [Warning] Could not find any variants for wildcard shape block/plant/mushroom/honeymushroom/harvested*, will use standard cube shape.
17.8.2026 23:11:07 [Warning] Could not find any variants for wildcard shape block/plant/mushroom/laughingjim/harvested*, will use standard cube shape.
17.8.2026 23:11:07 [Warning] Could not find any variants for wildcard shape block/plant/mushroom/libertycap/harvested*, will use standard cube shape.
17.8.2026 23:11:07 [Warning] Could not find any variants for wildcard shape block/plant/mushroom/sickener/harvested*, will use standard cube shape.
17.8.2026 23:11:07 [Warning] Could not find any variants for wildcard shape block/plant/mushroom/wavycap/harvested*, will use standard cube shape.
17.8.2026 23:11:07 [Warning] Texture asset 'game:textures/block/metal/ingot/{material}.png' not found (defined in Item game:chisel-copper).
17.8.2026 23:11:07 [Warning] Did not find required shape containersbundle:shapes/block/wood/stonecasket.json anywhere. (defined in Shape for block containersbundle:stonecasket-north)
17.8.2026 23:11:07 [Warning] Did not find required shape game:shapes/block/reed/basket-normal.json anywhere. (defined in Shape for block qolcrafts:drygrassbasketchest-north)
17.8.2026 23:11:07 [Warning] Texture asset 'medieval:textures/entity/humanoid/seraphclothes/shoulder/reli2.png' not found (defined in Shape file medieval:entity/humanoid/seraph/newclothing/shoulder/reli2shoulderfaldita).
17.8.2026 23:11:07 [Warning] Texture asset 'medieval:textures/entity/humanoid/seraphclothes/shoulder/reli.png' not found (defined in Shape file medieval:entity/humanoid/seraph/newclothing/shoulder/relishoulderfaldita).
17.8.2026 23:11:07 [Warning] Did not find required shape bdflower:shapes/block/plant/flower/1patch-cross-24x24.json anywhere. (defined in Lod2 shape for block bdflower:flower-rose-red-free)
17.8.2026 23:11:07 [Warning] Did not find required shape bdflower:shapes/block/basic/cross.json anywhere. (defined in Shape for block bdflower:tallgrass-veryshort-free)
17.8.2026 23:11:07 [Warning] Did not find required shape bdflower:shapes/block/plant/vines-n.json anywhere. (defined in Shape for block bdflower:wildvine-section-north)
17.8.2026 23:11:07 [Warning] Did not find required shape bdflower:shapes/block/plant/vines-inventory.json anywhere. (defined in Inventory shape for block bdflower:wildvine-section-north)
17.8.2026 23:11:07 [Warning] Did not find required shape bdflower:shapes/block/plant/flower/1patch-3faces-24x24.json anywhere. (defined in Shape for block bdflower:flower-purplebell-free)
17.8.2026 23:11:07 [Warning] Texture asset 'shroomies:textures/block/plant/mushroom/pores.png' not found (defined in Item shroomies:cookeddtmushroom-bitterbolete-charred).
17.8.2026 23:11:07 [Warning] Texture asset 'game:textures/item/tool/material/wood.png' not found (defined in Item qolcrafts:drygrassbasket).
17.8.2026 23:11:07 [Warning] Texture asset 'game:textures/item/tool/material/woodenclub.png' not found (defined in Item qolcrafts:hammerwood).
17.8.2026 23:11:07 [Warning] Texture asset 'qolcrafts:textures/block/leather/plain.png' not found (defined in Shape file qolcrafts:item/piceofhide).
17.8.2026 23:11:07 [Warning] Texture asset 'c:textures//users/gleb/appdata/roaming/vintagestory/assets/survival/textures/block/leather/plain.png' not found (defined in Shape file qolcrafts:item/tourniquet).
17.8.2026 23:11:07 [Warning] Did not find required shape materialneeds:shapes/block/stone/plaster.json anywhere. (defined in Shape for block materialneeds:plaster-ashen-diagonal-ns)
17.8.2026 23:11:07 [Warning] Texture asset 'arthursjournal:textures/black.png' not found (defined in Shape file arthursjournal:block/variants/small-normal).
17.8.2026 23:11:07 [Warning] Texture asset 'baconbaconbacon:textures/item/bacon.png' not found (defined in Shape file baconbaconbacon:item/bacon).
17.8.2026 23:11:07 [Warning] Texture asset 'baconbaconbacon:textures/item/baconpoultice.png' not found (defined in Shape file baconbaconbacon:item/baconpoultice).
17.8.2026 23:11:07 [Warning] Texture asset 'game:textures/block/wood/bark/veryaged.png' not found (defined in Item barkcanoe:outrigger-crude-veryaged).
17.8.2026 23:11:07 [Warning] Texture asset 'game:textures/block/wood/bark/ash.png' not found (defined in Item barkcanoe:outrigger-crude-ash).
17.8.2026 23:11:07 [Warning] Texture asset 'game:textures/block/wood/treetrunk/ash.png' not found (defined in Item barkcanoe:outrigger-crude-ash).
17.8.2026 23:11:07 [Warning] Texture asset 'game:textures/block/wood/bark/azobe.png' not found (defined in Item barkcanoe:outrigger-crude-azobe).
17.8.2026 23:11:07 [Warning] Texture asset 'game:textures/block/wood/treetrunk/azobe.png' not found (defined in Item barkcanoe:outrigger-crude-azobe).
17.8.2026 23:11:07 [Warning] Texture asset 'game:textures/block/wood/bark/banyan.png' not found (defined in Item barkcanoe:outrigger-crude-banyan).
17.8.2026 23:11:07 [Warning] Texture asset 'game:textures/block/wood/treetrunk/banyan.png' not found (defined in Item barkcanoe:outrigger-crude-banyan).
17.8.2026 23:11:07 [Warning] Texture asset 'game:textures/block/wood/bark/beech.png' not found (defined in Item barkcanoe:outrigger-crude-beech).
17.8.2026 23:11:07 [Warning] Texture asset 'game:textures/block/wood/treetrunk/beech.png' not found (defined in Item barkcanoe:outrigger-crude-beech).
17.8.2026 23:11:07 [Warning] Texture asset 'game:textures/block/wood/bark/bearnut.png' not found (defined in Item barkcanoe:outrigger-crude-bearnut).
17.8.2026 23:11:07 [Warning] Texture asset 'game:textures/block/wood/treetrunk/bearnut.png' not found (defined in Item barkcanoe:outrigger-crude-bearnut).
17.8.2026 23:11:07 [Warning] Texture asset 'game:textures/block/wood/bark/bluemahoe.png' not found (defined in Item barkcanoe:outrigger-crude-bluemahoe).
17.8.2026 23:11:07 [Warning] Texture asset 'game:textures/block/wood/treetrunk/bluemahoe.png' not found (defined in Item barkcanoe:outrigger-crude-bluemahoe).
17.8.2026 23:11:07 [Warning] Texture asset 'game:textures/block/wood/bark/catalpa.png' not found (defined in Item barkcanoe:outrigger-crude-catalpa).
17.8.2026 23:11:07 [Warning] Texture asset 'game:textures/block/wood/bark/cedar.png' not found (defined in Item barkcanoe:outrigger-crude-cedar).
17.8.2026 23:11:07 [Warning] Texture asset 'game:textures/block/wood/treetrunk/catalpa.png' not found (defined in Item barkcanoe:outrigger-crude-catalpa).
17.8.2026 23:11:07 [Warning] Texture asset 'game:textures/block/wood/treetrunk/cedar.png' not found (defined in Item barkcanoe:outrigger-crude-cedar).
17.8.2026 23:11:07 [Warning] Texture asset 'game:textures/block/wood/bark/charred.png' not found (defined in Item barkcanoe:outrigger-crude-charred).
17.8.2026 23:11:07 [Warning] Texture asset 'game:textures/block/wood/treetrunk/charred.png' not found (defined in Item barkcanoe:outrigger-crude-charred).
17.8.2026 23:11:07 [Warning] Texture asset 'game:textures/block/wood/bark/dalbergia.png' not found (defined in Item barkcanoe:outrigger-crude-dalbergia).
17.8.2026 23:11:07 [Warning] Texture asset 'game:textures/block/wood/treetrunk/dalbergia.png' not found (defined in Item barkcanoe:outrigger-crude-dalbergia).
17.8.2026 23:11:07 [Warning] Texture asset 'game:textures/block/wood/bark/douglasfir.png' not found (defined in Item barkcanoe:outrigger-crude-douglasfir).
17.8.2026 23:11:07 [Warning] Texture asset 'game:textures/block/wood/treetrunk/douglasfir.png' not found (defined in Item barkcanoe:outrigger-crude-douglasfir).
17.8.2026 23:11:07 [Warning] Texture asset 'game:textures/block/wood/bark/elm.png' not found (defined in Item barkcanoe:outrigger-crude-elm).
17.8.2026 23:11:07 [Warning] Texture asset 'game:textures/block/wood/treetrunk/elm.png' not found (defined in Item barkcanoe:outrigger-crude-elm).
17.8.2026 23:11:07 [Warning] Texture asset 'game:textures/block/wood/bark/empresstree.png' not found (defined in Item barkcanoe:outrigger-crude-empresstree).
17.8.2026 23:11:07 [Warning] Texture asset 'game:textures/block/wood/treetrunk/empresstree.png' not found (defined in Item barkcanoe:outrigger-crude-empresstree).
17.8.2026 23:11:07 [Warning] Texture asset 'game:textures/block/wood/bark/eucalyptus.png' not found (defined in Item barkcanoe:outrigger-crude-eucalyptus).
17.8.2026 23:11:07 [Warning] Texture asset 'game:textures/block/wood/treetrunk/eucalyptus.png' not found (defined in Item barkcanoe:outrigger-crude-eucalyptus).
17.8.2026 23:11:07 [Warning] Texture asset 'game:textures/block/wood/bark/fir.png' not found (defined in Item barkcanoe:outrigger-crude-fir).
17.8.2026 23:11:07 [Warning] Texture asset 'game:textures/block/wood/treetrunk/fir.png' not found (defined in Item barkcanoe:outrigger-crude-fir).
17.8.2026 23:11:07 [Warning] Texture asset 'game:textures/block/wood/bark/ghostgum.png' not found (defined in Item barkcanoe:outrigger-crude-ghostgum).
17.8.2026 23:11:07 [Warning] Texture asset 'game:textures/block/wood/treetrunk/ghostgum.png' not found (defined in Item barkcanoe:outrigger-crude-ghostgum).
17.8.2026 23:11:07 [Warning] Texture asset 'game:textures/block/wood/bark/ginkgo.png' not found (defined in Item barkcanoe:outrigger-crude-ginkgo).
17.8.2026 23:11:07 [Warning] Texture asset 'game:textures/block/wood/treetrunk/ginkgo.png' not found (defined in Item barkcanoe:outrigger-crude-ginkgo).
17.8.2026 23:11:07 [Warning] Texture asset 'game:textures/block/wood/bark/guajacum.png' not found (defined in Item barkcanoe:outrigger-crude-guajacum).
17.8.2026 23:11:07 [Warning] Texture asset 'game:textures/block/wood/treetrunk/guajacum.png' not found (defined in Item barkcanoe:outrigger-crude-guajacum).
17.8.2026 23:11:07 [Warning] Texture asset 'game:textures/block/wood/bark/honeylocust.png' not found (defined in Item barkcanoe:outrigger-crude-honeylocust).
17.8.2026 23:11:07 [Warning] Texture asset 'game:textures/block/wood/treetrunk/honeylocust.png' not found (defined in Item barkcanoe:outrigger-crude-honeylocust).
17.8.2026 23:11:07 [Warning] Texture asset 'game:textures/block/wood/bark/horsechestnut.png' not found (defined in Item barkcanoe:outrigger-crude-horsechestnut).
17.8.2026 23:11:07 [Warning] Texture asset 'game:textures/block/wood/treetrunk/horsechestnut.png' not found (defined in Item barkcanoe:outrigger-crude-horsechestnut).
17.8.2026 23:11:07 [Warning] Texture asset 'game:textures/block/wood/bark/rosewood.png' not found (defined in Item barkcanoe:outrigger-crude-rosewood).
17.8.2026 23:11:07 [Warning] Texture asset 'game:textures/block/wood/treetrunk/rosewood.png' not found (defined in Item barkcanoe:outrigger-crude-rosewood).
17.8.2026 23:11:07 [Warning] Texture asset 'game:textures/block/wood/bark/kauri.png' not found (defined in Item barkcanoe:outrigger-crude-kauri).
17.8.2026 23:11:07 [Warning] Texture asset 'game:textures/block/wood/treetrunk/kauri.png' not found (defined in Item barkcanoe:outrigger-crude-kauri).
17.8.2026 23:11:07 [Warning] Texture asset 'game:textures/block/wood/bark/leadwood.png' not found (defined in Item barkcanoe:outrigger-crude-leadwood).
17.8.2026 23:11:07 [Warning] Texture asset 'game:textures/block/wood/treetrunk/leadwood.png' not found (defined in Item barkcanoe:outrigger-crude-leadwood).
17.8.2026 23:11:07 [Warning] Texture asset 'game:textures/block/wood/bark/linden.png' not found (defined in Item barkcanoe:outrigger-crude-linden).
17.8.2026 23:11:07 [Warning] Texture asset 'game:textures/block/wood/treetrunk/linden.png' not found (defined in Item barkcanoe:outrigger-crude-linden).
17.8.2026 23:11:07 [Warning] Texture asset 'game:textures/block/wood/bark/mahogany.png' not found (defined in Item barkcanoe:outrigger-crude-mahogany).
17.8.2026 23:11:07 [Warning] Texture asset 'game:textures/block/wood/treetrunk/mahogany.png' not found (defined in Item barkcanoe:outrigger-crude-mahogany).
17.8.2026 23:11:07 [Warning] Texture asset 'game:textures/block/wood/bark/mangrove.png' not found (defined in Item barkcanoe:outrigger-crude-mangrove).
17.8.2026 23:11:07 [Warning] Texture asset 'game:textures/block/wood/treetrunk/mangrove.png' not found (defined in Item barkcanoe:outrigger-crude-mangrove).
17.8.2026 23:11:07 [Warning] Texture asset 'game:textures/block/wood/bark/ohia.png' not found (defined in Item barkcanoe:outrigger-crude-ohia).
17.8.2026 23:11:07 [Warning] Texture asset 'game:textures/block/wood/treetrunk/ohia.png' not found (defined in Item barkcanoe:outrigger-crude-ohia).
17.8.2026 23:11:07 [Warning] Texture asset 'game:textures/block/wood/bark/poplar.png' not found (defined in Item barkcanoe:outrigger-crude-poplar).
17.8.2026 23:11:07 [Warning] Texture asset 'game:textures/block/wood/treetrunk/poplar.png' not found (defined in Item barkcanoe:outrigger-crude-poplar).
17.8.2026 23:11:07 [Warning] Texture asset 'game:textures/block/wood/bark/redcedar.png' not found (defined in Item barkcanoe:outrigger-crude-redcedar).
17.8.2026 23:11:07 [Warning] Texture asset 'game:textures/block/wood/treetrunk/redcedar.png' not found (defined in Item barkcanoe:outrigger-crude-redcedar).
17.8.2026 23:11:07 [Warning] Texture asset 'game:textures/block/wood/bark/sal.png' not found (defined in Item barkcanoe:outrigger-crude-sal).
17.8.2026 23:11:07 [Warning] Texture asset 'game:textures/block/wood/treetrunk/sal.png' not found (defined in Item barkcanoe:outrigger-crude-sal).
17.8.2026 23:11:07 [Warning] Texture asset 'game:textures/block/wood/bark/sapele.png' not found (defined in Item barkcanoe:outrigger-crude-sapele).
17.8.2026 23:11:07 [Warning] Texture asset 'game:textures/block/wood/treetrunk/sapele.png' not found (defined in Item barkcanoe:outrigger-crude-sapele).
17.8.2026 23:11:07 [Warning] Texture asset 'game:textures/block/wood/bark/satinash.png' not found (defined in Item barkcanoe:outrigger-crude-satinash).
17.8.2026 23:11:07 [Warning] Texture asset 'game:textures/block/wood/treetrunk/satinash.png' not found (defined in Item barkcanoe:outrigger-crude-satinash).
17.8.2026 23:11:07 [Warning] Texture asset 'game:textures/block/wood/bark/saxaul.png' not found (defined in Item barkcanoe:outrigger-crude-saxaul).
17.8.2026 23:11:07 [Warning] Texture asset 'game:textures/block/wood/treetrunk/saxaul.png' not found (defined in Item barkcanoe:outrigger-crude-saxaul).
17.8.2026 23:11:07 [Warning] Texture asset 'game:textures/block/wood/bark/spruce.png' not found (defined in Item barkcanoe:outrigger-crude-spruce).
17.8.2026 23:11:07 [Warning] Texture asset 'game:textures/block/wood/treetrunk/spruce.png' not found (defined in Item barkcanoe:outrigger-crude-spruce).
17.8.2026 23:11:07 [Warning] Texture asset 'game:textures/block/wood/bark/spurgetree.png' not found (defined in Item barkcanoe:outrigger-crude-spurgetree).
17.8.2026 23:11:07 [Warning] Texture asset 'game:textures/block/wood/treetrunk/spurgetree.png' not found (defined in Item barkcanoe:outrigger-crude-spurgetree).
17.8.2026 23:11:07 [Warning] Texture asset 'game:textures/block/wood/bark/sycamore.png' not found (defined in Item barkcanoe:outrigger-crude-sycamore).
17.8.2026 23:11:07 [Warning] Texture asset 'game:textures/block/wood/treetrunk/sycamore.png' not found (defined in Item barkcanoe:outrigger-crude-sycamore).
17.8.2026 23:11:07 [Warning] Texture asset 'game:textures/block/wood/bark/tamanu.png' not found (defined in Item barkcanoe:outrigger-crude-tamanu).
17.8.2026 23:11:07 [Warning] Texture asset 'game:textures/block/wood/treetrunk/tamanu.png' not found (defined in Item barkcanoe:outrigger-crude-tamanu).
17.8.2026 23:11:07 [Warning] Texture asset 'game:textures/block/wood/bark/tigerwood.png' not found (defined in Item barkcanoe:outrigger-crude-tigerwood).
17.8.2026 23:11:07 [Warning] Texture asset 'game:textures/block/wood/treetrunk/tigerwood.png' not found (defined in Item barkcanoe:outrigger-crude-tigerwood).
17.8.2026 23:11:07 [Warning] Texture asset 'game:textures/block/wood/bark/tuja.png' not found (defined in Item barkcanoe:outrigger-crude-tuja).
17.8.2026 23:11:07 [Warning] Texture asset 'game:textures/block/wood/treetrunk/tuja.png' not found (defined in Item barkcanoe:outrigger-crude-tuja).
17.8.2026 23:11:07 [Warning] Texture asset 'game:textures/block/wood/bark/umnini.png' not found (defined in Item barkcanoe:outrigger-crude-umnini).
17.8.2026 23:11:07 [Warning] Texture asset 'game:textures/block/wood/treetrunk/umnini.png' not found (defined in Item barkcanoe:outrigger-crude-umnini).
17.8.2026 23:11:07 [Warning] Texture asset 'game:textures/block/wood/bark/willow.png' not found (defined in Item barkcanoe:outrigger-crude-willow).
17.8.2026 23:11:07 [Warning] Texture asset 'game:textures/block/wood/treetrunk/willow.png' not found (defined in Item barkcanoe:outrigger-crude-willow).
17.8.2026 23:11:07 [Warning] Texture asset 'game:textures/block/wood/bark/yew.png' not found (defined in Item barkcanoe:outrigger-crude-yew).
17.8.2026 23:11:07 [Warning] Texture asset 'game:textures/block/wood/treetrunk/yew.png' not found (defined in Item barkcanoe:outrigger-crude-yew).
17.8.2026 23:11:07 [Warning] Texture asset 'game:textures/block/wood/bark/lightaged.png' not found (defined in Item barkcanoe:outrigger-crude-lightaged).
17.8.2026 23:11:07 [Warning] Texture asset 'game:textures/block/wood/treetrunk/lightaged.png' not found (defined in Item barkcanoe:outrigger-crude-lightaged).
17.8.2026 23:11:07 [Warning] Texture asset 'game:textures/block/wood/planks/darkaged1.png' not found (defined in Item cartwrightscaravan:cartcanopy-classic-darkaged).
17.8.2026 23:11:07 [Warning] Texture asset 'game:textures/block/wood/bark/lightaged-h.png' not found (defined in Item cartwrightscaravan:cart-cart-basiccart-classic-lightaged).
17.8.2026 23:11:07 [Notification] Collected 5236 shapes to tesselate.
17.8.2026 23:11:07 [Warning] Texture asset 'game:textures/block/metal/sheet/copper.png' not found (defined in Item ridertoolkittest:rider-toolkit-test).
17.8.2026 23:11:07 [Warning] Texture asset 'ridertoolkittest:textures/block/metal/sheet/copper.png' not found (defined in Shape file ridertoolkittest:item/calibrator).
17.8.2026 23:11:07 [Warning] Texture asset 'ridertoolkittest:textures/block/glass/plain.png' not found (defined in Shape file ridertoolkittest:item/calibrator).
17.8.2026 23:11:07 [Warning] Texture asset 'game:textures/block/wood/path/darkaged1.png' not found (defined in Item shipwright:boat-catboat-darkaged).
17.8.2026 23:11:07 [Warning] Texture asset 'game:textures/block/wood/path/darkaged2.png' not found (defined in Item shipwright:boat-catboat-darkaged).
17.8.2026 23:11:07 [Warning] Texture asset 'game:textures/block/wood/path/lightaged1.png' not found (defined in Item shipwright:boat-catboat-lightaged).
17.8.2026 23:11:07 [Warning] Texture asset 'game:textures/block/wood/path/lightaged2.png' not found (defined in Item shipwright:boat-catboat-lightaged).
17.8.2026 23:11:07 [Warning] Texture asset 'shipwright:textures/block/zigzagbeams/darkaged.png' not found (defined in Item shipwright:boat-drakkar-darkaged).
17.8.2026 23:11:07 [Warning] Texture asset 'shipwright:textures/block/zigzagbeams/lightaged.png' not found (defined in Item shipwright:boat-drakkar-lightaged).
17.8.2026 23:11:07 [Warning] Texture asset 'game:textures/block/wood/treasurechest/golden/top.png' not found (defined in Shape file game:block/wood/chest/golden).
17.8.2026 23:11:07 [Warning] Texture asset 'game:textures/block/wood/treasurechest/golden/sides2.png' not found (defined in Shape file game:block/wood/chest/golden).
17.8.2026 23:11:07 [Warning] Texture asset 'game:textures/block/wood/treasurechest/golden/sides1.png' not found (defined in Shape file game:block/wood/chest/golden).
17.8.2026 23:11:07 [Warning] Texture asset 'game:textures/block/wood/treasurechest/golden/inside.png' not found (defined in Shape file game:block/wood/chest/golden).
17.8.2026 23:11:07 [Warning] Texture asset 'game:textures/block/wood/treasurechest/owl/top.png' not found (defined in Shape file game:block/wood/chest/owl).
17.8.2026 23:11:07 [Warning] Texture asset 'game:textures/block/wood/treasurechest/owl/sides2.png' not found (defined in Shape file game:block/wood/chest/owl).
17.8.2026 23:11:07 [Warning] Texture asset 'game:textures/block/wood/treasurechest/owl/sides1.png' not found (defined in Shape file game:block/wood/chest/owl).
17.8.2026 23:11:07 [Warning] Texture asset 'game:textures/block/wood/treasurechest/owl/inside.png' not found (defined in Shape file game:block/wood/chest/owl).
17.8.2026 23:11:07 [Warning] Texture asset 'bdherb:textures/items/skunkcabbage_leaves.png' not found (defined in Item bdherb:skunkcabbage-leaves).
17.8.2026 23:11:07 [Warning] Texture asset 'game:textures/block/plant/potted/pinklilyofthevalley.png' not found (defined in Item carryon:flower-pinklilyofthevalley-free).
17.8.2026 23:11:07 [Warning] Texture asset 'game:textures/block/plant/potted/purplelilyofthevalley.png' not found (defined in Item carryon:flower-purplelilyofthevalley-free).
17.8.2026 23:11:07 [Warning] Texture asset 'game:textures/block/plant/mushroom/flyagaric/stipe.png' not found (defined in Item expandedfoods:choppedmushroom-flyagaric).
17.8.2026 23:11:07 [Warning] Texture asset 'game:textures/block/plant/mushroom/flyagaric/pores.png' not found (defined in Item expandedfoods:choppedmushroom-flyagaric).
17.8.2026 23:11:07 [Warning] Texture asset 'game:textures/block/plant/mushroom/flyagaric/cap.png' not found (defined in Item expandedfoods:choppedmushroom-flyagaric).
17.8.2026 23:11:07 [Warning] Texture asset 'game:textures/block/plant/mushroom/fieldmushroom/cap.png' not found (defined in Item expandedfoods:choppedmushroom-fieldmushroom).
17.8.2026 23:11:07 [Warning] Texture asset 'game:textures/block/plant/mushroom/fieldmushroom/stipe.png' not found (defined in Item expandedfoods:choppedmushroom-fieldmushroom).
17.8.2026 23:11:07 [Warning] Texture asset 'game:textures/block/plant/mushroom/fieldmushroom/pores.png' not found (defined in Item expandedfoods:choppedmushroom-fieldmushroom).
17.8.2026 23:11:07 [Warning] Texture asset 'game:textures/block/plant/mushroom/almondmushroom/almondmushroom.png' not found (defined in Item expandedfoods:choppedmushroom-almondmushroom).
17.8.2026 23:11:07 [Warning] Texture asset 'game:textures/block/plant/mushroom/bitterbolete/bitterbolete.png' not found (defined in Item expandedfoods:choppedmushroom-bitterbolete).
17.8.2026 23:11:07 [Warning] Texture asset 'game:textures/block/plant/mushroom/blacktrumpet/blacktrumpet.png' not found (defined in Item expandedfoods:choppedmushroom-blacktrumpet).
17.8.2026 23:11:07 [Warning] Texture asset 'game:textures/block/plant/mushroom/chanterelle/chanterelle.png' not found (defined in Item expandedfoods:choppedmushroom-chanterelle).
17.8.2026 23:11:07 [Warning] Texture asset 'game:textures/block/plant/mushroom/commonmorel/commonmorel.png' not found (defined in Item expandedfoods:choppedmushroom-commonmorel).
17.8.2026 23:11:07 [Warning] Texture asset 'game:textures/block/plant/mushroom/deathcap/deathcap.png' not found (defined in Item expandedfoods:choppedmushroom-deathcap).
17.8.2026 23:11:07 [Warning] Texture asset 'game:textures/block/plant/mushroom/devilstooth/devilstooth.png' not found (defined in Item expandedfoods:choppedmushroom-devilstooth).
17.8.2026 23:11:07 [Warning] Texture asset 'game:textures/block/plant/mushroom/devilbolete/devilbolete.png' not found (defined in Item expandedfoods:choppedmushroom-devilbolete).
17.8.2026 23:11:07 [Warning] Texture asset 'game:textures/block/plant/mushroom/earthball/earthball.png' not found (defined in Item expandedfoods:choppedmushroom-earthball).
17.8.2026 23:11:07 [Warning] Texture asset 'game:textures/block/plant/mushroom/elfinsaddle/elfinsaddle.png' not found (defined in Item expandedfoods:choppedmushroom-elfinsaddle).
17.8.2026 23:11:07 [Warning] Texture asset 'game:textures/block/plant/mushroom/golddropmilkcap/golddropmilkcap.png' not found (defined in Item expandedfoods:choppedmushroom-golddropmilkcap).
17.8.2026 23:11:07 [Warning] Texture asset 'game:textures/block/plant/mushroom/greencrackedrussula/greencrackedrussula.png' not found (defined in Item expandedfoods:choppedmushroom-greencrackedrussula).
17.8.2026 23:11:07 [Warning] Texture asset 'game:textures/block/plant/mushroom/indigomilkcap/indigomilkcap.png' not found (defined in Item expandedfoods:choppedmushroom-indigomilkcap).
17.8.2026 23:11:07 [Warning] Texture asset 'game:textures/block/plant/mushroom/jackolantern/jackolantern.png' not found (defined in Item expandedfoods:choppedmushroom-jackolantern).
17.8.2026 23:11:07 [Warning] Texture asset 'game:textures/block/plant/mushroom/kingbolete/kingbolete.png' not found (defined in Item expandedfoods:choppedmushroom-kingbolete).
17.8.2026 23:11:07 [Warning] Texture asset 'game:textures/block/plant/mushroom/lobster/lobster.png' not found (defined in Item expandedfoods:choppedmushroom-lobster).
17.8.2026 23:11:07 [Warning] Texture asset 'game:textures/block/plant/mushroom/orangeoakbolete/orangeoakbolete.png' not found (defined in Item expandedfoods:choppedmushroom-orangeoakbolete).
17.8.2026 23:11:07 [Warning] Texture asset 'game:textures/block/plant/mushroom/paddystraw/paddystraw.png' not found (defined in Item expandedfoods:choppedmushroom-paddystraw).
17.8.2026 23:11:07 [Warning] Texture asset 'game:textures/block/plant/mushroom/puffball/puffball.png' not found (defined in Item expandedfoods:choppedmushroom-puffball).
17.8.2026 23:11:07 [Warning] Texture asset 'game:textures/block/plant/mushroom/redwinecap/redwinecap.png' not found (defined in Item expandedfoods:choppedmushroom-redwinecap).
17.8.2026 23:11:07 [Warning] Texture asset 'game:textures/block/plant/mushroom/saffronmilkcap/saffronmilkcap.png' not found (defined in Item expandedfoods:choppedmushroom-saffronmilkcap).
17.8.2026 23:11:07 [Warning] Texture asset 'game:textures/block/plant/mushroom/violetwebcap/violetwebcap.png' not found (defined in Item expandedfoods:choppedmushroom-violetwebcap).
17.8.2026 23:11:07 [Warning] Texture asset 'game:textures/block/plant/mushroom/witchhat/witchhat.png' not found (defined in Item expandedfoods:choppedmushroom-witchhat).
17.8.2026 23:11:07 [Warning] Texture asset 'game:textures/block/plant/mushroom/beardedtooth/beardedtooth.png' not found (defined in Item expandedfoods:choppedmushroom-beardedtooth).
17.8.2026 23:11:07 [Warning] Texture asset 'game:textures/block/plant/mushroom/chickenofthewoods/chickenofthewoods.png' not found (defined in Item expandedfoods:choppedmushroom-chickenofthewoods).
17.8.2026 23:11:07 [Warning] Texture asset 'game:textures/block/plant/mushroom/dryadsaddle/dryadsaddle.png' not found (defined in Item expandedfoods:choppedmushroom-dryadsaddle).
17.8.2026 23:11:07 [Warning] Texture asset 'game:textures/block/plant/mushroom/pinkoyster/pinkoyster.png' not found (defined in Item expandedfoods:choppedmushroom-pinkoyster).
17.8.2026 23:11:07 [Warning] Texture asset 'game:textures/block/plant/mushroom/tinderhoof/tinderhoof.png' not found (defined in Item expandedfoods:choppedmushroom-tinderhoof).
17.8.2026 23:11:07 [Warning] Texture asset 'game:textures/block/plant/mushroom/whiteoyster/whiteoyster.png' not found (defined in Item expandedfoods:choppedmushroom-whiteoyster).
17.8.2026 23:11:07 [Warning] Texture asset 'game:textures/block/plant/mushroom/sagemushroom/sagemushroom.png' not found (defined in Item expandedfoods:choppedmushroom-reishi).
17.8.2026 23:11:07 [Warning] Texture asset 'game:textures/block/plant/mushroom/funeralbell/funeralbell.png' not found (defined in Item expandedfoods:choppedmushroom-funeralbell).
17.8.2026 23:11:07 [Warning] Texture asset 'game:textures/block/plant/mushroom/deerear/deerear.png' not found (defined in Item expandedfoods:choppedmushroom-deerear).
17.8.2026 23:11:07 [Warning] Texture asset 'game:textures/block/plant/mushroom/livermushroom/livermushroom.png' not found (defined in Item expandedfoods:choppedmushroom-livermushroom).
17.8.2026 23:11:07 [Warning] Texture asset 'game:textures/block/plant/mushroom/pinkbonnet/pinkbonnet.png' not found (defined in Item expandedfoods:choppedmushroom-pinkbonnet).
17.8.2026 23:11:07 [Warning] Texture asset 'game:textures/block/plant/mushroom/blackmushroom/blackmushroom.png' not found (defined in Item expandedfoods:choppedmushroom-shiitake).
17.8.2026 23:11:07 [Warning] Texture asset 'expandedfoods:textures/item/food/mushroom/partbaked/bluemeanie.png' not found (defined in Item expandedfoods:cookedchoppedmushroom-bluemeanie-partbaked).
17.8.2026 23:11:07 [Warning] Texture asset 'expandedfoods:textures/item/food/mushroom/partbaked/foolsconecap.png' not found (defined in Item expandedfoods:cookedchoppedmushroom-foolsconecap-partbaked).
17.8.2026 23:11:07 [Warning] Texture asset 'expandedfoods:textures/item/food/mushroom/partbaked/goldcap.png' not found (defined in Item expandedfoods:cookedchoppedmushroom-goldcap-partbaked).
17.8.2026 23:11:07 [Warning] Texture asset 'expandedfoods:textures/item/food/mushroom/partbaked/honeymushroom.png' not found (defined in Item expandedfoods:cookedchoppedmushroom-honeymushroom-partbaked).
17.8.2026 23:11:07 [Warning] Texture asset 'expandedfoods:textures/item/food/mushroom/partbaked/laughingjim.png' not found (defined in Item expandedfoods:cookedchoppedmushroom-laughingjim-partbaked).
17.8.2026 23:11:07 [Warning] Texture asset 'expandedfoods:textures/item/food/mushroom/partbaked/libertycap.png' not found (defined in Item expandedfoods:cookedchoppedmushroom-libertycap-partbaked).
17.8.2026 23:11:07 [Warning] Texture asset 'expandedfoods:textures/item/food/mushroom/partbaked/sickener.png' not found (defined in Item expandedfoods:cookedchoppedmushroom-sickener-partbaked).
17.8.2026 23:11:07 [Warning] Texture asset 'expandedfoods:textures/item/food/mushroom/partbaked/wavycap.png' not found (defined in Item expandedfoods:cookedchoppedmushroom-wavycap-partbaked).
17.8.2026 23:11:07 [Warning] Texture asset 'expandedfoods:textures/item/food/mushroom/perfect/bluemeanie.png' not found (defined in Item expandedfoods:cookedchoppedmushroom-bluemeanie-perfect).
17.8.2026 23:11:07 [Warning] Texture asset 'expandedfoods:textures/item/food/mushroom/perfect/foolsconecap.png' not found (defined in Item expandedfoods:cookedchoppedmushroom-foolsconecap-perfect).
17.8.2026 23:11:07 [Warning] Texture asset 'expandedfoods:textures/item/food/mushroom/perfect/goldcap.png' not found (defined in Item expandedfoods:cookedchoppedmushroom-goldcap-perfect).
17.8.2026 23:11:07 [Warning] Texture asset 'expandedfoods:textures/item/food/mushroom/perfect/honeymushroom.png' not found (defined in Item expandedfoods:cookedchoppedmushroom-honeymushroom-perfect).
17.8.2026 23:11:07 [Warning] Texture asset 'expandedfoods:textures/item/food/mushroom/perfect/laughingjim.png' not found (defined in Item expandedfoods:cookedchoppedmushroom-laughingjim-perfect).
17.8.2026 23:11:07 [Warning] Texture asset 'expandedfoods:textures/item/food/mushroom/perfect/libertycap.png' not found (defined in Item expandedfoods:cookedchoppedmushroom-libertycap-perfect).
17.8.2026 23:11:07 [Warning] Texture asset 'expandedfoods:textures/item/food/mushroom/perfect/sickener.png' not found (defined in Item expandedfoods:cookedchoppedmushroom-sickener-perfect).
17.8.2026 23:11:07 [Warning] Texture asset 'expandedfoods:textures/item/food/mushroom/perfect/wavycap.png' not found (defined in Item expandedfoods:cookedchoppedmushroom-wavycap-perfect).
17.8.2026 23:11:07 [Warning] Texture asset 'expandedfoods:textures/item/food/mushroom/charred/bluemeanie.png' not found (defined in Item expandedfoods:cookedchoppedmushroom-bluemeanie-charred).
17.8.2026 23:11:07 [Warning] Texture asset 'expandedfoods:textures/item/food/mushroom/charred/foolsconecap.png' not found (defined in Item expandedfoods:cookedchoppedmushroom-foolsconecap-charred).
17.8.2026 23:11:07 [Warning] Texture asset 'expandedfoods:textures/item/food/mushroom/charred/goldcap.png' not found (defined in Item expandedfoods:cookedchoppedmushroom-goldcap-charred).
17.8.2026 23:11:07 [Warning] Texture asset 'expandedfoods:textures/item/food/mushroom/charred/honeymushroom.png' not found (defined in Item expandedfoods:cookedchoppedmushroom-honeymushroom-charred).
17.8.2026 23:11:07 [Warning] Texture asset 'expandedfoods:textures/item/food/mushroom/charred/laughingjim.png' not found (defined in Item expandedfoods:cookedchoppedmushroom-laughingjim-charred).
17.8.2026 23:11:07 [Warning] Texture asset 'expandedfoods:textures/item/food/mushroom/charred/libertycap.png' not found (defined in Item expandedfoods:cookedchoppedmushroom-libertycap-charred).
17.8.2026 23:11:07 [Warning] Texture asset 'expandedfoods:textures/item/food/mushroom/charred/sickener.png' not found (defined in Item expandedfoods:cookedchoppedmushroom-sickener-charred).
17.8.2026 23:11:07 [Warning] Texture asset 'expandedfoods:textures/item/food/mushroom/charred/wavycap.png' not found (defined in Item expandedfoods:cookedchoppedmushroom-wavycap-charred).
17.8.2026 23:11:07 [Warning] Texture asset 'expandedfoods:textures/item/food/peanut/sweetened.png' not found (defined in Item expandedfoods:nutliquid-sunflower-sweetened).
17.8.2026 23:11:08 [Warning] Texture asset 'heraldrybanners:textures/block/cloth/linen/blue.png' not found (defined in Item heraldrybanners:banner).
17.8.2026 23:11:08 [Warning] Texture asset 'capes:textures/block/cloth/linen/blue.png' not found (defined in Item capes:cape).
17.8.2026 23:11:08 [Notification] Composed 2 4096x4096 items texture atlases from 6122 textures
17.8.2026 23:11:08 [Error] Missing mapping for texture code #null during shape tesselation of item medieval:clothes-emblem-red-fur-coat using shape medieval:entity/humanoid/seraph/newclothing/emblem/redcomplete
17.8.2026 23:11:08 [Error] Missing mapping for texture code #null during shape tesselation of item medieval:clothes-emblem-red-fur-coat using shape medieval:entity/humanoid/seraph/newclothing/emblem/redcomplete
17.8.2026 23:11:08 [Error] Missing mapping for texture code #null during shape tesselation of item medieval:clothes-emblem-red-fur-coat using shape medieval:entity/humanoid/seraph/newclothing/emblem/redcomplete
17.8.2026 23:11:08 [Error] Missing mapping for texture code #null during shape tesselation of item medieval:clothes-emblem-red-fur-coat using shape medieval:entity/humanoid/seraph/newclothing/emblem/redcomplete
17.8.2026 23:11:08 [Error] Missing mapping for texture code #null during shape tesselation of item medieval:clothes-emblem-red-fur-coat using shape medieval:entity/humanoid/seraph/newclothing/emblem/redcomplete
17.8.2026 23:11:08 [Error] Missing mapping for texture code #null during shape tesselation of item medieval:clothes-emblem-red-fur-coat using shape medieval:entity/humanoid/seraph/newclothing/emblem/redcomplete
17.8.2026 23:11:09 [Warning] Block bdflower:flower-rose-red-free defines a wildcard texture bdflower:block/plant/flower/petal/rose* (or one of its alternates), key north1, but no matching texture found
17.8.2026 23:11:09 [Warning] Block bdflower:flower-rose-red-free defines a wildcard texture bdflower:block/plant/flower/petal/rose* (or one of its alternates), key south1, but no matching texture found
17.8.2026 23:11:09 [Warning] Block bdflower:flower-rose-red-free defines a wildcard texture bdflower:block/plant/flower/stem/rose* (or one of its alternates), key northTinted1, but no matching texture found
17.8.2026 23:11:09 [Warning] Block bdflower:flower-rose-red-free defines a wildcard texture bdflower:block/plant/flower/stem/rose* (or one of its alternates), key southTinted1, but no matching texture found
17.8.2026 23:11:09 [Warning] Block bdflower:flower-rose-red-free defines a wildcard texture bdflower:block/plant/flower/petal/rose* (or one of its alternates), key north2, but no matching texture found
17.8.2026 23:11:09 [Warning] Block bdflower:flower-rose-red-free defines a wildcard texture bdflower:block/plant/flower/petal/rose* (or one of its alternates), key south2, but no matching texture found
17.8.2026 23:11:09 [Warning] Block bdflower:flower-rose-red-free defines a wildcard texture bdflower:block/plant/flower/stem/rose* (or one of its alternates), key northTinted2, but no matching texture found
17.8.2026 23:11:09 [Warning] Block bdflower:flower-rose-red-free defines a wildcard texture bdflower:block/plant/flower/stem/rose* (or one of its alternates), key southTinted2, but no matching texture found
17.8.2026 23:11:09 [Warning] Block bdflower:flower-rose-red-free defines a wildcard texture bdflower:block/plant/flower/petal/rose* (or one of its alternates), key north3, but no matching texture found
17.8.2026 23:11:09 [Warning] Block bdflower:flower-rose-red-free defines a wildcard texture bdflower:block/plant/flower/petal/rose* (or one of its alternates), key south3, but no matching texture found
17.8.2026 23:11:09 [Warning] Block bdflower:flower-rose-red-free defines a wildcard texture bdflower:block/plant/flower/stem/rose* (or one of its alternates), key northTinted3, but no matching texture found
17.8.2026 23:11:09 [Warning] Block bdflower:flower-rose-red-free defines a wildcard texture bdflower:block/plant/flower/stem/rose* (or one of its alternates), key southTinted3, but no matching texture found
17.8.2026 23:11:09 [Warning] Block bdflower:flower-rose-red-free defines a wildcard texture bdflower:block/plant/flower/petal/rose* (or one of its alternates), key flower2, but no matching texture found
17.8.2026 23:11:09 [Warning] Block bdflower:flower-rose-red-free defines a wildcard texture bdflower:block/plant/flower/stem/rose* (or one of its alternates), key flower2Tinted, but no matching texture found
17.8.2026 23:11:09 [Warning] Block bdflower:flower-rose-white-free defines a wildcard texture bdflower:block/plant/flower/petal/rose* (or one of its alternates), key north1, but no matching texture found
17.8.2026 23:11:09 [Warning] Block bdflower:flower-rose-white-free defines a wildcard texture bdflower:block/plant/flower/petal/rose* (or one of its alternates), key south1, but no matching texture found
17.8.2026 23:11:09 [Warning] Block bdflower:flower-rose-white-free defines a wildcard texture bdflower:block/plant/flower/stem/rose* (or one of its alternates), key northTinted1, but no matching texture found
17.8.2026 23:11:09 [Warning] Block bdflower:flower-rose-white-free defines a wildcard texture bdflower:block/plant/flower/stem/rose* (or one of its alternates), key southTinted1, but no matching texture found
17.8.2026 23:11:09 [Warning] Block bdflower:flower-rose-white-free defines a wildcard texture bdflower:block/plant/flower/petal/rose* (or one of its alternates), key north2, but no matching texture found
17.8.2026 23:11:09 [Warning] Block bdflower:flower-rose-white-free defines a wildcard texture bdflower:block/plant/flower/petal/rose* (or one of its alternates), key south2, but no matching texture found
17.8.2026 23:11:09 [Warning] Block bdflower:flower-rose-white-free defines a wildcard texture bdflower:block/plant/flower/stem/rose* (or one of its alternates), key northTinted2, but no matching texture found
17.8.2026 23:11:09 [Warning] Block bdflower:flower-rose-white-free defines a wildcard texture bdflower:block/plant/flower/stem/rose* (or one of its alternates), key southTinted2, but no matching texture found
17.8.2026 23:11:09 [Warning] Block bdflower:flower-rose-white-free defines a wildcard texture bdflower:block/plant/flower/petal/rose* (or one of its alternates), key north3, but no matching texture found
17.8.2026 23:11:09 [Warning] Block bdflower:flower-rose-white-free defines a wildcard texture bdflower:block/plant/flower/petal/rose* (or one of its alternates), key south3, but no matching texture found
17.8.2026 23:11:09 [Warning] Block bdflower:flower-rose-white-free defines a wildcard texture bdflower:block/plant/flower/stem/rose* (or one of its alternates), key northTinted3, but no matching texture found
17.8.2026 23:11:09 [Warning] Block bdflower:flower-rose-white-free defines a wildcard texture bdflower:block/plant/flower/stem/rose* (or one of its alternates), key southTinted3, but no matching texture found
17.8.2026 23:11:09 [Warning] Block bdflower:flower-rose-white-free defines a wildcard texture bdflower:block/plant/flower/petal/rose* (or one of its alternates), key flower2, but no matching texture found
17.8.2026 23:11:09 [Warning] Block bdflower:flower-rose-white-free defines a wildcard texture bdflower:block/plant/flower/stem/rose* (or one of its alternates), key flower2Tinted, but no matching texture found
17.8.2026 23:11:09 [Warning] Block bdflower:flower-rose-pink-free defines a wildcard texture bdflower:block/plant/flower/petal/rose* (or one of its alternates), key north1, but no matching texture found
17.8.2026 23:11:09 [Warning] Block bdflower:flower-rose-pink-free defines a wildcard texture bdflower:block/plant/flower/petal/rose* (or one of its alternates), key south1, but no matching texture found
17.8.2026 23:11:09 [Warning] Block bdflower:flower-rose-pink-free defines a wildcard texture bdflower:block/plant/flower/stem/rose* (or one of its alternates), key northTinted1, but no matching texture found
17.8.2026 23:11:09 [Warning] Block bdflower:flower-rose-pink-free defines a wildcard texture bdflower:block/plant/flower/stem/rose* (or one of its alternates), key southTinted1, but no matching texture found
17.8.2026 23:11:09 [Warning] Block bdflower:flower-rose-pink-free defines a wildcard texture bdflower:block/plant/flower/petal/rose* (or one of its alternates), key north2, but no matching texture found
17.8.2026 23:11:09 [Warning] Block bdflower:flower-rose-pink-free defines a wildcard texture bdflower:block/plant/flower/petal/rose* (or one of its alternates), key south2, but no matching texture found
17.8.2026 23:11:09 [Warning] Block bdflower:flower-rose-pink-free defines a wildcard texture bdflower:block/plant/flower/stem/rose* (or one of its alternates), key northTinted2, but no matching texture found
17.8.2026 23:11:09 [Warning] Block bdflower:flower-rose-pink-free defines a wildcard texture bdflower:block/plant/flower/stem/rose* (or one of its alternates), key southTinted2, but no matching texture found
17.8.2026 23:11:09 [Warning] Block bdflower:flower-rose-pink-free defines a wildcard texture bdflower:block/plant/flower/petal/rose* (or one of its alternates), key north3, but no matching texture found
17.8.2026 23:11:09 [Warning] Block bdflower:flower-rose-pink-free defines a wildcard texture bdflower:block/plant/flower/petal/rose* (or one of its alternates), key south3, but no matching texture found
17.8.2026 23:11:09 [Warning] Block bdflower:flower-rose-pink-free defines a wildcard texture bdflower:block/plant/flower/stem/rose* (or one of its alternates), key northTinted3, but no matching texture found
17.8.2026 23:11:09 [Warning] Block bdflower:flower-rose-pink-free defines a wildcard texture bdflower:block/plant/flower/stem/rose* (or one of its alternates), key southTinted3, but no matching texture found
17.8.2026 23:11:09 [Warning] Block bdflower:flower-rose-pink-free defines a wildcard texture bdflower:block/plant/flower/petal/rose* (or one of its alternates), key flower2, but no matching texture found
17.8.2026 23:11:09 [Warning] Block bdflower:flower-rose-pink-free defines a wildcard texture bdflower:block/plant/flower/stem/rose* (or one of its alternates), key flower2Tinted, but no matching texture found
17.8.2026 23:11:09 [Warning] Block bdflower:flower-rose-red-snow defines a wildcard texture bdflower:block/plant/flower/petal/rose* (or one of its alternates), key north1, but no matching texture found
17.8.2026 23:11:09 [Warning] Block bdflower:flower-rose-red-snow defines a wildcard texture bdflower:block/plant/flower/petal/rose* (or one of its alternates), key south1, but no matching texture found
17.8.2026 23:11:09 [Warning] Block bdflower:flower-rose-red-snow defines a wildcard texture bdflower:block/plant/flower/stem/rose* (or one of its alternates), key northTinted1, but no matching texture found
17.8.2026 23:11:09 [Warning] Block bdflower:flower-rose-red-snow defines a wildcard texture bdflower:block/plant/flower/stem/rose* (or one of its alternates), key southTinted1, but no matching texture found
17.8.2026 23:11:09 [Warning] Block bdflower:flower-rose-red-snow defines a wildcard texture bdflower:block/plant/flower/petal/rose* (or one of its alternates), key north2, but no matching texture found
17.8.2026 23:11:09 [Warning] Block bdflower:flower-rose-red-snow defines a wildcard texture bdflower:block/plant/flower/petal/rose* (or one of its alternates), key south2, but no matching texture found
17.8.2026 23:11:09 [Warning] Block bdflower:flower-rose-red-snow defines a wildcard texture bdflower:block/plant/flower/stem/rose* (or one of its alternates), key northTinted2, but no matching texture found
17.8.2026 23:11:09 [Warning] Block bdflower:flower-rose-red-snow defines a wildcard texture bdflower:block/plant/flower/stem/rose* (or one of its alternates), key southTinted2, but no matching texture found
17.8.2026 23:11:09 [Warning] Block bdflower:flower-rose-red-snow defines a wildcard texture bdflower:block/plant/flower/petal/rose* (or one of its alternates), key north3, but no matching texture found
17.8.2026 23:11:09 [Warning] Block bdflower:flower-rose-red-snow defines a wildcard texture bdflower:block/plant/flower/petal/rose* (or one of its alternates), key south3, but no matching texture found
17.8.2026 23:11:09 [Warning] Block bdflower:flower-rose-red-snow defines a wildcard texture bdflower:block/plant/flower/stem/rose* (or one of its alternates), key northTinted3, but no matching texture found
17.8.2026 23:11:09 [Warning] Block bdflower:flower-rose-red-snow defines a wildcard texture bdflower:block/plant/flower/stem/rose* (or one of its alternates), key southTinted3, but no matching texture found
17.8.2026 23:11:09 [Warning] Block bdflower:flower-rose-red-snow defines a wildcard texture bdflower:block/plant/flower/petal/rose* (or one of its alternates), key flower2, but no matching texture found
17.8.2026 23:11:09 [Warning] Block bdflower:flower-rose-red-snow defines a wildcard texture bdflower:block/plant/flower/stem/rose* (or one of its alternates), key flower2Tinted, but no matching texture found
17.8.2026 23:11:09 [Warning] Block bdflower:flower-rose-white-snow defines a wildcard texture bdflower:block/plant/flower/petal/rose* (or one of its alternates), key north1, but no matching texture found
17.8.2026 23:11:09 [Warning] Block bdflower:flower-rose-white-snow defines a wildcard texture bdflower:block/plant/flower/petal/rose* (or one of its alternates), key south1, but no matching texture found
17.8.2026 23:11:09 [Warning] Block bdflower:flower-rose-white-snow defines a wildcard texture bdflower:block/plant/flower/stem/rose* (or one of its alternates), key northTinted1, but no matching texture found
17.8.2026 23:11:09 [Warning] Block bdflower:flower-rose-white-snow defines a wildcard texture bdflower:block/plant/flower/stem/rose* (or one of its alternates), key southTinted1, but no matching texture found
17.8.2026 23:11:09 [Warning] Block bdflower:flower-rose-white-snow defines a wildcard texture bdflower:block/plant/flower/petal/rose* (or one of its alternates), key north2, but no matching texture found
17.8.2026 23:11:09 [Warning] Block bdflower:flower-rose-white-snow defines a wildcard texture bdflower:block/plant/flower/petal/rose* (or one of its alternates), key south2, but no matching texture found
17.8.2026 23:11:09 [Warning] Block bdflower:flower-rose-white-snow defines a wildcard texture bdflower:block/plant/flower/stem/rose* (or one of its alternates), key northTinted2, but no matching texture found
17.8.2026 23:11:09 [Warning] Block bdflower:flower-rose-white-snow defines a wildcard texture bdflower:block/plant/flower/stem/rose* (or one of its alternates), key southTinted2, but no matching texture found
17.8.2026 23:11:09 [Warning] Block bdflower:flower-rose-white-snow defines a wildcard texture bdflower:block/plant/flower/petal/rose* (or one of its alternates), key north3, but no matching texture found
17.8.2026 23:11:09 [Warning] Block bdflower:flower-rose-white-snow defines a wildcard texture bdflower:block/plant/flower/petal/rose* (or one of its alternates), key south3, but no matching texture found
17.8.2026 23:11:09 [Warning] Block bdflower:flower-rose-white-snow defines a wildcard texture bdflower:block/plant/flower/stem/rose* (or one of its alternates), key northTinted3, but no matching texture found
17.8.2026 23:11:09 [Warning] Block bdflower:flower-rose-white-snow defines a wildcard texture bdflower:block/plant/flower/stem/rose* (or one of its alternates), key southTinted3, but no matching texture found
17.8.2026 23:11:09 [Warning] Block bdflower:flower-rose-white-snow defines a wildcard texture bdflower:block/plant/flower/petal/rose* (or one of its alternates), key flower2, but no matching texture found
17.8.2026 23:11:09 [Warning] Block bdflower:flower-rose-white-snow defines a wildcard texture bdflower:block/plant/flower/stem/rose* (or one of its alternates), key flower2Tinted, but no matching texture found
17.8.2026 23:11:09 [Warning] Block bdflower:flower-rose-pink-snow defines a wildcard texture bdflower:block/plant/flower/petal/rose* (or one of its alternates), key north1, but no matching texture found
17.8.2026 23:11:09 [Warning] Block bdflower:flower-rose-pink-snow defines a wildcard texture bdflower:block/plant/flower/petal/rose* (or one of its alternates), key south1, but no matching texture found
17.8.2026 23:11:09 [Warning] Block bdflower:flower-rose-pink-snow defines a wildcard texture bdflower:block/plant/flower/stem/rose* (or one of its alternates), key northTinted1, but no matching texture found
17.8.2026 23:11:09 [Warning] Block bdflower:flower-rose-pink-snow defines a wildcard texture bdflower:block/plant/flower/stem/rose* (or one of its alternates), key southTinted1, but no matching texture found
17.8.2026 23:11:09 [Warning] Block bdflower:flower-rose-pink-snow defines a wildcard texture bdflower:block/plant/flower/petal/rose* (or one of its alternates), key north2, but no matching texture found
17.8.2026 23:11:09 [Warning] Block bdflower:flower-rose-pink-snow defines a wildcard texture bdflower:block/plant/flower/petal/rose* (or one of its alternates), key south2, but no matching texture found
17.8.2026 23:11:09 [Warning] Block bdflower:flower-rose-pink-snow defines a wildcard texture bdflower:block/plant/flower/stem/rose* (or one of its alternates), key northTinted2, but no matching texture found
17.8.2026 23:11:09 [Warning] Block bdflower:flower-rose-pink-snow defines a wildcard texture bdflower:block/plant/flower/stem/rose* (or one of its alternates), key southTinted2, but no matching texture found
17.8.2026 23:11:09 [Warning] Block bdflower:flower-rose-pink-snow defines a wildcard texture bdflower:block/plant/flower/petal/rose* (or one of its alternates), key north3, but no matching texture found
17.8.2026 23:11:09 [Warning] Block bdflower:flower-rose-pink-snow defines a wildcard texture bdflower:block/plant/flower/petal/rose* (or one of its alternates), key south3, but no matching texture found
17.8.2026 23:11:09 [Warning] Block bdflower:flower-rose-pink-snow defines a wildcard texture bdflower:block/plant/flower/stem/rose* (or one of its alternates), key northTinted3, but no matching texture found
17.8.2026 23:11:09 [Warning] Block bdflower:flower-rose-pink-snow defines a wildcard texture bdflower:block/plant/flower/stem/rose* (or one of its alternates), key southTinted3, but no matching texture found
17.8.2026 23:11:09 [Warning] Block bdflower:flower-rose-pink-snow defines a wildcard texture bdflower:block/plant/flower/petal/rose* (or one of its alternates), key flower2, but no matching texture found
17.8.2026 23:11:09 [Warning] Block bdflower:flower-rose-pink-snow defines a wildcard texture bdflower:block/plant/flower/stem/rose* (or one of its alternates), key flower2Tinted, but no matching texture found
17.8.2026 23:11:09 [Warning] Block bdflower:flower-purplebell-free defines a wildcard texture bdflower:block/plant/flower/petal/purplebell* (or one of its alternates), key north1, but no matching texture found
17.8.2026 23:11:09 [Warning] Block bdflower:flower-purplebell-free defines a wildcard texture bdflower:block/plant/flower/petal/purplebell* (or one of its alternates), key south1, but no matching texture found
17.8.2026 23:11:09 [Warning] Block bdflower:flower-purplebell-free defines a wildcard texture bdflower:block/plant/flower/stem/purplebell* (or one of its alternates), key northTinted1, but no matching texture found
17.8.2026 23:11:09 [Warning] Block bdflower:flower-purplebell-free defines a wildcard texture bdflower:block/plant/flower/stem/purplebell* (or one of its alternates), key southTinted1, but no matching texture found
17.8.2026 23:11:09 [Warning] Block bdflower:flower-purplebell-free defines a wildcard texture bdflower:block/plant/flower/petal/purplebell* (or one of its alternates), key north2, but no matching texture found
17.8.2026 23:11:09 [Warning] Block bdflower:flower-purplebell-free defines a wildcard texture bdflower:block/plant/flower/petal/purplebell* (or one of its alternates), key south2, but no matching texture found
17.8.2026 23:11:09 [Warning] Block bdflower:flower-purplebell-free defines a wildcard texture bdflower:block/plant/flower/stem/purplebell* (or one of its alternates), key northTinted2, but no matching texture found
17.8.2026 23:11:09 [Warning] Block bdflower:flower-purplebell-free defines a wildcard texture bdflower:block/plant/flower/stem/purplebell* (or one of its alternates), key southTinted2, but no matching texture found
17.8.2026 23:11:09 [Warning] Block bdflower:flower-purplebell-free defines a wildcard texture bdflower:block/plant/flower/petal/purplebell* (or one of its alternates), key north3, but no matching texture found
17.8.2026 23:11:09 [Warning] Block bdflower:flower-purplebell-free defines a wildcard texture bdflower:block/plant/flower/petal/purplebell* (or one of its alternates), key south3, but no matching texture found
17.8.2026 23:11:09 [Warning] Block bdflower:flower-purplebell-free defines a wildcard texture bdflower:block/plant/flower/stem/purplebell* (or one of its alternates), key northTinted3, but no matching texture found
17.8.2026 23:11:09 [Warning] Block bdflower:flower-purplebell-free defines a wildcard texture bdflower:block/plant/flower/stem/purplebell* (or one of its alternates), key southTinted3, but no matching texture found
17.8.2026 23:11:09 [Warning] Block bdflower:flower-purplebell-free defines a wildcard texture bdflower:block/plant/flower/petal/purplebell* (or one of its alternates), key flower2, but no matching texture found
17.8.2026 23:11:09 [Warning] Block bdflower:flower-purplebell-free defines a wildcard texture bdflower:block/plant/flower/stem/purplebell* (or one of its alternates), key flower2Tinted, but no matching texture found
17.8.2026 23:11:09 [Warning] Block bdflower:flower-purplebell-snow defines a wildcard texture bdflower:block/plant/flower/petal/purplebell* (or one of its alternates), key north1, but no matching texture found
17.8.2026 23:11:09 [Warning] Block bdflower:flower-purplebell-snow defines a wildcard texture bdflower:block/plant/flower/petal/purplebell* (or one of its alternates), key south1, but no matching texture found
17.8.2026 23:11:09 [Warning] Block bdflower:flower-purplebell-snow defines a wildcard texture bdflower:block/plant/flower/stem/purplebell* (or one of its alternates), key northTinted1, but no matching texture found
17.8.2026 23:11:09 [Warning] Block bdflower:flower-purplebell-snow defines a wildcard texture bdflower:block/plant/flower/stem/purplebell* (or one of its alternates), key southTinted1, but no matching texture found
17.8.2026 23:11:09 [Warning] Block bdflower:flower-purplebell-snow defines a wildcard texture bdflower:block/plant/flower/petal/purplebell* (or one of its alternates), key north2, but no matching texture found
17.8.2026 23:11:09 [Warning] Block bdflower:flower-purplebell-snow defines a wildcard texture bdflower:block/plant/flower/petal/purplebell* (or one of its alternates), key south2, but no matching texture found
17.8.2026 23:11:09 [Warning] Block bdflower:flower-purplebell-snow defines a wildcard texture bdflower:block/plant/flower/stem/purplebell* (or one of its alternates), key northTinted2, but no matching texture found
17.8.2026 23:11:09 [Warning] Block bdflower:flower-purplebell-snow defines a wildcard texture bdflower:block/plant/flower/stem/purplebell* (or one of its alternates), key southTinted2, but no matching texture found
17.8.2026 23:11:09 [Warning] Block bdflower:flower-purplebell-snow defines a wildcard texture bdflower:block/plant/flower/petal/purplebell* (or one of its alternates), key north3, but no matching texture found
17.8.2026 23:11:09 [Warning] Block bdflower:flower-purplebell-snow defines a wildcard texture bdflower:block/plant/flower/petal/purplebell* (or one of its alternates), key south3, but no matching texture found
17.8.2026 23:11:09 [Warning] Block bdflower:flower-purplebell-snow defines a wildcard texture bdflower:block/plant/flower/stem/purplebell* (or one of its alternates), key northTinted3, but no matching texture found
17.8.2026 23:11:09 [Warning] Block bdflower:flower-purplebell-snow defines a wildcard texture bdflower:block/plant/flower/stem/purplebell* (or one of its alternates), key southTinted3, but no matching texture found
17.8.2026 23:11:09 [Warning] Block bdflower:flower-purplebell-snow defines a wildcard texture bdflower:block/plant/flower/petal/purplebell* (or one of its alternates), key flower2, but no matching texture found
17.8.2026 23:11:09 [Warning] Block bdflower:flower-purplebell-snow defines a wildcard texture bdflower:block/plant/flower/stem/purplebell* (or one of its alternates), key flower2Tinted, but no matching texture found
17.8.2026 23:11:09 [Warning] Block bdherb:crop-angelica-1 defines a wildcard texture bdherb:block/plant/seedling/{herbcrops}* (or one of its alternates), key leaves, but no matching texture found
17.8.2026 23:11:09 [Warning] Block bdherb:crop-arnica-1 defines a wildcard texture bdherb:block/plant/seedling/{herbcrops}* (or one of its alternates), key leaves, but no matching texture found
17.8.2026 23:11:09 [Warning] Block bdherb:crop-arrowhead-1 defines a wildcard texture bdherb:block/plant/seedling/{herbcrops}* (or one of its alternates), key leaves, but no matching texture found
17.8.2026 23:11:09 [Warning] Block bdherb:crop-bearleek-1 defines a wildcard texture bdherb:block/plant/leafygroundvegetable/harvested/{herbcrops}* (or one of its alternates), key leaves, but no matching texture found
17.8.2026 23:11:09 [Warning] Block bdherb:crop-blackpepper-1 defines a wildcard texture bdherb:block/plant/seedling/{herbcrops}* (or one of its alternates), key leaves, but no matching texture found
17.8.2026 23:11:09 [Warning] Block bdherb:crop-burdock-1 defines a wildcard texture bdherb:block/plant/seedling/{herbcrops}* (or one of its alternates), key leaves, but no matching texture found
17.8.2026 23:11:09 [Warning] Block bdherb:crop-burnet-1 defines a wildcard texture bdherb:block/plant/seedling/{herbcrops}* (or one of its alternates), key leaves, but no matching texture found
17.8.2026 23:11:09 [Warning] Block bdherb:crop-butterbur-1 defines a wildcard texture bdherb:block/plant/leafygroundvegetable/harvested/{herbcrops}* (or one of its alternates), key leaves, but no matching texture found
17.8.2026 23:11:09 [Warning] Block bdherb:crop-celandine-1 defines a wildcard texture bdherb:block/plant/seedling/{herbcrops}* (or one of its alternates), key leaves, but no matching texture found
17.8.2026 23:11:09 [Warning] Block bdherb:crop-chicory-1 defines a wildcard texture bdherb:block/plant/leafygroundvegetable/harvested/{herbcrops}* (or one of its alternates), key leaves, but no matching texture found
17.8.2026 23:11:09 [Warning] Block bdherb:crop-cicuta-1 defines a wildcard texture bdherb:block/plant/seedling/{herbcrops}* (or one of its alternates), key leaves, but no matching texture found
17.8.2026 23:11:09 [Warning] Block bdherb:crop-dill-1 defines a wildcard texture bdherb:block/plant/leafygroundvegetable/harvested/{herbcrops}* (or one of its alternates), key leaves, but no matching texture found
17.8.2026 23:11:09 [Warning] Block bdherb:crop-dock-1 defines a wildcard texture bdherb:block/plant/seedling/{herbcrops}* (or one of its alternates), key leaves, but no matching texture found
17.8.2026 23:11:09 [Warning] Block bdherb:crop-foxglove-1 defines a wildcard texture bdherb:block/plant/seedling/{herbcrops}* (or one of its alternates), key leaves, but no matching texture found
17.8.2026 23:11:09 [Warning] Block bdherb:crop-ginger-1 defines a wildcard texture bdherb:block/plant/seedling/{herbcrops}* (or one of its alternates), key leaves, but no matching texture found
17.8.2026 23:11:09 [Warning] Block bdherb:crop-ginseng-1 defines a wildcard texture bdherb:block/plant/seedling/{herbcrops}* (or one of its alternates), key leaves, but no matching texture found
17.8.2026 23:11:09 [Warning] Block bdherb:crop-holly-1 defines a wildcard texture bdherb:block/plant/seedling/{herbcrops}* (or one of its alternates), key leaves, but no matching texture found
17.8.2026 23:11:09 [Warning] Block bdherb:crop-horehound-1 defines a wildcard texture bdherb:block/plant/seedling/{herbcrops}* (or one of its alternates), key leaves, but no matching texture found
17.8.2026 23:11:09 [Warning] Block bdherb:crop-inula-1 defines a wildcard texture bdherb:block/plant/seedling/{herbcrops}* (or one of its alternates), key leaves, but no matching texture found
17.8.2026 23:11:09 [Warning] Block bdherb:crop-jewelweed-1 defines a wildcard texture bdherb:block/plant/seedling/{herbcrops}* (or one of its alternates), key leaves, but no matching texture found
17.8.2026 23:11:09 [Warning] Block bdherb:crop-katuk-1 defines a wildcard texture bdherb:block/plant/seedling/{herbcrops}* (or one of its alternates), key leaves, but no matching texture found
17.8.2026 23:11:09 [Warning] Block bdherb:crop-marigold-1 defines a wildcard texture bdherb:block/plant/seedling/{herbcrops}* (or one of its alternates), key leaves, but no matching texture found
17.8.2026 23:11:09 [Warning] Block bdherb:crop-marshmallow-1 defines a wildcard texture bdherb:block/plant/seedling/{herbcrops}* (or one of its alternates), key leaves, but no matching texture found
17.8.2026 23:11:09 [Warning] Block bdherb:crop-mustard-1 defines a wildcard texture bdherb:block/plant/seedling/{herbcrops}* (or one of its alternates), key leaves, but no matching texture found
17.8.2026 23:11:09 [Warning] Block bdherb:crop-whitemansfoot-1 defines a wildcard texture bdherb:block/plant/seedling/{herbcrops}* (or one of its alternates), key leaves, but no matching texture found
17.8.2026 23:11:09 [Warning] Block bdherb:crop-poisonoak-1 defines a wildcard texture bdherb:block/plant/seedling/{herbcrops}* (or one of its alternates), key leaves, but no matching texture found
17.8.2026 23:11:09 [Warning] Block bdherb:crop-rockrose-1 defines a wildcard texture bdherb:block/plant/seedling/{herbcrops}* (or one of its alternates), key leaves, but no matching texture found
17.8.2026 23:11:09 [Warning] Block bdherb:crop-rosemary-1 defines a wildcard texture bdherb:block/plant/seedling/{herbcrops}* (or one of its alternates), key leaves, but no matching texture found
17.8.2026 23:11:09 [Warning] Block bdherb:crop-saltwort-1 defines a wildcard texture bdherb:block/plant/seedling/{herbcrops}* (or one of its alternates), key leaves, but no matching texture found
17.8.2026 23:11:09 [Warning] Block bdherb:crop-skunkcabbage-1 defines a wildcard texture bdherb:block/plant/seedling/{herbcrops}* (or one of its alternates), key leaves, but no matching texture found
17.8.2026 23:11:09 [Warning] Block bdherb:crop-stingingnettle-1 defines a wildcard texture bdherb:block/plant/seedling/{herbcrops}* (or one of its alternates), key leaves, but no matching texture found
17.8.2026 23:11:09 [Warning] Block bdherb:crop-stjohnswort-1 defines a wildcard texture bdherb:block/plant/seedling/{herbcrops}* (or one of its alternates), key leaves, but no matching texture found
17.8.2026 23:11:09 [Warning] Block bdherb:crop-tansy-1 defines a wildcard texture bdherb:block/plant/seedling/{herbcrops}* (or one of its alternates), key leaves, but no matching texture found
17.8.2026 23:11:09 [Warning] Block bdherb:crop-yarrow-1 defines a wildcard texture bdherb:block/plant/leafygroundvegetable/harvested/{herbcrops}* (or one of its alternates), key leaves, but no matching texture found
17.8.2026 23:11:09 [Warning] Block bdherb:crop-angelica-2 defines a wildcard texture bdherb:block/plant/leafygroundvegetable/harvested/{herbcrops}* (or one of its alternates), key leaves, but no matching texture found
17.8.2026 23:11:09 [Warning] Block bdherb:crop-arnica-2 defines a wildcard texture bdherb:block/plant/leafygroundvegetable/harvested/{herbcrops}* (or one of its alternates), key leaves, but no matching texture found
17.8.2026 23:11:09 [Warning] Block bdherb:crop-arrowhead-2 defines a wildcard texture bdherb:block/plant/leafygroundvegetable/harvested/{herbcrops}* (or one of its alternates), key leaves, but no matching texture found
17.8.2026 23:11:09 [Warning] Block bdherb:crop-bearleek-2 defines a wildcard texture bdherb:block/plant/seedling/{herbcrops}* (or one of its alternates), key leaves, but no matching texture found
17.8.2026 23:11:09 [Warning] Block bdherb:crop-blackpepper-2 defines a wildcard texture bdherb:block/plant/leafygroundvegetable/harvested/{herbcrops}* (or one of its alternates), key leaves, but no matching texture found
17.8.2026 23:11:09 [Warning] Block bdherb:crop-burdock-2 defines a wildcard texture bdherb:block/plant/leafygroundvegetable/harvested/{herbcrops}* (or one of its alternates), key leaves, but no matching texture found
17.8.2026 23:11:09 [Warning] Block bdherb:crop-burnet-2 defines a wildcard texture bdherb:block/plant/leafygroundvegetable/harvested/{herbcrops}* (or one of its alternates), key leaves, but no matching texture found
17.8.2026 23:11:09 [Warning] Block bdherb:crop-butterbur-2 defines a wildcard texture bdherb:block/plant/seedling/{herbcrops}* (or one of its alternates), key leaves, but no matching texture found
17.8.2026 23:11:09 [Warning] Block bdherb:crop-celandine-2 defines a wildcard texture bdherb:block/plant/leafygroundvegetable/harvested/{herbcrops}* (or one of its alternates), key leaves, but no matching texture found
17.8.2026 23:11:09 [Warning] Block bdherb:crop-chicory-2 defines a wildcard texture bdherb:block/plant/seedling/{herbcrops}* (or one of its alternates), key leaves, but no matching texture found
17.8.2026 23:11:09 [Warning] Block bdherb:crop-cicuta-2 defines a wildcard texture bdherb:block/plant/leafygroundvegetable/harvested/{herbcrops}* (or one of its alternates), key leaves, but no matching texture found
17.8.2026 23:11:09 [Warning] Block bdherb:crop-dill-2 defines a wildcard texture bdherb:block/plant/seedling/{herbcrops}* (or one of its alternates), key leaves, but no matching texture found
17.8.2026 23:11:09 [Warning] Block bdherb:crop-dock-2 defines a wildcard texture bdherb:block/plant/leafygroundvegetable/harvested/{herbcrops}* (or one of its alternates), key leaves, but no matching texture found
17.8.2026 23:11:09 [Warning] Block bdherb:crop-foxglove-2 defines a wildcard texture bdherb:block/plant/leafygroundvegetable/harvested/{herbcrops}* (or one of its alternates), key leaves, but no matching texture found
17.8.2026 23:11:09 [Warning] Block bdherb:crop-ginger-2 defines a wildcard texture bdherb:block/plant/leafygroundvegetable/harvested/{herbcrops}* (or one of its alternates), key leaves, but no matching texture found
17.8.2026 23:11:09 [Warning] Block bdherb:crop-ginseng-2 defines a wildcard texture bdherb:block/plant/leafygroundvegetable/harvested/{herbcrops}* (or one of its alternates), key leaves, but no matching texture found
17.8.2026 23:11:09 [Warning] Block bdherb:crop-holly-2 defines a wildcard texture bdherb:block/plant/leafygroundvegetable/harvested/{herbcrops}* (or one of its alternates), key leaves, but no matching texture found
17.8.2026 23:11:09 [Warning] Block bdherb:crop-horehound-2 defines a wildcard texture bdherb:block/plant/leafygroundvegetable/harvested/{herbcrops}* (or one of its alternates), key leaves, but no matching texture found
17.8.2026 23:11:09 [Warning] Block bdherb:crop-inula-2 defines a wildcard texture bdherb:block/plant/leafygroundvegetable/harvested/{herbcrops}* (or one of its alternates), key leaves, but no matching texture found
17.8.2026 23:11:09 [Warning] Block bdherb:crop-jewelweed-2 defines a wildcard texture bdherb:block/plant/leafygroundvegetable/harvested/{herbcrops}* (or one of its alternates), key leaves, but no matching texture found
17.8.2026 23:11:09 [Warning] Block bdherb:crop-katuk-2 defines a wildcard texture bdherb:block/plant/leafygroundvegetable/harvested/{herbcrops}* (or one of its alternates), key leaves, but no matching texture found
17.8.2026 23:11:09 [Warning] Block bdherb:crop-marigold-2 defines a wildcard texture bdherb:block/plant/leafygroundvegetable/harvested/{herbcrops}* (or one of its alternates), key leaves, but no matching texture found
17.8.2026 23:11:09 [Warning] Block bdherb:crop-marshmallow-2 defines a wildcard texture bdherb:block/plant/leafygroundvegetable/harvested/{herbcrops}* (or one of its alternates), key leaves, but no matching texture found
17.8.2026 23:11:09 [Warning] Block bdherb:crop-mustard-2 defines a wildcard texture bdherb:block/plant/leafygroundvegetable/harvested/{herbcrops}* (or one of its alternates), key leaves, but no matching texture found
17.8.2026 23:11:09 [Warning] Block bdherb:crop-whitemansfoot-2 defines a wildcard texture bdherb:block/plant/leafygroundvegetable/harvested/{herbcrops}* (or one of its alternates), key leaves, but no matching texture found
17.8.2026 23:11:09 [Warning] Block bdherb:crop-poisonoak-2 defines a wildcard texture bdherb:block/plant/leafygroundvegetable/harvested/{herbcrops}* (or one of its alternates), key leaves, but no matching texture found
17.8.2026 23:11:09 [Warning] Block bdherb:crop-rockrose-2 defines a wildcard texture bdherb:block/plant/leafygroundvegetable/harvested/{herbcrops}* (or one of its alternates), key leaves, but no matching texture found
17.8.2026 23:11:09 [Warning] Block bdherb:crop-rosemary-2 defines a wildcard texture bdherb:block/plant/leafygroundvegetable/harvested/{herbcrops}* (or one of its alternates), key leaves, but no matching texture found
17.8.2026 23:11:09 [Warning] Block bdherb:crop-saltwort-2 defines a wildcard texture bdherb:block/plant/leafygroundvegetable/harvested/{herbcrops}* (or one of its alternates), key leaves, but no matching texture found
17.8.2026 23:11:09 [Warning] Block bdherb:crop-skunkcabbage-2 defines a wildcard texture bdherb:block/plant/leafygroundvegetable/harvested/{herbcrops}* (or one of its alternates), key leaves, but no matching texture found
17.8.2026 23:11:09 [Warning] Block bdherb:crop-stingingnettle-2 defines a wildcard texture bdherb:block/plant/leafygroundvegetable/harvested/{herbcrops}* (or one of its alternates), key leaves, but no matching texture found
17.8.2026 23:11:09 [Warning] Block bdherb:crop-stjohnswort-2 defines a wildcard texture bdherb:block/plant/leafygroundvegetable/harvested/{herbcrops}* (or one of its alternates), key leaves, but no matching texture found
17.8.2026 23:11:09 [Warning] Block bdherb:crop-tansy-2 defines a wildcard texture bdherb:block/plant/leafygroundvegetable/harvested/{herbcrops}* (or one of its alternates), key leaves, but no matching texture found
17.8.2026 23:11:09 [Warning] Block bdherb:crop-yarrow-2 defines a wildcard texture bdherb:block/plant/seedling/{herbcrops}* (or one of its alternates), key leaves, but no matching texture found
17.8.2026 23:11:09 [Warning] Block bdherb:crop-angelica-3 defines a wildcard texture bdherb:block/plant/leafygroundvegetable/normal/{herbcrops}* (or one of its alternates), key leaves, but no matching texture found
17.8.2026 23:11:09 [Warning] Block bdherb:crop-arnica-3 defines a wildcard texture bdherb:block/plant/leafygroundvegetable/normal/{herbcrops}* (or one of its alternates), key leaves, but no matching texture found
17.8.2026 23:11:09 [Warning] Block bdherb:crop-arrowhead-3 defines a wildcard texture bdherb:block/plant/leafygroundvegetable/normal/{herbcrops}* (or one of its alternates), key leaves, but no matching texture found
17.8.2026 23:11:09 [Warning] Block bdherb:crop-bearleek-3 defines a wildcard texture bdherb:block/plant/leafygroundvegetable/normal/{herbcrops}* (or one of its alternates), key leaves, but no matching texture found
17.8.2026 23:11:09 [Warning] Block bdherb:crop-blackpepper-3 defines a wildcard texture bdherb:block/plant/leafygroundvegetable/normal/{herbcrops}* (or one of its alternates), key leaves, but no matching texture found
17.8.2026 23:11:09 [Warning] Block bdherb:crop-burdock-3 defines a wildcard texture bdherb:block/plant/leafygroundvegetable/normal/{herbcrops}* (or one of its alternates), key leaves, but no matching texture found
17.8.2026 23:11:09 [Warning] Block bdherb:crop-burnet-3 defines a wildcard texture bdherb:block/plant/leafygroundvegetable/normal/{herbcrops}* (or one of its alternates), key leaves, but no matching texture found
17.8.2026 23:11:09 [Warning] Block bdherb:crop-celandine-3 defines a wildcard texture bdherb:block/plant/leafygroundvegetable/normal/{herbcrops}* (or one of its alternates), key leaves, but no matching texture found
17.8.2026 23:11:09 [Warning] Block bdherb:crop-chicory-3 defines a wildcard texture bdherb:block/plant/leafygroundvegetable/normal/{herbcrops}* (or one of its alternates), key leaves, but no matching texture found
17.8.2026 23:11:09 [Warning] Block bdherb:crop-cicuta-3 defines a wildcard texture bdherb:block/plant/leafygroundvegetable/normal/{herbcrops}* (or one of its alternates), key leaves, but no matching texture found
17.8.2026 23:11:09 [Warning] Block bdherb:crop-dill-3 defines a wildcard texture bdherb:block/plant/leafygroundvegetable/normal/{herbcrops}* (or one of its alternates), key leaves, but no matching texture found
17.8.2026 23:11:09 [Warning] Block bdherb:crop-dock-3 defines a wildcard texture bdherb:block/plant/leafygroundvegetable/normal/{herbcrops}* (or one of its alternates), key leaves, but no matching texture found
17.8.2026 23:11:09 [Warning] Block bdherb:crop-foxglove-3 defines a wildcard texture bdherb:block/plant/leafygroundvegetable/normal/{herbcrops}* (or one of its alternates), key leaves, but no matching texture found
17.8.2026 23:11:09 [Warning] Block bdherb:crop-ginger-3 defines a wildcard texture bdherb:block/plant/leafygroundvegetable/normal/{herbcrops}* (or one of its alternates), key leaves, but no matching texture found
17.8.2026 23:11:09 [Warning] Block bdherb:crop-ginseng-3 defines a wildcard texture bdherb:block/plant/leafygroundvegetable/normal/{herbcrops}* (or one of its alternates), key leaves, but no matching texture found
17.8.2026 23:11:09 [Warning] Block bdherb:crop-holly-3 defines a wildcard texture bdherb:block/plant/leafygroundvegetable/normal/{herbcrops}* (or one of its alternates), key leaves, but no matching texture found
17.8.2026 23:11:09 [Warning] Block bdherb:crop-horehound-3 defines a wildcard texture bdherb:block/plant/leafygroundvegetable/normal/{herbcrops}* (or one of its alternates), key leaves, but no matching texture found
17.8.2026 23:11:09 [Warning] Block bdherb:crop-inula-3 defines a wildcard texture bdherb:block/plant/leafygroundvegetable/normal/{herbcrops}* (or one of its alternates), key leaves, but no matching texture found
17.8.2026 23:11:09 [Warning] Block bdherb:crop-jewelweed-3 defines a wildcard texture bdherb:block/plant/leafygroundvegetable/normal/{herbcrops}* (or one of its alternates), key leaves, but no matching texture found
17.8.2026 23:11:09 [Warning] Block bdherb:crop-katuk-3 defines a wildcard texture bdherb:block/plant/leafygroundvegetable/normal/{herbcrops}* (or one of its alternates), key leaves, but no matching texture found
17.8.2026 23:11:09 [Warning] Block bdherb:crop-marigold-3 defines a wildcard texture bdherb:block/plant/leafygroundvegetable/normal/{herbcrops}* (or one of its alternates), key leaves, but no matching texture found
17.8.2026 23:11:09 [Warning] Block bdherb:crop-marshmallow-3 defines a wildcard texture bdherb:block/plant/leafygroundvegetable/normal/{herbcrops}* (or one of its alternates), key leaves, but no matching texture found
17.8.2026 23:11:09 [Warning] Block bdherb:crop-mustard-3 defines a wildcard texture bdherb:block/plant/leafygroundvegetable/normal/{herbcrops}* (or one of its alternates), key leaves, but no matching texture found
17.8.2026 23:11:09 [Warning] Block bdherb:crop-whitemansfoot-3 defines a wildcard texture bdherb:block/plant/leafygroundvegetable/normal/{herbcrops}* (or one of its alternates), key leaves, but no matching texture found
17.8.2026 23:11:09 [Warning] Block bdherb:crop-poisonoak-3 defines a wildcard texture bdherb:block/plant/leafygroundvegetable/normal/{herbcrops}* (or one of its alternates), key leaves, but no matching texture found
17.8.2026 23:11:09 [Warning] Block bdherb:crop-rockrose-3 defines a wildcard texture bdherb:block/plant/leafygroundvegetable/normal/{herbcrops}* (or one of its alternates), key leaves, but no matching texture found
17.8.2026 23:11:09 [Warning] Block bdherb:crop-rosemary-3 defines a wildcard texture bdherb:block/plant/leafygroundvegetable/normal/{herbcrops}* (or one of its alternates), key leaves, but no matching texture found
17.8.2026 23:11:09 [Warning] Block bdherb:crop-saltwort-3 defines a wildcard texture bdherb:block/plant/leafygroundvegetable/normal/{herbcrops}* (or one of its alternates), key leaves, but no matching texture found
17.8.2026 23:11:09 [Warning] Block bdherb:crop-skunkcabbage-3 defines a wildcard texture bdherb:block/plant/leafygroundvegetable/normal/{herbcrops}* (or one of its alternates), key leaves, but no matching texture found
17.8.2026 23:11:09 [Warning] Block bdherb:crop-stingingnettle-3 defines a wildcard texture bdherb:block/plant/leafygroundvegetable/normal/{herbcrops}* (or one of its alternates), key leaves, but no matching texture found
17.8.2026 23:11:09 [Warning] Block bdherb:crop-stjohnswort-3 defines a wildcard texture bdherb:block/plant/leafygroundvegetable/normal/{herbcrops}* (or one of its alternates), key leaves, but no matching texture found
17.8.2026 23:11:09 [Warning] Block bdherb:crop-tansy-3 defines a wildcard texture bdherb:block/plant/leafygroundvegetable/normal/{herbcrops}* (or one of its alternates), key leaves, but no matching texture found
17.8.2026 23:11:09 [Warning] Block bdherb:crop-yarrow-3 defines a wildcard texture bdherb:block/plant/leafygroundvegetable/normal/{herbcrops}* (or one of its alternates), key leaves, but no matching texture found
17.8.2026 23:11:09 [Warning] Block bdherb:annualplant-angelica-normal defines a wildcard texture bdherb:block/plant/leafygroundvegetable/normal/angelica* (or one of its alternates), key leaves, but no matching texture found
17.8.2026 23:11:09 [Warning] Block bdherb:annualplant-arnica-normal defines a wildcard texture bdherb:block/plant/leafygroundvegetable/normal/arnica* (or one of its alternates), key leaves, but no matching texture found
17.8.2026 23:11:09 [Warning] Block bdherb:annualplant-arrowhead-normal defines a wildcard texture bdherb:block/plant/leafygroundvegetable/normal/arrowhead* (or one of its alternates), key leaves, but no matching texture found
17.8.2026 23:11:09 [Warning] Block bdherb:annualplant-bearleek-normal defines a wildcard texture bdherb:block/plant/leafygroundvegetable/normal/bearleek* (or one of its alternates), key leaves, but no matching texture found
17.8.2026 23:11:09 [Warning] Block bdherb:annualplant-blackpepper-normal defines a wildcard texture bdherb:block/plant/leafygroundvegetable/normal/blackpepper* (or one of its alternates), key leaves, but no matching texture found
17.8.2026 23:11:09 [Warning] Block bdherb:annualplant-burnet-normal defines a wildcard texture bdherb:block/plant/leafygroundvegetable/normal/burnet* (or one of its alternates), key leaves, but no matching texture found
17.8.2026 23:11:09 [Warning] Block bdherb:annualplant-butterbur-normal defines a wildcard texture bdherb:block/plant/leafygroundvegetable/normal/butterbur* (or one of its alternates), key leaves, but no matching texture found
17.8.2026 23:11:09 [Warning] Block bdherb:annualplant-celandine-normal defines a wildcard texture bdherb:block/plant/leafygroundvegetable/normal/celandine* (or one of its alternates), key leaves, but no matching texture found
17.8.2026 23:11:09 [Warning] Block bdherb:annualplant-chicory-normal defines a wildcard texture bdherb:block/plant/leafygroundvegetable/normal/chicory* (or one of its alternates), key leaves, but no matching texture found
17.8.2026 23:11:09 [Warning] Block bdherb:annualplant-cicuta-normal defines a wildcard texture bdherb:block/plant/leafygroundvegetable/normal/cicuta* (or one of its alternates), key leaves, but no matching texture found
17.8.2026 23:11:09 [Warning] Block bdherb:annualplant-dill-normal defines a wildcard texture bdherb:block/plant/leafygroundvegetable/normal/dill* (or one of its alternates), key leaves, but no matching texture found
17.8.2026 23:11:09 [Warning] Block bdherb:annualplant-dock-normal defines a wildcard texture bdherb:block/plant/leafygroundvegetable/normal/dock* (or one of its alternates), key leaves, but no matching texture found
17.8.2026 23:11:09 [Warning] Block bdherb:annualplant-foxglove-normal defines a wildcard texture bdherb:block/plant/leafygroundvegetable/normal/foxglove* (or one of its alternates), key leaves, but no matching texture found
17.8.2026 23:11:09 [Warning] Block bdherb:annualplant-ginger-normal defines a wildcard texture bdherb:block/plant/leafygroundvegetable/normal/ginger* (or one of its alternates), key leaves, but no matching texture found
17.8.2026 23:11:09 [Warning] Block bdherb:annualplant-ginseng-normal defines a wildcard texture bdherb:block/plant/leafygroundvegetable/normal/ginseng* (or one of its alternates), key leaves, but no matching texture found
17.8.2026 23:11:09 [Warning] Block bdherb:annualplant-holly-normal defines a wildcard texture bdherb:block/plant/leafygroundvegetable/normal/holly* (or one of its alternates), key leaves, but no matching texture found
17.8.2026 23:11:09 [Warning] Block bdherb:annualplant-horehound-normal defines a wildcard texture bdherb:block/plant/leafygroundvegetable/normal/horehound* (or one of its alternates), key leaves, but no matching texture found
17.8.2026 23:11:09 [Warning] Block bdherb:annualplant-inula-normal defines a wildcard texture bdherb:block/plant/leafygroundvegetable/normal/inula* (or one of its alternates), key leaves, but no matching texture found
17.8.2026 23:11:09 [Warning] Block bdherb:annualplant-jewelweed-normal defines a wildcard texture bdherb:block/plant/leafygroundvegetable/normal/jewelweed* (or one of its alternates), key leaves, but no matching texture found
17.8.2026 23:11:09 [Warning] Block bdherb:annualplant-katuk-normal defines a wildcard texture bdherb:block/plant/leafygroundvegetable/normal/katuk* (or one of its alternates), key leaves, but no matching texture found
17.8.2026 23:11:09 [Warning] Block bdherb:annualplant-marigold-normal defines a wildcard texture bdherb:block/plant/leafygroundvegetable/normal/marigold* (or one of its alternates), key leaves, but no matching texture found
17.8.2026 23:11:09 [Warning] Block bdherb:annualplant-marshmallow-normal defines a wildcard texture bdherb:block/plant/leafygroundvegetable/normal/marshmallow* (or one of its alternates), key leaves, but no matching texture found
17.8.2026 23:11:09 [Warning] Block bdherb:annualplant-minerslettuce-normal defines a wildcard texture bdherb:block/plant/leafygroundvegetable/normal/minerslettuce* (or one of its alternates), key leaves, but no matching texture found
17.8.2026 23:11:09 [Warning] Block bdherb:annualplant-mustard-normal defines a wildcard texture bdherb:block/plant/leafygroundvegetable/normal/mustard* (or one of its alternates), key leaves, but no matching texture found
17.8.2026 23:11:09 [Warning] Block bdherb:annualplant-whitemansfoot-normal defines a wildcard texture bdherb:block/plant/leafygroundvegetable/normal/whitemansfoot* (or one of its alternates), key leaves, but no matching texture found
17.8.2026 23:11:09 [Warning] Block bdherb:annualplant-poisonoak-normal defines a wildcard texture bdherb:block/plant/leafygroundvegetable/normal/poisonoak* (or one of its alternates), key leaves, but no matching texture found
17.8.2026 23:11:09 [Warning] Block bdherb:annualplant-rockrose-normal defines a wildcard texture bdherb:block/plant/leafygroundvegetable/normal/rockrose* (or one of its alternates), key leaves, but no matching texture found
17.8.2026 23:11:09 [Warning] Block bdherb:annualplant-rosemary-normal defines a wildcard texture bdherb:block/plant/leafygroundvegetable/normal/rosemary* (or one of its alternates), key leaves, but no matching texture found
17.8.2026 23:11:09 [Warning] Block bdherb:annualplant-saltwort-normal defines a wildcard texture bdherb:block/plant/leafygroundvegetable/normal/saltwort* (or one of its alternates), key leaves, but no matching texture found
17.8.2026 23:11:09 [Warning] Block bdherb:annualplant-skunkcabbage-normal defines a wildcard texture bdherb:block/plant/leafygroundvegetable/normal/skunkcabbage* (or one of its alternates), key leaves, but no matching texture found
17.8.2026 23:11:09 [Warning] Block bdherb:annualplant-stingingnettle-normal defines a wildcard texture bdherb:block/plant/leafygroundvegetable/normal/stingingnettle* (or one of its alternates), key leaves, but no matching texture found
17.8.2026 23:11:09 [Warning] Block bdherb:annualplant-stjohnswort-normal defines a wildcard texture bdherb:block/plant/leafygroundvegetable/normal/stjohnswort* (or one of its alternates), key leaves, but no matching texture found
17.8.2026 23:11:09 [Warning] Block bdherb:annualplant-tansy-normal defines a wildcard texture bdherb:block/plant/leafygroundvegetable/normal/tansy* (or one of its alternates), key leaves, but no matching texture found
17.8.2026 23:11:09 [Warning] Block bdherb:annualplant-woodspurge-normal defines a wildcard texture bdherb:block/plant/leafygroundvegetable/normal/woodspurge* (or one of its alternates), key leaves, but no matching texture found
17.8.2026 23:11:09 [Warning] Block bdherb:annualplant-yarrow-normal defines a wildcard texture bdherb:block/plant/leafygroundvegetable/normal/yarrow* (or one of its alternates), key leaves, but no matching texture found
17.8.2026 23:11:09 [Warning] Block bdherb:evergreenplant-lavender-harvested defines a wildcard texture bdherb:block/plant/leafygroundvegetable/harvested/lavender* (or one of its alternates), key south, but no matching texture found
17.8.2026 23:11:09 [Warning] Block bdherb:evergreenplant-thyme-harvested defines a wildcard texture bdherb:block/plant/leafygroundvegetable/harvested/thyme* (or one of its alternates), key leaves, but no matching texture found
17.8.2026 23:11:09 [Warning] Block bdherb:evergreenplant-lavender-normal defines a wildcard texture bdherb:block/plant/leafygroundvegetable/normal/lavender* (or one of its alternates), key south, but no matching texture found
17.8.2026 23:11:09 [Warning] Block bdherb:evergreenplant-rosemary-normal defines a wildcard texture bdherb:block/plant/leafygroundvegetable/normal/rosemary* (or one of its alternates), key leaves, but no matching texture found
17.8.2026 23:11:09 [Warning] Block bdherb:evergreenplant-thyme-normal defines a wildcard texture bdherb:block/plant/leafygroundvegetable/normal/thyme* (or one of its alternates), key leaves, but no matching texture found
17.8.2026 23:11:09 [Warning] Block bdherb:evergreenplant-holly-normal defines a wildcard texture bdherb:block/plant/leafygroundvegetable/normal/holly* (or one of its alternates), key leaves, but no matching texture found
17.8.2026 23:11:09 [Warning] Block bdherb:evergreenplant-poisonoak-normal defines a wildcard texture bdherb:block/plant/leafygroundvegetable/normal/poisonoak* (or one of its alternates), key leaves, but no matching texture found
17.8.2026 23:11:09 [Warning] Block bdherb:perennialplant-sage-harvested defines a wildcard texture bdherb:block/plant/leafygroundvegetable/harvested/sage* (or one of its alternates), key leaves, but no matching texture found
17.8.2026 23:11:09 [Warning] Block bdherb:perennialplant-mint-harvested defines a wildcard texture bdherb:block/plant/leafygroundvegetable/harvested/mint* (or one of its alternates), key leaves, but no matching texture found
17.8.2026 23:11:09 [Warning] Block bdherb:perennialplant-leek-harvested defines a wildcard texture bdherb:block/plant/leafygroundvegetable/harvested/leek* (or one of its alternates), key leaves, but no matching texture found
17.8.2026 23:11:09 [Warning] Block bdherb:perennialplant-bearleek-normal defines a wildcard texture bdherb:block/plant/leafygroundvegetable/normal/bearleek* (or one of its alternates), key leaves, but no matching texture found
17.8.2026 23:11:09 [Warning] Block bdherb:perennialplant-marjoram-normal defines a wildcard texture bdherb:block/plant/leafygroundvegetable/normal/marjoram* (or one of its alternates), key leaves, but no matching texture found
17.8.2026 23:11:09 [Warning] Block bdherb:perennialplant-sage-normal defines a wildcard texture bdherb:block/plant/leafygroundvegetable/normal/sage* (or one of its alternates), key leaves, but no matching texture found
17.8.2026 23:11:09 [Warning] Block bdherb:perennialplant-marshmallow-normal defines a wildcard texture bdherb:block/plant/leafygroundvegetable/normal/marshmallow* (or one of its alternates), key leaves, but no matching texture found
17.8.2026 23:11:09 [Warning] Block bdherb:perennialplant-mint-normal defines a wildcard texture bdherb:block/plant/leafygroundvegetable/normal/mint* (or one of its alternates), key leaves, but no matching texture found
17.8.2026 23:11:09 [Warning] Block bdherb:perennialplant-saffron-normal defines a wildcard texture bdherb:block/plant/leafygroundvegetable/normal/saffron* (or one of its alternates), key leaves, but no matching texture found
17.8.2026 23:11:09 [Warning] Block bdherb:perennialplant-stjohnswort-normal defines a wildcard texture bdherb:block/plant/leafygroundvegetable/normal/stjohnswort* (or one of its alternates), key leaves, but no matching texture found
17.8.2026 23:11:09 [Warning] Block bdherb:perennialplant-celandine-normal defines a wildcard texture bdherb:block/plant/leafygroundvegetable/normal/celandine* (or one of its alternates), key leaves, but no matching texture found
17.8.2026 23:11:09 [Warning] Block bdherb:perennialplant-leek-normal defines a wildcard texture bdherb:block/plant/leafygroundvegetable/normal/leek* (or one of its alternates), key leaves, but no matching texture found
17.8.2026 23:11:09 [Warning] Block bdherb:perennialplant-whitemansfoot-normal defines a wildcard texture bdherb:block/plant/leafygroundvegetable/normal/whitemansfoot* (or one of its alternates), key leaves, but no matching texture found
17.8.2026 23:11:09 [Warning] Block bdherb:perennialplant-yarrow-normal defines a wildcard texture bdherb:block/plant/leafygroundvegetable/normal/yarrow* (or one of its alternates), key leaves, but no matching texture found
17.8.2026 23:11:09 [Warning] Block bdherb:perennialplant-foxglove-normal defines a wildcard texture bdherb:block/plant/leafygroundvegetable/normal/foxglove* (or one of its alternates), key leaves, but no matching texture found
17.8.2026 23:11:09 [Warning] Block bdherb:perennialplant-angelica-normal defines a wildcard texture bdherb:block/plant/leafygroundvegetable/normal/angelica* (or one of its alternates), key leaves, but no matching texture found
17.8.2026 23:11:09 [Warning] Block bdherb:perennialplant-rockrose-normal defines a wildcard texture bdherb:block/plant/leafygroundvegetable/normal/rockrose* (or one of its alternates), key leaves, but no matching texture found
17.8.2026 23:11:09 [Warning] Block bdherb:perennialplant-horehound-normal defines a wildcard texture bdherb:block/plant/leafygroundvegetable/normal/horehound* (or one of its alternates), key leaves, but no matching texture found
17.8.2026 23:11:09 [Warning] Block bdherb:perennialplant-ginger-normal defines a wildcard texture bdherb:block/plant/leafygroundvegetable/normal/ginger* (or one of its alternates), key leaves, but no matching texture found
17.8.2026 23:11:09 [Warning] Block bdherb:perennialplant-burnet-normal defines a wildcard texture bdherb:block/plant/leafygroundvegetable/normal/burnet* (or one of its alternates), key leaves, but no matching texture found
17.8.2026 23:11:09 [Warning] Block bdherb:perennialplant-arnica-normal defines a wildcard texture bdherb:block/plant/leafygroundvegetable/normal/arnica* (or one of its alternates), key leaves, but no matching texture found
17.8.2026 23:11:09 [Warning] Block bdherb:perennialplant-cicuta-normal defines a wildcard texture bdherb:block/plant/leafygroundvegetable/normal/cicuta* (or one of its alternates), key leaves, but no matching texture found
17.8.2026 23:11:09 [Warning] Block bdherb:perennialplant-tansy-normal defines a wildcard texture bdherb:block/plant/leafygroundvegetable/normal/tansy* (or one of its alternates), key leaves, but no matching texture found
17.8.2026 23:11:09 [Warning] Block bdherb:perennialplant-ginseng-normal defines a wildcard texture bdherb:block/plant/leafygroundvegetable/normal/ginseng* (or one of its alternates), key leaves, but no matching texture found
17.8.2026 23:11:09 [Warning] Block bdherb:perennialplant-katuk-normal defines a wildcard texture bdherb:block/plant/leafygroundvegetable/normal/katuk* (or one of its alternates), key leaves, but no matching texture found
17.8.2026 23:11:09 [Warning] Block bdherb:seedling-angelica-planted defines a wildcard texture bdherb:block/plant/seedling/{wildflora}* (or one of its alternates), key leaves, but no matching texture found
17.8.2026 23:11:09 [Warning] Block bdherb:seedling-arnica-planted defines a wildcard texture bdherb:block/plant/seedling/{wildflora}* (or one of its alternates), key leaves, but no matching texture found
17.8.2026 23:11:09 [Warning] Block bdherb:seedling-arrowhead-planted defines a wildcard texture bdherb:block/plant/seedling/{wildflora}* (or one of its alternates), key leaves, but no matching texture found
17.8.2026 23:11:09 [Warning] Block bdherb:seedling-bearleek-planted defines a wildcard texture bdherb:block/plant/seedling/{wildflora}* (or one of its alternates), key leaves, but no matching texture found
17.8.2026 23:11:09 [Warning] Block bdherb:seedling-blackpepper-planted defines a wildcard texture bdherb:block/plant/seedling/{wildflora}* (or one of its alternates), key leaves, but no matching texture found
17.8.2026 23:11:09 [Warning] Block bdherb:seedling-burdock-planted defines a wildcard texture bdherb:block/plant/seedling/{wildflora}* (or one of its alternates), key leaves, but no matching texture found
17.8.2026 23:11:09 [Warning] Block bdherb:seedling-burnet-planted defines a wildcard texture bdherb:block/plant/seedling/{wildflora}* (or one of its alternates), key leaves, but no matching texture found
17.8.2026 23:11:09 [Warning] Block bdherb:seedling-butterbur-planted defines a wildcard texture bdherb:block/plant/seedling/{wildflora}* (or one of its alternates), key leaves, but no matching texture found
17.8.2026 23:11:09 [Warning] Block bdherb:seedling-celandine-planted defines a wildcard texture bdherb:block/plant/seedling/{wildflora}* (or one of its alternates), key leaves, but no matching texture found
17.8.2026 23:11:09 [Warning] Block bdherb:seedling-chicory-planted defines a wildcard texture bdherb:block/plant/seedling/{wildflora}* (or one of its alternates), key leaves, but no matching texture found
17.8.2026 23:11:09 [Warning] Block bdherb:seedling-cicuta-planted defines a wildcard texture bdherb:block/plant/seedling/{wildflora}* (or one of its alternates), key leaves, but no matching texture found
17.8.2026 23:11:09 [Warning] Block bdherb:seedling-dill-planted defines a wildcard texture bdherb:block/plant/seedling/{wildflora}* (or one of its alternates), key leaves, but no matching texture found
17.8.2026 23:11:09 [Warning] Block bdherb:seedling-dock-planted defines a wildcard texture bdherb:block/plant/seedling/{wildflora}* (or one of its alternates), key leaves, but no matching texture found
17.8.2026 23:11:09 [Warning] Block bdherb:seedling-foxglove-planted defines a wildcard texture bdherb:block/plant/seedling/{wildflora}* (or one of its alternates), key leaves, but no matching texture found
17.8.2026 23:11:09 [Warning] Block bdherb:seedling-ginger-planted defines a wildcard texture bdherb:block/plant/seedling/{wildflora}* (or one of its alternates), key leaves, but no matching texture found
17.8.2026 23:11:09 [Warning] Block bdherb:seedling-ginseng-planted defines a wildcard texture bdherb:block/plant/seedling/{wildflora}* (or one of its alternates), key leaves, but no matching texture found
17.8.2026 23:11:09 [Warning] Block bdherb:seedling-holly-planted defines a wildcard texture bdherb:block/plant/seedling/{wildflora}* (or one of its alternates), key leaves, but no matching texture found
17.8.2026 23:11:09 [Warning] Block bdherb:seedling-horehound-planted defines a wildcard texture bdherb:block/plant/seedling/{wildflora}* (or one of its alternates), key leaves, but no matching texture found
17.8.2026 23:11:09 [Warning] Block bdherb:seedling-inula-planted defines a wildcard texture bdherb:block/plant/seedling/{wildflora}* (or one of its alternates), key leaves, but no matching texture found
17.8.2026 23:11:09 [Warning] Block bdherb:seedling-jewelweed-planted defines a wildcard texture bdherb:block/plant/seedling/{wildflora}* (or one of its alternates), key leaves, but no matching texture found
17.8.2026 23:11:09 [Warning] Block bdherb:seedling-katuk-planted defines a wildcard texture bdherb:block/plant/seedling/{wildflora}* (or one of its alternates), key leaves, but no matching texture found
17.8.2026 23:11:09 [Warning] Block bdherb:seedling-marigold-planted defines a wildcard texture bdherb:block/plant/seedling/{wildflora}* (or one of its alternates), key leaves, but no matching texture found
17.8.2026 23:11:09 [Warning] Block bdherb:seedling-marshmallow-planted defines a wildcard texture bdherb:block/plant/seedling/{wildflora}* (or one of its alternates), key leaves, but no matching texture found
17.8.2026 23:11:09 [Warning] Block bdherb:seedling-minerslettuce-planted defines a wildcard texture bdherb:block/plant/seedling/{wildflora}* (or one of its alternates), key leaves, but no matching texture found
17.8.2026 23:11:09 [Warning] Block bdherb:seedling-mustard-planted defines a wildcard texture bdherb:block/plant/seedling/{wildflora}* (or one of its alternates), key leaves, but no matching texture found
17.8.2026 23:11:09 [Warning] Block bdherb:seedling-whitemansfoot-planted defines a wildcard texture bdherb:block/plant/seedling/{wildflora}* (or one of its alternates), key leaves, but no matching texture found
17.8.2026 23:11:09 [Warning] Block bdherb:seedling-poisonoak-planted defines a wildcard texture bdherb:block/plant/seedling/{wildflora}* (or one of its alternates), key leaves, but no matching texture found
17.8.2026 23:11:09 [Warning] Block bdherb:seedling-rockrose-planted defines a wildcard texture bdherb:block/plant/seedling/{wildflora}* (or one of its alternates), key leaves, but no matching texture found
17.8.2026 23:11:09 [Warning] Block bdherb:seedling-rosemary-planted defines a wildcard texture bdherb:block/plant/seedling/{wildflora}* (or one of its alternates), key leaves, but no matching texture found
17.8.2026 23:11:09 [Warning] Block bdherb:seedling-saltwort-planted defines a wildcard texture bdherb:block/plant/seedling/{wildflora}* (or one of its alternates), key leaves, but no matching texture found
17.8.2026 23:11:09 [Warning] Block bdherb:seedling-skunkcabbage-planted defines a wildcard texture bdherb:block/plant/seedling/{wildflora}* (or one of its alternates), key leaves, but no matching texture found
17.8.2026 23:11:09 [Warning] Block bdherb:seedling-stingingnettle-planted defines a wildcard texture bdherb:block/plant/seedling/{wildflora}* (or one of its alternates), key leaves, but no matching texture found
17.8.2026 23:11:09 [Warning] Block bdherb:seedling-stjohnswort-planted defines a wildcard texture bdherb:block/plant/seedling/{wildflora}* (or one of its alternates), key leaves, but no matching texture found
17.8.2026 23:11:09 [Warning] Block bdherb:seedling-tansy-planted defines a wildcard texture bdherb:block/plant/seedling/{wildflora}* (or one of its alternates), key leaves, but no matching texture found
17.8.2026 23:11:09 [Warning] Block bdherb:seedling-woodspurge-planted defines a wildcard texture bdherb:block/plant/seedling/{wildflora}* (or one of its alternates), key leaves, but no matching texture found
17.8.2026 23:11:09 [Warning] Block bdherb:seedling-yarrow-planted defines a wildcard texture bdherb:block/plant/seedling/{wildflora}* (or one of its alternates), key leaves, but no matching texture found
17.8.2026 23:11:09 [Warning] Block bdherb:seedling-angelica-sprouting defines a wildcard texture bdherb:block/plant/seedling/{wildflora}* (or one of its alternates), key leaves, but no matching texture found
17.8.2026 23:11:09 [Warning] Block bdherb:seedling-arnica-sprouting defines a wildcard texture bdherb:block/plant/seedling/{wildflora}* (or one of its alternates), key leaves, but no matching texture found
17.8.2026 23:11:09 [Warning] Block bdherb:seedling-arrowhead-sprouting defines a wildcard texture bdherb:block/plant/seedling/{wildflora}* (or one of its alternates), key leaves, but no matching texture found
17.8.2026 23:11:09 [Warning] Block bdherb:seedling-bearleek-sprouting defines a wildcard texture bdherb:block/plant/seedling/{wildflora}* (or one of its alternates), key leaves, but no matching texture found
17.8.2026 23:11:09 [Warning] Block bdherb:seedling-blackpepper-sprouting defines a wildcard texture bdherb:block/plant/seedling/{wildflora}* (or one of its alternates), key leaves, but no matching texture found
17.8.2026 23:11:09 [Warning] Block bdherb:seedling-burdock-sprouting defines a wildcard texture bdherb:block/plant/seedling/{wildflora}* (or one of its alternates), key leaves, but no matching texture found
17.8.2026 23:11:09 [Warning] Block bdherb:seedling-burnet-sprouting defines a wildcard texture bdherb:block/plant/seedling/{wildflora}* (or one of its alternates), key leaves, but no matching texture found
17.8.2026 23:11:09 [Warning] Block bdherb:seedling-butterbur-sprouting defines a wildcard texture bdherb:block/plant/seedling/{wildflora}* (or one of its alternates), key leaves, but no matching texture found
17.8.2026 23:11:09 [Warning] Block bdherb:seedling-celandine-sprouting defines a wildcard texture bdherb:block/plant/seedling/{wildflora}* (or one of its alternates), key leaves, but no matching texture found
17.8.2026 23:11:09 [Warning] Block bdherb:seedling-chicory-sprouting defines a wildcard texture bdherb:block/plant/seedling/{wildflora}* (or one of its alternates), key leaves, but no matching texture found
17.8.2026 23:11:09 [Warning] Block bdherb:seedling-cicuta-sprouting defines a wildcard texture bdherb:block/plant/seedling/{wildflora}* (or one of its alternates), key leaves, but no matching texture found
17.8.2026 23:11:09 [Warning] Block bdherb:seedling-dill-sprouting defines a wildcard texture bdherb:block/plant/seedling/{wildflora}* (or one of its alternates), key leaves, but no matching texture found
17.8.2026 23:11:09 [Warning] Block bdherb:seedling-dock-sprouting defines a wildcard texture bdherb:block/plant/seedling/{wildflora}* (or one of its alternates), key leaves, but no matching texture found
17.8.2026 23:11:09 [Warning] Block bdherb:seedling-foxglove-sprouting defines a wildcard texture bdherb:block/plant/seedling/{wildflora}* (or one of its alternates), key leaves, but no matching texture found
17.8.2026 23:11:09 [Warning] Block bdherb:seedling-ginger-sprouting defines a wildcard texture bdherb:block/plant/seedling/{wildflora}* (or one of its alternates), key leaves, but no matching texture found
17.8.2026 23:11:09 [Warning] Block bdherb:seedling-ginseng-sprouting defines a wildcard texture bdherb:block/plant/seedling/{wildflora}* (or one of its alternates), key leaves, but no matching texture found
17.8.2026 23:11:09 [Warning] Block bdherb:seedling-holly-sprouting defines a wildcard texture bdherb:block/plant/seedling/{wildflora}* (or one of its alternates), key leaves, but no matching texture found
17.8.2026 23:11:09 [Warning] Block bdherb:seedling-horehound-sprouting defines a wildcard texture bdherb:block/plant/seedling/{wildflora}* (or one of its alternates), key leaves, but no matching texture found
17.8.2026 23:11:09 [Warning] Block bdherb:seedling-inula-sprouting defines a wildcard texture bdherb:block/plant/seedling/{wildflora}* (or one of its alternates), key leaves, but no matching texture found
17.8.2026 23:11:09 [Warning] Block bdherb:seedling-jewelweed-sprouting defines a wildcard texture bdherb:block/plant/seedling/{wildflora}* (or one of its alternates), key leaves, but no matching texture found
17.8.2026 23:11:09 [Warning] Block bdherb:seedling-katuk-sprouting defines a wildcard texture bdherb:block/plant/seedling/{wildflora}* (or one of its alternates), key leaves, but no matching texture found
17.8.2026 23:11:09 [Warning] Block bdherb:seedling-marigold-sprouting defines a wildcard texture bdherb:block/plant/seedling/{wildflora}* (or one of its alternates), key leaves, but no matching texture found
17.8.2026 23:11:09 [Warning] Block bdherb:seedling-marshmallow-sprouting defines a wildcard texture bdherb:block/plant/seedling/{wildflora}* (or one of its alternates), key leaves, but no matching texture found
17.8.2026 23:11:09 [Warning] Block bdherb:seedling-mustard-sprouting defines a wildcard texture bdherb:block/plant/seedling/{wildflora}* (or one of its alternates), key leaves, but no matching texture found
17.8.2026 23:11:09 [Warning] Block bdherb:seedling-whitemansfoot-sprouting defines a wildcard texture bdherb:block/plant/seedling/{wildflora}* (or one of its alternates), key leaves, but no matching texture found
17.8.2026 23:11:09 [Warning] Block bdherb:seedling-poisonoak-sprouting defines a wildcard texture bdherb:block/plant/seedling/{wildflora}* (or one of its alternates), key leaves, but no matching texture found
17.8.2026 23:11:09 [Warning] Block bdherb:seedling-rockrose-sprouting defines a wildcard texture bdherb:block/plant/seedling/{wildflora}* (or one of its alternates), key leaves, but no matching texture found
17.8.2026 23:11:09 [Warning] Block bdherb:seedling-rosemary-sprouting defines a wildcard texture bdherb:block/plant/seedling/{wildflora}* (or one of its alternates), key leaves, but no matching texture found
17.8.2026 23:11:09 [Warning] Block bdherb:seedling-saltwort-sprouting defines a wildcard texture bdherb:block/plant/seedling/{wildflora}* (or one of its alternates), key leaves, but no matching texture found
17.8.2026 23:11:09 [Warning] Block bdherb:seedling-stingingnettle-sprouting defines a wildcard texture bdherb:block/plant/seedling/{wildflora}* (or one of its alternates), key leaves, but no matching texture found
17.8.2026 23:11:09 [Warning] Block bdherb:seedling-stjohnswort-sprouting defines a wildcard texture bdherb:block/plant/seedling/{wildflora}* (or one of its alternates), key leaves, but no matching texture found
17.8.2026 23:11:09 [Warning] Block bdherb:seedling-tansy-sprouting defines a wildcard texture bdherb:block/plant/seedling/{wildflora}* (or one of its alternates), key leaves, but no matching texture found
17.8.2026 23:11:09 [Warning] Block bdherb:seedling-yarrow-sprouting defines a wildcard texture bdherb:block/plant/seedling/{wildflora}* (or one of its alternates), key leaves, but no matching texture found
17.8.2026 23:11:09 [Warning] Texture asset 'game:textures/entity/grub.png' not found (defined in Baked variant of block game:claypot-blue-fired).
17.8.2026 23:11:09 [Warning] Texture asset 'game:textures/block/wood/door/sleek/darkaged.png' not found (defined in Baked variant of block game:door-sleek-windowed-darkaged).
17.8.2026 23:11:09 [Warning] Texture asset 'game:textures/block/wood/door/sleek/lightaged.png' not found (defined in Baked variant of block game:door-sleek-windowed-lightaged).
17.8.2026 23:11:09 [Warning] Texture asset 'game:textures/block/metal/ingot/{material}.png' not found (defined in Item code game:chisel-copper).
17.8.2026 23:11:09 [Warning] Texture asset 'game:textures/item/tool/material/woodenclub.png' not found (defined in Item code qolcrafts:hammerwood).
17.8.2026 23:11:09 [Warning] Texture asset 'game:textures/item/tool/material/wood.png' not found (defined in Item code qolcrafts:hammerwood).
17.8.2026 23:11:09 [Warning] Texture asset 'game:textures/block/wood/bark/veryaged.png' not found (defined in Item code barkcanoe:outrigger-crude-veryaged).
17.8.2026 23:11:09 [Warning] Texture asset 'game:textures/block/wood/bark/ash.png' not found (defined in Item code barkcanoe:outrigger-crude-ash).
17.8.2026 23:11:09 [Warning] Texture asset 'game:textures/block/wood/treetrunk/ash.png' not found (defined in Item code barkcanoe:outrigger-crude-ash).
17.8.2026 23:11:09 [Warning] Texture asset 'game:textures/block/wood/bark/azobe.png' not found (defined in Item code barkcanoe:outrigger-crude-azobe).
17.8.2026 23:11:09 [Warning] Texture asset 'game:textures/block/wood/treetrunk/azobe.png' not found (defined in Item code barkcanoe:outrigger-crude-azobe).
17.8.2026 23:11:09 [Warning] Texture asset 'game:textures/block/wood/bark/banyan.png' not found (defined in Item code barkcanoe:outrigger-crude-banyan).
17.8.2026 23:11:09 [Warning] Texture asset 'game:textures/block/wood/treetrunk/banyan.png' not found (defined in Item code barkcanoe:outrigger-crude-banyan).
17.8.2026 23:11:09 [Warning] Texture asset 'game:textures/block/wood/bark/beech.png' not found (defined in Item code barkcanoe:outrigger-crude-beech).
17.8.2026 23:11:09 [Warning] Texture asset 'game:textures/block/wood/treetrunk/beech.png' not found (defined in Item code barkcanoe:outrigger-crude-beech).
17.8.2026 23:11:09 [Warning] Texture asset 'game:textures/block/wood/bark/bearnut.png' not found (defined in Item code barkcanoe:outrigger-crude-bearnut).
17.8.2026 23:11:09 [Warning] Texture asset 'game:textures/block/wood/treetrunk/bearnut.png' not found (defined in Item code barkcanoe:outrigger-crude-bearnut).
17.8.2026 23:11:09 [Warning] Texture asset 'game:textures/block/wood/bark/bluemahoe.png' not found (defined in Item code barkcanoe:outrigger-crude-bluemahoe).
17.8.2026 23:11:09 [Warning] Texture asset 'game:textures/block/wood/treetrunk/bluemahoe.png' not found (defined in Item code barkcanoe:outrigger-crude-bluemahoe).
17.8.2026 23:11:09 [Warning] Texture asset 'game:textures/block/wood/bark/catalpa.png' not found (defined in Item code barkcanoe:outrigger-crude-catalpa).
17.8.2026 23:11:09 [Warning] Texture asset 'game:textures/block/wood/treetrunk/catalpa.png' not found (defined in Item code barkcanoe:outrigger-crude-catalpa).
17.8.2026 23:11:09 [Warning] Texture asset 'game:textures/block/wood/bark/cedar.png' not found (defined in Item code barkcanoe:outrigger-crude-cedar).
17.8.2026 23:11:09 [Warning] Texture asset 'game:textures/block/wood/treetrunk/cedar.png' not found (defined in Item code barkcanoe:outrigger-crude-cedar).
17.8.2026 23:11:09 [Warning] Texture asset 'game:textures/block/wood/bark/charred.png' not found (defined in Item code barkcanoe:outrigger-crude-charred).
17.8.2026 23:11:09 [Warning] Texture asset 'game:textures/block/wood/treetrunk/charred.png' not found (defined in Item code barkcanoe:outrigger-crude-charred).
17.8.2026 23:11:09 [Warning] Texture asset 'game:textures/block/wood/bark/dalbergia.png' not found (defined in Item code barkcanoe:outrigger-crude-dalbergia).
17.8.2026 23:11:09 [Warning] Texture asset 'game:textures/block/wood/treetrunk/dalbergia.png' not found (defined in Item code barkcanoe:outrigger-crude-dalbergia).
17.8.2026 23:11:09 [Warning] Texture asset 'game:textures/block/wood/bark/douglasfir.png' not found (defined in Item code barkcanoe:outrigger-crude-douglasfir).
17.8.2026 23:11:09 [Warning] Texture asset 'game:textures/block/wood/treetrunk/douglasfir.png' not found (defined in Item code barkcanoe:outrigger-crude-douglasfir).
17.8.2026 23:11:09 [Warning] Texture asset 'game:textures/block/wood/bark/elm.png' not found (defined in Item code barkcanoe:outrigger-crude-elm).
17.8.2026 23:11:09 [Warning] Texture asset 'game:textures/block/wood/treetrunk/elm.png' not found (defined in Item code barkcanoe:outrigger-crude-elm).
17.8.2026 23:11:09 [Warning] Texture asset 'game:textures/block/wood/bark/empresstree.png' not found (defined in Item code barkcanoe:outrigger-crude-empresstree).
17.8.2026 23:11:09 [Warning] Texture asset 'game:textures/block/wood/treetrunk/empresstree.png' not found (defined in Item code barkcanoe:outrigger-crude-empresstree).
17.8.2026 23:11:09 [Warning] Texture asset 'game:textures/block/wood/bark/eucalyptus.png' not found (defined in Item code barkcanoe:outrigger-crude-eucalyptus).
17.8.2026 23:11:09 [Warning] Texture asset 'game:textures/block/wood/treetrunk/eucalyptus.png' not found (defined in Item code barkcanoe:outrigger-crude-eucalyptus).
17.8.2026 23:11:09 [Warning] Texture asset 'game:textures/block/wood/bark/fir.png' not found (defined in Item code barkcanoe:outrigger-crude-fir).
17.8.2026 23:11:09 [Warning] Texture asset 'game:textures/block/wood/treetrunk/fir.png' not found (defined in Item code barkcanoe:outrigger-crude-fir).
17.8.2026 23:11:09 [Warning] Texture asset 'game:textures/block/wood/bark/ghostgum.png' not found (defined in Item code barkcanoe:outrigger-crude-ghostgum).
17.8.2026 23:11:09 [Warning] Texture asset 'game:textures/block/wood/treetrunk/ghostgum.png' not found (defined in Item code barkcanoe:outrigger-crude-ghostgum).
17.8.2026 23:11:09 [Warning] Texture asset 'game:textures/block/wood/bark/ginkgo.png' not found (defined in Item code barkcanoe:outrigger-crude-ginkgo).
17.8.2026 23:11:09 [Warning] Texture asset 'game:textures/block/wood/treetrunk/ginkgo.png' not found (defined in Item code barkcanoe:outrigger-crude-ginkgo).
17.8.2026 23:11:09 [Warning] Texture asset 'game:textures/block/wood/bark/guajacum.png' not found (defined in Item code barkcanoe:outrigger-crude-guajacum).
17.8.2026 23:11:09 [Warning] Texture asset 'game:textures/block/wood/treetrunk/guajacum.png' not found (defined in Item code barkcanoe:outrigger-crude-guajacum).
17.8.2026 23:11:09 [Warning] Texture asset 'game:textures/block/wood/bark/honeylocust.png' not found (defined in Item code barkcanoe:outrigger-crude-honeylocust).
17.8.2026 23:11:09 [Warning] Texture asset 'game:textures/block/wood/treetrunk/honeylocust.png' not found (defined in Item code barkcanoe:outrigger-crude-honeylocust).
17.8.2026 23:11:09 [Warning] Texture asset 'game:textures/block/wood/bark/horsechestnut.png' not found (defined in Item code barkcanoe:outrigger-crude-horsechestnut).
17.8.2026 23:11:09 [Warning] Texture asset 'game:textures/block/wood/treetrunk/horsechestnut.png' not found (defined in Item code barkcanoe:outrigger-crude-horsechestnut).
17.8.2026 23:11:09 [Warning] Texture asset 'game:textures/block/wood/bark/rosewood.png' not found (defined in Item code barkcanoe:outrigger-crude-rosewood).
17.8.2026 23:11:09 [Warning] Texture asset 'game:textures/block/wood/treetrunk/rosewood.png' not found (defined in Item code barkcanoe:outrigger-crude-rosewood).
17.8.2026 23:11:09 [Warning] Texture asset 'game:textures/block/wood/bark/kauri.png' not found (defined in Item code barkcanoe:outrigger-crude-kauri).
17.8.2026 23:11:09 [Warning] Texture asset 'game:textures/block/wood/treetrunk/kauri.png' not found (defined in Item code barkcanoe:outrigger-crude-kauri).
17.8.2026 23:11:09 [Warning] Texture asset 'game:textures/block/wood/bark/leadwood.png' not found (defined in Item code barkcanoe:outrigger-crude-leadwood).
17.8.2026 23:11:09 [Warning] Texture asset 'game:textures/block/wood/treetrunk/leadwood.png' not found (defined in Item code barkcanoe:outrigger-crude-leadwood).
17.8.2026 23:11:09 [Warning] Texture asset 'game:textures/block/wood/bark/linden.png' not found (defined in Item code barkcanoe:outrigger-crude-linden).
17.8.2026 23:11:09 [Warning] Texture asset 'game:textures/block/wood/treetrunk/linden.png' not found (defined in Item code barkcanoe:outrigger-crude-linden).
17.8.2026 23:11:09 [Warning] Texture asset 'game:textures/block/wood/bark/mahogany.png' not found (defined in Item code barkcanoe:outrigger-crude-mahogany).
17.8.2026 23:11:09 [Warning] Texture asset 'game:textures/block/wood/treetrunk/mahogany.png' not found (defined in Item code barkcanoe:outrigger-crude-mahogany).
17.8.2026 23:11:09 [Warning] Texture asset 'game:textures/block/wood/bark/mangrove.png' not found (defined in Item code barkcanoe:outrigger-crude-mangrove).
17.8.2026 23:11:09 [Warning] Texture asset 'game:textures/block/wood/treetrunk/mangrove.png' not found (defined in Item code barkcanoe:outrigger-crude-mangrove).
17.8.2026 23:11:09 [Warning] Texture asset 'game:textures/block/wood/bark/ohia.png' not found (defined in Item code barkcanoe:outrigger-crude-ohia).
17.8.2026 23:11:09 [Warning] Texture asset 'game:textures/block/wood/treetrunk/ohia.png' not found (defined in Item code barkcanoe:outrigger-crude-ohia).
17.8.2026 23:11:09 [Warning] Texture asset 'game:textures/block/wood/bark/poplar.png' not found (defined in Item code barkcanoe:outrigger-crude-poplar).
17.8.2026 23:11:09 [Warning] Texture asset 'game:textures/block/wood/treetrunk/poplar.png' not found (defined in Item code barkcanoe:outrigger-crude-poplar).
17.8.2026 23:11:09 [Warning] Texture asset 'game:textures/block/wood/bark/redcedar.png' not found (defined in Item code barkcanoe:outrigger-crude-redcedar).
17.8.2026 23:11:09 [Warning] Texture asset 'game:textures/block/wood/treetrunk/redcedar.png' not found (defined in Item code barkcanoe:outrigger-crude-redcedar).
17.8.2026 23:11:09 [Warning] Texture asset 'game:textures/block/wood/bark/sal.png' not found (defined in Item code barkcanoe:outrigger-crude-sal).
17.8.2026 23:11:09 [Warning] Texture asset 'game:textures/block/wood/treetrunk/sal.png' not found (defined in Item code barkcanoe:outrigger-crude-sal).
17.8.2026 23:11:09 [Warning] Texture asset 'game:textures/block/wood/bark/sapele.png' not found (defined in Item code barkcanoe:outrigger-crude-sapele).
17.8.2026 23:11:09 [Warning] Texture asset 'game:textures/block/wood/treetrunk/sapele.png' not found (defined in Item code barkcanoe:outrigger-crude-sapele).
17.8.2026 23:11:09 [Warning] Texture asset 'game:textures/block/wood/bark/satinash.png' not found (defined in Item code barkcanoe:outrigger-crude-satinash).
17.8.2026 23:11:09 [Warning] Texture asset 'game:textures/block/wood/treetrunk/satinash.png' not found (defined in Item code barkcanoe:outrigger-crude-satinash).
17.8.2026 23:11:09 [Warning] Texture asset 'game:textures/block/wood/bark/saxaul.png' not found (defined in Item code barkcanoe:outrigger-crude-saxaul).
17.8.2026 23:11:09 [Warning] Texture asset 'game:textures/block/wood/treetrunk/saxaul.png' not found (defined in Item code barkcanoe:outrigger-crude-saxaul).
17.8.2026 23:11:09 [Warning] Texture asset 'game:textures/block/wood/bark/spruce.png' not found (defined in Item code barkcanoe:outrigger-crude-spruce).
17.8.2026 23:11:09 [Warning] Texture asset 'game:textures/block/wood/treetrunk/spruce.png' not found (defined in Item code barkcanoe:outrigger-crude-spruce).
17.8.2026 23:11:09 [Warning] Texture asset 'game:textures/block/wood/bark/spurgetree.png' not found (defined in Item code barkcanoe:outrigger-crude-spurgetree).
17.8.2026 23:11:09 [Warning] Texture asset 'game:textures/block/wood/treetrunk/spurgetree.png' not found (defined in Item code barkcanoe:outrigger-crude-spurgetree).
17.8.2026 23:11:09 [Warning] Texture asset 'game:textures/block/wood/bark/sycamore.png' not found (defined in Item code barkcanoe:outrigger-crude-sycamore).
17.8.2026 23:11:09 [Warning] Texture asset 'game:textures/block/wood/treetrunk/sycamore.png' not found (defined in Item code barkcanoe:outrigger-crude-sycamore).
17.8.2026 23:11:09 [Warning] Texture asset 'game:textures/block/wood/bark/tamanu.png' not found (defined in Item code barkcanoe:outrigger-crude-tamanu).
17.8.2026 23:11:09 [Warning] Texture asset 'game:textures/block/wood/treetrunk/tamanu.png' not found (defined in Item code barkcanoe:outrigger-crude-tamanu).
17.8.2026 23:11:09 [Warning] Texture asset 'game:textures/block/wood/bark/tigerwood.png' not found (defined in Item code barkcanoe:outrigger-crude-tigerwood).
17.8.2026 23:11:09 [Warning] Texture asset 'game:textures/block/wood/treetrunk/tigerwood.png' not found (defined in Item code barkcanoe:outrigger-crude-tigerwood).
17.8.2026 23:11:09 [Warning] Texture asset 'game:textures/block/wood/bark/tuja.png' not found (defined in Item code barkcanoe:outrigger-crude-tuja).
17.8.2026 23:11:09 [Warning] Texture asset 'game:textures/block/wood/treetrunk/tuja.png' not found (defined in Item code barkcanoe:outrigger-crude-tuja).
17.8.2026 23:11:09 [Warning] Texture asset 'game:textures/block/wood/bark/umnini.png' not found (defined in Item code barkcanoe:outrigger-crude-umnini).
17.8.2026 23:11:09 [Warning] Texture asset 'game:textures/block/wood/treetrunk/umnini.png' not found (defined in Item code barkcanoe:outrigger-crude-umnini).
17.8.2026 23:11:09 [Warning] Texture asset 'game:textures/block/wood/bark/willow.png' not found (defined in Item code barkcanoe:outrigger-crude-willow).
17.8.2026 23:11:09 [Warning] Texture asset 'game:textures/block/wood/treetrunk/willow.png' not found (defined in Item code barkcanoe:outrigger-crude-willow).
17.8.2026 23:11:09 [Warning] Texture asset 'game:textures/block/wood/bark/yew.png' not found (defined in Item code barkcanoe:outrigger-crude-yew).
17.8.2026 23:11:09 [Warning] Texture asset 'game:textures/block/wood/treetrunk/yew.png' not found (defined in Item code barkcanoe:outrigger-crude-yew).
17.8.2026 23:11:09 [Warning] Texture asset 'game:textures/block/wood/bark/lightaged.png' not found (defined in Item code barkcanoe:outrigger-crude-lightaged).
17.8.2026 23:11:09 [Warning] Texture asset 'game:textures/block/wood/treetrunk/lightaged.png' not found (defined in Item code barkcanoe:outrigger-crude-lightaged).
17.8.2026 23:11:09 [Warning] Texture asset 'game:textures/block/wood/planks/darkaged1.png' not found (defined in Item code shipwright:oar-basic-darkaged).
17.8.2026 23:11:09 [Warning] Texture asset 'game:textures/block/wood/bark/lightaged-h.png' not found (defined in Item code shipwright:oar-basic-lightaged).
17.8.2026 23:11:09 [Warning] Textureoverlay game:block/wood/trough/large/shadow (32x32 pixel) is not the same width and height as base texture in composite texture game:block/wood/trough/small/egg++0~game:block/wood/trough/large/shadow (32x16 pixel), ignoring.
17.8.2026 23:11:09 [Warning] Textureoverlay game:block/wood/trough/small/shadow (32x32 pixel) is not the same width and height as base texture in composite texture game:block/wood/trough/small/peanut++0~game:block/wood/trough/small/shadow (32x16 pixel), ignoring.
17.8.2026 23:11:09 [Warning] Texture asset 'game:textures/block/plant/flower/stem/lilyofthevalleyleaves.png' not found (defined in Baked variant of block flowers:crop-lilyofthevalley-1).
17.8.2026 23:11:09 [Warning] Texture asset 'qolcrafts:textures/block/soil/peat.png' not found (defined in Baked variant of block qolcrafts:grasspeatpile).
17.8.2026 23:11:10 [Warning] Texture asset 'astralstone:textures/block/stone/polishedrock/granite-inside.png' not found (defined in Baked variant of block astralstone:astralportal).
17.8.2026 23:11:10 [Warning] Texture asset 'bdflower:textures/block/plant/tallgrass/free/veryshort-north.png' not found (defined in Baked variant of block bdflower:tallgrass-veryshort-free).
17.8.2026 23:11:10 [Warning] Texture asset 'bdflower:textures/block/plant/tallgrass/free/veryshort-south.png' not found (defined in Baked variant of block bdflower:tallgrass-veryshort-free).
17.8.2026 23:11:10 [Warning] Texture asset 'bdflower:textures/block/plant/tallgrass/free/short-south.png' not found (defined in Baked variant of block bdflower:tallgrass-short-free).
17.8.2026 23:11:10 [Warning] Texture asset 'bdflower:textures/block/plant/tallgrass/free/short-north.png' not found (defined in Baked variant of block bdflower:tallgrass-short-free).
17.8.2026 23:11:10 [Warning] Texture asset 'bdflower:textures/block/plant/tallgrass/free/mediumshort-north.png' not found (defined in Baked variant of block bdflower:tallgrass-mediumshort-free).
17.8.2026 23:11:10 [Warning] Texture asset 'bdflower:textures/block/plant/tallgrass/free/mediumshort-south.png' not found (defined in Baked variant of block bdflower:tallgrass-mediumshort-free).
17.8.2026 23:11:10 [Warning] Texture asset 'bdflower:textures/block/plant/tallgrass/free/medium-north.png' not found (defined in Baked variant of block bdflower:tallgrass-medium-free).
17.8.2026 23:11:10 [Warning] Texture asset 'bdflower:textures/block/plant/tallgrass/free/medium-south.png' not found (defined in Baked variant of block bdflower:tallgrass-medium-free).
17.8.2026 23:11:10 [Warning] Texture asset 'bdflower:textures/block/plant/tallgrass/free/tall-north.png' not found (defined in Baked variant of block bdflower:tallgrass-tall-free).
17.8.2026 23:11:10 [Warning] Texture asset 'bdflower:textures/block/plant/tallgrass/free/tall-south.png' not found (defined in Baked variant of block bdflower:tallgrass-tall-free).
17.8.2026 23:11:10 [Warning] Texture asset 'bdflower:textures/block/plant/tallgrass/free/verytall-north.png' not found (defined in Baked variant of block bdflower:tallgrass-verytall-free).
17.8.2026 23:11:10 [Warning] Texture asset 'bdflower:textures/block/plant/tallgrass/free/verytall-south.png' not found (defined in Baked variant of block bdflower:tallgrass-verytall-free).
17.8.2026 23:11:10 [Warning] Texture asset 'bdflower:textures/block/plant/tallgrass/free/eaten-north.png' not found (defined in Baked variant of block bdflower:tallgrass-eaten-free).
17.8.2026 23:11:10 [Warning] Texture asset 'bdflower:textures/block/plant/tallgrass/free/eaten-south.png' not found (defined in Baked variant of block bdflower:tallgrass-eaten-free).
17.8.2026 23:11:10 [Warning] Texture asset 'bdflower:textures/block/plant/tallgrass/snow/veryshort-north.png' not found (defined in Baked variant of block bdflower:tallgrass-veryshort-snow).
17.8.2026 23:11:10 [Warning] Texture asset 'bdflower:textures/block/plant/tallgrass/snow/veryshort-south.png' not found (defined in Baked variant of block bdflower:tallgrass-veryshort-snow).
17.8.2026 23:11:10 [Warning] Texture asset 'bdflower:textures/block/plant/tallgrass/snow/short-north.png' not found (defined in Baked variant of block bdflower:tallgrass-short-snow).
17.8.2026 23:11:10 [Warning] Texture asset 'bdflower:textures/block/plant/tallgrass/snow/short-south.png' not found (defined in Baked variant of block bdflower:tallgrass-short-snow).
17.8.2026 23:11:10 [Warning] Texture asset 'bdflower:textures/block/plant/tallgrass/snow/mediumshort-north.png' not found (defined in Baked variant of block bdflower:tallgrass-mediumshort-snow).
17.8.2026 23:11:10 [Warning] Texture asset 'bdflower:textures/block/plant/tallgrass/snow/mediumshort-south.png' not found (defined in Baked variant of block bdflower:tallgrass-mediumshort-snow).
17.8.2026 23:11:10 [Warning] Texture asset 'bdflower:textures/block/plant/tallgrass/snow/medium-north.png' not found (defined in Baked variant of block bdflower:tallgrass-medium-snow).
17.8.2026 23:11:10 [Warning] Texture asset 'bdflower:textures/block/plant/tallgrass/snow/medium-south.png' not found (defined in Baked variant of block bdflower:tallgrass-medium-snow).
17.8.2026 23:11:10 [Warning] Texture asset 'bdflower:textures/block/plant/tallgrass/snow/tall-north.png' not found (defined in Baked variant of block bdflower:tallgrass-tall-snow).
17.8.2026 23:11:10 [Warning] Texture asset 'bdflower:textures/block/plant/tallgrass/snow/tall-south.png' not found (defined in Baked variant of block bdflower:tallgrass-tall-snow).
17.8.2026 23:11:10 [Warning] Texture asset 'bdflower:textures/block/plant/tallgrass/snow/verytall-north.png' not found (defined in Baked variant of block bdflower:tallgrass-verytall-snow).
17.8.2026 23:11:10 [Warning] Texture asset 'bdflower:textures/block/plant/tallgrass/snow/verytall-south.png' not found (defined in Baked variant of block bdflower:tallgrass-verytall-snow).
17.8.2026 23:11:10 [Warning] Texture asset 'bdflower:textures/block/plant/tallgrass/snow/eaten-north.png' not found (defined in Baked variant of block bdflower:tallgrass-eaten-snow).
17.8.2026 23:11:10 [Warning] Texture asset 'bdflower:textures/block/plant/tallgrass/snow/eaten-south.png' not found (defined in Baked variant of block bdflower:tallgrass-eaten-snow).
17.8.2026 23:11:10 [Warning] Texture asset 'bdflower:textures/block/plant/wildvine/wildvine_1.png' not found (defined in Baked variant of block bdflower:wildvine-section-north).
17.8.2026 23:11:10 [Warning] Texture asset 'bdflower:textures/block/plant/wildvine/wildvine_2.png' not found (defined in Baked variant of block bdflower:wildvine-section-north).
17.8.2026 23:11:10 [Warning] Texture asset 'bdflower:textures/block/plant/wildvine/wildvine_3.png' not found (defined in Baked variant of block bdflower:wildvine-section-north).
17.8.2026 23:11:10 [Warning] Texture asset 'bdflower:textures/block/plant/wildvine/wildvine_4.png' not found (defined in Baked variant of block bdflower:wildvine-section-north).
17.8.2026 23:11:10 [Warning] Texture asset 'bdflower:textures/block/plant/wildvine/wildvine_5.png' not found (defined in Baked variant of block bdflower:wildvine-section-north).
17.8.2026 23:11:10 [Warning] Texture asset 'bdflower:textures/block/plant/wildvine/wildvine_6.png' not found (defined in Baked variant of block bdflower:wildvine-section-north).
17.8.2026 23:11:10 [Warning] Texture asset 'bdflower:textures/block/plant/wildvine/wildvineend_1.png' not found (defined in Baked variant of block bdflower:wildvine-end-north).
17.8.2026 23:11:10 [Warning] Texture asset 'bdflower:textures/block/plant/wildvine/wildvineend_2.png' not found (defined in Baked variant of block bdflower:wildvine-end-north).
17.8.2026 23:11:10 [Warning] Texture asset 'bdflower:textures/block/plant/wildvine/wildvineend_3.png' not found (defined in Baked variant of block bdflower:wildvine-end-north).
17.8.2026 23:11:10 [Warning] Texture asset 'bdflower:textures/block/plant/wildvine/wildvineend_4.png' not found (defined in Baked variant of block bdflower:wildvine-end-north).
17.8.2026 23:11:10 [Warning] Texture asset 'bdflower:textures/block/plant/wildvine/wildvineend_5.png' not found (defined in Baked variant of block bdflower:wildvine-end-north).
17.8.2026 23:11:10 [Warning] Texture asset 'bdflower:textures/block/plant/wildvine/wildvineend_6.png' not found (defined in Baked variant of block bdflower:wildvine-end-north).
17.8.2026 23:11:10 [Warning] Texture asset 'game:textures/block/clay/earthyorangeclay.png' not found (defined in Baked variant of block fromgoldencombs:hivetop-earthyorange-raw).
17.8.2026 23:11:10 [Warning] Texture asset 'game:textures/block/wood/bark/lightaged-h.png' not found (defined in Baked variant of block postsandbeams:decorbeam-lightaged-barked-ns).
17.8.2026 23:11:10 [Warning] Texture asset 'bdherb:textures/block/plant/butterbur/{herbcrops}.png' not found (defined in Baked variant of block bdherb:crop-butterbur-3).
17.8.2026 23:11:10 [Warning] Texture asset 'bdherb:textures/block/plant/butterbur/{herbcrops}_leaf_big.png' not found (defined in Baked variant of block bdherb:crop-butterbur-3).
17.8.2026 23:11:10 [Warning] Texture asset 'bdherb:textures/block/plant/butterbur/{herbcrops}_leaf_small.png' not found (defined in Baked variant of block bdherb:crop-butterbur-3).
17.8.2026 23:11:10 [Warning] Texture asset 'bdherb:textures/block/plant/leafygroundvegetable/normal/minerslettuce_stems.png' not found (defined in Baked variant of block bdherb:crop-minerslettuce-3).
17.8.2026 23:11:10 [Warning] Texture asset 'bdherb:textures/block/plant/leafygroundvegetable/normal/minerslettuce_leaves.png' not found (defined in Baked variant of block bdherb:crop-minerslettuce-3).
17.8.2026 23:11:10 [Warning] Texture asset 'bdherb:textures/block/plant/leafygroundvegetable/normal/woodspurge_stems.png' not found (defined in Baked variant of block bdherb:crop-woodspurge-3).
17.8.2026 23:11:10 [Warning] Texture asset 'bdherb:textures/block/plant/leafygroundvegetable/normal/woodspurge_leaves.png' not found (defined in Baked variant of block bdherb:crop-woodspurge-3).
17.8.2026 23:11:10 [Warning] Texture asset 'bdherb:textures/block/plant/leafygroundvegetable/normal/woodspurge_leaflets.png' not found (defined in Baked variant of block bdherb:crop-woodspurge-3).
17.8.2026 23:11:10 [Warning] Texture asset 'bdherb:textures/block/plant/leafygroundvegetable/normal/arrowhead.png' not found (defined in Baked variant of block bdherb:arrowhead-arrowhead-normal).
17.8.2026 23:11:10 [Warning] Texture asset 'bdherb:textures/block/plant/butterbur/rhubarb.png' not found (defined in Baked variant of block bdherb:leafyperennialplant-rhubarb-normal).
17.8.2026 23:11:10 [Warning] Texture asset 'bdherb:textures/block/plant/butterbur/rhubarb_leaf_big.png' not found (defined in Baked variant of block bdherb:leafyperennialplant-rhubarb-normal).
17.8.2026 23:11:10 [Warning] Texture asset 'bdherb:textures/block/plant/butterbur/rhubarb_leaf_small.png' not found (defined in Baked variant of block bdherb:leafyperennialplant-rhubarb-normal).
17.8.2026 23:11:10 [Warning] Texture asset 'bdherb:textures/block/plant/leafygroundvegetable/harvested/lavender.png' not found (defined in Baked variant of block bdherb:evergreenplant-lavender-harvested).
17.8.2026 23:11:10 [Warning] Texture asset 'bdherb:textures/block/plant/leafygroundvegetable/normal/lavender.png' not found (defined in Baked variant of block bdherb:evergreenplant-lavender-normal).
17.8.2026 23:11:10 [Warning] Texture asset 'bdshrub:textures/block/plant/berrybush/cuttings/beautyberry-stem1.png' not found (defined in Baked variant of block bdshrub:fruitingbushcutting-beautyberry-free).
17.8.2026 23:11:10 [Warning] Texture asset 'bdshrub:textures/block/plant/berrybush/cuttings/beautyberry-stem2.png' not found (defined in Baked variant of block bdshrub:fruitingbushcutting-beautyberry-free).
17.8.2026 23:11:10 [Warning] Texture asset 'bdshrub:textures/block/plant/berrybush/cuttings/beautyberry-leaves1.png' not found (defined in Baked variant of block bdshrub:fruitingbushcutting-beautyberry-free).
17.8.2026 23:11:10 [Warning] Texture asset 'bdshrub:textures/block/plant/berrybush/cuttings/beautyberry-leaves2.png' not found (defined in Baked variant of block bdshrub:fruitingbushcutting-beautyberry-free).
17.8.2026 23:11:10 [Warning] Texture asset 'bdshrub:textures/block/plant/berrybush/cuttings/blueberry-stem1.png' not found (defined in Baked variant of block bdshrub:fruitingbushcutting-blueberry-free).
17.8.2026 23:11:10 [Warning] Texture asset 'bdshrub:textures/block/plant/berrybush/cuttings/blueberry-stem2.png' not found (defined in Baked variant of block bdshrub:fruitingbushcutting-blueberry-free).
17.8.2026 23:11:10 [Warning] Texture asset 'bdshrub:textures/block/plant/berrybush/cuttings/blueberry-leaves1.png' not found (defined in Baked variant of block bdshrub:fruitingbushcutting-blueberry-free).
17.8.2026 23:11:10 [Warning] Texture asset 'bdshrub:textures/block/plant/berrybush/cuttings/blueberry-leaves2.png' not found (defined in Baked variant of block bdshrub:fruitingbushcutting-blueberry-free).
17.8.2026 23:11:10 [Warning] Texture asset 'bdshrub:textures/block/plant/berrybush/cuttings/cranberry-stem1.png' not found (defined in Baked variant of block bdshrub:fruitingbushcutting-cranberry-free).
17.8.2026 23:11:10 [Warning] Texture asset 'bdshrub:textures/block/plant/berrybush/cuttings/cranberry-stem2.png' not found (defined in Baked variant of block bdshrub:fruitingbushcutting-cranberry-free).
17.8.2026 23:11:10 [Warning] Texture asset 'bdshrub:textures/block/plant/berrybush/cuttings/cranberry-leaves1.png' not found (defined in Baked variant of block bdshrub:fruitingbushcutting-cranberry-free).
17.8.2026 23:11:10 [Warning] Texture asset 'bdshrub:textures/block/plant/berrybush/cuttings/cranberry-leaves2.png' not found (defined in Baked variant of block bdshrub:fruitingbushcutting-cranberry-free).
17.8.2026 23:11:10 [Warning] Texture asset 'bdshrub:textures/block/plant/berrybush/cuttings/currant-stem1.png' not found (defined in Baked variant of block bdshrub:fruitingbushcutting-currantblack-free).
17.8.2026 23:11:10 [Warning] Texture asset 'bdshrub:textures/block/plant/berrybush/cuttings/currant-stem2.png' not found (defined in Baked variant of block bdshrub:fruitingbushcutting-currantblack-free).
17.8.2026 23:11:10 [Warning] Texture asset 'bdshrub:textures/block/plant/berrybush/cuttings/currant-leaves1.png' not found (defined in Baked variant of block bdshrub:fruitingbushcutting-currantblack-free).
17.8.2026 23:11:10 [Warning] Texture asset 'bdshrub:textures/block/plant/berrybush/cuttings/currant-leaves2.png' not found (defined in Baked variant of block bdshrub:fruitingbushcutting-currantblack-free).
17.8.2026 23:11:10 [Warning] Texture asset 'bdshrub:textures/block/plant/berrybush/cuttings/strawberry-stem1.png' not found (defined in Baked variant of block bdshrub:fruitingbushcutting-strawberry-free).
17.8.2026 23:11:10 [Warning] Texture asset 'bdshrub:textures/block/plant/berrybush/cuttings/strawberry-stem2.png' not found (defined in Baked variant of block bdshrub:fruitingbushcutting-strawberry-free).
17.8.2026 23:11:10 [Warning] Texture asset 'bdshrub:textures/block/plant/berrybush/cuttings/strawberry-leaves1.png' not found (defined in Baked variant of block bdshrub:fruitingbushcutting-strawberry-free).
17.8.2026 23:11:10 [Warning] Texture asset 'bdshrub:textures/block/plant/berrybush/cuttings/strawberry-leaves2.png' not found (defined in Baked variant of block bdshrub:fruitingbushcutting-strawberry-free).
17.8.2026 23:11:10 [Warning] Texture asset 'heraldry:textures/block/wood/debarked/oak.png' not found (defined in Baked variant of block heraldry:heraldryworkbench-north).
17.8.2026 23:11:10 [Warning] Texture asset 'heraldry:textures/block/wood/planks/oak1.png' not found (defined in Baked variant of block heraldry:heraldryworkbench-north).
17.8.2026 23:11:10 [Warning] Texture asset 'heraldrybanners:textures/block/wood/bark/aged.png' not found (defined in Baked variant of block heraldrybanners:pole-flag-ground1x4-north).
17.8.2026 23:11:10 [Warning] Texture asset 'heraldrybanners:textures/block/wood/debarked/oak.png' not found (defined in Baked variant of block heraldrybanners:pole-flag-ground1x4-north).
17.8.2026 23:11:12 [Notification] Composed 1 4096x4096 blocks texture atlases from 13184 textures
17.8.2026 23:11:14 [Notification] [Config lib] Configs received from server: 26
17.8.2026 23:11:14 [Error] Missing mapping for texture code #pores during shape tesselation of block ndlmushroomgrowth:gtroughgrown-devilbolete using shape ndlmushroomgrowth:mushroomgrowth/groundtrough/gtroughgrown/gtroughdevilbolete, or one of its alternates
17.8.2026 23:11:14 [Error] Missing mapping for texture code #pores during shape tesselation of block ndlmushroomgrowth:gtroughgrown-devilbolete using shape ndlmushroomgrowth:mushroomgrowth/groundtrough/gtroughgrown/gtroughdevilbolete, or one of its alternates
17.8.2026 23:11:14 [Error] Missing mapping for texture code #pores during shape tesselation of block ndlmushroomgrowth:gtroughgrown-devilbolete using shape ndlmushroomgrowth:mushroomgrowth/groundtrough/gtroughgrown/gtroughdevilbolete, or one of its alternates
17.8.2026 23:11:14 [Notification] Server assets loaded
17.8.2026 23:11:15 [Notification] Blocks tesselated
17.8.2026 23:11:15 [Warning] Texture asset 'bdherb:textures/items/skunkcabbage_leaves.png' not found (defined in Item code bdherb:skunkcabbage-leaves).
17.8.2026 23:11:16 [Notification] [VSA][Api][LoadingGate] installed (timeout=25s budget=60ms/frame); tasks register via LoadingGateRegistry
17.8.2026 23:11:16 [Notification] [VSA][Api][FrustumGuard] installed (short-circuits ModelDataPoolLocation.IsVisible unsafe cull modes until FrustumCulling.playerPos is primed -- vanilla early-load NRE guard)
17.8.2026 23:11:16 [Notification] Loaded Shaderprogramm for render pass standard.
17.8.2026 23:11:16 [Notification] [ValksFuzzyClouds] Harmony patches applied.
17.8.2026 23:11:16 [Notification] Loaded Shaderprogramm for render pass customstandard.
17.8.2026 23:11:16 [Notification] Loaded Shaderprogramm for render pass customstandardfirstperson.
17.8.2026 23:11:16 [Notification] Loaded Shaderprogramm for render pass entityanimated.
17.8.2026 23:11:16 [Notification] [Subclasses] Config loaded successfully
17.8.2026 23:11:17 [Notification] Loaded Shaderprogramm for render pass chunktransmittance.
17.8.2026 23:11:18 [Notification] Loaded Shaderprogramm for render pass standard.
17.8.2026 23:11:18 [Notification] Loaded Shaderprogramm for render pass entityanimated.
17.8.2026 23:11:18 [Notification] Loaded Shaderprogramm for render pass particlescube.
17.8.2026 23:11:18 [Notification] Loaded Shaderprogramm for render pass lines.
17.8.2026 23:11:18 [Notification] Loaded Shaderprogramm for render pass aurora.
17.8.2026 23:11:18 [Notification] Initialised WeatherSystemClient. simLightning is loaded.
17.8.2026 23:11:18 [Notification] Loaded Shaderprogramm for render pass squintoverlay.
17.8.2026 23:11:18 [Notification] Loaded Shaderprogramm for render pass customstandard.
17.8.2026 23:11:18 [Notification] Loaded Shaderprogramm for render pass customstandardfirstperson.
17.8.2026 23:11:18 [Notification] [Auto Map Markers] Extracted _core.json to C:\Users\nicol\AppData\Roaming\VintagestoryData\ModConfig\AutoMapMarkers/MarkerDefinitions
17.8.2026 23:11:18 [Notification] [Auto Map Markers] Loading marker definitions (Client)...
17.8.2026 23:11:18 [Notification] [Auto Map Markers] Marker definitions loaded: 4 categories, 54 entries.
17.8.2026 23:11:19 [Notification] [AutoChisel] Loaded user generator: Column / Pillar
17.8.2026 23:11:19 [Notification] [AutoChisel] Loaded user generator: QR Code
17.8.2026 23:11:19 [Notification] [AutoChisel] Loaded user generator: Text
17.8.2026 23:11:19 [Notification] NDLTorchholders: Removed 0 recipes
17.8.2026 23:11:19 [Notification] [SheyderMod] Harmony patched: virtual System.Void Vintagestory.Client.NoObf.ShaderProgramBase::BindTexture2D(System.String samplerName, System.Int32 textureId, System.Int32 textureNumber)
17.8.2026 23:11:19 [Notification] [SheyderMod] Harmony patched: static System.Void Vintagestory.Client.NoObf.ShaderRegistry::LoadShader(Vintagestory.Client.NoObf.ShaderProgram program, Vintagestory.API.Client.EnumShaderType shaderType)
17.8.2026 23:11:19 [Notification] [SheyderMod] Mod ready. Commands: .sheyder reload | save | gui
17.8.2026 23:11:19 [Notification] [vigor] Stamina systems ready. Diagnostics disabled in vigor.json.
17.8.2026 23:11:19 [Notification] Loaded Shaderprogramm for render pass sleepoverlay.
17.8.2026 23:11:19 [Notification] Loaded Shaderprogramm for render pass machinegear.
17.8.2026 23:11:19 [Notification] Started 255 systems on Client:
17.8.2026 23:11:19 [Notification]     Mod 'Knapster_v4.0.0.zip' (knapster):
17.8.2026 23:11:19 [Notification]         Knapster.Program
17.8.2026 23:11:19 [Notification]         Knapster.Features.ModMenu.Systems.KnapsterAdminModMenu
17.8.2026 23:11:19 [Notification]         Knapster.Features.EasyTilling.Systems.EasyTillingClient
17.8.2026 23:11:19 [Notification]         Knapster.Features.EasySmithing.Systems.EasySmithingClient
17.8.2026 23:11:19 [Notification]         Knapster.Features.EasyPressing.Systems.EasyPressingClient
17.8.2026 23:11:19 [Notification]         Knapster.Features.EasyPanning.Systems.EasyPanningClient
17.8.2026 23:11:19 [Notification]         Knapster.Features.EasyMixingBowl.Systems.EasyMixingBowlClient
17.8.2026 23:11:19 [Notification]         Knapster.Features.EasyKnapping.Systems.EasyKnappingClient
17.8.2026 23:11:19 [Notification]         Knapster.Features.EasyHarvesting.Systems.EasyHarvestingClient
17.8.2026 23:11:19 [Notification]         Knapster.Features.EasyGrinding.Systems.EasyGrindingClient
17.8.2026 23:11:19 [Notification]         Knapster.Features.EasyClayForming.Systems.EasyClayFormingClient
17.8.2026 23:11:19 [Notification]     Mod 'xSkills Gilded v1.3.36.zip' (xskillsgilded):
17.8.2026 23:11:19 [Notification]         xSkillGilded.VSImGuiFontPatcher
17.8.2026 23:11:19 [Notification]         xSkillGilded.VSImGuiFontPostPatcher
17.8.2026 23:11:19 [Notification]         xSkillGilded.xSkillGraphicalUI
17.8.2026 23:11:19 [Notification]     Mod 'overhaullib_2.0.9.zip' (overhaullib):
17.8.2026 23:11:19 [Notification]         OverhaulLib.OverhaulLibSystem
17.8.2026 23:11:19 [Notification]         OverhaulLib.Utils.ProtoBufSupport.OpenTKProtoBufSupportSystem
17.8.2026 23:11:19 [Notification]     Mod 'VSEssentials.dll' (game):
17.8.2026 23:11:19 [Notification]         Vintagestory.ServerMods.Core
17.8.2026 23:11:19 [Notification]         Vintagestory.GameContent.EntityPartitioning
17.8.2026 23:11:19 [Notification]         Vintagestory.GameContent.ErrorReporter
17.8.2026 23:11:19 [Notification]         Vintagestory.ServerMods.ModCompatiblityUtil
17.8.2026 23:11:19 [Notification]         Vintagestory.ServerMods.NoObf.ModJsonPatchLoader
17.8.2026 23:11:19 [Notification]         FluffyClouds.FluffyCloudsModSystem
17.8.2026 23:11:19 [Notification]         Vintagestory.Systems.ModSystemTfEditFromAttributes
17.8.2026 23:11:19 [Notification]         Vintagestory.ServerMods.GenMaps
17.8.2026 23:11:19 [Notification]         Vintagestory.ServerMods.ModSystemWorldGenStructures
17.8.2026 23:11:19 [Notification]         Vintagestory.GameContent.ModSystemRenderFallingBlocksFast
17.8.2026 23:11:19 [Notification]         Vintagestory.GameContent.FallingBlockParticlesModSystem
17.8.2026 23:11:19 [Notification]         Vintagestory.GameContent.ModSystemItemRendererOptimizer
17.8.2026 23:11:19 [Notification]         Vintagestory.GameContent.ModSystemFpHands
17.8.2026 23:11:19 [Notification]         Vintagestory.GameContent.CharacterExtraDialogs
17.8.2026 23:11:19 [Notification]         Vintagestory.GameContent.EntityNameTagRendererRegistry
17.8.2026 23:11:19 [Notification]         Vintagestory.GameContent.ModSystemAmbientParticles
17.8.2026 23:11:19 [Notification]         Vintagestory.GameContent.EntityParticleSpawner
17.8.2026 23:11:19 [Notification]         Vintagestory.GameContent.EntityParticleSystem
17.8.2026 23:11:19 [Notification]         Vintagestory.GameContent.POIRegistry
17.8.2026 23:11:19 [Notification]         Vintagestory.GameContent.ModSystemProgressBar
17.8.2026 23:11:19 [Notification]         Vintagestory.GameContent.RoomRegistry
17.8.2026 23:11:19 [Notification]         Vintagestory.GameContent.WeatherSystemCommands
17.8.2026 23:11:19 [Notification]         Vintagestory.GameContent.WeatherSystemClient
17.8.2026 23:11:19 [Notification]         Vintagestory.GameContent.SystemRemotePlayerTracking
17.8.2026 23:11:19 [Notification]         Vintagestory.GameContent.WorldMapManager
17.8.2026 23:11:19 [Notification]         Vintagestory.ServerMods.LoadColorMaps
17.8.2026 23:11:19 [Notification]         Vintagestory.GameContent.ClothManager
17.8.2026 23:11:19 [Notification]     Mod 'vsimgui_1.2.7.zip' (vsimgui):
17.8.2026 23:11:19 [Notification]         VSImGui.ImGuiModSystem
17.8.2026 23:11:19 [Notification]     Mod 'VSA_API_V0.14.1.zip' (vsaapi):
17.8.2026 23:11:19 [Notification]         VSA.Api.VSAApiModSystem
17.8.2026 23:11:19 [Notification]     Mod 'VSSurvivalMod.dll' (survival):
17.8.2026 23:11:19 [Notification]         Vintagestory.GameContent.ModSystemControlPoints
17.8.2026 23:11:19 [Notification]         Vintagestory.GameContent.SurvivalCoreSystem
17.8.2026 23:11:19 [Notification]         Vintagestory.Systems.StoryLockableDoor
17.8.2026 23:11:19 [Notification]         Vintagestory.Client.NoObf.StoryGenFailedSystem
17.8.2026 23:11:19 [Notification]         Vintagestory.Client.NoObf.ModSystemBossHealthBars
17.8.2026 23:11:19 [Notification]         Vintagestory.ServerMods.UpgradeTasks
17.8.2026 23:11:19 [Notification]         Vintagestory.ServerMods.ModSystemDetailModeSync
17.8.2026 23:11:19 [Notification]         Vintagestory.ServerMods.ModSystemTiledDungeons
17.8.2026 23:11:19 [Notification]         Vintagestory.GameContent.MSShapeFromAttrCacheHelper
17.8.2026 23:11:19 [Notification]         Vintagestory.GameContent.MyceliumSystem
17.8.2026 23:11:19 [Notification]         Vintagestory.GameContent.ModSystemLabelMeshCache
17.8.2026 23:11:19 [Notification]         Vintagestory.GameContent.ModSystemShapeFromAttributesTransform
17.8.2026 23:11:19 [Notification]         Vintagestory.GameContent.ModSystemCatchCreature
17.8.2026 23:11:19 [Notification]         Vintagestory.GameContent.FishingSupportModSystem
17.8.2026 23:11:19 [Notification]         Vintagestory.GameContent.ModSystemGliding
17.8.2026 23:11:19 [Notification]         Vintagestory.GameContent.ModSystemMeasuringRope
17.8.2026 23:11:19 [Notification]         Vintagestory.GameContent.ModSystemStopRaiseShieldAnim
17.8.2026 23:11:19 [Notification]         Vintagestory.GameContent.ModSystemSnowShoveling
17.8.2026 23:11:19 [Notification]         Vintagestory.GameContent.ModSystemSubTongsDurability
17.8.2026 23:11:19 [Notification]         Vintagestory.GameContent.Timeswitch
17.8.2026 23:11:19 [Notification]         Vintagestory.GameContent.ScreenshakeToClientModSystem
17.8.2026 23:11:19 [Notification]         Vintagestory.GameContent.StoryStructuresSpawnConditions
17.8.2026 23:11:19 [Notification]         Vintagestory.GameContent.ModSystemNPCHairStyling
17.8.2026 23:11:19 [Notification]         Vintagestory.GameContent.ModSystemSkinnableAdditions
17.8.2026 23:11:19 [Notification]         Vintagestory.GameContent.ModSystemVillagerDebug
17.8.2026 23:11:19 [Notification]         Vintagestory.GameContent.ModSystemAuction
17.8.2026 23:11:19 [Notification]         Vintagestory.GameContent.ModSystemBlockReinforcement
17.8.2026 23:11:19 [Notification]         Vintagestory.GameContent.Core
17.8.2026 23:11:19 [Notification]         Vintagestory.GameContent.ModSystemBoatingSoundAndRatlineStamina
17.8.2026 23:11:19 [Notification]         Vintagestory.GameContent.ModSystemShipConstructionSitePreview
17.8.2026 23:11:19 [Notification]         Vintagestory.GameContent.CharacterSystem
17.8.2026 23:11:19 [Notification]         Vintagestory.GameContent.MealMeshCache
17.8.2026 23:11:19 [Notification]         Vintagestory.GameContent.VariablesModSystem
17.8.2026 23:11:19 [Notification]         Vintagestory.GameContent.ModsystemElevator
17.8.2026 23:11:19 [Notification]         Vintagestory.GameContent.ActivityModSystem
17.8.2026 23:11:19 [Notification]         Vintagestory.GameContent.ActivityEditorSystem
17.8.2026 23:11:19 [Notification]         Vintagestory.GameContent.ModSystemFarming
17.8.2026 23:11:19 [Notification]         Vintagestory.GameContent.ModSystemCommandHandbook
17.8.2026 23:11:19 [Notification]         Vintagestory.GameContent.ModSystemSurvivalHandbook
17.8.2026 23:11:19 [Notification]         Vintagestory.GameContent.ModSystemTutorial
17.8.2026 23:11:19 [Notification]         Vintagestory.GameContent.HeldItemMouseInputHandler
17.8.2026 23:11:19 [Notification]         Vintagestory.GameContent.ModSystemNightVision
17.8.2026 23:11:19 [Notification]         Vintagestory.GameContent.TobiasTeleporter
17.8.2026 23:11:19 [Notification]         Vintagestory.GameContent.ModJournal
17.8.2026 23:11:19 [Notification]         Vintagestory.GameContent.LiquidItemStackRenderer
17.8.2026 23:11:19 [Notification]         Vintagestory.GameContent.ModSystemStructureLocator
17.8.2026 23:11:19 [Notification]         Vintagestory.GameContent.ModLootRandomizer
17.8.2026 23:11:19 [Notification]         Vintagestory.GameContent.ModSystemChiselCommands
17.8.2026 23:11:19 [Notification]         Vintagestory.GameContent.MicroBlockModelCache
17.8.2026 23:11:19 [Notification]         Vintagestory.GameContent.ModSystemEntityOwnership
17.8.2026 23:11:19 [Notification]         Vintagestory.GameContent.ModSystemRifts
17.8.2026 23:11:19 [Notification]         Vintagestory.GameContent.ModSystemRiftWeather
17.8.2026 23:11:19 [Notification]         Vintagestory.GameContent.ModSleeping
17.8.2026 23:11:19 [Notification]         Vintagestory.GameContent.ModSystemUnbreakSupportBeam
17.8.2026 23:11:19 [Notification]         Vintagestory.GameContent.ModSystemSupportBeamPlacer
17.8.2026 23:11:19 [Notification]         Vintagestory.GameContent.TeleporterManager
17.8.2026 23:11:19 [Notification]         Vintagestory.GameContent.ModTemperature
17.8.2026 23:11:19 [Notification]         Vintagestory.GameContent.SystemTemporalStability
17.8.2026 23:11:19 [Notification]         Vintagestory.GameContent.TemporalStabilityEffects
17.8.2026 23:11:19 [Notification]         Vintagestory.GameContent.ModSystemWearableStats
17.8.2026 23:11:19 [Notification]         Vintagestory.GameContent.ModSystemEditableBook
17.8.2026 23:11:19 [Notification]         Vintagestory.GameContent.Mechanics.MechanicalPowerMod
17.8.2026 23:11:19 [Notification]         Vintagestory.GameContent.TradeHandbookInfo
17.8.2026 23:11:19 [Notification]         Vintagestory.ServerMods.GenDevastationLayer
17.8.2026 23:11:19 [Notification]         Vintagestory.GameContent.RecipeRegistrySystem
17.8.2026 23:11:19 [Notification]         Vintagestory.GameContent.ModSystemOreMap
17.8.2026 23:11:19 [Notification]         Vintagestory.GameContent.ModSystemSnowballs
17.8.2026 23:11:19 [Notification]         Vintagestory.GameContent.HumanoidOutfits
17.8.2026 23:11:19 [Notification]         Vintagestory.GameContent.ModSystemDevastationEffects
17.8.2026 23:11:19 [Notification]     Mod 'CommonLibForked_VS1.22.0_net10_v2.8.1.zip' (commonlibforked):
17.8.2026 23:11:19 [Notification]         CommonLib.Config.ConfigManager
17.8.2026 23:11:19 [Notification]         CommonLib.Core
17.8.2026 23:11:19 [Notification]     Mod 'VSCreativeMod.dll' (creative):
17.8.2026 23:11:19 [Notification]         Vintagestory.ServerMods.Core
17.8.2026 23:11:19 [Notification]         Vintagestory.ServerMods.WorldEdit.WorldEdit
17.8.2026 23:11:19 [Notification]     Mod 'configlib_1.12.0.zip' (configlib):
17.8.2026 23:11:19 [Notification]         ConfigLib.ConfigLibModSystem
17.8.2026 23:11:19 [Notification]     Mod 'valksfuzzyclouds_2.1.3.zip' (valksfuzzyclouds):
17.8.2026 23:11:19 [Notification]         ValksFuzzyClouds.ValksFuzzyCloudsModSystem
17.8.2026 23:11:19 [Notification]     Mod 'jsonpatcheslib_1.5.3.zip' (jsonpatcheslib):
17.8.2026 23:11:19 [Notification]         JsonPatchLib.JsonPatchLibSystem
17.8.2026 23:11:19 [Notification]     Mod 'adventurers-walking-stick-net10_3.0.9.zip' (walkingstick):
17.8.2026 23:11:19 [Notification]         WalkingStick.WalkingStickModSystem
17.8.2026 23:11:19 [Notification]         WalkingStick.ModSystemMeasuringRope
17.8.2026 23:11:19 [Notification]         WalkingStick.WalkingStick
17.8.2026 23:11:19 [Notification]     Mod 'ChiselTools1.17.3.zip' (chiseltools):
17.8.2026 23:11:19 [Notification]         chisel.src.ChiselToolLoader
17.8.2026 23:11:19 [Notification]     Mod 'containersbundle_1.3.1.zip' (containersbundle):
17.8.2026 23:11:19 [Notification]         ContainersBundle.ContainersBundleModSystem
17.8.2026 23:11:19 [Notification]     Mod 'ExtraChests - Fantasy Edition v3.0.0.zip' (extrachestsfantasyedition):
17.8.2026 23:11:19 [Notification]         ExtraChests.ExtraChests
17.8.2026 23:11:19 [Notification]     Mod 'InterestingOreGen-v2.3.8.zip' (interestingoregen):
17.8.2026 23:11:19 [Notification]         InterestingOreGen.IOGCore
17.8.2026 23:11:19 [Notification]     Mod 'overhaulliblegacycompat_1.1.55.zip' (overhaulliblegacycompat):
17.8.2026 23:11:19 [Notification]         CombatOverhaul.FueledItemSystem
17.8.2026 23:11:19 [Notification]         CombatOverhaul.LogStuff
17.8.2026 23:11:19 [Notification]         CombatOverhaul.CombatOverhaulSystem
17.8.2026 23:11:19 [Notification]         CombatOverhaul.CombatOverhaulAnimationsSystem
17.8.2026 23:11:19 [Notification]         CombatOverhaul.WeaponBuffs.WeaponBuffSystem
17.8.2026 23:11:19 [Notification]         CombatOverhaul.Compatibility.PlayerModelLibCompatibilitySystem
17.8.2026 23:11:19 [Notification]     Mod 'P1nksShelvingTweaks_1.0.8.zip' (p1nksshelvingtweaks):
17.8.2026 23:11:19 [Notification]         P1nksShelvingTweaks.P1nksShelvingTweaksSystem
17.8.2026 23:11:19 [Notification]     Mod 'primitivesurvival_5.0.6.zip' (primitivesurvival):
17.8.2026 23:11:19 [Notification]         PrimitiveSurvival.ModSystem.PrimitiveSurvivalSystem
17.8.2026 23:11:19 [Notification]     Mod 'racialability_0.2.7.zip' (racialability):
17.8.2026 23:11:19 [Notification]         Subclasses.ConfigurationSynchronization
17.8.2026 23:11:19 [Notification]         Subclasses.SubclassesModSystem
17.8.2026 23:11:19 [Notification]         Subclasses.CharacterSystem
17.8.2026 23:11:19 [Notification]         racialability.RacialAbilityModSystem
17.8.2026 23:11:19 [Notification]     Mod 'spinningwheel_1.2.12.zip' (spinningwheel):
17.8.2026 23:11:19 [Notification]         SpinningWheel.ModSystem.SpinningWheelModSystem
17.8.2026 23:11:19 [Notification]     Mod 'Stoneworks_1.0.2.zip' (meapineapplestone):
17.8.2026 23:11:19 [Notification]         Stoneworks.StoneworksModSystem
17.8.2026 23:11:19 [Notification]     Mod 'TemporalVessels_1.0.3.zip' (temporalvessels):
17.8.2026 23:11:19 [Notification]         TemporalVesselsCodex.TemporalVesselsModSystem
17.8.2026 23:11:19 [Notification]     Mod 'TerraTag_0.5.0.zip' (terratag):
17.8.2026 23:11:19 [Notification]         TerraTag.TerraTagModSystem
17.8.2026 23:11:19 [Notification]     Mod 'ToolBelt_0.3.5.zip' (toolbelt):
17.8.2026 23:11:19 [Notification]         Toolbelt.ToolbeltModSystem
17.8.2026 23:11:19 [Notification]     Mod 'TransmittanceV1.0.0.zip' (transmittance):
17.8.2026 23:11:19 [Notification]         Transmittance.TransmittanceModSystem
17.8.2026 23:11:19 [Notification]     Mod 'VintageTimelapse-0.1.0.zip' (vintagetimelapse):
17.8.2026 23:11:19 [Notification]         VintageTimelapse.VintageTimelapseModSystem
17.8.2026 23:11:19 [Notification]     Mod 'wanderers-sketchbook-net10-2.0.5.zip' (arthursjournal):
17.8.2026 23:11:19 [Notification]         ArthursJournal.ArthursJournalModSystem
17.8.2026 23:11:19 [Notification]     Mod 'zoombuttonreborn_2.0.2.zip' (zoombuttonreborn):
17.8.2026 23:11:19 [Notification]         ZoomButton.ZoomButton
17.8.2026 23:11:19 [Notification]     Mod 'ACulinaryArtillery 2.0.0-dev.21.zip' (aculinaryartillery):
17.8.2026 23:11:19 [Notification]         ACulinaryArtillery.ACulinaryArtillery
17.8.2026 23:11:19 [Notification]         ACulinaryArtillery.ACARecipeRegistrySystem
17.8.2026 23:11:19 [Notification]     Mod 'alchemy_2.1.0-rc.76.zip' (alchemy):
17.8.2026 23:11:19 [Notification]         Alchemy.ModSystemHud
17.8.2026 23:11:19 [Notification]         Alchemy.AlchemyMod
17.8.2026 23:11:19 [Notification]     Mod 'animationslib_0.0.2.zip' (animationslib):
17.8.2026 23:11:19 [Notification]         AnimationsLib.AnimationsLibSystem
17.8.2026 23:11:19 [Notification]     Mod 'apewindows-v1.22.0-1..0.zip' (apewindows):
17.8.2026 23:11:19 [Notification]         apewindows.UnleadedModSystem
17.8.2026 23:11:19 [Notification]     Mod 'arrowbarrels-V1.22.0-1.5.0.zip' (arrowbarrels):
17.8.2026 23:11:19 [Notification]         arrowbarrels.Core
17.8.2026 23:11:19 [Notification]     Mod 'AstralStone-0.5.0.zip' (astralstone):
17.8.2026 23:11:19 [Notification]         AstralStone.AstralStoneModSystem
17.8.2026 23:11:19 [Notification]     Mod 'AttributeRenderingLibrary-v3.1.5.zip' (attributerenderinglibrary):
17.8.2026 23:11:19 [Notification]         AttributeRenderingLibrary.Core
17.8.2026 23:11:19 [Notification]         AttributeRenderingLibrary.Systems.BehaviorPrioritySystem
17.8.2026 23:11:19 [Notification]         AttributeRenderingLibrary.Systems.CollectibleAttributeCache
17.8.2026 23:11:19 [Notification]     Mod 'Auto Map Markers 5.0.3 - Vintage Story 1.22.zip' (egocaribautomapmarkers):
17.8.2026 23:11:19 [Notification]         Egocarib.AutoMapMarkers.MapMarkerMod
17.8.2026 23:11:19 [Notification]         Egocarib.AutoMapMarkers.GUI.MapMarkerGUISystem
17.8.2026 23:11:19 [Notification]     Mod 'Autochisel-5.1.0.zip' (chiselreborn):
17.8.2026 23:11:19 [Notification]         AutomaticChiselling.AutomaticChiselling
17.8.2026 23:11:19 [Notification]     Mod 'awearablelight-v1.2.3-pre.2.zip' (awearablelight):
17.8.2026 23:11:19 [Notification]         AWearableLight.AWearableLightCore
17.8.2026 23:11:19 [Notification]         AWearableLight.System.NetworkHandler
17.8.2026 23:11:19 [Notification]         AWearableLight.System.OnGameTick
17.8.2026 23:11:19 [Notification]     Mod 'baconbaconbacon_1.2.2.zip' (baconbaconbacon):
17.8.2026 23:11:19 [Notification]         baconbaconbacon.baconbaconbaconModSystem
17.8.2026 23:11:19 [Notification]     Mod 'barkcanoemod-1223.0.2.zip' (barkcanoe):
17.8.2026 23:11:19 [Notification]         BarkCanoe.BarkCanoeModSystem
17.8.2026 23:11:19 [Notification]         BarkCanoe.BarkCanoeOwnershipMod
17.8.2026 23:11:19 [Notification]         BarkCanoe.Utility.RegisterConfig
17.8.2026 23:11:19 [Notification]     Mod 'BiggerCellarsRebuilt0.1.4.zip' (biggercellarsrebuilt):
17.8.2026 23:11:19 [Notification]         BiggerCellarsRebuilt.BiggerCellarsRebuiltModSystem
17.8.2026 23:11:19 [Notification]     Mod 'billposting_2.0.2.zip' (billposting):
17.8.2026 23:11:19 [Notification]         billposting.billpostingModSystem
17.8.2026 23:11:19 [Notification]     Mod 'biodiversity_core_1.1.4.zip' (biodiversity):
17.8.2026 23:11:19 [Notification]         biodiversity.biodiversityModSystem
17.8.2026 23:11:19 [Notification]         biodiversity.src.System.bdWelcomeSystem
17.8.2026 23:11:19 [Notification]     Mod 'blockoverlay-4.11.3.zip' (blocksoverlay):
17.8.2026 23:11:19 [Notification]         BlockOverlay.BlockOverlaySystem
17.8.2026 23:11:19 [Notification]         BlockOverlay.Systems.BlockOverlayEntityMeshCacheSystem
17.8.2026 23:11:19 [Notification]         BlockOverlay.Systems.BlockOverlaySearchCacheSystem
17.8.2026 23:11:19 [Notification]         BlockOverlay.Systems.BlockOverlayTextureCacheSystem
17.8.2026 23:11:19 [Notification]     Mod 'Building Wands 1.0.2.zip' (buildingwands):
17.8.2026 23:11:19 [Notification]         buildingwands.buildingwandsModSystem
17.8.2026 23:11:19 [Notification]     Mod 'butchering_1.13.5.zip' (butchering):
17.8.2026 23:11:19 [Notification]         Butchering.src.system.ButcheringSystem
17.8.2026 23:11:19 [Notification]         Butchering.src.system.XSkillsCompatibilitySystem
17.8.2026 23:11:19 [Notification]     Mod 'CarryOnLib-1.22.0_v1.0.0-pre.4.zip' (carryonlib):
17.8.2026 23:11:19 [Notification]         CarryOn.CarryOnLib.Core
17.8.2026 23:11:19 [Notification]     Mod 'CustomTableaux-1.6.8.zip' (customtableaux):
17.8.2026 23:11:19 [Notification]         CustomTableaux.CustomTableauxModSystem
17.8.2026 23:11:19 [Notification]     Mod 'emotes_2.5.1.zip' (emotes):
17.8.2026 23:11:19 [Notification]         Emotes.EmotesModSystem
17.8.2026 23:11:19 [Notification]     Mod 'ExtraInfo-v2.2.1.zip' (extrainfo):
17.8.2026 23:11:19 [Notification]         ExtraInfo.Systems.Core
17.8.2026 23:11:19 [Notification]         ExtraInfo.Systems.TreeStats.Core
17.8.2026 23:11:19 [Notification]         ExtraInfo.Systems.Handbook.HandbookTraderGoods.Core
17.8.2026 23:11:19 [Notification]         ExtraInfo.Systems.Handbook.HandbookTraderGoods.TradeHandbookInfoSystem
17.8.2026 23:11:19 [Notification]     Mod 'FloralWorks-0.3.8.zip' (floralworks):
17.8.2026 23:11:19 [Notification]         FloralWorks.FloralWorksModSystem
17.8.2026 23:11:19 [Notification]     Mod 'foodshelves_3.0.4.zip' (foodshelves):
17.8.2026 23:11:19 [Notification]         FoodShelves.Core
17.8.2026 23:11:19 [Notification]     Mod 'FromGoldenCombs-1.22-v2.0.8.zip' (fromgoldencombs):
17.8.2026 23:11:19 [Notification]         FromGoldenCombs.FromGoldenCombs
17.8.2026 23:11:19 [Notification]         FromGoldenCombs.Util.HarmonyPatches.FGCHarmonySystem
17.8.2026 23:11:19 [Notification]     Mod 'herbarium_1.4.3.zip' (herbarium):
17.8.2026 23:11:19 [Notification]         herbarium.Herbarium
17.8.2026 23:11:19 [Notification]     Mod 'medievalexpansionpatch-1.4.1.zip' (medievalexpansionpatch):
17.8.2026 23:11:19 [Notification]         medievalexpansion.src.busineslogic.FeatureToggleSystem
17.8.2026 23:11:19 [Notification]         gates.src.MedievalExpansionMod
17.8.2026 23:11:19 [Notification]     Mod 'MorePiles-v3.0.1.zip' (morepiles):
17.8.2026 23:11:19 [Notification]         MorePiles.Core
17.8.2026 23:11:19 [Notification]     Mod 'ndlmushroomgrowth_2.2.1.zip' (ndlmushroomgrowth):
17.8.2026 23:11:19 [Notification]         ndlmushroomgrowth.ndlmushroomgrowthModSystem
17.8.2026 23:11:19 [Notification]     Mod 'ndltreegrowth_2.3.3.zip' (ndltreegrowth):
17.8.2026 23:11:19 [Notification]         ndltreegrowth.ndltreegrowthModSystem
17.8.2026 23:11:19 [Notification]     Mod 'ndlwoodentorchholder_3.0.2.zip' (ndlwoodentorchholder):
17.8.2026 23:11:19 [Notification]         ndlwoodentorchholder.ndlwoodentorchholderModSystem
17.8.2026 23:11:19 [Notification]     Mod 'PaintedCanvas-0.2.1.zip' (paintedcanvas):
17.8.2026 23:11:19 [Notification]         PaintedCanvas.PaintedCanvasModSystem
17.8.2026 23:11:19 [Notification]     Mod 'particlesplus-2.5.8.zip' (particlesplus):
17.8.2026 23:11:19 [Notification]         ParticlesPlus.ModSystem
17.8.2026 23:11:19 [Notification]     Mod 'petai_v5.1.1.zip' (petai):
17.8.2026 23:11:19 [Notification]         PetAI.PetAI
17.8.2026 23:11:19 [Notification]     Mod 'PhysicalMaps-0.6.24.zip' (physicalmaps):
17.8.2026 23:11:19 [Notification]         PhysicalMaps.PhysicalMapsModSystem
17.8.2026 23:11:19 [Notification]     Mod 'placeonslabs_1.1.3.zip' (placeonslabs):
17.8.2026 23:11:19 [Notification]         PlaceOnSlabs.Source.Systems.ConfigSystem
17.8.2026 23:11:19 [Notification]         PlaceOnSlabs.Source.Systems.MainSystem
17.8.2026 23:11:19 [Notification]     Mod 'playermodellib_1.21.11.zip' (playermodellib):
17.8.2026 23:11:19 [Notification]         PlayerModelLib.PlayerModelModSystem
17.8.2026 23:11:19 [Notification]         PlayerModelLib.CustomModelsSystem
17.8.2026 23:11:19 [Notification]         PlayerModelLib.LatePlayerModelModSystem
17.8.2026 23:11:19 [Notification]     Mod 'postsandbeams_1.5.1.zip' (postsandbeams):
17.8.2026 23:11:19 [Notification]         PostsAndBeams.PostsAndBeamsCore
17.8.2026 23:11:19 [Notification]     Mod 'PrimitifGlider-0.4.5.zip' (primitifglider):
17.8.2026 23:11:19 [Notification]         PrimitifGlider.PrimitifGliderModSystem
17.8.2026 23:11:19 [Notification]     Mod 'resinfarmremake_1.1.4.zip' (resinfarmremake):
17.8.2026 23:11:19 [Notification]         ResinFarm.ResinFarmMod
17.8.2026 23:11:19 [Notification]     Mod 'RiderToolkitTest-0.1.0-test.zip' (ridertoolkittest):
17.8.2026 23:11:19 [Notification]         RiderToolkitTest.RiderToolkitTestModSystem
17.8.2026 23:11:19 [Notification]     Mod 'SheyderMod - 1.0.1.zip' (sheydermod):
17.8.2026 23:11:19 [Notification]         SheyderMod.SheyderModSystem
17.8.2026 23:11:19 [Notification]     Mod 'shipwright_1.4.1.zip' (shipwright):
17.8.2026 23:11:19 [Notification]         shipwright.ModSystemShipwrightSoundsAndStamina
17.8.2026 23:11:19 [Notification]         shipwright.ModSystemShipwrightConstructionSitePreview
17.8.2026 23:11:19 [Notification]         shipwright.ModSystemShipwrightCommands
17.8.2026 23:11:19 [Notification]         shipwright.ModSystemSailSwap
17.8.2026 23:11:19 [Notification]         shipwright.shipwrightCore
17.8.2026 23:11:19 [Notification]     Mod 'statushudcont_4.3.1.zip' (statushudcont):
17.8.2026 23:11:19 [Notification]         StatusHud.StatusHudSystem
17.8.2026 23:11:19 [Notification]     Mod 'TentBag Reworked v3.2.3.zip' (tentbagreworked):
17.8.2026 23:11:19 [Notification]         TentBagReworked.TentBagReworkedModSystem
17.8.2026 23:11:19 [Notification]         TentBagReworked.TentHologramRenderer
17.8.2026 23:11:19 [Notification]     Mod 'vigor_122.7.3.zip' (vigor):
17.8.2026 23:11:19 [Notification]         Vigor.VigorModSystem
17.8.2026 23:11:19 [Notification]     Mod 'vintagecanvas_1.1.1.zip' (vintagecanvas):
17.8.2026 23:11:19 [Notification]         VintageCanvas.VintageCanvasModSystem
17.8.2026 23:11:19 [Notification]     Mod 'visible-ores-and-minerals-v1.3.1.zip' (visibleoresandminerals):
17.8.2026 23:11:19 [Notification]         VisibleOresCulled.VisibleOresCulledModSystem
17.8.2026 23:11:19 [Notification]     Mod 'vsairshipmod_1.1.4.zip' (vsairshipmod):
17.8.2026 23:11:19 [Notification]         VSAirshipmod.ModSystemAirshipSounds
17.8.2026 23:11:19 [Notification]         VSAirshipmod.ModSystemVSAirshipmodConstructionSitePreview
17.8.2026 23:11:19 [Notification]         VSAirshipmod.VSAirshipmodModSystem
17.8.2026 23:11:19 [Notification]     Mod 'Wilderlands Environmental Stability Patch 2.0.3.zip' (wenvironmentalstabilitypatch):
17.8.2026 23:11:19 [Notification]         wenvironmentalstabilitypatch.EnvironmentalStabilityPatchSystem
17.8.2026 23:11:19 [Notification]     Mod 'APanserbjornStory-v0.10.2-1.21.0.zip' (apanserbjornstory):
17.8.2026 23:11:19 [Notification]         APanserbjornStory.APanserbjornStoryModSystem
17.8.2026 23:11:19 [Notification]     Mod 'BlushAndBins_1.3.3.zip' (blushandbins):
17.8.2026 23:11:19 [Notification]         BlushAndBins.Core.CoreModSystem
17.8.2026 23:11:19 [Notification]     Mod 'CarryOn-1.22.0_v2.0.0-pre.4.zip' (carryon):
17.8.2026 23:11:19 [Notification]         CarryOn.CarrySystem
17.8.2026 23:11:19 [Notification]     Mod 'Chariot-0.6.3.zip' (chariot):
17.8.2026 23:11:19 [Notification]         Chariot.ChariotModSystem
17.8.2026 23:11:19 [Notification]     Mod 'crossbowsfork_1.9.14.zip' (crossbowsfork):
17.8.2026 23:11:19 [Notification]         Crossbows.CrossbowsModSystem
17.8.2026 23:11:19 [Notification]     Mod 'DingDong_0.0.4.zip' (dingdong):
17.8.2026 23:11:19 [Notification]         DingDong.DingDongModSystem
17.8.2026 23:11:19 [Notification]     Mod 'Heraldry-v2.0.0.zip' (heraldry):
17.8.2026 23:11:19 [Notification]         Heraldry.Core
17.8.2026 23:11:19 [Notification]     Mod 'IndependentVehicles-0.3.3.zip' (independentvehicles):
17.8.2026 23:11:19 [Notification]         IndependentVehicles.IndependentVehiclesSystem
17.8.2026 23:11:19 [Notification]     Mod 'LecternWorks-0.4.35.zip' (lecternworks):
17.8.2026 23:11:19 [Notification]         LecternWorks.LecternWorksModSystem
17.8.2026 23:11:19 [Notification]     Mod 'PlayerCorpseForked_VS1.22.0_net10_v1.14.1.zip' (playercorpseforked):
17.8.2026 23:11:19 [Notification]         PlayerCorpse.Core
17.8.2026 23:11:19 [Notification]         PlayerCorpse.Systems.Commands
17.8.2026 23:11:19 [Notification]     Mod 'PNJRPG-0.26.1.zip' (pnjrpg):
17.8.2026 23:11:19 [Notification]         PnjRpg.ModSystemPnjRpg
17.8.2026 23:11:19 [Notification]     Mod 'quiversfork_0.9.27.zip' (quiversfork):
17.8.2026 23:11:19 [Notification]         QuiversAndSheaths.QuiversAndSheathsSystem
17.8.2026 23:11:19 [Notification]     Mod 'StoneQuarryForked.zip' (stonequarryforked):
17.8.2026 23:11:19 [Notification]         StoneQuarry.Core
17.8.2026 23:11:19 [Notification]         StoneQuarry.StoneSlabMeshCache
17.8.2026 23:11:19 [Notification]         StoneQuarry.RockManager
17.8.2026 23:11:19 [Notification]     Mod 'terrainslabs_1.0.16.zip' (terrainslabs):
17.8.2026 23:11:19 [Notification]         TerrainSlabs.Source.Systems.ConfigSystem
17.8.2026 23:11:19 [Notification]         TerrainSlabs.Source.Systems.MainSystem
17.8.2026 23:11:19 [Notification]     Mod 'VSA_REPLICA_V0.2.7021.zip' (vsareplica):
17.8.2026 23:11:19 [Notification]         VSA.VSAReplicaModSystem
17.8.2026 23:11:19 [Notification]     Mod 'HeraldryBanners-v2.0.0.zip' (heraldrybanners):
17.8.2026 23:11:19 [Notification]         HeraldryBanners.Core
17.8.2026 23:11:19 [Notification]     Mod 'bedrespawner.zip' (bedrespawnerz1):
17.8.2026 23:11:19 [Notification]         BedRespawner.BedRespawnerModSystem
17.8.2026 23:11:19 [Notification]     Mod 'AdventurePortals_v1.2.0.zip' (adventureportals):
17.8.2026 23:11:19 [Notification]         AdventurePortals.AdventurePortalsSystem
17.8.2026 23:11:19 [Notification]     Mod 'XLib Fork v1.0.21.zip' (xlibfork):
17.8.2026 23:11:19 [Notification]         XLib.XLeveling.XLeveling
17.8.2026 23:11:19 [Notification]         XLib.XEffects.XEffectsSystem
17.8.2026 23:11:19 [Notification]     Mod 'xSkills Fork v1.0.70.zip' (xskillsfork):
17.8.2026 23:11:19 [Notification]         XSkills.FarmingAutoPatchSystem
17.8.2026 23:11:19 [Notification]         XSkills.XSkills
17.8.2026 23:11:19 [Notification]     Mod 'pigroast_1.1.1.zip' (pigroast):
17.8.2026 23:11:19 [Notification]         PigRoast.PigRoastModSystem
17.8.2026 23:11:19 [Notification] Loading shaders...
17.8.2026 23:11:19 [Notification] Loaded Shaderprogramm for render pass standard.
17.8.2026 23:11:19 [Notification] Loaded Shaderprogramm for render pass particlescube.
17.8.2026 23:11:19 [Notification] Loaded Shaderprogramm for render pass particlesquad.
17.8.2026 23:11:19 [Notification] Loaded Shaderprogramm for render pass sky.
17.8.2026 23:11:19 [Notification] Loaded Shaderprogramm for render pass nightsky.
17.8.2026 23:11:19 [Notification] Loaded Shaderprogramm for render pass woittest.
17.8.2026 23:11:19 [Notification] Loaded Shaderprogramm for render pass transparentcompose.
17.8.2026 23:11:19 [Notification] Loaded Shaderprogramm for render pass debugdepthbuffer.
17.8.2026 23:11:19 [Notification] Loaded Shaderprogramm for render pass helditem.
17.8.2026 23:11:19 [Notification] Loaded Shaderprogramm for render pass chunkopaque.
17.8.2026 23:11:19 [Notification] Loaded Shaderprogramm for render pass chunkliquid.
17.8.2026 23:11:19 [Notification] Loaded Shaderprogramm for render pass decals.
17.8.2026 23:11:19 [Notification] Loaded Shaderprogramm for render pass final.
17.8.2026 23:11:19 [Notification] Loaded Shaderprogramm for render pass gui.
17.8.2026 23:11:19 [Notification] Loaded Shaderprogramm for render pass blur.
17.8.2026 23:11:19 [Notification] Loaded Shaderprogramm for render pass chunktransparent.
17.8.2026 23:11:19 [Notification] Loaded Shaderprogramm for render pass findbright.
17.8.2026 23:11:19 [Notification] Loaded Shaderprogramm for render pass chunktopsoil.
17.8.2026 23:11:19 [Notification] Loaded Shaderprogramm for render pass godrays.
17.8.2026 23:11:19 [Notification] Loaded Shaderprogramm for render pass autocamera.
17.8.2026 23:11:19 [Notification] Loaded Shaderprogramm for render pass blockhighlights.
17.8.2026 23:11:19 [Notification] Loaded Shaderprogramm for render pass wireframe.
17.8.2026 23:11:19 [Notification] Loaded Shaderprogramm for render pass entityanimated.
17.8.2026 23:11:19 [Notification] Loaded Shaderprogramm for render pass luma.
17.8.2026 23:11:19 [Notification] Loaded Shaderprogramm for render pass blit.
17.8.2026 23:11:19 [Notification] Loaded Shaderprogramm for render pass particlesquad2d.
17.8.2026 23:11:19 [Notification] Loaded Shaderprogramm for render pass shadowmapentityanimated.
17.8.2026 23:11:19 [Notification] Loaded Shaderprogramm for render pass chunkshadowmap.
17.8.2026 23:11:19 [Notification] Loaded Shaderprogramm for render pass texture2texture.
17.8.2026 23:11:19 [Notification] Loaded Shaderprogramm for render pass celestialobject.
17.8.2026 23:11:19 [Notification] Loaded Shaderprogramm for render pass guitopsoil.
17.8.2026 23:11:19 [Notification] Loaded Shaderprogramm for render pass colorgrade.
17.8.2026 23:11:19 [Notification] Loaded Shaderprogramm for render pass guigear.
17.8.2026 23:11:19 [Notification] Loaded Shaderprogramm for render pass ssao.
17.8.2026 23:11:19 [Notification] Loaded Shaderprogramm for render pass bilateralblur.
17.8.2026 23:11:19 [Notification] Loaded Shaderprogramm for render pass chunkliquiddepth.
17.8.2026 23:11:19 [Notification] Loaded Shaderprogramm for render pass aurora.
17.8.2026 23:11:19 [Notification] Loaded Shaderprogramm for render pass cloudmap.
17.8.2026 23:11:19 [Notification] Loaded Shaderprogramm for render pass cloudvolumetric.
17.8.2026 23:11:19 [Notification] Loaded Shaderprogramm for render pass instanced.
17.8.2026 23:11:19 [Notification] Loaded Shaderprogramm for render pass lines.
17.8.2026 23:11:19 [Notification] Loaded Shaderprogramm for render pass entityanimated.
17.8.2026 23:11:19 [Notification] Loaded Shaderprogramm for render pass chunkshadowmap.
17.8.2026 23:11:19 [Notification] Loaded Shaderprogramm for render pass standard.
17.8.2026 23:11:19 [Notification] Loaded Shaderprogramm for render pass customstandard.
17.8.2026 23:11:19 [Notification] Loaded Shaderprogramm for render pass customstandardfirstperson.
17.8.2026 23:11:19 [Notification] Loaded Shaderprogramm for render pass entityanimated.
17.8.2026 23:11:19 [Notification] Loaded Shaderprogramm for render pass poison.
17.8.2026 23:11:19 [Notification] Loaded Shaderprogramm for render pass chunktransmittance.
17.8.2026 23:11:19 [Notification] Loaded Shaderprogramm for render pass standard.
17.8.2026 23:11:19 [Notification] Loaded Shaderprogramm for render pass entityanimated.
17.8.2026 23:11:19 [Notification] Loaded Shaderprogramm for render pass particlescube.
17.8.2026 23:11:19 [Notification] Loaded Shaderprogramm for render pass lines.
17.8.2026 23:11:19 [Notification] Loaded Shaderprogramm for render pass aurora.
17.8.2026 23:11:19 [Notification] Loaded Shaderprogramm for render pass squintoverlay.
17.8.2026 23:11:19 [Notification] Loaded Shaderprogramm for render pass customstandard.
17.8.2026 23:11:19 [Notification] Loaded Shaderprogramm for render pass customstandardfirstperson.
17.8.2026 23:11:19 [Notification] Loaded Shaderprogramm for render pass autochisel-hologram.
17.8.2026 23:11:19 [Notification] Loaded Shaderprogramm for render pass vfscatter.
17.8.2026 23:11:19 [Notification] Loaded Shaderprogramm for render pass bloom.
17.8.2026 23:11:19 [Notification] Loaded Shaderprogramm for render pass bloom_blur.
17.8.2026 23:11:20 [Notification] Loaded Shaderprogramm for render pass gtao.
17.8.2026 23:11:20 [Notification] Loaded Shaderprogramm for render pass gtao_blur.
17.8.2026 23:11:20 [Notification] Loaded Shaderprogramm for render pass mechshadowmap.
17.8.2026 23:11:20 [Notification] Loaded Shaderprogramm for render pass deferredlighting.
17.8.2026 23:11:20 [Notification] Loaded Shaderprogramm for render pass ssr.
17.8.2026 23:11:20 [Notification] Loaded Shaderprogramm for render pass ssrtaa.
17.8.2026 23:11:20 [Notification] Loaded Shaderprogramm for render pass ssrblur.
17.8.2026 23:11:20 [Notification] Loaded Shaderprogramm for render pass ssrcomposite.
17.8.2026 23:11:20 [Notification] Loaded Shaderprogramm for render pass sleepoverlay.
17.8.2026 23:11:20 [Notification] Loaded Shaderprogramm for render pass machinegear.
17.8.2026 23:11:20 [Notification] Reloaded shaders now with mod assets
17.8.2026 23:11:20 [Warning] Client registered 1 network channels (debug) the server does not know about, may cause issues.
17.8.2026 23:11:20 [Notification] Received level init
17.8.2026 23:11:20 [Notification] Loaded Shaderprogramm for render pass instanced.
17.8.2026 23:11:20 [Notification] [Auto Map Markers] Successfully established connection with the server.
17.8.2026 23:11:20 [Warning] [SheyderMod/Specular] No atlas position for colormap 'game:block/reed/beehive/beeswax' (from 'sheydermod:textures/block/reed/beehive/s_beeswax.png'). Skipping.
17.8.2026 23:11:20 [Warning] [SheyderMod/Specular] No atlas position for colormap 'game:block/stone/polishedrockslab/andesite' (from 'sheydermod:textures/block/stone/polishedrockslab/s_andesite.png'). Skipping.
17.8.2026 23:11:20 [Warning] [SheyderMod/Specular] No atlas position for colormap 'game:block/stone/polishedrockslab/basalt' (from 'sheydermod:textures/block/stone/polishedrockslab/s_basalt.png'). Skipping.
17.8.2026 23:11:20 [Warning] [SheyderMod/Specular] No atlas position for colormap 'game:block/stone/polishedrockslab/bauxite' (from 'sheydermod:textures/block/stone/polishedrockslab/s_bauxite.png'). Skipping.
17.8.2026 23:11:20 [Warning] [SheyderMod/Specular] No atlas position for colormap 'game:block/stone/polishedrockslab/chalk' (from 'sheydermod:textures/block/stone/polishedrockslab/s_chalk.png'). Skipping.
17.8.2026 23:11:20 [Warning] [SheyderMod/Specular] No atlas position for colormap 'game:block/stone/polishedrockslab/chert' (from 'sheydermod:textures/block/stone/polishedrockslab/s_chert.png'). Skipping.
17.8.2026 23:11:20 [Warning] [SheyderMod/Specular] No atlas position for colormap 'game:block/stone/polishedrockslab/claystone' (from 'sheydermod:textures/block/stone/polishedrockslab/s_claystone.png'). Skipping.
17.8.2026 23:11:20 [Warning] [SheyderMod/Specular] No atlas position for colormap 'game:block/stone/polishedrockslab/conglomerate' (from 'sheydermod:textures/block/stone/polishedrockslab/s_conglomerate.png'). Skipping.
17.8.2026 23:11:20 [Warning] [SheyderMod/Specular] No atlas position for colormap 'game:block/stone/polishedrockslab/greenmarble' (from 'sheydermod:textures/block/stone/polishedrockslab/s_greenmarble.png'). Skipping.
17.8.2026 23:11:20 [Warning] [SheyderMod/Specular] No atlas position for colormap 'game:block/stone/polishedrockslab/kimberlite' (from 'sheydermod:textures/block/stone/polishedrockslab/s_kimberlite.png'). Skipping.
17.8.2026 23:11:20 [Warning] [SheyderMod/Specular] No atlas position for colormap 'game:block/stone/polishedrockslab/limestone' (from 'sheydermod:textures/block/stone/polishedrockslab/s_limestone.png'). Skipping.
17.8.2026 23:11:20 [Warning] [SheyderMod/Specular] No atlas position for colormap 'game:block/stone/polishedrockslab/peridotite' (from 'sheydermod:textures/block/stone/polishedrockslab/s_peridotite.png'). Skipping.
17.8.2026 23:11:20 [Warning] [SheyderMod/Specular] No atlas position for colormap 'game:block/stone/polishedrockslab/phyllite' (from 'sheydermod:textures/block/stone/polishedrockslab/s_phyllite.png'). Skipping.
17.8.2026 23:11:20 [Warning] [SheyderMod/Specular] No atlas position for colormap 'game:block/stone/polishedrockslab/redmarble' (from 'sheydermod:textures/block/stone/polishedrockslab/s_redmarble.png'). Skipping.
17.8.2026 23:11:20 [Warning] [SheyderMod/Specular] No atlas position for colormap 'game:block/stone/polishedrockslab/sandstone' (from 'sheydermod:textures/block/stone/polishedrockslab/s_sandstone.png'). Skipping.
17.8.2026 23:11:20 [Warning] [SheyderMod/Specular] No atlas position for colormap 'game:block/stone/polishedrockslab/shale' (from 'sheydermod:textures/block/stone/polishedrockslab/s_shale.png'). Skipping.
17.8.2026 23:11:20 [Warning] [SheyderMod/Specular] No atlas position for colormap 'game:block/stone/polishedrockslab/slate' (from 'sheydermod:textures/block/stone/polishedrockslab/s_slate.png'). Skipping.
17.8.2026 23:11:20 [Warning] [SheyderMod/Specular] No atlas position for colormap 'game:block/stone/polishedrockslab/suevite' (from 'sheydermod:textures/block/stone/polishedrockslab/s_suevite.png'). Skipping.
17.8.2026 23:11:20 [Warning] [SheyderMod/Specular] No atlas position for colormap 'game:block/stone/polishedrockslab/whitemarble' (from 'sheydermod:textures/block/stone/polishedrockslab/s_whitemarble.png'). Skipping.
17.8.2026 23:11:20 [Warning] [SheyderMod/Specular] No atlas position for colormap 'game:block/stone/rock/meteorite-iron2' (from 'sheydermod:textures/block/stone/rock/s_meteorite-iron2.png'). Skipping.
17.8.2026 23:11:20 [Warning] [SheyderMod/Specular] No atlas position for colormap 'game:block/stone/rock/meteorite-iron3' (from 'sheydermod:textures/block/stone/rock/s_meteorite-iron3.png'). Skipping.
17.8.2026 23:11:20 [Warning] [SheyderMod/Specular] No atlas position for colormap 'game:block/stone/rock/meteorite-iron4' (from 'sheydermod:textures/block/stone/rock/s_meteorite-iron4.png'). Skipping.
17.8.2026 23:11:20 [Notification] [SheyderMod/Specular]   block atlas: 1 parallel page(s) (atlas 4096x4096, 1 page(s))
17.8.2026 23:11:20 [Notification] [SheyderMod/Specular]   item atlas: 2 parallel page(s) (atlas 4096x4096, 2 page(s))
17.8.2026 23:11:20 [Notification] [SheyderMod/Specular]   entity atlas: 1 parallel page(s) (atlas 4096x4096, 1 page(s))
17.8.2026 23:11:20 [Notification] [SheyderMod/Specular] Atlas built: 1931/1953 specular maps resolved (+175 rotated variants) across 4 parallel page(s) over 3 atlas(es)
17.8.2026 23:11:21 [Notification] [VisibleOresCulled] Culling enabled for 577 ore block(s).
17.8.2026 23:11:21 [Event] 181 traits loaded from 3 files
17.8.2026 23:11:21 [Event] 28 classes loaded from 2 files
17.8.2026 23:11:21 [Notification] Initialized Music Engine
17.8.2026 23:11:21 [Notification] Texture size is 32 so decal atlas size of 128x128 should suffice
17.8.2026 23:11:21 [Notification] [P1nksShelvingTweaks] Forced psurface for p1nksshelvingtweaks:ceilingsurface at y=15,68 (256 slots).
17.8.2026 23:11:21 [Notification] [P1nksShelvingTweaks] Forced psurface for p1nksshelvingtweaks:ceilingsurface at y=15,68 (256 slots).
17.8.2026 23:11:21 [Notification] [P1nksShelvingTweaks] Forced psurface for p1nksshelvingtweaks:groundsurface at y=0,32 (256 slots).
17.8.2026 23:11:21 [Notification] [P1nksShelvingTweaks] Forced psurface for p1nksshelvingtweaks:groundsurface at y=0,32 (256 slots).
17.8.2026 23:11:26 [Warning] 'ItemWearable' class is obsolete. Please, replace it with 'Wearable' behavior for medieval:clothes-arm-medieval-pouch instead
17.8.2026 23:11:26 [Warning] 'ItemWearable' class is obsolete. Please, replace it with 'Wearable' behavior for medieval:clothes-arm-esclava instead
17.8.2026 23:11:26 [Warning] 'ItemWearable' class is obsolete. Please, replace it with 'Wearable' behavior for medieval:armormedieval-head-chain-copper instead
17.8.2026 23:11:26 [Warning] 'ItemWearable' class is obsolete. Please, replace it with 'Wearable' behavior for medieval:armormedieval-body-chain-copper instead
17.8.2026 23:11:26 [Warning] 'ItemWearable' class is obsolete. Please, replace it with 'Wearable' behavior for medieval:armormedieval-legs-chain-copper instead
17.8.2026 23:11:26 [Warning] 'ItemWearable' class is obsolete. Please, replace it with 'Wearable' behavior for medieval:armormedieval-head-scale-copper instead
17.8.2026 23:11:26 [Warning] 'ItemWearable' class is obsolete. Please, replace it with 'Wearable' behavior for medieval:armormedieval-body-scale-copper instead
17.8.2026 23:11:26 [Warning] 'ItemWearable' class is obsolete. Please, replace it with 'Wearable' behavior for medieval:armormedieval-legs-scale-copper instead
17.8.2026 23:11:26 [Warning] 'ItemWearable' class is obsolete. Please, replace it with 'Wearable' behavior for medieval:armormedieval-head-plate-copper instead
17.8.2026 23:11:26 [Warning] 'ItemWearable' class is obsolete. Please, replace it with 'Wearable' behavior for medieval:armormedieval-body-plate-copper instead
17.8.2026 23:11:26 [Warning] 'ItemWearable' class is obsolete. Please, replace it with 'Wearable' behavior for medieval:armormedieval-legs-plate-copper instead
17.8.2026 23:11:26 [Warning] 'ItemWearable' class is obsolete. Please, replace it with 'Wearable' behavior for medieval:armormedieval-head-chain-tinbronze instead
17.8.2026 23:11:26 [Warning] 'ItemWearable' class is obsolete. Please, replace it with 'Wearable' behavior for medieval:armormedieval-body-chain-tinbronze instead
17.8.2026 23:11:26 [Warning] 'ItemWearable' class is obsolete. Please, replace it with 'Wearable' behavior for medieval:armormedieval-legs-chain-tinbronze instead
17.8.2026 23:11:26 [Warning] 'ItemWearable' class is obsolete. Please, replace it with 'Wearable' behavior for medieval:armormedieval-head-scale-tinbronze instead
17.8.2026 23:11:26 [Warning] 'ItemWearable' class is obsolete. Please, replace it with 'Wearable' behavior for medieval:armormedieval-body-scale-tinbronze instead
17.8.2026 23:11:26 [Warning] 'ItemWearable' class is obsolete. Please, replace it with 'Wearable' behavior for medieval:armormedieval-legs-scale-tinbronze instead
17.8.2026 23:11:26 [Warning] 'ItemWearable' class is obsolete. Please, replace it with 'Wearable' behavior for medieval:armormedieval-head-plate-tinbronze instead
17.8.2026 23:11:26 [Warning] 'ItemWearable' class is obsolete. Please, replace it with 'Wearable' behavior for medieval:armormedieval-body-plate-tinbronze instead
17.8.2026 23:11:26 [Warning] 'ItemWearable' class is obsolete. Please, replace it with 'Wearable' behavior for medieval:armormedieval-legs-plate-tinbronze instead
17.8.2026 23:11:26 [Warning] 'ItemWearable' class is obsolete. Please, replace it with 'Wearable' behavior for medieval:armormedieval-head-chain-bismuthbronze instead
17.8.2026 23:11:26 [Warning] 'ItemWearable' class is obsolete. Please, replace it with 'Wearable' behavior for medieval:armormedieval-body-chain-bismuthbronze instead
17.8.2026 23:11:26 [Warning] 'ItemWearable' class is obsolete. Please, replace it with 'Wearable' behavior for medieval:armormedieval-legs-chain-bismuthbronze instead
17.8.2026 23:11:26 [Warning] 'ItemWearable' class is obsolete. Please, replace it with 'Wearable' behavior for medieval:armormedieval-head-scale-bismuthbronze instead
17.8.2026 23:11:26 [Warning] 'ItemWearable' class is obsolete. Please, replace it with 'Wearable' behavior for medieval:armormedieval-body-scale-bismuthbronze instead
17.8.2026 23:11:26 [Warning] 'ItemWearable' class is obsolete. Please, replace it with 'Wearable' behavior for medieval:armormedieval-legs-scale-bismuthbronze instead
17.8.2026 23:11:26 [Warning] 'ItemWearable' class is obsolete. Please, replace it with 'Wearable' behavior for medieval:armormedieval-head-plate-bismuthbronze instead
17.8.2026 23:11:26 [Warning] 'ItemWearable' class is obsolete. Please, replace it with 'Wearable' behavior for medieval:armormedieval-body-plate-bismuthbronze instead
17.8.2026 23:11:26 [Warning] 'ItemWearable' class is obsolete. Please, replace it with 'Wearable' behavior for medieval:armormedieval-legs-plate-bismuthbronze instead
17.8.2026 23:11:26 [Warning] 'ItemWearable' class is obsolete. Please, replace it with 'Wearable' behavior for medieval:armormedieval-head-chain-blackbronze instead
17.8.2026 23:11:26 [Warning] 'ItemWearable' class is obsolete. Please, replace it with 'Wearable' behavior for medieval:armormedieval-body-chain-blackbronze instead
17.8.2026 23:11:26 [Warning] 'ItemWearable' class is obsolete. Please, replace it with 'Wearable' behavior for medieval:armormedieval-legs-chain-blackbronze instead
17.8.2026 23:11:26 [Warning] 'ItemWearable' class is obsolete. Please, replace it with 'Wearable' behavior for medieval:armormedieval-head-scale-blackbronze instead
17.8.2026 23:11:26 [Warning] 'ItemWearable' class is obsolete. Please, replace it with 'Wearable' behavior for medieval:armormedieval-body-scale-blackbronze instead
17.8.2026 23:11:26 [Warning] 'ItemWearable' class is obsolete. Please, replace it with 'Wearable' behavior for medieval:armormedieval-legs-scale-blackbronze instead
17.8.2026 23:11:26 [Warning] 'ItemWearable' class is obsolete. Please, replace it with 'Wearable' behavior for medieval:armormedieval-head-plate-blackbronze instead
17.8.2026 23:11:26 [Warning] 'ItemWearable' class is obsolete. Please, replace it with 'Wearable' behavior for medieval:armormedieval-body-plate-blackbronze instead
17.8.2026 23:11:26 [Warning] 'ItemWearable' class is obsolete. Please, replace it with 'Wearable' behavior for medieval:armormedieval-legs-plate-blackbronze instead
17.8.2026 23:11:26 [Warning] 'ItemWearable' class is obsolete. Please, replace it with 'Wearable' behavior for medieval:armormedieval-head-chain-iron instead
17.8.2026 23:11:26 [Warning] 'ItemWearable' class is obsolete. Please, replace it with 'Wearable' behavior for medieval:armormedieval-body-chain-iron instead
17.8.2026 23:11:26 [Warning] 'ItemWearable' class is obsolete. Please, replace it with 'Wearable' behavior for medieval:armormedieval-legs-chain-iron instead
17.8.2026 23:11:26 [Warning] 'ItemWearable' class is obsolete. Please, replace it with 'Wearable' behavior for medieval:armormedieval-head-scale-iron instead
17.8.2026 23:11:26 [Warning] 'ItemWearable' class is obsolete. Please, replace it with 'Wearable' behavior for medieval:armormedieval-body-scale-iron instead
17.8.2026 23:11:26 [Warning] 'ItemWearable' class is obsolete. Please, replace it with 'Wearable' behavior for medieval:armormedieval-legs-scale-iron instead
17.8.2026 23:11:26 [Warning] 'ItemWearable' class is obsolete. Please, replace it with 'Wearable' behavior for medieval:armormedieval-head-plate-iron instead
17.8.2026 23:11:26 [Warning] 'ItemWearable' class is obsolete. Please, replace it with 'Wearable' behavior for medieval:armormedieval-body-plate-iron instead
17.8.2026 23:11:26 [Warning] 'ItemWearable' class is obsolete. Please, replace it with 'Wearable' behavior for medieval:armormedieval-legs-plate-iron instead
17.8.2026 23:11:26 [Warning] 'ItemWearable' class is obsolete. Please, replace it with 'Wearable' behavior for medieval:armormedieval-head-chain-meteoriciron instead
17.8.2026 23:11:26 [Warning] 'ItemWearable' class is obsolete. Please, replace it with 'Wearable' behavior for medieval:armormedieval-body-chain-meteoriciron instead
17.8.2026 23:11:26 [Warning] 'ItemWearable' class is obsolete. Please, replace it with 'Wearable' behavior for medieval:armormedieval-legs-chain-meteoriciron instead
17.8.2026 23:11:26 [Warning] 'ItemWearable' class is obsolete. Please, replace it with 'Wearable' behavior for medieval:armormedieval-head-scale-meteoriciron instead
17.8.2026 23:11:26 [Warning] 'ItemWearable' class is obsolete. Please, replace it with 'Wearable' behavior for medieval:armormedieval-body-scale-meteoriciron instead
17.8.2026 23:11:26 [Warning] 'ItemWearable' class is obsolete. Please, replace it with 'Wearable' behavior for medieval:armormedieval-legs-scale-meteoriciron instead
17.8.2026 23:11:26 [Warning] 'ItemWearable' class is obsolete. Please, replace it with 'Wearable' behavior for medieval:armormedieval-head-plate-meteoriciron instead
17.8.2026 23:11:26 [Warning] 'ItemWearable' class is obsolete. Please, replace it with 'Wearable' behavior for medieval:armormedieval-body-plate-meteoriciron instead
17.8.2026 23:11:26 [Warning] 'ItemWearable' class is obsolete. Please, replace it with 'Wearable' behavior for medieval:armormedieval-legs-plate-meteoriciron instead
17.8.2026 23:11:26 [Warning] 'ItemWearable' class is obsolete. Please, replace it with 'Wearable' behavior for medieval:armormedieval-head-chain-steel instead
17.8.2026 23:11:26 [Warning] 'ItemWearable' class is obsolete. Please, replace it with 'Wearable' behavior for medieval:armormedieval-body-chain-steel instead
17.8.2026 23:11:26 [Warning] 'ItemWearable' class is obsolete. Please, replace it with 'Wearable' behavior for medieval:armormedieval-legs-chain-steel instead
17.8.2026 23:11:26 [Warning] 'ItemWearable' class is obsolete. Please, replace it with 'Wearable' behavior for medieval:armormedieval-head-scale-steel instead
17.8.2026 23:11:26 [Warning] 'ItemWearable' class is obsolete. Please, replace it with 'Wearable' behavior for medieval:armormedieval-body-scale-steel instead
17.8.2026 23:11:26 [Warning] 'ItemWearable' class is obsolete. Please, replace it with 'Wearable' behavior for medieval:armormedieval-legs-scale-steel instead
17.8.2026 23:11:26 [Warning] 'ItemWearable' class is obsolete. Please, replace it with 'Wearable' behavior for medieval:armormedieval-head-plate-steel instead
17.8.2026 23:11:26 [Warning] 'ItemWearable' class is obsolete. Please, replace it with 'Wearable' behavior for medieval:armormedieval-body-plate-steel instead
17.8.2026 23:11:26 [Warning] 'ItemWearable' class is obsolete. Please, replace it with 'Wearable' behavior for medieval:armormedieval-legs-plate-steel instead
17.8.2026 23:11:26 [Warning] 'ItemWearable' class is obsolete. Please, replace it with 'Wearable' behavior for medieval:armormedievalc-head-cloth-black instead
17.8.2026 23:11:26 [Warning] 'ItemWearable' class is obsolete. Please, replace it with 'Wearable' behavior for medieval:armormedievalc-body-cloth-black instead
17.8.2026 23:11:26 [Warning] 'ItemWearable' class is obsolete. Please, replace it with 'Wearable' behavior for medieval:armormedievalc-legs-cloth-black instead
17.8.2026 23:11:26 [Warning] 'ItemWearable' class is obsolete. Please, replace it with 'Wearable' behavior for medieval:armormedievalc-head-cloth-blackred instead
17.8.2026 23:11:26 [Warning] 'ItemWearable' class is obsolete. Please, replace it with 'Wearable' behavior for medieval:armormedievalc-body-cloth-blackred instead
17.8.2026 23:11:26 [Warning] 'ItemWearable' class is obsolete. Please, replace it with 'Wearable' behavior for medieval:armormedievalc-legs-cloth-blackred instead
17.8.2026 23:11:26 [Warning] 'ItemWearable' class is obsolete. Please, replace it with 'Wearable' behavior for medieval:armormedievalc-head-cloth-blackpurple instead
17.8.2026 23:11:26 [Warning] 'ItemWearable' class is obsolete. Please, replace it with 'Wearable' behavior for medieval:armormedievalc-body-cloth-blackpurple instead
17.8.2026 23:11:26 [Warning] 'ItemWearable' class is obsolete. Please, replace it with 'Wearable' behavior for medieval:armormedievalc-legs-cloth-blackpurple instead
17.8.2026 23:11:26 [Warning] 'ItemWearable' class is obsolete. Please, replace it with 'Wearable' behavior for medieval:armormedievalc-head-cloth-black2 instead
17.8.2026 23:11:26 [Warning] 'ItemWearable' class is obsolete. Please, replace it with 'Wearable' behavior for medieval:armormedievalc-body-cloth-black2 instead
17.8.2026 23:11:26 [Warning] 'ItemWearable' class is obsolete. Please, replace it with 'Wearable' behavior for medieval:armormedievalc-legs-cloth-black2 instead
17.8.2026 23:11:26 [Warning] 'ItemWearable' class is obsolete. Please, replace it with 'Wearable' behavior for medieval:armormedievalc-head-cloth-blue instead
17.8.2026 23:11:26 [Warning] 'ItemWearable' class is obsolete. Please, replace it with 'Wearable' behavior for medieval:armormedievalc-body-cloth-blue instead
17.8.2026 23:11:26 [Warning] 'ItemWearable' class is obsolete. Please, replace it with 'Wearable' behavior for medieval:armormedievalc-legs-cloth-blue instead
17.8.2026 23:11:26 [Warning] 'ItemWearable' class is obsolete. Please, replace it with 'Wearable' behavior for medieval:armormedievalc-head-cloth-darkpurple instead
17.8.2026 23:11:26 [Warning] 'ItemWearable' class is obsolete. Please, replace it with 'Wearable' behavior for medieval:armormedievalc-body-cloth-darkpurple instead
17.8.2026 23:11:26 [Warning] 'ItemWearable' class is obsolete. Please, replace it with 'Wearable' behavior for medieval:armormedievalc-legs-cloth-darkpurple instead
17.8.2026 23:11:26 [Warning] 'ItemWearable' class is obsolete. Please, replace it with 'Wearable' behavior for medieval:armormedievalc-head-cloth-red instead
17.8.2026 23:11:26 [Warning] 'ItemWearable' class is obsolete. Please, replace it with 'Wearable' behavior for medieval:armormedievalc-body-cloth-red instead
17.8.2026 23:11:26 [Warning] 'ItemWearable' class is obsolete. Please, replace it with 'Wearable' behavior for medieval:armormedievalc-legs-cloth-red instead
17.8.2026 23:11:26 [Warning] 'ItemWearable' class is obsolete. Please, replace it with 'Wearable' behavior for medieval:armormedievalc-head-cloth-red2 instead
17.8.2026 23:11:26 [Warning] 'ItemWearable' class is obsolete. Please, replace it with 'Wearable' behavior for medieval:armormedievalc-body-cloth-red2 instead
17.8.2026 23:11:26 [Warning] 'ItemWearable' class is obsolete. Please, replace it with 'Wearable' behavior for medieval:armormedievalc-legs-cloth-red2 instead
17.8.2026 23:11:26 [Warning] 'ItemWearable' class is obsolete. Please, replace it with 'Wearable' behavior for medieval:armormedievalc-head-cloth-red3 instead
17.8.2026 23:11:26 [Warning] 'ItemWearable' class is obsolete. Please, replace it with 'Wearable' behavior for medieval:armormedievalc-body-cloth-red3 instead
17.8.2026 23:11:26 [Warning] 'ItemWearable' class is obsolete. Please, replace it with 'Wearable' behavior for medieval:armormedievalc-legs-cloth-red3 instead
17.8.2026 23:11:26 [Warning] 'ItemWearable' class is obsolete. Please, replace it with 'Wearable' behavior for medieval:armormedievalc-head-cloth-infa1 instead
17.8.2026 23:11:26 [Warning] 'ItemWearable' class is obsolete. Please, replace it with 'Wearable' behavior for medieval:armormedievalc-body-cloth-infa1 instead
17.8.2026 23:11:26 [Warning] 'ItemWearable' class is obsolete. Please, replace it with 'Wearable' behavior for medieval:armormedievalc-legs-cloth-infa1 instead
17.8.2026 23:11:26 [Warning] 'ItemWearable' class is obsolete. Please, replace it with 'Wearable' behavior for medieval:armormedievalc-head-cloth-infa2 instead
17.8.2026 23:11:26 [Warning] 'ItemWearable' class is obsolete. Please, replace it with 'Wearable' behavior for medieval:armormedievalc-body-cloth-infa2 instead
17.8.2026 23:11:26 [Warning] 'ItemWearable' class is obsolete. Please, replace it with 'Wearable' behavior for medieval:armormedievalc-legs-cloth-infa2 instead
17.8.2026 23:11:26 [Warning] 'ItemWearable' class is obsolete. Please, replace it with 'Wearable' behavior for medieval:armormedievalc-head-cloth-infa3 instead
17.8.2026 23:11:26 [Warning] 'ItemWearable' class is obsolete. Please, replace it with 'Wearable' behavior for medieval:armormedievalc-body-cloth-infa3 instead
17.8.2026 23:11:26 [Warning] 'ItemWearable' class is obsolete. Please, replace it with 'Wearable' behavior for medieval:armormedievalc-legs-cloth-infa3 instead
17.8.2026 23:11:26 [Warning] 'ItemWearable' class is obsolete. Please, replace it with 'Wearable' behavior for medieval:armormedievalc-head-cloth-caba1 instead
17.8.2026 23:11:26 [Warning] 'ItemWearable' class is obsolete. Please, replace it with 'Wearable' behavior for medieval:armormedievalc-body-cloth-caba1 instead
17.8.2026 23:11:26 [Warning] 'ItemWearable' class is obsolete. Please, replace it with 'Wearable' behavior for medieval:armormedievalc-legs-cloth-caba1 instead
17.8.2026 23:11:26 [Warning] 'ItemWearable' class is obsolete. Please, replace it with 'Wearable' behavior for medieval:armormedievalc-head-cloth-caba2 instead
17.8.2026 23:11:26 [Warning] 'ItemWearable' class is obsolete. Please, replace it with 'Wearable' behavior for medieval:armormedievalc-body-cloth-caba2 instead
17.8.2026 23:11:26 [Warning] 'ItemWearable' class is obsolete. Please, replace it with 'Wearable' behavior for medieval:armormedievalc-legs-cloth-caba2 instead
17.8.2026 23:11:26 [Warning] 'ItemWearable' class is obsolete. Please, replace it with 'Wearable' behavior for medieval:armormedievalc-head-cloth-caba3 instead
17.8.2026 23:11:26 [Warning] 'ItemWearable' class is obsolete. Please, replace it with 'Wearable' behavior for medieval:armormedievalc-body-cloth-caba3 instead
17.8.2026 23:11:26 [Warning] 'ItemWearable' class is obsolete. Please, replace it with 'Wearable' behavior for medieval:armormedievalc-legs-cloth-caba3 instead
17.8.2026 23:11:26 [Warning] 'ItemWearable' class is obsolete. Please, replace it with 'Wearable' behavior for medieval:armormedievalc-head-cloth-templar instead
17.8.2026 23:11:26 [Warning] 'ItemWearable' class is obsolete. Please, replace it with 'Wearable' behavior for medieval:armormedievalc-body-cloth-templar instead
17.8.2026 23:11:26 [Warning] 'ItemWearable' class is obsolete. Please, replace it with 'Wearable' behavior for medieval:armormedievalc-legs-cloth-templar instead
17.8.2026 23:11:26 [Warning] 'ItemWearable' class is obsolete. Please, replace it with 'Wearable' behavior for medieval:armormedievalc-head-cloth-viking1 instead
17.8.2026 23:11:26 [Warning] 'ItemWearable' class is obsolete. Please, replace it with 'Wearable' behavior for medieval:armormedievalc-body-cloth-viking1 instead
17.8.2026 23:11:26 [Warning] 'ItemWearable' class is obsolete. Please, replace it with 'Wearable' behavior for medieval:armormedievalc-legs-cloth-viking1 instead
17.8.2026 23:11:26 [Warning] 'ItemWearable' class is obsolete. Please, replace it with 'Wearable' behavior for medieval:armormedievalc-head-cloth-viking2 instead
17.8.2026 23:11:26 [Warning] 'ItemWearable' class is obsolete. Please, replace it with 'Wearable' behavior for medieval:armormedievalc-body-cloth-viking2 instead
17.8.2026 23:11:26 [Warning] 'ItemWearable' class is obsolete. Please, replace it with 'Wearable' behavior for medieval:armormedievalc-legs-cloth-viking2 instead
17.8.2026 23:11:26 [Warning] 'ItemWearable' class is obsolete. Please, replace it with 'Wearable' behavior for medieval:armormedievalc-head-cloth-lamin instead
17.8.2026 23:11:26 [Warning] 'ItemWearable' class is obsolete. Please, replace it with 'Wearable' behavior for medieval:armormedievalc-body-cloth-lamin instead
17.8.2026 23:11:26 [Warning] 'ItemWearable' class is obsolete. Please, replace it with 'Wearable' behavior for medieval:armormedievalc-legs-cloth-lamin instead
17.8.2026 23:11:26 [Warning] 'ItemWearable' class is obsolete. Please, replace it with 'Wearable' behavior for medieval:armormedievalc-head-cloth-skull instead
17.8.2026 23:11:26 [Warning] 'ItemWearable' class is obsolete. Please, replace it with 'Wearable' behavior for medieval:armormedievall-head-leather-leather instead
17.8.2026 23:11:26 [Warning] 'ItemWearable' class is obsolete. Please, replace it with 'Wearable' behavior for medieval:armormedievall-body-leather-leather instead
17.8.2026 23:11:26 [Warning] 'ItemWearable' class is obsolete. Please, replace it with 'Wearable' behavior for medieval:armormedievall-legs-leather-leather instead
17.8.2026 23:11:26 [Warning] 'ItemWearable' class is obsolete. Please, replace it with 'Wearable' behavior for medieval:armormedievall-head-leatherc-plain instead
17.8.2026 23:11:26 [Warning] 'ItemWearable' class is obsolete. Please, replace it with 'Wearable' behavior for medieval:armormedievall-body-leatherc-plain instead
17.8.2026 23:11:26 [Warning] 'ItemWearable' class is obsolete. Please, replace it with 'Wearable' behavior for medieval:armormedievall-legs-leatherc-plain instead
17.8.2026 23:11:26 [Warning] 'ItemWearable' class is obsolete. Please, replace it with 'Wearable' behavior for medieval:armormedievall-head-leatherc-black instead
17.8.2026 23:11:26 [Warning] 'ItemWearable' class is obsolete. Please, replace it with 'Wearable' behavior for medieval:armormedievall-body-leatherc-black instead
17.8.2026 23:11:26 [Warning] 'ItemWearable' class is obsolete. Please, replace it with 'Wearable' behavior for medieval:armormedievall-legs-leatherc-black instead
17.8.2026 23:11:26 [Warning] 'ItemWearable' class is obsolete. Please, replace it with 'Wearable' behavior for medieval:armormedievall-head-leatherc-blue instead
17.8.2026 23:11:26 [Warning] 'ItemWearable' class is obsolete. Please, replace it with 'Wearable' behavior for medieval:armormedievall-body-leatherc-blue instead
17.8.2026 23:11:26 [Warning] 'ItemWearable' class is obsolete. Please, replace it with 'Wearable' behavior for medieval:armormedievall-legs-leatherc-blue instead
17.8.2026 23:11:26 [Warning] 'ItemWearable' class is obsolete. Please, replace it with 'Wearable' behavior for medieval:armormedievall-head-leatherc-brown instead
17.8.2026 23:11:26 [Warning] 'ItemWearable' class is obsolete. Please, replace it with 'Wearable' behavior for medieval:armormedievall-body-leatherc-brown instead
17.8.2026 23:11:26 [Warning] 'ItemWearable' class is obsolete. Please, replace it with 'Wearable' behavior for medieval:armormedievall-legs-leatherc-brown instead
17.8.2026 23:11:26 [Warning] 'ItemWearable' class is obsolete. Please, replace it with 'Wearable' behavior for medieval:armormedievall-head-leatherc-gray instead
17.8.2026 23:11:26 [Warning] 'ItemWearable' class is obsolete. Please, replace it with 'Wearable' behavior for medieval:armormedievall-body-leatherc-gray instead
17.8.2026 23:11:26 [Warning] 'ItemWearable' class is obsolete. Please, replace it with 'Wearable' behavior for medieval:armormedievall-legs-leatherc-gray instead
17.8.2026 23:11:26 [Warning] 'ItemWearable' class is obsolete. Please, replace it with 'Wearable' behavior for medieval:armormedievall-head-leatherc-green instead
17.8.2026 23:11:26 [Warning] 'ItemWearable' class is obsolete. Please, replace it with 'Wearable' behavior for medieval:armormedievall-body-leatherc-green instead
17.8.2026 23:11:26 [Warning] 'ItemWearable' class is obsolete. Please, replace it with 'Wearable' behavior for medieval:armormedievall-legs-leatherc-green instead
17.8.2026 23:11:26 [Warning] 'ItemWearable' class is obsolete. Please, replace it with 'Wearable' behavior for medieval:armormedievall-head-leatherc-orange instead
17.8.2026 23:11:26 [Warning] 'ItemWearable' class is obsolete. Please, replace it with 'Wearable' behavior for medieval:armormedievall-body-leatherc-orange instead
17.8.2026 23:11:26 [Warning] 'ItemWearable' class is obsolete. Please, replace it with 'Wearable' behavior for medieval:armormedievall-legs-leatherc-orange instead
17.8.2026 23:11:26 [Warning] 'ItemWearable' class is obsolete. Please, replace it with 'Wearable' behavior for medieval:armormedievall-head-leatherc-pink instead
17.8.2026 23:11:26 [Warning] 'ItemWearable' class is obsolete. Please, replace it with 'Wearable' behavior for medieval:armormedievall-body-leatherc-pink instead
17.8.2026 23:11:26 [Warning] 'ItemWearable' class is obsolete. Please, replace it with 'Wearable' behavior for medieval:armormedievall-legs-leatherc-pink instead
17.8.2026 23:11:26 [Warning] 'ItemWearable' class is obsolete. Please, replace it with 'Wearable' behavior for medieval:armormedievall-head-leatherc-purple instead
17.8.2026 23:11:26 [Warning] 'ItemWearable' class is obsolete. Please, replace it with 'Wearable' behavior for medieval:armormedievall-body-leatherc-purple instead
17.8.2026 23:11:26 [Warning] 'ItemWearable' class is obsolete. Please, replace it with 'Wearable' behavior for medieval:armormedievall-legs-leatherc-purple instead
17.8.2026 23:11:26 [Warning] 'ItemWearable' class is obsolete. Please, replace it with 'Wearable' behavior for medieval:armormedievall-head-leatherc-red instead
17.8.2026 23:11:26 [Warning] 'ItemWearable' class is obsolete. Please, replace it with 'Wearable' behavior for medieval:armormedievall-body-leatherc-red instead
17.8.2026 23:11:26 [Warning] 'ItemWearable' class is obsolete. Please, replace it with 'Wearable' behavior for medieval:armormedievall-legs-leatherc-red instead
17.8.2026 23:11:26 [Warning] 'ItemWearable' class is obsolete. Please, replace it with 'Wearable' behavior for medieval:armormedievall-head-leatherc-yellow instead
17.8.2026 23:11:26 [Warning] 'ItemWearable' class is obsolete. Please, replace it with 'Wearable' behavior for medieval:armormedievall-body-leatherc-yellow instead
17.8.2026 23:11:26 [Warning] 'ItemWearable' class is obsolete. Please, replace it with 'Wearable' behavior for medieval:armormedievall-legs-leatherc-yellow instead
17.8.2026 23:11:26 [Warning] 'ItemWearable' class is obsolete. Please, replace it with 'Wearable' behavior for medieval:armormedievall-head-leatherc-guindo instead
17.8.2026 23:11:26 [Warning] 'ItemWearable' class is obsolete. Please, replace it with 'Wearable' behavior for medieval:armormedievall-body-leatherc-guindo instead
17.8.2026 23:11:26 [Warning] 'ItemWearable' class is obsolete. Please, replace it with 'Wearable' behavior for medieval:armormedievall-legs-leatherc-guindo instead
17.8.2026 23:11:26 [Warning] 'ItemWearable' class is obsolete. Please, replace it with 'Wearable' behavior for medieval:clothes-emblem-whitebrown-fur-coat2 instead
17.8.2026 23:11:26 [Warning] 'ItemWearable' class is obsolete. Please, replace it with 'Wearable' behavior for medieval:clothes-emblem-whitebrown-fur-coat1 instead
17.8.2026 23:11:26 [Warning] 'ItemWearable' class is obsolete. Please, replace it with 'Wearable' behavior for medieval:clothes-emblem-white-fur-coat2 instead
17.8.2026 23:11:26 [Warning] 'ItemWearable' class is obsolete. Please, replace it with 'Wearable' behavior for medieval:clothes-emblem-white-fur-coat1 instead
17.8.2026 23:11:26 [Warning] 'ItemWearable' class is obsolete. Please, replace it with 'Wearable' behavior for medieval:clothes-emblem-red-fur-coat10 instead
17.8.2026 23:11:26 [Warning] 'ItemWearable' class is obsolete. Please, replace it with 'Wearable' behavior for medieval:clothes-emblem-red-fur-coat instead
17.8.2026 23:11:26 [Warning] 'ItemWearable' class is obsolete. Please, replace it with 'Wearable' behavior for medieval:clothes-emblem-emperador-yellow instead
17.8.2026 23:11:26 [Warning] 'ItemWearable' class is obsolete. Please, replace it with 'Wearable' behavior for medieval:clothes-emblem-emperador-white instead
17.8.2026 23:11:26 [Warning] 'ItemWearable' class is obsolete. Please, replace it with 'Wearable' behavior for medieval:clothes-emblem-emperador-red instead
17.8.2026 23:11:26 [Warning] 'ItemWearable' class is obsolete. Please, replace it with 'Wearable' behavior for medieval:clothes-emblem-emperador-purple instead
17.8.2026 23:11:26 [Warning] 'ItemWearable' class is obsolete. Please, replace it with 'Wearable' behavior for medieval:clothes-emblem-emperador-pink instead
17.8.2026 23:11:26 [Warning] 'ItemWearable' class is obsolete. Please, replace it with 'Wearable' behavior for medieval:clothes-emblem-emperador-orange instead
17.8.2026 23:11:26 [Warning] 'ItemWearable' class is obsolete. Please, replace it with 'Wearable' behavior for medieval:clothes-emblem-emperador-green instead
17.8.2026 23:11:26 [Warning] 'ItemWearable' class is obsolete. Please, replace it with 'Wearable' behavior for medieval:clothes-emblem-emperador-gray instead
17.8.2026 23:11:26 [Warning] 'ItemWearable' class is obsolete. Please, replace it with 'Wearable' behavior for medieval:clothes-emblem-emperador-brown instead
17.8.2026 23:11:26 [Warning] 'ItemWearable' class is obsolete. Please, replace it with 'Wearable' behavior for medieval:clothes-emblem-emperador-blue instead
17.8.2026 23:11:26 [Warning] 'ItemWearable' class is obsolete. Please, replace it with 'Wearable' behavior for medieval:clothes-emblem-emperador-black instead
17.8.2026 23:11:26 [Warning] 'ItemWearable' class is obsolete. Please, replace it with 'Wearable' behavior for medieval:clothes-emblem-emperador instead
17.8.2026 23:11:26 [Warning] 'ItemWearable' class is obsolete. Please, replace it with 'Wearable' behavior for medieval:clothes-emblem-brown-fur-coat instead
17.8.2026 23:11:26 [Warning] 'ItemWearable' class is obsolete. Please, replace it with 'Wearable' behavior for medieval:clothes-emblem-bearblack instead
17.8.2026 23:11:26 [Warning] 'ItemWearable' class is obsolete. Please, replace it with 'Wearable' behavior for medieval:clothes-emblem-bear instead
17.8.2026 23:11:26 [Warning] 'ItemWearable' class is obsolete. Please, replace it with 'Wearable' behavior for medieval:clothes-emblem-vikingarmor instead
17.8.2026 23:11:26 [Warning] 'ItemWearable' class is obsolete. Please, replace it with 'Wearable' behavior for medieval:clothes-emblem-capapurple instead
17.8.2026 23:11:26 [Warning] 'ItemWearable' class is obsolete. Please, replace it with 'Wearable' behavior for medieval:clothes-emblem-capablue instead
17.8.2026 23:11:26 [Warning] 'ItemWearable' class is obsolete. Please, replace it with 'Wearable' behavior for medieval:clothes-emblem-capagreen instead
17.8.2026 23:11:26 [Warning] 'ItemWearable' class is obsolete. Please, replace it with 'Wearable' behavior for medieval:clothes-emblem-capared instead
17.8.2026 23:11:26 [Warning] 'ItemWearable' class is obsolete. Please, replace it with 'Wearable' behavior for medieval:clothes-emblem-capa instead
17.8.2026 23:11:26 [Warning] 'ItemWearable' class is obsolete. Please, replace it with 'Wearable' behavior for medieval:clothes-emblem-ladyarmortop instead
17.8.2026 23:11:26 [Warning] 'ItemWearable' class is obsolete. Please, replace it with 'Wearable' behavior for medieval:clothes-emblem-leathersquare3 instead
17.8.2026 23:11:26 [Warning] 'ItemWearable' class is obsolete. Please, replace it with 'Wearable' behavior for medieval:clothes-emblem-leathersquare2 instead
17.8.2026 23:11:26 [Warning] 'ItemWearable' class is obsolete. Please, replace it with 'Wearable' behavior for medieval:clothes-emblem-guard instead
17.8.2026 23:11:26 [Warning] 'ItemWearable' class is obsolete. Please, replace it with 'Wearable' behavior for medieval:clothes-emblem-black1 instead
17.8.2026 23:11:26 [Warning] 'ItemWearable' class is obsolete. Please, replace it with 'Wearable' behavior for medieval:clothes-emblem-leathersquarem instead
17.8.2026 23:11:26 [Warning] 'ItemWearable' class is obsolete. Please, replace it with 'Wearable' behavior for medieval:clothes-emblem-leathersquare instead
17.8.2026 23:11:26 [Warning] 'ItemWearable' class is obsolete. Please, replace it with 'Wearable' behavior for medieval:clothes-emblem-leathercross instead
17.8.2026 23:11:26 [Warning] 'ItemWearable' class is obsolete. Please, replace it with 'Wearable' behavior for medieval:clothes-emblem-chain instead
17.8.2026 23:11:26 [Warning] 'ItemWearable' class is obsolete. Please, replace it with 'Wearable' behavior for medieval:clothes-face-snow instead
17.8.2026 23:11:26 [Warning] 'ItemWearable' class is obsolete. Please, replace it with 'Wearable' behavior for medieval:clothes-face-medievalglassesgold instead
17.8.2026 23:11:26 [Warning] 'ItemWearable' class is obsolete. Please, replace it with 'Wearable' behavior for medieval:clothes-face-medievalglasses instead
17.8.2026 23:11:26 [Warning] 'ItemWearable' class is obsolete. Please, replace it with 'Wearable' behavior for medieval:clothes-face-devilmask instead
17.8.2026 23:11:26 [Warning] 'ItemWearable' class is obsolete. Please, replace it with 'Wearable' behavior for medieval:clothes-face-skullmask instead
17.8.2026 23:11:26 [Warning] 'ItemWearable' class is obsolete. Please, replace it with 'Wearable' behavior for medieval:clothes-face-leather-maskwhite instead
17.8.2026 23:11:26 [Warning] 'ItemWearable' class is obsolete. Please, replace it with 'Wearable' behavior for medieval:clothes-face-leather-maskred instead
17.8.2026 23:11:26 [Warning] 'ItemWearable' class is obsolete. Please, replace it with 'Wearable' behavior for medieval:clothes-face-leather-mask instead
17.8.2026 23:11:26 [Warning] 'ItemWearable' class is obsolete. Please, replace it with 'Wearable' behavior for medieval:clothes-foot-vikingboots instead
17.8.2026 23:11:26 [Warning] 'ItemWearable' class is obsolete. Please, replace it with 'Wearable' behavior for medieval:clothes-foot-chainmail-boots instead
17.8.2026 23:11:26 [Warning] 'ItemWearable' class is obsolete. Please, replace it with 'Wearable' behavior for medieval:clothes-foot-sandalias instead
17.8.2026 23:11:26 [Warning] 'ItemWearable' class is obsolete. Please, replace it with 'Wearable' behavior for medieval:clothes-foot-medieval-boots-short instead
17.8.2026 23:11:26 [Warning] 'ItemWearable' class is obsolete. Please, replace it with 'Wearable' behavior for medieval:clothes-foot-hunter instead
17.8.2026 23:11:26 [Warning] 'ItemWearable' class is obsolete. Please, replace it with 'Wearable' behavior for medieval:clothes-foot-medieval-woman-shoes-white instead
17.8.2026 23:11:26 [Warning] 'ItemWearable' class is obsolete. Please, replace it with 'Wearable' behavior for medieval:clothes-foot-medieval-woman-shoes-red instead
17.8.2026 23:11:26 [Warning] 'ItemWearable' class is obsolete. Please, replace it with 'Wearable' behavior for medieval:clothes-foot-medieval-woman-shoes-green instead
17.8.2026 23:11:26 [Warning] 'ItemWearable' class is obsolete. Please, replace it with 'Wearable' behavior for medieval:clothes-foot-medieval-woman-shoes-gray instead
17.8.2026 23:11:26 [Warning] 'ItemWearable' class is obsolete. Please, replace it with 'Wearable' behavior for medieval:clothes-foot-medieval-woman-shoes-blue instead
17.8.2026 23:11:26 [Warning] 'ItemWearable' class is obsolete. Please, replace it with 'Wearable' behavior for medieval:clothes-foot-medieval-woman-shoes-black instead
17.8.2026 23:11:26 [Warning] 'ItemWearable' class is obsolete. Please, replace it with 'Wearable' behavior for medieval:clothes-foot-medieval-woman-shoes instead
17.8.2026 23:11:26 [Warning] 'ItemWearable' class is obsolete. Please, replace it with 'Wearable' behavior for medieval:clothes-foot-medieval-boots-white instead
17.8.2026 23:11:26 [Warning] 'ItemWearable' class is obsolete. Please, replace it with 'Wearable' behavior for medieval:clothes-foot-medieval-boots-red instead
17.8.2026 23:11:26 [Warning] 'ItemWearable' class is obsolete. Please, replace it with 'Wearable' behavior for medieval:clothes-foot-medieval-boots-green instead
17.8.2026 23:11:26 [Warning] 'ItemWearable' class is obsolete. Please, replace it with 'Wearable' behavior for medieval:clothes-foot-medieval-boots-gray instead
17.8.2026 23:11:26 [Warning] 'ItemWearable' class is obsolete. Please, replace it with 'Wearable' behavior for medieval:clothes-foot-medieval-boots-blue instead
17.8.2026 23:11:26 [Warning] 'ItemWearable' class is obsolete. Please, replace it with 'Wearable' behavior for medieval:clothes-foot-medieval-boots-black instead
17.8.2026 23:11:26 [Warning] 'ItemWearable' class is obsolete. Please, replace it with 'Wearable' behavior for medieval:clothes-foot-medieval-boots-large3 instead
17.8.2026 23:11:26 [Warning] 'ItemWearable' class is obsolete. Please, replace it with 'Wearable' behavior for medieval:clothes-foot-medieval-boots-large2 instead
17.8.2026 23:11:26 [Warning] 'ItemWearable' class is obsolete. Please, replace it with 'Wearable' behavior for medieval:clothes-foot-medieval-boots-large instead
17.8.2026 23:11:26 [Warning] 'ItemWearable' class is obsolete. Please, replace it with 'Wearable' behavior for medieval:clothes-foot-medieval-boots instead
17.8.2026 23:11:26 [Warning] 'ItemWearable' class is obsolete. Please, replace it with 'Wearable' behavior for medieval:clothes-foot-medieval-high-boots-knife-whitebrown instead
17.8.2026 23:11:26 [Warning] 'ItemWearable' class is obsolete. Please, replace it with 'Wearable' behavior for medieval:clothes-foot-medieval-high-boots-knife-white instead
17.8.2026 23:11:26 [Warning] 'ItemWearable' class is obsolete. Please, replace it with 'Wearable' behavior for medieval:clothes-foot-medieval-high-boots-knife-red instead
17.8.2026 23:11:26 [Warning] 'ItemWearable' class is obsolete. Please, replace it with 'Wearable' behavior for medieval:clothes-foot-medieval-high-boots-knife-green instead
17.8.2026 23:11:26 [Warning] 'ItemWearable' class is obsolete. Please, replace it with 'Wearable' behavior for medieval:clothes-foot-medieval-high-boots-knife-gray instead
17.8.2026 23:11:26 [Warning] 'ItemWearable' class is obsolete. Please, replace it with 'Wearable' behavior for medieval:clothes-foot-medieval-high-boots-knife-blue instead
17.8.2026 23:11:26 [Warning] 'ItemWearable' class is obsolete. Please, replace it with 'Wearable' behavior for medieval:clothes-foot-medieval-high-boots-knife-black instead
17.8.2026 23:11:26 [Warning] 'ItemWearable' class is obsolete. Please, replace it with 'Wearable' behavior for medieval:clothes-foot-medieval-high-boots-knife instead
17.8.2026 23:11:26 [Warning] 'ItemWearable' class is obsolete. Please, replace it with 'Wearable' behavior for medieval:clothes-foot-medieval-high-boots-white instead
17.8.2026 23:11:26 [Warning] 'ItemWearable' class is obsolete. Please, replace it with 'Wearable' behavior for medieval:clothes-foot-medieval-high-boots-red instead
17.8.2026 23:11:26 [Warning] 'ItemWearable' class is obsolete. Please, replace it with 'Wearable' behavior for medieval:clothes-foot-medieval-high-boots-green instead
17.8.2026 23:11:26 [Warning] 'ItemWearable' class is obsolete. Please, replace it with 'Wearable' behavior for medieval:clothes-foot-medieval-high-boots-gray instead
17.8.2026 23:11:26 [Warning] 'ItemWearable' class is obsolete. Please, replace it with 'Wearable' behavior for medieval:clothes-foot-medieval-high-boots-blue instead
17.8.2026 23:11:26 [Warning] 'ItemWearable' class is obsolete. Please, replace it with 'Wearable' behavior for medieval:clothes-foot-medieval-high-boots-black instead
17.8.2026 23:11:26 [Warning] 'ItemWearable' class is obsolete. Please, replace it with 'Wearable' behavior for medieval:clothes-foot-medieval-high-boots instead
17.8.2026 23:11:26 [Warning] 'ItemWearable' class is obsolete. Please, replace it with 'Wearable' behavior for medieval:clothes-foot-medieval-warm-bearblack-boots instead
17.8.2026 23:11:26 [Warning] 'ItemWearable' class is obsolete. Please, replace it with 'Wearable' behavior for medieval:clothes-foot-medieval-warm-bear-boots instead
17.8.2026 23:11:26 [Warning] 'ItemWearable' class is obsolete. Please, replace it with 'Wearable' behavior for medieval:clothes-foot-medieval-warm-high-bootsred instead
17.8.2026 23:11:26 [Warning] 'ItemWearable' class is obsolete. Please, replace it with 'Wearable' behavior for medieval:clothes-foot-medieval-warm-high-boots instead
17.8.2026 23:11:26 [Warning] 'ItemWearable' class is obsolete. Please, replace it with 'Wearable' behavior for medieval:clothes-foot-medieval-great-steppe-boots instead
17.8.2026 23:11:26 [Warning] 'ItemWearable' class is obsolete. Please, replace it with 'Wearable' behavior for medieval:clothes-foot-medieval-great-steppe-woman-boots instead
17.8.2026 23:11:26 [Warning] 'ItemWearable' class is obsolete. Please, replace it with 'Wearable' behavior for medieval:clothes-foot-medieval-great-steppe-womans-boots instead
17.8.2026 23:11:26 [Warning] 'ItemWearable' class is obsolete. Please, replace it with 'Wearable' behavior for medieval:clothes-hand-guantesbrown instead
17.8.2026 23:11:26 [Warning] 'ItemWearable' class is obsolete. Please, replace it with 'Wearable' behavior for medieval:clothes-hand-gloves-plain-lux instead
17.8.2026 23:11:26 [Warning] 'ItemWearable' class is obsolete. Please, replace it with 'Wearable' behavior for medieval:clothes-hand-gloves-whitebrown-lux instead
17.8.2026 23:11:26 [Warning] 'ItemWearable' class is obsolete. Please, replace it with 'Wearable' behavior for medieval:clothes-hand-gloves-white-lux instead
17.8.2026 23:11:26 [Warning] 'ItemWearable' class is obsolete. Please, replace it with 'Wearable' behavior for medieval:clothes-hand-gloves-guindos-lux instead
17.8.2026 23:11:26 [Warning] 'ItemWearable' class is obsolete. Please, replace it with 'Wearable' behavior for medieval:clothes-hand-gloves-black-lux instead
17.8.2026 23:11:26 [Warning] 'ItemWearable' class is obsolete. Please, replace it with 'Wearable' behavior for medieval:clothes-hand-miner instead
17.8.2026 23:11:26 [Warning] 'ItemWearable' class is obsolete. Please, replace it with 'Wearable' behavior for medieval:clothes-hand-winter-gloves1 instead
17.8.2026 23:11:26 [Warning] 'ItemWearable' class is obsolete. Please, replace it with 'Wearable' behavior for medieval:clothes-hand-medieval-gloves instead
17.8.2026 23:11:26 [Warning] 'ItemWearable' class is obsolete. Please, replace it with 'Wearable' behavior for medieval:clothes-hand-medieval-gloves-black instead
17.8.2026 23:11:26 [Warning] 'ItemWearable' class is obsolete. Please, replace it with 'Wearable' behavior for medieval:clothes-hand-medieval-gloves-white instead
17.8.2026 23:11:26 [Warning] 'ItemWearable' class is obsolete. Please, replace it with 'Wearable' behavior for medieval:clothes-head-neckcover1rojo instead
17.8.2026 23:11:26 [Warning] 'ItemWearable' class is obsolete. Please, replace it with 'Wearable' behavior for medieval:clothes-head-neckcoverrojo instead
17.8.2026 23:11:26 [Warning] 'ItemWearable' class is obsolete. Please, replace it with 'Wearable' behavior for medieval:clothes-head-neckcover1purple instead
17.8.2026 23:11:26 [Warning] 'ItemWearable' class is obsolete. Please, replace it with 'Wearable' behavior for medieval:clothes-head-neckcoverpurple instead
17.8.2026 23:11:26 [Warning] 'ItemWearable' class is obsolete. Please, replace it with 'Wearable' behavior for medieval:clothes-head-neckcover1green instead
17.8.2026 23:11:26 [Warning] 'ItemWearable' class is obsolete. Please, replace it with 'Wearable' behavior for medieval:clothes-head-neckcovergreen instead
17.8.2026 23:11:26 [Warning] 'ItemWearable' class is obsolete. Please, replace it with 'Wearable' behavior for medieval:clothes-head-neckcover1blue instead
17.8.2026 23:11:26 [Warning] 'ItemWearable' class is obsolete. Please, replace it with 'Wearable' behavior for medieval:clothes-head-neckcoverblue instead
17.8.2026 23:11:26 [Warning] 'ItemWearable' class is obsolete. Please, replace it with 'Wearable' behavior for medieval:clothes-head-neckcover1white instead
17.8.2026 23:11:26 [Warning] 'ItemWearable' class is obsolete. Please, replace it with 'Wearable' behavior for medieval:clothes-head-neckcoverwhite instead
17.8.2026 23:11:26 [Warning] 'ItemWearable' class is obsolete. Please, replace it with 'Wearable' behavior for medieval:clothes-head-neckcover1red instead
17.8.2026 23:11:26 [Warning] 'ItemWearable' class is obsolete. Please, replace it with 'Wearable' behavior for medieval:clothes-head-neckcoverred instead
17.8.2026 23:11:26 [Warning] 'ItemWearable' class is obsolete. Please, replace it with 'Wearable' behavior for medieval:clothes-head-leatherhat2 instead
17.8.2026 23:11:26 [Warning] 'ItemWearable' class is obsolete. Please, replace it with 'Wearable' behavior for medieval:clothes-head-leatherhat1 instead
17.8.2026 23:11:26 [Warning] 'ItemWearable' class is obsolete. Please, replace it with 'Wearable' behavior for medieval:clothes-head-leatherhat instead
17.8.2026 23:11:26 [Warning] 'ItemWearable' class is obsolete. Please, replace it with 'Wearable' behavior for medieval:clothes-head-lad instead
17.8.2026 23:11:26 [Warning] 'ItemWearable' class is obsolete. Please, replace it with 'Wearable' behavior for medieval:clothes-head-turbantewhite instead
17.8.2026 23:11:26 [Warning] 'ItemWearable' class is obsolete. Please, replace it with 'Wearable' behavior for medieval:clothes-head-turbantered instead
17.8.2026 23:11:26 [Warning] 'ItemWearable' class is obsolete. Please, replace it with 'Wearable' behavior for medieval:clothes-head-turbantepurple instead
17.8.2026 23:11:26 [Warning] 'ItemWearable' class is obsolete. Please, replace it with 'Wearable' behavior for medieval:clothes-head-turbanteblue instead
17.8.2026 23:11:26 [Warning] 'ItemWearable' class is obsolete. Please, replace it with 'Wearable' behavior for medieval:clothes-head-turbante instead
17.8.2026 23:11:26 [Warning] 'ItemWearable' class is obsolete. Please, replace it with 'Wearable' behavior for medieval:clothes-head-hunter instead
17.8.2026 23:11:26 [Warning] 'ItemWearable' class is obsolete. Please, replace it with 'Wearable' behavior for medieval:clothes-head-medieval-woman-coat-head1 instead
17.8.2026 23:11:26 [Warning] 'ItemWearable' class is obsolete. Please, replace it with 'Wearable' behavior for medieval:clothes-head-medieval-hood instead
17.8.2026 23:11:26 [Warning] 'ItemWearable' class is obsolete. Please, replace it with 'Wearable' behavior for medieval:clothes-head-medieval-hood-black instead
17.8.2026 23:11:26 [Warning] 'ItemWearable' class is obsolete. Please, replace it with 'Wearable' behavior for medieval:clothes-head-medieval-hood-brown instead
17.8.2026 23:11:26 [Warning] 'ItemWearable' class is obsolete. Please, replace it with 'Wearable' behavior for medieval:clothes-head-medieval-hood-white instead
17.8.2026 23:11:26 [Warning] 'ItemWearable' class is obsolete. Please, replace it with 'Wearable' behavior for medieval:clothes-lowerbody-vikingpants instead
17.8.2026 23:11:26 [Warning] 'ItemWearable' class is obsolete. Please, replace it with 'Wearable' behavior for medieval:clothes-lowerbody-miner instead
17.8.2026 23:11:26 [Warning] 'ItemWearable' class is obsolete. Please, replace it with 'Wearable' behavior for medieval:clothes-lowerbody-lad instead
17.8.2026 23:11:26 [Warning] 'ItemWearable' class is obsolete. Please, replace it with 'Wearable' behavior for medieval:clothes-lowerbody-hunter instead
17.8.2026 23:11:26 [Warning] 'ItemWearable' class is obsolete. Please, replace it with 'Wearable' behavior for medieval:clothes-lowerbody-manga instead
17.8.2026 23:11:26 [Warning] 'ItemWearable' class is obsolete. Please, replace it with 'Wearable' behavior for medieval:clothes-lowerbody-armor-leather-chain-pants instead
17.8.2026 23:11:26 [Warning] 'ItemWearable' class is obsolete. Please, replace it with 'Wearable' behavior for medieval:clothes-lowerbody-dress-leather1 instead
17.8.2026 23:11:26 [Warning] 'ItemWearable' class is obsolete. Please, replace it with 'Wearable' behavior for medieval:clothes-lowerbody-dress-leather instead
17.8.2026 23:11:26 [Warning] 'ItemWearable' class is obsolete. Please, replace it with 'Wearable' behavior for medieval:clothes-lowerbody-reds1 instead
17.8.2026 23:11:26 [Warning] 'ItemWearable' class is obsolete. Please, replace it with 'Wearable' behavior for medieval:clothes-lowerbody-reds instead
17.8.2026 23:11:26 [Warning] 'ItemWearable' class is obsolete. Please, replace it with 'Wearable' behavior for medieval:clothes-lowerbody-whites instead
17.8.2026 23:11:26 [Warning] 'ItemWearable' class is obsolete. Please, replace it with 'Wearable' behavior for medieval:clothes-lowerbody-blackred instead
17.8.2026 23:11:26 [Warning] 'ItemWearable' class is obsolete. Please, replace it with 'Wearable' behavior for medieval:clothes-lowerbody-ambar instead
17.8.2026 23:11:26 [Warning] 'ItemWearable' class is obsolete. Please, replace it with 'Wearable' behavior for medieval:clothes-lowerbody-black instead
17.8.2026 23:11:26 [Warning] 'ItemWearable' class is obsolete. Please, replace it with 'Wearable' behavior for medieval:clothes-lowerbody-fur-pantsbearblack instead
17.8.2026 23:11:26 [Warning] 'ItemWearable' class is obsolete. Please, replace it with 'Wearable' behavior for medieval:clothes-lowerbody-fur-pantsbear instead
17.8.2026 23:11:26 [Warning] 'ItemWearable' class is obsolete. Please, replace it with 'Wearable' behavior for medieval:clothes-lowerbody-fur-pants instead
17.8.2026 23:11:26 [Warning] 'ItemWearable' class is obsolete. Please, replace it with 'Wearable' behavior for medieval:clothes-lowerbody-medieval-woman-coat-bottom instead
17.8.2026 23:11:26 [Warning] 'ItemWearable' class is obsolete. Please, replace it with 'Wearable' behavior for medieval:clothes-lowerbody-medieval-dress-brown-bottom instead
17.8.2026 23:11:26 [Warning] 'ItemWearable' class is obsolete. Please, replace it with 'Wearable' behavior for medieval:clothes-lowerbody-medieval-dress-blue-bottom instead
17.8.2026 23:11:26 [Warning] 'ItemWearable' class is obsolete. Please, replace it with 'Wearable' behavior for medieval:clothes-lowerbody-medieval-dress-bottom instead
17.8.2026 23:11:26 [Warning] 'ItemWearable' class is obsolete. Please, replace it with 'Wearable' behavior for medieval:clothes-lowerbody-medieval-skirt-orange instead
17.8.2026 23:11:26 [Warning] 'ItemWearable' class is obsolete. Please, replace it with 'Wearable' behavior for medieval:clothes-lowerbody-medieval-skirt-yellow instead
17.8.2026 23:11:26 [Warning] 'ItemWearable' class is obsolete. Please, replace it with 'Wearable' behavior for medieval:clothes-lowerbody-medieval-skirt-white instead
17.8.2026 23:11:26 [Warning] 'ItemWearable' class is obsolete. Please, replace it with 'Wearable' behavior for medieval:clothes-lowerbody-medieval-skirt-red instead
17.8.2026 23:11:26 [Warning] 'ItemWearable' class is obsolete. Please, replace it with 'Wearable' behavior for medieval:clothes-lowerbody-medieval-skirt-green instead
17.8.2026 23:11:26 [Warning] 'ItemWearable' class is obsolete. Please, replace it with 'Wearable' behavior for medieval:clothes-lowerbody-medieval-skirt-gray instead
17.8.2026 23:11:26 [Warning] 'ItemWearable' class is obsolete. Please, replace it with 'Wearable' behavior for medieval:clothes-lowerbody-medieval-skirt-brown instead
17.8.2026 23:11:26 [Warning] 'ItemWearable' class is obsolete. Please, replace it with 'Wearable' behavior for medieval:clothes-lowerbody-medieval-skirt-blue instead
17.8.2026 23:11:26 [Warning] 'ItemWearable' class is obsolete. Please, replace it with 'Wearable' behavior for medieval:clothes-lowerbody-medieval-skirt-black instead
17.8.2026 23:11:26 [Warning] 'ItemWearable' class is obsolete. Please, replace it with 'Wearable' behavior for medieval:clothes-lowerbody-dress-red-es-large instead
17.8.2026 23:11:26 [Warning] 'ItemWearable' class is obsolete. Please, replace it with 'Wearable' behavior for medieval:clothes-lowerbody-dress-red-es-short instead
17.8.2026 23:11:26 [Warning] 'ItemWearable' class is obsolete. Please, replace it with 'Wearable' behavior for medieval:clothes-lowerbody-dress-red-es-extrashort instead
17.8.2026 23:11:26 [Warning] 'ItemWearable' class is obsolete. Please, replace it with 'Wearable' behavior for medieval:clothes-lowerbody-dress-red-es-medium instead
17.8.2026 23:11:26 [Warning] 'ItemWearable' class is obsolete. Please, replace it with 'Wearable' behavior for medieval:clothes-lowerbody-dress-red-extrashort instead
17.8.2026 23:11:26 [Warning] 'ItemWearable' class is obsolete. Please, replace it with 'Wearable' behavior for medieval:clothes-lowerbody-dress-red-short instead
17.8.2026 23:11:26 [Warning] 'ItemWearable' class is obsolete. Please, replace it with 'Wearable' behavior for medieval:clothes-lowerbody-dress-red-medium instead
17.8.2026 23:11:26 [Warning] 'ItemWearable' class is obsolete. Please, replace it with 'Wearable' behavior for medieval:clothes-lowerbody-dress-red-large instead
17.8.2026 23:11:26 [Warning] 'ItemWearable' class is obsolete. Please, replace it with 'Wearable' behavior for medieval:clothes-lowerbody-dress-plain-extrashort instead
17.8.2026 23:11:26 [Warning] 'ItemWearable' class is obsolete. Please, replace it with 'Wearable' behavior for medieval:clothes-lowerbody-dress-plain-short instead
17.8.2026 23:11:26 [Warning] 'ItemWearable' class is obsolete. Please, replace it with 'Wearable' behavior for medieval:clothes-lowerbody-dress-plain-medium instead
17.8.2026 23:11:26 [Warning] 'ItemWearable' class is obsolete. Please, replace it with 'Wearable' behavior for medieval:clothes-lowerbody-dress-plain-large instead
17.8.2026 23:11:26 [Warning] 'ItemWearable' class is obsolete. Please, replace it with 'Wearable' behavior for medieval:clothes-lowerbody-medieval-leather-pants-white instead
17.8.2026 23:11:26 [Warning] 'ItemWearable' class is obsolete. Please, replace it with 'Wearable' behavior for medieval:clothes-lowerbody-medieval-leather-pants-red instead
17.8.2026 23:11:26 [Warning] 'ItemWearable' class is obsolete. Please, replace it with 'Wearable' behavior for medieval:clothes-lowerbody-medieval-leather-pants-green instead
17.8.2026 23:11:26 [Warning] 'ItemWearable' class is obsolete. Please, replace it with 'Wearable' behavior for medieval:clothes-lowerbody-medieval-leather-pants-gray instead
17.8.2026 23:11:26 [Warning] 'ItemWearable' class is obsolete. Please, replace it with 'Wearable' behavior for medieval:clothes-lowerbody-medieval-leather-pants-blue instead
17.8.2026 23:11:26 [Warning] 'ItemWearable' class is obsolete. Please, replace it with 'Wearable' behavior for medieval:clothes-lowerbody-medieval-leather-pants-black instead
17.8.2026 23:11:26 [Warning] 'ItemWearable' class is obsolete. Please, replace it with 'Wearable' behavior for medieval:clothes-lowerbody-medieval-leather-pants instead
17.8.2026 23:11:26 [Warning] 'ItemWearable' class is obsolete. Please, replace it with 'Wearable' behavior for medieval:clothes-lowerbody-medieval-pants-white instead
17.8.2026 23:11:26 [Warning] 'ItemWearable' class is obsolete. Please, replace it with 'Wearable' behavior for medieval:clothes-lowerbody-medieval-pants-red instead
17.8.2026 23:11:26 [Warning] 'ItemWearable' class is obsolete. Please, replace it with 'Wearable' behavior for medieval:clothes-lowerbody-medieval-pants-green instead
17.8.2026 23:11:26 [Warning] 'ItemWearable' class is obsolete. Please, replace it with 'Wearable' behavior for medieval:clothes-lowerbody-medieval-pants-gray instead
17.8.2026 23:11:26 [Warning] 'ItemWearable' class is obsolete. Please, replace it with 'Wearable' behavior for medieval:clothes-lowerbody-medieval-pants-brown instead
17.8.2026 23:11:26 [Warning] 'ItemWearable' class is obsolete. Please, replace it with 'Wearable' behavior for medieval:clothes-lowerbody-medieval-pants-blue instead
17.8.2026 23:11:26 [Warning] 'ItemWearable' class is obsolete. Please, replace it with 'Wearable' behavior for medieval:clothes-lowerbody-medieval-pants instead
17.8.2026 23:11:26 [Warning] 'ItemWearable' class is obsolete. Please, replace it with 'Wearable' behavior for medieval:clothes-neck-skullleather instead
17.8.2026 23:11:26 [Warning] 'ItemWearable' class is obsolete. Please, replace it with 'Wearable' behavior for medieval:clothes-neck-pearl instead
17.8.2026 23:11:26 [Warning] 'ItemWearable' class is obsolete. Please, replace it with 'Wearable' behavior for medieval:clothes-neck-goldenskull instead
17.8.2026 23:11:26 [Warning] 'ItemWearable' class is obsolete. Please, replace it with 'Wearable' behavior for medieval:clothes-neck-footrabbit-amulet instead
17.8.2026 23:11:26 [Warning] 'ItemWearable' class is obsolete. Please, replace it with 'Wearable' behavior for medieval:clothes-neck-tatoo instead
17.8.2026 23:11:26 [Warning] 'ItemWearable' class is obsolete. Please, replace it with 'Wearable' behavior for medieval:clothes-neck-gold-sylvite instead
17.8.2026 23:11:26 [Warning] 'ItemWearable' class is obsolete. Please, replace it with 'Wearable' behavior for medieval:clothes-neck-gold-smokyquartz instead
17.8.2026 23:11:26 [Warning] 'ItemWearable' class is obsolete. Please, replace it with 'Wearable' behavior for medieval:clothes-neck-gold-rosyquartz instead
17.8.2026 23:11:26 [Warning] 'ItemWearable' class is obsolete. Please, replace it with 'Wearable' behavior for medieval:clothes-neck-gold-olivine-p instead
17.8.2026 23:11:26 [Warning] 'ItemWearable' class is obsolete. Please, replace it with 'Wearable' behavior for medieval:clothes-neck-gold-olivine instead
17.8.2026 23:11:26 [Warning] 'ItemWearable' class is obsolete. Please, replace it with 'Wearable' behavior for medieval:clothes-neck-gold-lapislazuli instead
17.8.2026 23:11:26 [Warning] 'ItemWearable' class is obsolete. Please, replace it with 'Wearable' behavior for medieval:clothes-neck-gold-emerald instead
17.8.2026 23:11:26 [Warning] 'ItemWearable' class is obsolete. Please, replace it with 'Wearable' behavior for medieval:clothes-neck-gold-diamond instead
17.8.2026 23:11:26 [Warning] 'ItemWearable' class is obsolete. Please, replace it with 'Wearable' behavior for medieval:clothes-neck-gold-cinnabar instead
17.8.2026 23:11:26 [Warning] 'ItemWearable' class is obsolete. Please, replace it with 'Wearable' behavior for medieval:clothes-neck-gold-charcoal instead
17.8.2026 23:11:26 [Warning] 'ItemWearable' class is obsolete. Please, replace it with 'Wearable' behavior for medieval:clothes-neck-gold-amethyst instead
17.8.2026 23:11:26 [Warning] 'ItemWearable' class is obsolete. Please, replace it with 'Wearable' behavior for medieval:clothes-neck-gold instead
17.8.2026 23:11:26 [Warning] 'ItemWearable' class is obsolete. Please, replace it with 'Wearable' behavior for medieval:clothes-neck-gold-amulet instead
17.8.2026 23:11:26 [Warning] 'ItemWearable' class is obsolete. Please, replace it with 'Wearable' behavior for medieval:clothes-neck-silver-amulet instead
17.8.2026 23:11:26 [Warning] 'ItemWearable' class is obsolete. Please, replace it with 'Wearable' behavior for medieval:clothes-neck-fang3-amulet instead
17.8.2026 23:11:26 [Warning] 'ItemWearable' class is obsolete. Please, replace it with 'Wearable' behavior for medieval:clothes-neck-fang2-amulet instead
17.8.2026 23:11:26 [Warning] 'ItemWearable' class is obsolete. Please, replace it with 'Wearable' behavior for medieval:clothes-neck-fang-amulet instead
17.8.2026 23:11:26 [Warning] 'ItemWearable' class is obsolete. Please, replace it with 'Wearable' behavior for medieval:clothes-neck-diamond-amulet instead
17.8.2026 23:11:26 [Warning] 'ItemWearable' class is obsolete. Please, replace it with 'Wearable' behavior for medieval:clothes-shoulder-capacubiertaneg instead
17.8.2026 23:11:26 [Warning] 'ItemWearable' class is obsolete. Please, replace it with 'Wearable' behavior for medieval:clothes-shoulder-capacubierta instead
17.8.2026 23:11:26 [Warning] 'ItemWearable' class is obsolete. Please, replace it with 'Wearable' behavior for medieval:clothes-shoulder-tunicapoorbrown instead
17.8.2026 23:11:26 [Warning] 'ItemWearable' class is obsolete. Please, replace it with 'Wearable' behavior for medieval:clothes-shoulder-tunicapoorblack instead
17.8.2026 23:11:26 [Warning] 'ItemWearable' class is obsolete. Please, replace it with 'Wearable' behavior for medieval:clothes-shoulder-tunicapoorblue instead
17.8.2026 23:11:26 [Warning] 'ItemWearable' class is obsolete. Please, replace it with 'Wearable' behavior for medieval:clothes-shoulder-tunicapoorred instead
17.8.2026 23:11:26 [Warning] 'ItemWearable' class is obsolete. Please, replace it with 'Wearable' behavior for medieval:clothes-shoulder-tunicapoororange instead
17.8.2026 23:11:26 [Warning] 'ItemWearable' class is obsolete. Please, replace it with 'Wearable' behavior for medieval:clothes-shoulder-tunicapoorgreen instead
17.8.2026 23:11:26 [Warning] 'ItemWearable' class is obsolete. Please, replace it with 'Wearable' behavior for medieval:clothes-shoulder-tunicapoor instead
17.8.2026 23:11:26 [Warning] 'ItemWearable' class is obsolete. Please, replace it with 'Wearable' behavior for medieval:clothes-shoulder-piel instead
17.8.2026 23:11:26 [Warning] 'ItemWearable' class is obsolete. Please, replace it with 'Wearable' behavior for medieval:clothes-shoulder-yellow instead
17.8.2026 23:11:26 [Warning] 'ItemWearable' class is obsolete. Please, replace it with 'Wearable' behavior for medieval:clothes-shoulder-red instead
17.8.2026 23:11:26 [Warning] 'ItemWearable' class is obsolete. Please, replace it with 'Wearable' behavior for medieval:clothes-shoulder-plain1 instead
17.8.2026 23:11:26 [Warning] 'ItemWearable' class is obsolete. Please, replace it with 'Wearable' behavior for medieval:clothes-shoulder-plain instead
17.8.2026 23:11:26 [Warning] 'ItemWearable' class is obsolete. Please, replace it with 'Wearable' behavior for medieval:clothes-shoulder-orange1 instead
17.8.2026 23:11:26 [Warning] 'ItemWearable' class is obsolete. Please, replace it with 'Wearable' behavior for medieval:clothes-shoulder-orange instead
17.8.2026 23:11:26 [Warning] 'ItemWearable' class is obsolete. Please, replace it with 'Wearable' behavior for medieval:clothes-shoulder-green1 instead
17.8.2026 23:11:26 [Warning] 'ItemWearable' class is obsolete. Please, replace it with 'Wearable' behavior for medieval:clothes-shoulder-green instead
17.8.2026 23:11:26 [Warning] 'ItemWearable' class is obsolete. Please, replace it with 'Wearable' behavior for medieval:clothes-shoulder-brown instead
17.8.2026 23:11:26 [Warning] 'ItemWearable' class is obsolete. Please, replace it with 'Wearable' behavior for medieval:clothes-shoulder-blue instead
17.8.2026 23:11:26 [Warning] 'ItemWearable' class is obsolete. Please, replace it with 'Wearable' behavior for medieval:clothes-shoulder-fox instead
17.8.2026 23:11:26 [Warning] 'ItemWearable' class is obsolete. Please, replace it with 'Wearable' behavior for medieval:clothes-shoulder-neckcover instead
17.8.2026 23:11:26 [Warning] 'ItemWearable' class is obsolete. Please, replace it with 'Wearable' behavior for medieval:clothes-shoulder-kitchener instead
17.8.2026 23:11:26 [Warning] 'ItemWearable' class is obsolete. Please, replace it with 'Wearable' behavior for medieval:clothes-shoulder-butcher instead
17.8.2026 23:11:26 [Warning] 'ItemWearable' class is obsolete. Please, replace it with 'Wearable' behavior for medieval:clothes-shoulder-miner instead
17.8.2026 23:11:26 [Warning] 'ItemWearable' class is obsolete. Please, replace it with 'Wearable' behavior for medieval:clothes-shoulder-shawl-green instead
17.8.2026 23:11:26 [Warning] 'ItemWearable' class is obsolete. Please, replace it with 'Wearable' behavior for medieval:clothes-shoulder-mason instead
17.8.2026 23:11:26 [Warning] 'ItemWearable' class is obsolete. Please, replace it with 'Wearable' behavior for medieval:clothes-shoulder-delantal instead
17.8.2026 23:11:26 [Warning] 'ItemWearable' class is obsolete. Please, replace it with 'Wearable' behavior for medieval:clothes-shoulder-chaleco instead
17.8.2026 23:11:26 [Warning] 'ItemWearable' class is obsolete. Please, replace it with 'Wearable' behavior for medieval:clothes-shoulder-medieval-woman-coat-shoulder instead
17.8.2026 23:11:26 [Warning] 'ItemWearable' class is obsolete. Please, replace it with 'Wearable' behavior for medieval:clothes-shoulder-medieval-scarf instead
17.8.2026 23:11:26 [Warning] 'ItemWearable' class is obsolete. Please, replace it with 'Wearable' behavior for medieval:clothes-shoulder-medieval-leather-poncho-black instead
17.8.2026 23:11:26 [Warning] 'ItemWearable' class is obsolete. Please, replace it with 'Wearable' behavior for medieval:clothes-shoulder-medieval-leather-poncho instead
17.8.2026 23:11:26 [Warning] 'ItemWearable' class is obsolete. Please, replace it with 'Wearable' behavior for medieval:clothes-shoulder-medieval-hide-robe instead
17.8.2026 23:11:26 [Warning] 'ItemWearable' class is obsolete. Please, replace it with 'Wearable' behavior for medieval:clothes-shoulder-medieval-cape instead
17.8.2026 23:11:26 [Warning] 'ItemWearable' class is obsolete. Please, replace it with 'Wearable' behavior for medieval:clothes-upperbody-shirt-yellow instead
17.8.2026 23:11:26 [Warning] 'ItemWearable' class is obsolete. Please, replace it with 'Wearable' behavior for medieval:clothes-upperbody-shirt-red instead
17.8.2026 23:11:26 [Warning] 'ItemWearable' class is obsolete. Please, replace it with 'Wearable' behavior for medieval:clothes-upperbody-shirt-purple instead
17.8.2026 23:11:26 [Warning] 'ItemWearable' class is obsolete. Please, replace it with 'Wearable' behavior for medieval:clothes-upperbody-shirt-orange instead
17.8.2026 23:11:26 [Warning] 'ItemWearable' class is obsolete. Please, replace it with 'Wearable' behavior for medieval:clothes-upperbody-shirt-green instead
17.8.2026 23:11:26 [Warning] 'ItemWearable' class is obsolete. Please, replace it with 'Wearable' behavior for medieval:clothes-upperbody-shirt-gray instead
17.8.2026 23:11:26 [Warning] 'ItemWearable' class is obsolete. Please, replace it with 'Wearable' behavior for medieval:clothes-upperbody-shirt-brown instead
17.8.2026 23:11:26 [Warning] 'ItemWearable' class is obsolete. Please, replace it with 'Wearable' behavior for medieval:clothes-upperbody-shirt-blue instead
17.8.2026 23:11:26 [Warning] 'ItemWearable' class is obsolete. Please, replace it with 'Wearable' behavior for medieval:clothes-upperbody-shirt-black instead
17.8.2026 23:11:26 [Warning] 'ItemWearable' class is obsolete. Please, replace it with 'Wearable' behavior for medieval:clothes-upperbody-leon2 instead
17.8.2026 23:11:26 [Warning] 'ItemWearable' class is obsolete. Please, replace it with 'Wearable' behavior for medieval:clothes-upperbody-leon instead
17.8.2026 23:11:26 [Warning] 'ItemWearable' class is obsolete. Please, replace it with 'Wearable' behavior for medieval:clothes-upperbody-ruddis-cloth-guindo instead
17.8.2026 23:11:26 [Warning] 'ItemWearable' class is obsolete. Please, replace it with 'Wearable' behavior for medieval:clothes-upperbody-ruddis-cloth-yellow instead
17.8.2026 23:11:26 [Warning] 'ItemWearable' class is obsolete. Please, replace it with 'Wearable' behavior for medieval:clothes-upperbody-ruddis-cloth-white instead
17.8.2026 23:11:26 [Warning] 'ItemWearable' class is obsolete. Please, replace it with 'Wearable' behavior for medieval:clothes-upperbody-ruddis-cloth-red instead
17.8.2026 23:11:26 [Warning] 'ItemWearable' class is obsolete. Please, replace it with 'Wearable' behavior for medieval:clothes-upperbody-ruddis-cloth-purple instead
17.8.2026 23:11:26 [Warning] 'ItemWearable' class is obsolete. Please, replace it with 'Wearable' behavior for medieval:clothes-upperbody-ruddis-cloth-pink instead
17.8.2026 23:11:26 [Warning] 'ItemWearable' class is obsolete. Please, replace it with 'Wearable' behavior for medieval:clothes-upperbody-ruddis-cloth-orange instead
17.8.2026 23:11:26 [Warning] 'ItemWearable' class is obsolete. Please, replace it with 'Wearable' behavior for medieval:clothes-upperbody-ruddis-cloth-green instead
17.8.2026 23:11:26 [Warning] 'ItemWearable' class is obsolete. Please, replace it with 'Wearable' behavior for medieval:clothes-upperbody-ruddis-cloth-gray instead
17.8.2026 23:11:26 [Warning] 'ItemWearable' class is obsolete. Please, replace it with 'Wearable' behavior for medieval:clothes-upperbody-ruddis-cloth-brown instead
17.8.2026 23:11:26 [Warning] 'ItemWearable' class is obsolete. Please, replace it with 'Wearable' behavior for medieval:clothes-upperbody-ruddis-cloth-blue instead
17.8.2026 23:11:26 [Warning] 'ItemWearable' class is obsolete. Please, replace it with 'Wearable' behavior for medieval:clothes-upperbody-ruddis-cloth-black instead
17.8.2026 23:11:26 [Warning] 'ItemWearable' class is obsolete. Please, replace it with 'Wearable' behavior for medieval:clothes-upperbody-vikingshirt instead
17.8.2026 23:11:26 [Warning] 'ItemWearable' class is obsolete. Please, replace it with 'Wearable' behavior for medieval:clothes-upperbody-hunter instead
17.8.2026 23:11:26 [Warning] 'ItemWearable' class is obsolete. Please, replace it with 'Wearable' behavior for medieval:clothes-upperbody-miner instead
17.8.2026 23:11:26 [Warning] 'ItemWearable' class is obsolete. Please, replace it with 'Wearable' behavior for medieval:clothes-upperbody-medieval-short-red-neck instead
17.8.2026 23:11:26 [Warning] 'ItemWearable' class is obsolete. Please, replace it with 'Wearable' behavior for medieval:clothes-upperbody-medieval-short-red instead
17.8.2026 23:11:26 [Warning] 'ItemWearable' class is obsolete. Please, replace it with 'Wearable' behavior for medieval:clothes-upperbody-medieval-short-brown-neck instead
17.8.2026 23:11:26 [Warning] 'ItemWearable' class is obsolete. Please, replace it with 'Wearable' behavior for medieval:clothes-upperbody-medieval-short-brown instead
17.8.2026 23:11:26 [Warning] 'ItemWearable' class is obsolete. Please, replace it with 'Wearable' behavior for medieval:clothes-upperbody-medieval-short-black-neck instead
17.8.2026 23:11:26 [Warning] 'ItemWearable' class is obsolete. Please, replace it with 'Wearable' behavior for medieval:clothes-upperbody-medieval-short-black instead
17.8.2026 23:11:26 [Warning] 'ItemWearable' class is obsolete. Please, replace it with 'Wearable' behavior for medieval:clothes-upperbody-manga instead
17.8.2026 23:11:26 [Warning] 'ItemWearable' class is obsolete. Please, replace it with 'Wearable' behavior for medieval:clothes-upperbody-gris instead
17.8.2026 23:11:26 [Warning] 'ItemWearable' class is obsolete. Please, replace it with 'Wearable' behavior for medieval:clothes-upperbody-medieval-lux-leather-shirt instead
17.8.2026 23:11:26 [Warning] 'ItemWearable' class is obsolete. Please, replace it with 'Wearable' behavior for medieval:clothes-upperbody-camisita-yellow instead
17.8.2026 23:11:26 [Warning] 'ItemWearable' class is obsolete. Please, replace it with 'Wearable' behavior for medieval:clothes-upperbody-camisita-red instead
17.8.2026 23:11:26 [Warning] 'ItemWearable' class is obsolete. Please, replace it with 'Wearable' behavior for medieval:clothes-upperbody-camisita-orange instead
17.8.2026 23:11:26 [Warning] 'ItemWearable' class is obsolete. Please, replace it with 'Wearable' behavior for medieval:clothes-upperbody-camisita-green instead
17.8.2026 23:11:26 [Warning] 'ItemWearable' class is obsolete. Please, replace it with 'Wearable' behavior for medieval:clothes-upperbody-camisita-gray instead
17.8.2026 23:11:26 [Warning] 'ItemWearable' class is obsolete. Please, replace it with 'Wearable' behavior for medieval:clothes-upperbody-camisita-brown instead
17.8.2026 23:11:26 [Warning] 'ItemWearable' class is obsolete. Please, replace it with 'Wearable' behavior for medieval:clothes-upperbody-camisita-blue instead
17.8.2026 23:11:26 [Warning] 'ItemWearable' class is obsolete. Please, replace it with 'Wearable' behavior for medieval:clothes-upperbody-camisita-black instead
17.8.2026 23:11:26 [Warning] 'ItemWearable' class is obsolete. Please, replace it with 'Wearable' behavior for medieval:clothes-upperbody-ambar instead
17.8.2026 23:11:26 [Warning] 'ItemWearable' class is obsolete. Please, replace it with 'Wearable' behavior for medieval:clothes-upperbody-blackred instead
17.8.2026 23:11:26 [Warning] 'ItemWearable' class is obsolete. Please, replace it with 'Wearable' behavior for medieval:clothes-upperbody-black instead
17.8.2026 23:11:26 [Warning] 'ItemWearable' class is obsolete. Please, replace it with 'Wearable' behavior for medieval:clothes-upperbody-medieval-squire-tunic instead
17.8.2026 23:11:26 [Warning] 'ItemWearable' class is obsolete. Please, replace it with 'Wearable' behavior for medieval:clothes-upperbody-medieval-knight-tunic-gray instead
17.8.2026 23:11:26 [Warning] 'ItemWearable' class is obsolete. Please, replace it with 'Wearable' behavior for medieval:clothes-upperbody-medieval-knight-tunic-red instead
17.8.2026 23:11:26 [Warning] 'ItemWearable' class is obsolete. Please, replace it with 'Wearable' behavior for medieval:clothes-upperbody-medieval-knight-tunic-brown instead
17.8.2026 23:11:26 [Warning] 'ItemWearable' class is obsolete. Please, replace it with 'Wearable' behavior for medieval:clothes-upperbody-medieval-woman-coat-top instead
17.8.2026 23:11:26 [Warning] 'ItemWearable' class is obsolete. Please, replace it with 'Wearable' behavior for medieval:clothes-upperbody-medieval-dress-blue-top instead
17.8.2026 23:11:26 [Warning] 'ItemWearable' class is obsolete. Please, replace it with 'Wearable' behavior for medieval:clothes-upperbody-medieval-dress-brown-top instead
17.8.2026 23:11:26 [Warning] 'ItemWearable' class is obsolete. Please, replace it with 'Wearable' behavior for medieval:clothes-upperbody-medieval-dress-top instead
17.8.2026 23:11:26 [Warning] 'ItemWearable' class is obsolete. Please, replace it with 'Wearable' behavior for medieval:clothes-upperbody-medieval-blouse-yellow instead
17.8.2026 23:11:26 [Warning] 'ItemWearable' class is obsolete. Please, replace it with 'Wearable' behavior for medieval:clothes-upperbody-medieval-blouse-white instead
17.8.2026 23:11:26 [Warning] 'ItemWearable' class is obsolete. Please, replace it with 'Wearable' behavior for medieval:clothes-upperbody-medieval-blouse-red instead
17.8.2026 23:11:26 [Warning] 'ItemWearable' class is obsolete. Please, replace it with 'Wearable' behavior for medieval:clothes-upperbody-medieval-blouse-purple instead
17.8.2026 23:11:26 [Warning] 'ItemWearable' class is obsolete. Please, replace it with 'Wearable' behavior for medieval:clothes-upperbody-medieval-blouse-pink instead
17.8.2026 23:11:26 [Warning] 'ItemWearable' class is obsolete. Please, replace it with 'Wearable' behavior for medieval:clothes-upperbody-medieval-blouse-orange instead
17.8.2026 23:11:26 [Warning] 'ItemWearable' class is obsolete. Please, replace it with 'Wearable' behavior for medieval:clothes-upperbody-medieval-blouse-green instead
17.8.2026 23:11:26 [Warning] 'ItemWearable' class is obsolete. Please, replace it with 'Wearable' behavior for medieval:clothes-upperbody-medieval-blouse-gray instead
17.8.2026 23:11:26 [Warning] 'ItemWearable' class is obsolete. Please, replace it with 'Wearable' behavior for medieval:clothes-upperbody-medieval-blouse-brown instead
17.8.2026 23:11:26 [Warning] 'ItemWearable' class is obsolete. Please, replace it with 'Wearable' behavior for medieval:clothes-upperbody-medieval-blouse-blue instead
17.8.2026 23:11:26 [Warning] 'ItemWearable' class is obsolete. Please, replace it with 'Wearable' behavior for medieval:clothes-upperbody-medieval-blouse-black instead
17.8.2026 23:11:26 [Warning] 'ItemWearable' class is obsolete. Please, replace it with 'Wearable' behavior for medieval:clothes-upperbody-medieval-blouse instead
17.8.2026 23:11:26 [Warning] 'ItemWearable' class is obsolete. Please, replace it with 'Wearable' behavior for medieval:clothes-upperbody-medieval-large-white-w instead
17.8.2026 23:11:26 [Warning] 'ItemWearable' class is obsolete. Please, replace it with 'Wearable' behavior for medieval:clothes-upperbody-medieval-large-purple-w instead
17.8.2026 23:11:26 [Warning] 'ItemWearable' class is obsolete. Please, replace it with 'Wearable' behavior for medieval:clothes-upperbody-medieval-large-pink-w instead
17.8.2026 23:11:26 [Warning] 'ItemWearable' class is obsolete. Please, replace it with 'Wearable' behavior for medieval:clothes-upperbody-medieval-large-red-w instead
17.8.2026 23:11:26 [Warning] 'ItemWearable' class is obsolete. Please, replace it with 'Wearable' behavior for medieval:clothes-upperbody-medieval-large-red-robe instead
17.8.2026 23:11:26 [Warning] 'ItemWearable' class is obsolete. Please, replace it with 'Wearable' behavior for medieval:clothes-upperbody-medieval-large-red-neck instead
17.8.2026 23:11:26 [Warning] 'ItemWearable' class is obsolete. Please, replace it with 'Wearable' behavior for medieval:clothes-upperbody-medieval-large-black-robe instead
17.8.2026 23:11:26 [Warning] 'ItemWearable' class is obsolete. Please, replace it with 'Wearable' behavior for medieval:clothes-upperbody-medieval-large-black-neck instead
17.8.2026 23:11:26 [Warning] 'ItemWearable' class is obsolete. Please, replace it with 'Wearable' behavior for medieval:clothes-upperbody-medieval-large-yellow-w instead
17.8.2026 23:11:26 [Warning] 'ItemWearable' class is obsolete. Please, replace it with 'Wearable' behavior for medieval:clothes-upperbody-medieval-large-yellow-robe instead
17.8.2026 23:11:26 [Warning] 'ItemWearable' class is obsolete. Please, replace it with 'Wearable' behavior for medieval:clothes-upperbody-medieval-large-yellow-neck instead
17.8.2026 23:11:26 [Warning] 'ItemWearable' class is obsolete. Please, replace it with 'Wearable' behavior for medieval:clothes-upperbody-medieval-large-orange-w instead
17.8.2026 23:11:26 [Warning] 'ItemWearable' class is obsolete. Please, replace it with 'Wearable' behavior for medieval:clothes-upperbody-medieval-large-orange-robe instead
17.8.2026 23:11:26 [Warning] 'ItemWearable' class is obsolete. Please, replace it with 'Wearable' behavior for medieval:clothes-upperbody-medieval-large-orange-neck instead
17.8.2026 23:11:26 [Warning] 'ItemWearable' class is obsolete. Please, replace it with 'Wearable' behavior for medieval:clothes-upperbody-medieval-large-green-w instead
17.8.2026 23:11:26 [Warning] 'ItemWearable' class is obsolete. Please, replace it with 'Wearable' behavior for medieval:clothes-upperbody-medieval-large-green-robe instead
17.8.2026 23:11:26 [Warning] 'ItemWearable' class is obsolete. Please, replace it with 'Wearable' behavior for medieval:clothes-upperbody-medieval-large-green-neck instead
17.8.2026 23:11:26 [Warning] 'ItemWearable' class is obsolete. Please, replace it with 'Wearable' behavior for medieval:clothes-upperbody-medieval-large-gray-w instead
17.8.2026 23:11:26 [Warning] 'ItemWearable' class is obsolete. Please, replace it with 'Wearable' behavior for medieval:clothes-upperbody-medieval-large-gray-robe instead
17.8.2026 23:11:26 [Warning] 'ItemWearable' class is obsolete. Please, replace it with 'Wearable' behavior for medieval:clothes-upperbody-medieval-large-gray-neck instead
17.8.2026 23:11:26 [Warning] 'ItemWearable' class is obsolete. Please, replace it with 'Wearable' behavior for medieval:clothes-upperbody-medieval-large-brown-w instead
17.8.2026 23:11:26 [Warning] 'ItemWearable' class is obsolete. Please, replace it with 'Wearable' behavior for medieval:clothes-upperbody-medieval-large-brown-robe instead
17.8.2026 23:11:26 [Warning] 'ItemWearable' class is obsolete. Please, replace it with 'Wearable' behavior for medieval:clothes-upperbody-medieval-large-brown-neck instead
17.8.2026 23:11:26 [Warning] 'ItemWearable' class is obsolete. Please, replace it with 'Wearable' behavior for medieval:clothes-upperbody-medieval-large-blue-w instead
17.8.2026 23:11:26 [Warning] 'ItemWearable' class is obsolete. Please, replace it with 'Wearable' behavior for medieval:clothes-upperbody-medieval-large-blue-robe instead
17.8.2026 23:11:26 [Warning] 'ItemWearable' class is obsolete. Please, replace it with 'Wearable' behavior for medieval:clothes-upperbody-medieval-large-blue-neck instead
17.8.2026 23:11:26 [Warning] 'ItemWearable' class is obsolete. Please, replace it with 'Wearable' behavior for medieval:clothes-upperbody-large-yellow-luxurious-medieval-tunic instead
17.8.2026 23:11:26 [Warning] 'ItemWearable' class is obsolete. Please, replace it with 'Wearable' behavior for medieval:clothes-upperbody-large-red-luxurious-medieval-tunic instead
17.8.2026 23:11:26 [Warning] 'ItemWearable' class is obsolete. Please, replace it with 'Wearable' behavior for medieval:clothes-upperbody-large-orange-luxurious-medieval-tunic instead
17.8.2026 23:11:26 [Warning] 'ItemWearable' class is obsolete. Please, replace it with 'Wearable' behavior for medieval:clothes-upperbody-large-green-luxurious-medieval-tunic instead
17.8.2026 23:11:26 [Warning] 'ItemWearable' class is obsolete. Please, replace it with 'Wearable' behavior for medieval:clothes-upperbody-large-gray-luxurious-medieval-tunic instead
17.8.2026 23:11:26 [Warning] 'ItemWearable' class is obsolete. Please, replace it with 'Wearable' behavior for medieval:clothes-upperbody-large-blue-luxurious-medieval-tunic instead
17.8.2026 23:11:26 [Warning] 'ItemWearable' class is obsolete. Please, replace it with 'Wearable' behavior for medieval:clothes-upperbody-medieval-shirt instead
17.8.2026 23:11:26 [Warning] 'ItemWearable' class is obsolete. Please, replace it with 'Wearable' behavior for medieval:clothes-upperbody-medieval-leather-shirt-white instead
17.8.2026 23:11:26 [Warning] 'ItemWearable' class is obsolete. Please, replace it with 'Wearable' behavior for medieval:clothes-upperbody-medieval-leather-shirt-red instead
17.8.2026 23:11:26 [Warning] 'ItemWearable' class is obsolete. Please, replace it with 'Wearable' behavior for medieval:clothes-upperbody-medieval-leather-shirt-green instead
17.8.2026 23:11:26 [Warning] 'ItemWearable' class is obsolete. Please, replace it with 'Wearable' behavior for medieval:clothes-upperbody-medieval-leather-shirt-gray instead
17.8.2026 23:11:26 [Warning] 'ItemWearable' class is obsolete. Please, replace it with 'Wearable' behavior for medieval:clothes-upperbody-medieval-leather-shirt-blue instead
17.8.2026 23:11:26 [Warning] 'ItemWearable' class is obsolete. Please, replace it with 'Wearable' behavior for medieval:clothes-upperbody-medieval-leather-shirt-black instead
17.8.2026 23:11:26 [Warning] 'ItemWearable' class is obsolete. Please, replace it with 'Wearable' behavior for medieval:clothes-upperbody-medieval-leather-shirt instead
17.8.2026 23:11:26 [Warning] 'ItemWearable' class is obsolete. Please, replace it with 'Wearable' behavior for medieval:clothes-upperbody-linen-tunic-yellow instead
17.8.2026 23:11:26 [Warning] 'ItemWearable' class is obsolete. Please, replace it with 'Wearable' behavior for medieval:clothes-upperbody-linen-tunic-white instead
17.8.2026 23:11:26 [Warning] 'ItemWearable' class is obsolete. Please, replace it with 'Wearable' behavior for medieval:clothes-upperbody-linen-tunic-red instead
17.8.2026 23:11:26 [Warning] 'ItemWearable' class is obsolete. Please, replace it with 'Wearable' behavior for medieval:clothes-upperbody-linen-tunic-purple instead
17.8.2026 23:11:26 [Warning] 'ItemWearable' class is obsolete. Please, replace it with 'Wearable' behavior for medieval:clothes-upperbody-linen-tunic-orange instead
17.8.2026 23:11:26 [Warning] 'ItemWearable' class is obsolete. Please, replace it with 'Wearable' behavior for medieval:clothes-upperbody-linen-tunic-green instead
17.8.2026 23:11:26 [Warning] 'ItemWearable' class is obsolete. Please, replace it with 'Wearable' behavior for medieval:clothes-upperbody-linen-tunic-gray instead
17.8.2026 23:11:26 [Warning] 'ItemWearable' class is obsolete. Please, replace it with 'Wearable' behavior for medieval:clothes-upperbody-linen-tunic-brown instead
17.8.2026 23:11:26 [Warning] 'ItemWearable' class is obsolete. Please, replace it with 'Wearable' behavior for medieval:clothes-upperbody-linen-tunic-blue instead
17.8.2026 23:11:26 [Warning] 'ItemWearable' class is obsolete. Please, replace it with 'Wearable' behavior for medieval:clothes-upperbody-linen-tunic-pink instead
17.8.2026 23:11:26 [Warning] 'ItemWearable' class is obsolete. Please, replace it with 'Wearable' behavior for medieval:clothes-upperbody-linen-tunic-black instead
17.8.2026 23:11:26 [Warning] 'ItemWearable' class is obsolete. Please, replace it with 'Wearable' behavior for medieval:clothes-upperbody-steel-embroidered-shirt instead
17.8.2026 23:11:26 [Warning] 'ItemWearable' class is obsolete. Please, replace it with 'Wearable' behavior for medieval:clothes-upperbody-turquoise-embroidered-shirt instead
17.8.2026 23:11:26 [Warning] 'ItemWearable' class is obsolete. Please, replace it with 'Wearable' behavior for medieval:clothes-upperbody-camel-embroidered-shirt instead
17.8.2026 23:11:26 [Warning] 'ItemWearable' class is obsolete. Please, replace it with 'Wearable' behavior for medieval:clothes-upperbody-crimson-embroidered-shirt instead
17.8.2026 23:11:26 [Warning] 'ItemWearable' class is obsolete. Please, replace it with 'Wearable' behavior for medieval:clothes-upperbodyover-guindo instead
17.8.2026 23:11:26 [Warning] 'ItemWearable' class is obsolete. Please, replace it with 'Wearable' behavior for medieval:clothes-upperbodyover-olivo instead
17.8.2026 23:11:26 [Warning] 'ItemWearable' class is obsolete. Please, replace it with 'Wearable' behavior for medieval:clothes-upperbodyover-duende instead
17.8.2026 23:11:26 [Warning] 'ItemWearable' class is obsolete. Please, replace it with 'Wearable' behavior for medieval:clothes-upperbodyover-lux instead
17.8.2026 23:11:26 [Warning] 'ItemWearable' class is obsolete. Please, replace it with 'Wearable' behavior for medieval:clothes-upperbodyover-savage instead
17.8.2026 23:11:26 [Warning] 'ItemWearable' class is obsolete. Please, replace it with 'Wearable' behavior for medieval:clothes-upperbodyover-navajo instead
17.8.2026 23:11:26 [Warning] 'ItemWearable' class is obsolete. Please, replace it with 'Wearable' behavior for medieval:clothes-upperbodyover-lion instead
17.8.2026 23:11:26 [Warning] 'ItemWearable' class is obsolete. Please, replace it with 'Wearable' behavior for medieval:clothes-upperbodyover-jungle instead
17.8.2026 23:11:26 [Warning] 'ItemWearable' class is obsolete. Please, replace it with 'Wearable' behavior for medieval:clothes-upperbodyover-gentilred instead
17.8.2026 23:11:26 [Warning] 'ItemWearable' class is obsolete. Please, replace it with 'Wearable' behavior for medieval:clothes-upperbodyover-gentil instead
17.8.2026 23:11:26 [Warning] 'ItemWearable' class is obsolete. Please, replace it with 'Wearable' behavior for medieval:clothes-upperbodyover-elegante instead
17.8.2026 23:11:26 [Warning] 'ItemWearable' class is obsolete. Please, replace it with 'Wearable' behavior for medieval:clothes-upperbodyover-eagle instead
17.8.2026 23:11:26 [Warning] 'ItemWearable' class is obsolete. Please, replace it with 'Wearable' behavior for medieval:clothes-upperbodyover-diamond instead
17.8.2026 23:11:26 [Warning] 'ItemWearable' class is obsolete. Please, replace it with 'Wearable' behavior for medieval:clothes-upperbodyover-calavera instead
17.8.2026 23:11:26 [Warning] 'ItemWearable' class is obsolete. Please, replace it with 'Wearable' behavior for medieval:clothes-upperbodyover-bosque2 instead
17.8.2026 23:11:26 [Warning] 'ItemWearable' class is obsolete. Please, replace it with 'Wearable' behavior for medieval:clothes-upperbodyover-blackgold instead
17.8.2026 23:11:26 [Warning] 'ItemWearable' class is obsolete. Please, replace it with 'Wearable' behavior for medieval:clothes-upperbodyover-blackgray instead
17.8.2026 23:11:26 [Warning] 'ItemWearable' class is obsolete. Please, replace it with 'Wearable' behavior for medieval:clothes-upperbodyover-reli2 instead
17.8.2026 23:11:26 [Warning] 'ItemWearable' class is obsolete. Please, replace it with 'Wearable' behavior for medieval:clothes-upperbodyover-reli instead
17.8.2026 23:11:26 [Warning] 'ItemWearable' class is obsolete. Please, replace it with 'Wearable' behavior for medieval:clothes-upperbodyover-hunterwhite instead
17.8.2026 23:11:26 [Warning] 'ItemWearable' class is obsolete. Please, replace it with 'Wearable' behavior for medieval:clothes-upperbodyover-hunterred instead
17.8.2026 23:11:26 [Warning] 'ItemWearable' class is obsolete. Please, replace it with 'Wearable' behavior for medieval:clothes-upperbodyover-medieval-robes instead
17.8.2026 23:11:26 [Warning] 'ItemWearable' class is obsolete. Please, replace it with 'Wearable' behavior for medieval:clothes-upperbodyover-medieval-robes-red instead
17.8.2026 23:11:26 [Warning] 'ItemWearable' class is obsolete. Please, replace it with 'Wearable' behavior for medieval:clothes-upperbodyover-medieval-robes-green instead
17.8.2026 23:11:26 [Warning] 'ItemWearable' class is obsolete. Please, replace it with 'Wearable' behavior for medieval:clothes-upperbodyover-medieval-robes-brown instead
17.8.2026 23:11:26 [Warning] 'ItemWearable' class is obsolete. Please, replace it with 'Wearable' behavior for medieval:clothes-upperbodyover-medieval-large-brown-faldita instead
17.8.2026 23:11:26 [Warning] 'ItemWearable' class is obsolete. Please, replace it with 'Wearable' behavior for medieval:clothes-upperbodyover-medieval-large-black-faldita instead
17.8.2026 23:11:26 [Warning] 'ItemWearable' class is obsolete. Please, replace it with 'Wearable' behavior for medieval:clothes-upperbodyover-medieval-large-yellowblue-faldita instead
17.8.2026 23:11:26 [Warning] 'ItemWearable' class is obsolete. Please, replace it with 'Wearable' behavior for medieval:clothes-upperbodyover-medieval-large-redyellow-faldita instead
17.8.2026 23:11:26 [Warning] 'ItemWearable' class is obsolete. Please, replace it with 'Wearable' behavior for medieval:clothes-upperbodyover-medieval-large-red-faldita instead
17.8.2026 23:11:26 [Warning] 'ItemWearable' class is obsolete. Please, replace it with 'Wearable' behavior for medieval:clothes-upperbodyover-medieval-large-redblue-faldita instead
17.8.2026 23:11:26 [Warning] 'ItemWearable' class is obsolete. Please, replace it with 'Wearable' behavior for medieval:clothes-upperbodyover-medieval-large-purple-faldita instead
17.8.2026 23:11:26 [Warning] 'ItemWearable' class is obsolete. Please, replace it with 'Wearable' behavior for medieval:clothes-upperbodyover-medieval-large-pink-faldita instead
17.8.2026 23:11:26 [Warning] 'ItemWearable' class is obsolete. Please, replace it with 'Wearable' behavior for medieval:clothes-upperbodyover-medieval-large-orangebrown-faldita instead
17.8.2026 23:11:26 [Warning] 'ItemWearable' class is obsolete. Please, replace it with 'Wearable' behavior for medieval:clothes-upperbodyover-medieval-large-green-faldita instead
17.8.2026 23:11:26 [Warning] 'ItemWearable' class is obsolete. Please, replace it with 'Wearable' behavior for medieval:clothes-upperbodyover-medieval-large-blues-faldita instead
17.8.2026 23:11:26 [Warning] 'ItemWearable' class is obsolete. Please, replace it with 'Wearable' behavior for medieval:clothes-upperbodyover-medieval-large-bluegreen-faldita instead
17.8.2026 23:11:26 [Warning] 'ItemWearable' class is obsolete. Please, replace it with 'Wearable' behavior for medieval:clothes-upperbodyover-medieval-large-blue-faldita instead
17.8.2026 23:11:26 [Warning] 'ItemWearable' class is obsolete. Please, replace it with 'Wearable' behavior for medieval:clothes-upperbodyover-medieval-large-beige-faldita instead
17.8.2026 23:11:26 [Warning] 'ItemWearable' class is obsolete. Please, replace it with 'Wearable' behavior for medieval:clothes-upperbodyover-vikingcoat instead
17.8.2026 23:11:26 [Warning] 'ItemWearable' class is obsolete. Please, replace it with 'Wearable' behavior for medieval:clothes-upperbodyover-lad instead
17.8.2026 23:11:26 [Warning] 'ItemWearable' class is obsolete. Please, replace it with 'Wearable' behavior for medieval:clothes-upperbodyover-leonwhite instead
17.8.2026 23:11:26 [Warning] 'ItemWearable' class is obsolete. Please, replace it with 'Wearable' behavior for medieval:clothes-upperbodyover-leon instead
17.8.2026 23:11:26 [Warning] 'ItemWearable' class is obsolete. Please, replace it with 'Wearable' behavior for medieval:clothes-upperbodyover-yellow-shirt instead
17.8.2026 23:11:26 [Warning] 'ItemWearable' class is obsolete. Please, replace it with 'Wearable' behavior for medieval:clothes-upperbodyover-warrior instead
17.8.2026 23:11:26 [Warning] 'ItemWearable' class is obsolete. Please, replace it with 'Wearable' behavior for medieval:clothes-upperbodyover-single-coat instead
17.8.2026 23:11:26 [Warning] 'ItemWearable' class is obsolete. Please, replace it with 'Wearable' behavior for medieval:clothes-upperbodyover-reds-shirt instead
17.8.2026 23:11:26 [Warning] 'ItemWearable' class is obsolete. Please, replace it with 'Wearable' behavior for medieval:clothes-upperbodyover-red-shirt instead
17.8.2026 23:11:26 [Warning] 'ItemWearable' class is obsolete. Please, replace it with 'Wearable' behavior for medieval:clothes-upperbodyover-red-coat instead
17.8.2026 23:11:26 [Warning] 'ItemWearable' class is obsolete. Please, replace it with 'Wearable' behavior for medieval:clothes-upperbodyover-red-civil instead
17.8.2026 23:11:26 [Warning] 'ItemWearable' class is obsolete. Please, replace it with 'Wearable' behavior for medieval:clothes-upperbodyover-purple-coat-short instead
17.8.2026 23:11:26 [Warning] 'ItemWearable' class is obsolete. Please, replace it with 'Wearable' behavior for medieval:clothes-upperbodyover-poor instead
17.8.2026 23:11:26 [Warning] 'ItemWearable' class is obsolete. Please, replace it with 'Wearable' behavior for medieval:clothes-upperbodyover-medieval-civilr instead
17.8.2026 23:11:26 [Warning] 'ItemWearable' class is obsolete. Please, replace it with 'Wearable' behavior for medieval:clothes-upperbodyover-medieval-civilp instead
17.8.2026 23:11:26 [Warning] 'ItemWearable' class is obsolete. Please, replace it with 'Wearable' behavior for medieval:clothes-upperbodyover-medieval-civilb instead
17.8.2026 23:11:26 [Warning] 'ItemWearable' class is obsolete. Please, replace it with 'Wearable' behavior for medieval:clothes-upperbodyover-lightbrown-leather-coat instead
17.8.2026 23:11:26 [Warning] 'ItemWearable' class is obsolete. Please, replace it with 'Wearable' behavior for medieval:clothes-upperbodyover-yelloww-shirt instead
17.8.2026 23:11:26 [Warning] 'ItemWearable' class is obsolete. Please, replace it with 'Wearable' behavior for medieval:clothes-upperbodyover-redd-shirt instead
17.8.2026 23:11:26 [Warning] 'ItemWearable' class is obsolete. Please, replace it with 'Wearable' behavior for medieval:clothes-upperbodyover-purple-shirt instead
17.8.2026 23:11:26 [Warning] 'ItemWearable' class is obsolete. Please, replace it with 'Wearable' behavior for medieval:clothes-upperbodyover-brownn-shirt instead
17.8.2026 23:11:26 [Warning] 'ItemWearable' class is obsolete. Please, replace it with 'Wearable' behavior for medieval:clothes-upperbodyover-blue-shirt instead
17.8.2026 23:11:26 [Warning] 'ItemWearable' class is obsolete. Please, replace it with 'Wearable' behavior for medieval:clothes-upperbodyover-green-shirt instead
17.8.2026 23:11:26 [Warning] 'ItemWearable' class is obsolete. Please, replace it with 'Wearable' behavior for medieval:clothes-upperbodyover-hunter instead
17.8.2026 23:11:26 [Warning] 'ItemWearable' class is obsolete. Please, replace it with 'Wearable' behavior for medieval:clothes-upperbodyover-farmer instead
17.8.2026 23:11:26 [Warning] 'ItemWearable' class is obsolete. Please, replace it with 'Wearable' behavior for medieval:clothes-upperbodyover-brown-shirt instead
17.8.2026 23:11:26 [Warning] 'ItemWearable' class is obsolete. Please, replace it with 'Wearable' behavior for medieval:clothes-upperbodyover-brown-leather-coat instead
17.8.2026 23:11:26 [Warning] 'ItemWearable' class is obsolete. Please, replace it with 'Wearable' behavior for medieval:clothes-upperbodyover-blue-civil instead
17.8.2026 23:11:26 [Warning] 'ItemWearable' class is obsolete. Please, replace it with 'Wearable' behavior for medieval:clothes-upperbodyover-black-short-coat instead
17.8.2026 23:11:26 [Warning] 'ItemWearable' class is obsolete. Please, replace it with 'Wearable' behavior for medieval:clothes-upperbodyover-red-coattt instead
17.8.2026 23:11:26 [Warning] 'ItemWearable' class is obsolete. Please, replace it with 'Wearable' behavior for medieval:clothes-upperbodyover-black-coat instead
17.8.2026 23:11:26 [Warning] 'ItemWearable' class is obsolete. Please, replace it with 'Wearable' behavior for medieval:clothes-upperbodyover-black-cape instead
17.8.2026 23:11:26 [Warning] 'ItemWearable' class is obsolete. Please, replace it with 'Wearable' behavior for medieval:clothes-upperbodyover-assassin instead
17.8.2026 23:11:26 [Warning] 'ItemWearable' class is obsolete. Please, replace it with 'Wearable' behavior for medieval:clothes-upperbodyover-miner instead
17.8.2026 23:11:26 [Warning] 'ItemWearable' class is obsolete. Please, replace it with 'Wearable' behavior for medieval:clothes-upperbodyover-large-hunter-coat instead
17.8.2026 23:11:26 [Warning] 'ItemWearable' class is obsolete. Please, replace it with 'Wearable' behavior for medieval:clothes-upperbodyover-medieval-travelers-earthrobe instead
17.8.2026 23:11:26 [Warning] 'ItemWearable' class is obsolete. Please, replace it with 'Wearable' behavior for medieval:clothes-waist-medieval-tailor-belt instead
17.8.2026 23:11:26 [Warning] 'ItemWearable' class is obsolete. Please, replace it with 'Wearable' behavior for medieval:clothes-waist-rope-linen instead
17.8.2026 23:11:26 [Warning] 'ItemWearable' class is obsolete. Please, replace it with 'Wearable' behavior for medieval:clothes-waist-bone instead
17.8.2026 23:11:26 [Warning] 'ItemWearable' class is obsolete. Please, replace it with 'Wearable' behavior for medieval:clothes-waist-medieval-wide-belt-knife-ex instead
17.8.2026 23:11:26 [Warning] 'ItemWearable' class is obsolete. Please, replace it with 'Wearable' behavior for medieval:clothes-waist-medieval-wide-belt-knife instead
17.8.2026 23:11:26 [Warning] 'ItemWearable' class is obsolete. Please, replace it with 'Wearable' behavior for medieval:clothes-waist-medieval-wide-belt instead
17.8.2026 23:11:26 [Warning] 'ItemWearable' class is obsolete. Please, replace it with 'Wearable' behavior for medieval:clothes-waist-medieval-large-belt-knife-ex instead
17.8.2026 23:11:26 [Warning] 'ItemWearable' class is obsolete. Please, replace it with 'Wearable' behavior for medieval:clothes-waist-medieval-large-belt-knife instead
17.8.2026 23:11:26 [Warning] 'ItemWearable' class is obsolete. Please, replace it with 'Wearable' behavior for medieval:clothes-waist-medieval-large-belt instead
17.8.2026 23:11:26 [Warning] 'ItemWearable' class is obsolete. Please, replace it with 'Wearable' behavior for medieval:clothes-waist-medieval-large-belt-knife-lantern-on2 instead
17.8.2026 23:11:26 [Warning] 'ItemWearable' class is obsolete. Please, replace it with 'Wearable' behavior for medieval:clothes-waist-medieval-large-belt-knife-lantern-on1 instead
17.8.2026 23:11:26 [Warning] 'ItemWearable' class is obsolete. Please, replace it with 'Wearable' behavior for medieval:clothes-waist-medieval-large-belt-knife-lantern-on instead
17.8.2026 23:11:26 [Warning] [Overhaul lib] [FirstPersonAnimationsBehavior] First-person animation behavior activated for local player '7FQvGKefJELzl1NEEwqgPdJP' entity 155.
17.8.2026 23:11:26 [Notification] [IOG] Received config from server.
17.8.2026 23:11:26 [Notification] [commonlibforked] Received config PlayerCorpse.Config from PlayerCorpse v1.0.0.0 from server
17.8.2026 23:11:26 [Notification] [commonlibforked] Received config StoneQuarry.Config from StoneQuarry v1.0.0.0 from server
17.8.2026 23:11:26 [Event] [spinningwheel] Received RequireClassOrTrait of False from server
17.8.2026 23:11:26 [Event] [spinningwheel] Received AllowedClasses from server: 
17.8.2026 23:11:26 [Event] [spinningwheel] Received AllowedTraits from server: clothier
17.8.2026 23:11:26 [Event] [spinningwheel] Received DisableTwineGridRecipes of True from server
17.8.2026 23:11:26 [Event] [spinningwheel] Received ShowDropSpindleProgressMessages of False from server
17.8.2026 23:11:26 [Event] [spinningwheel] Received Flax settings from server: SpinTime=4, Input=2, Output=1
17.8.2026 23:11:26 [Event] [spinningwheel] Received Cotton settings from server: SpinTime=4, Input=2, Output=1
17.8.2026 23:11:26 [Event] [spinningwheel] Received Wool Fiber settings from server: SpinTime=4, Input=2, Output=1
17.8.2026 23:11:26 [Event] [spinningwheel] Received Wool Twine settings from server: SpinTime=4, Input=2, Output=2
17.8.2026 23:11:26 [Event] [spinningwheel] Received Papyrus settings from server: SpinTime=4, Input=2, Output=1
17.8.2026 23:11:26 [Event] [spinningwheel] Received Algae settings from server: SpinTime=6,5, Input=1, Output=1
17.8.2026 23:11:26 [Event] [spinningwheel] Received Flax Twine Weave settings from server: Input=9, Output=3
17.8.2026 23:11:26 [Event] [spinningwheel] Received Wool Twine Weave settings from server: Input=9, Output=3
17.8.2026 23:11:26 [Event] [spinningwheel] Received Tailor's Delight Thread Weave settings from server: Input=9, Output=3
17.8.2026 23:11:26 [Event] [alchemy] Received AllowArcherPotion of True from server
17.8.2026 23:11:26 [Event] [alchemy] Received AllowGlowPotion of True from server
17.8.2026 23:11:26 [Event] [alchemy] Received AllowHealingEffectPotion of True from server
17.8.2026 23:11:26 [Event] [alchemy] Received AllowHungerEnhancePotion of True from server
17.8.2026 23:11:26 [Event] [alchemy] Received AllowHungerSupressPotion of True from server
17.8.2026 23:11:26 [Event] [alchemy] Received AllowHunterPotion of True from server
17.8.2026 23:11:26 [Event] [alchemy] Received AllowLooterPotion of True from server
17.8.2026 23:11:26 [Event] [alchemy] Received AllowMeleePotion of True from server
17.8.2026 23:11:26 [Event] [alchemy] Received AllowMiningPotion of True from server
17.8.2026 23:11:26 [Event] [alchemy] Received AllowNutritionPotion of True from server
17.8.2026 23:11:26 [Event] [alchemy] Received AllowPoisonPotion of True from server
17.8.2026 23:11:26 [Event] [alchemy] Received AllowPredatorPotion of True from server
17.8.2026 23:11:26 [Event] [alchemy] Received AllowRecallPotion of True from server
17.8.2026 23:11:26 [Event] [alchemy] Received AllowRegenPotion of True from server
17.8.2026 23:11:26 [Event] [alchemy] Received AllowScentMaskPotion of True from server
17.8.2026 23:11:26 [Event] [alchemy] Received AllowSpeedPotion of True from server
17.8.2026 23:11:26 [Event] [alchemy] Received AllowTemporalPotion of True from server
17.8.2026 23:11:26 [Event] [alchemy] Received AllowVitalityPotion of True from server
17.8.2026 23:11:26 [Event] [alchemy] Received AllowWaterBreathePotion of True from server
17.8.2026 23:11:26 [Event] [alchemy] Received AllowColdResistPotion of True from server
17.8.2026 23:11:26 [Event] [alchemy] Received AllowReshapePotion of False from server
17.8.2026 23:11:26 [Event] [alchemy] Received AllowGrowPotion of False from server
17.8.2026 23:11:26 [Event] [alchemy] Received AllowShrinkPotion of False from server
17.8.2026 23:11:26 [Event] [alchemy] Received AllowReshapePotionRecipe of True from server
17.8.2026 23:11:26 [Event] [alchemy] Received AllowGrowPotionRecipe of True from server
17.8.2026 23:11:26 [Event] [alchemy] Received AllowShrinkPotionRecipe of True from server
17.8.2026 23:11:26 [Event] [alchemy] Received AllowToxicMushrooms of True from server
17.8.2026 23:11:26 [Event] [alchemy] Received AllowPsychedelicMushrooms of True from server
17.8.2026 23:11:26 [Event] [alchemy] Received RecallPotionStrongRecipe of False from server
17.8.2026 23:11:26 [Event] [alchemy] Received GlowPotionStrongRecipe of False from server
17.8.2026 23:11:26 [Event] [alchemy] Received WaterBreathePotionStrongRecipe of False from server
17.8.2026 23:11:26 [Event] [alchemy] Received ColdResistPotionStrongRecipe of False from server
17.8.2026 23:11:26 [Event] [alchemy] Received NutritionPotionStrongRecipe of False from server
17.8.2026 23:11:26 [Event] [alchemy] Received TemporalPotionStrongRecipe of False from server
17.8.2026 23:11:26 [Event] [alchemy] Received ReshapePotionStrongRecipe of False from server
17.8.2026 23:11:26 [Event] [alchemy] Received GrowPotionStrongRecipe of False from server
17.8.2026 23:11:26 [Event] [alchemy] Received ShrinkPotionStrongRecipe of False from server
17.8.2026 23:11:26 [Event] [alchemy] Received FallPotionStrongRecipe of False from server
17.8.2026 23:11:26 [Event] [alchemy] Received ClimbPotionStrongRecipe of False from server
17.8.2026 23:11:26 [Event] [alchemy] Received AllowHerbballs of True from server
17.8.2026 23:11:26 [Event] [alchemy] Received AllowMediumPotions of True from server
17.8.2026 23:11:26 [Event] [alchemy] Received AllowStrongPotions of True from server
17.8.2026 23:11:26 [Event] [alchemy] Received AllowClayFlasks of True from server
17.8.2026 23:11:26 [Event] [alchemy] Received AllowSmallFlasks of True from server
17.8.2026 23:11:26 [Event] [alchemy] Received AllowMediumFlasks of True from server
17.8.2026 23:11:26 [Event] [alchemy] Received AllowLargeFlasks of True from server
17.8.2026 23:11:26 [Event] [alchemy] Received AllowGlassThrowableFlasks of True from server
17.8.2026 23:11:26 [Event] [alchemy] Received AllowClayThrowableFlasks of True from server
17.8.2026 23:11:26 [Event] [alchemy] Received AllowHerbRackMolds of True from server
17.8.2026 23:11:26 [Event] [alchemy] Received AllowHerbRacks of True from server
17.8.2026 23:11:26 [Event] [alchemy] Received WeakPotionMultiplier of 1 from server
17.8.2026 23:11:26 [Event] [alchemy] Received MediumPotionMultiplier of 2 from server
17.8.2026 23:11:26 [Event] [alchemy] Received StrongPotionMultiplier of 3 from server
17.8.2026 23:11:26 [Event] [alchemy] Received ArcherPotionAcc of 0,05 from server
17.8.2026 23:11:26 [Event] [alchemy] Received ArcherPotionDamage of 0,2 from server
17.8.2026 23:11:26 [Event] [alchemy] Received ArcherPotionSpeed of 0,2 from server
17.8.2026 23:11:26 [Event] [alchemy] Received ArcherPotionDuration of 600 from server
17.8.2026 23:11:26 [Event] [alchemy] Received HealingEffectPotionValue of 0,3 from server
17.8.2026 23:11:26 [Event] [alchemy] Received HealingEffectPotionDuration of 600 from server
17.8.2026 23:11:26 [Event] [alchemy] Received HungerEnhancePotionValue of 0,3 from server
17.8.2026 23:11:26 [Event] [alchemy] Received HungerEnhancePotionDuration of 600 from server
17.8.2026 23:11:26 [Event] [alchemy] Received HungerSupressPotionValue of -0,3 from server
17.8.2026 23:11:26 [Event] [alchemy] Received HungerSupressPotionDuration of 600 from server
17.8.2026 23:11:26 [Event] [alchemy] Received HunterPotionAnimalDrop of 0,2 from server
17.8.2026 23:11:26 [Event] [alchemy] Received HunterPotionAnimalSeek of -0,05 from server
17.8.2026 23:11:26 [Event] [alchemy] Received HunterPotionForageDrop of 0,2 from server
17.8.2026 23:11:26 [Event] [alchemy] Received HunterPotionWildDrop of 0,2 from server
17.8.2026 23:11:26 [Event] [alchemy] Received HunterPotionDuration of 600 from server
17.8.2026 23:11:26 [Event] [alchemy] Received LooterPotionForageDrop of 0,2 from server
17.8.2026 23:11:26 [Event] [alchemy] Received LooterPotionGearDrop of 0,2 from server
17.8.2026 23:11:26 [Event] [alchemy] Received LooterPotionVesselContentDrop of 0,3 from server
17.8.2026 23:11:26 [Event] [alchemy] Received LooterPotionWildDrop of 0,2 from server
17.8.2026 23:11:26 [Event] [alchemy] Received LooterPotionDuration of 600 from server
17.8.2026 23:11:26 [Event] [alchemy] Received MeleePotionDamage of 0,3 from server
17.8.2026 23:11:26 [Event] [alchemy] Received MeleePotionDuration of 600 from server
17.8.2026 23:11:26 [Event] [alchemy] Received MiningPotionSpeed of 0,3 from server
17.8.2026 23:11:26 [Event] [alchemy] Received MiningPotionOreDrop of 0,15 from server
17.8.2026 23:11:26 [Event] [alchemy] Received MiningPotionDuration of 600 from server
17.8.2026 23:11:26 [Event] [alchemy] Received PoisonPotionHealth of -0,5 from server
17.8.2026 23:11:26 [Event] [alchemy] Received PoisonPotionTickSec of 3 from server
17.8.2026 23:11:26 [Event] [alchemy] Received PoisonPotionDuration of 30 from server
17.8.2026 23:11:26 [Event] [alchemy] Received PoisonPotionIgnoreArmour of True from server
17.8.2026 23:11:26 [Event] [alchemy] Received PredatorPotionAnimalSeek of 0,4 from server
17.8.2026 23:11:26 [Event] [alchemy] Received PredatorPotionDuration of 600 from server
17.8.2026 23:11:26 [Event] [alchemy] Received RegenPotionHealth of 0,5 from server
17.8.2026 23:11:26 [Event] [alchemy] Received RegenPotionTickSec of 3 from server
17.8.2026 23:11:26 [Event] [alchemy] Received RegenPotionDuration of 30 from server
17.8.2026 23:11:26 [Event] [alchemy] Received RegenPotionIgnoreArmour of True from server
17.8.2026 23:11:26 [Event] [alchemy] Received ScentMaskPotionAnimalSeek of -0,2 from server
17.8.2026 23:11:26 [Event] [alchemy] Received ScentMaskPotionDuration of 600 from server
17.8.2026 23:11:26 [Event] [alchemy] Received SpeedPotionValue of 0,25 from server
17.8.2026 23:11:26 [Event] [alchemy] Received SpeedPotionDuration of 300 from server
17.8.2026 23:11:26 [Event] [alchemy] Received VitalityPotionMaxHealth of 0,25 from server
17.8.2026 23:11:26 [Event] [alchemy] Received VitalityPotionDuration of 300 from server
17.8.2026 23:11:26 [Event] [alchemy] Received GlowPotionDuration of 1000 from server
17.8.2026 23:11:26 [Event] [alchemy] Received WaterBreathePotionDuration of 1000 from server
17.8.2026 23:11:26 [Event] [alchemy] Received ColdResistPotionDuration of 1000 from server
17.8.2026 23:11:26 [Event] [alchemy] Received NutritionPotionRetainedNutrition of 0,9 from server
17.8.2026 23:11:26 [Event] [alchemy] Received StabilityPotionTemporalStabilityGain of 0,2 from server
17.8.2026 23:11:26 [Event] [alchemy] Received GlowPotionStrength of 31 from server
17.8.2026 23:11:26 [Event] [alchemy] Received AllowCoatingArcher of False from server
17.8.2026 23:11:26 [Event] [alchemy] Received AllowCoatingHealingEffect of False from server
17.8.2026 23:11:26 [Event] [alchemy] Received AllowCoatingHungerEnhance of False from server
17.8.2026 23:11:26 [Event] [alchemy] Received AllowCoatingHungerSupress of False from server
17.8.2026 23:11:26 [Event] [alchemy] Received AllowCoatingHunter of False from server
17.8.2026 23:11:26 [Event] [alchemy] Received AllowCoatingLooter of False from server
17.8.2026 23:11:26 [Event] [alchemy] Received AllowCoatingMelee of False from server
17.8.2026 23:11:26 [Event] [alchemy] Received AllowCoatingMining of False from server
17.8.2026 23:11:26 [Event] [alchemy] Received AllowCoatingPoison of True from server
17.8.2026 23:11:26 [Event] [alchemy] Received AllowCoatingPredator of False from server
17.8.2026 23:11:26 [Event] [alchemy] Received AllowCoatingRegen of True from server
17.8.2026 23:11:26 [Event] [alchemy] Received AllowCoatingScentMask of False from server
17.8.2026 23:11:26 [Event] [alchemy] Received AllowCoatingSpeed of False from server
17.8.2026 23:11:26 [Event] [alchemy] Received AllowCoatingVitality of False from server
17.8.2026 23:11:26 [Event] [alchemy] Received AllowCoatingRecall of False from server
17.8.2026 23:11:26 [Event] [alchemy] Received AllowCoatingGlow of False from server
17.8.2026 23:11:26 [Event] [alchemy] Received AllowCoatingWaterBreathe of False from server
17.8.2026 23:11:26 [Event] [alchemy] Received AllowCoatingColdResist of False from server
17.8.2026 23:11:26 [Event] [alchemy] Received AllowCoatingNutrition of False from server
17.8.2026 23:11:26 [Event] [alchemy] Received AllowCoatingTemporal of False from server
17.8.2026 23:11:26 [Event] [alchemy] Received AllowCoatingReshape of False from server
17.8.2026 23:11:26 [Event] [alchemy] Received AllowCoatingGrow of False from server
17.8.2026 23:11:26 [Event] [alchemy] Received AllowCoatingShrink of False from server
17.8.2026 23:11:26 [Event] [alchemy] Received AllowCoatingFall of False from server
17.8.2026 23:11:26 [Event] [alchemy] Received AllowFallPotion of True from server
17.8.2026 23:11:26 [Event] [alchemy] Received AllowCoatingClimb of False from server
17.8.2026 23:11:26 [Event] [alchemy] Received AllowClimbPotion of True from server
17.8.2026 23:11:26 [Event] [alchemy] Received AllowCoatingFlight of False from server
17.8.2026 23:11:26 [Event] [alchemy] Received AllowFlightPotion of True from server
17.8.2026 23:11:26 [Event] [alchemy] Received AllowFallPotionRecipe of True from server
17.8.2026 23:11:26 [Event] [alchemy] Received AllowClimbPotionRecipe of True from server
17.8.2026 23:11:26 [Event] [alchemy] Received AllowCauldronInVanillaFirepit of False from server
17.8.2026 23:11:26 [Event] [alchemy] Received WeaponCoatApplyTime of 2 from server
17.8.2026 23:11:26 [Event] [alchemy] Received PotionDrinkTime of 1,5 from server
17.8.2026 23:11:26 [Event] [alchemy] Received PotionEatTime of 1,5 from server
17.8.2026 23:11:26 [Event] [alchemy] Received ScalePotionTimeWithHealing of False from server
17.8.2026 23:11:26 [Event] [alchemy] Received PotionConsumeMaxTimeMultiplier of 3 from server
17.8.2026 23:11:26 [Event] [alchemy] Received DrinkingPotionIntoxicationAmount of 0 from server
17.8.2026 23:11:26 [Event] [alchemy] Received DrinkingPotionPsychedelicAmount of 0 from server
17.8.2026 23:11:26 [Event] [alchemy] Received DrinkingPotionSaturationLossAmount of 0 from server
17.8.2026 23:11:26 [Event] [alchemy] Received DrinkingPotionDamageAmount of 0 from server
17.8.2026 23:11:26 [Event] [alchemy] Received ArcherPotionDrinkingDamage of 0 from server
17.8.2026 23:11:26 [Event] [alchemy] Received ArcherPotionDrinkingIntoxication of 0 from server
17.8.2026 23:11:26 [Event] [alchemy] Received ArcherPotionDrinkingPsychedelic of 0 from server
17.8.2026 23:11:26 [Event] [alchemy] Received ArcherPotionDrinkingSaturationLoss of 0 from server
17.8.2026 23:11:26 [Event] [alchemy] Received HealingEffectPotionDrinkingDamage of 0 from server
17.8.2026 23:11:26 [Event] [alchemy] Received HealingEffectPotionDrinkingIntoxication of 0 from server
17.8.2026 23:11:26 [Event] [alchemy] Received HealingEffectPotionDrinkingPsychedelic of 0 from server
17.8.2026 23:11:26 [Event] [alchemy] Received HealingEffectPotionDrinkingSaturationLoss of 0 from server
17.8.2026 23:11:26 [Event] [alchemy] Received HungerEnhancePotionDrinkingDamage of 0 from server
17.8.2026 23:11:26 [Event] [alchemy] Received HungerEnhancePotionDrinkingIntoxication of 0 from server
17.8.2026 23:11:26 [Event] [alchemy] Received HungerEnhancePotionDrinkingPsychedelic of 0 from server
17.8.2026 23:11:26 [Event] [alchemy] Received HungerEnhancePotionDrinkingSaturationLoss of 0 from server
17.8.2026 23:11:26 [Event] [alchemy] Received HungerSupressPotionDrinkingDamage of 0 from server
17.8.2026 23:11:26 [Event] [alchemy] Received HungerSupressPotionDrinkingIntoxication of 0 from server
17.8.2026 23:11:26 [Event] [alchemy] Received HungerSupressPotionDrinkingPsychedelic of 0 from server
17.8.2026 23:11:26 [Event] [alchemy] Received HungerSupressPotionDrinkingSaturationLoss of 0 from server
17.8.2026 23:11:26 [Event] [alchemy] Received HunterPotionDrinkingDamage of 0 from server
17.8.2026 23:11:26 [Event] [alchemy] Received HunterPotionDrinkingIntoxication of 0 from server
17.8.2026 23:11:26 [Event] [alchemy] Received HunterPotionDrinkingPsychedelic of 0 from server
17.8.2026 23:11:26 [Event] [alchemy] Received HunterPotionDrinkingSaturationLoss of 0 from server
17.8.2026 23:11:26 [Event] [alchemy] Received LooterPotionDrinkingDamage of 0 from server
17.8.2026 23:11:26 [Event] [alchemy] Received LooterPotionDrinkingIntoxication of 0 from server
17.8.2026 23:11:26 [Event] [alchemy] Received LooterPotionDrinkingPsychedelic of 0 from server
17.8.2026 23:11:26 [Event] [alchemy] Received LooterPotionDrinkingSaturationLoss of 0 from server
17.8.2026 23:11:26 [Event] [alchemy] Received MeleePotionDrinkingDamage of 0 from server
17.8.2026 23:11:26 [Event] [alchemy] Received MeleePotionDrinkingIntoxication of 0 from server
17.8.2026 23:11:26 [Event] [alchemy] Received MeleePotionDrinkingPsychedelic of 0 from server
17.8.2026 23:11:26 [Event] [alchemy] Received MeleePotionDrinkingSaturationLoss of 0 from server
17.8.2026 23:11:26 [Event] [alchemy] Received MiningPotionDrinkingDamage of 0 from server
17.8.2026 23:11:26 [Event] [alchemy] Received MiningPotionDrinkingIntoxication of 0 from server
17.8.2026 23:11:26 [Event] [alchemy] Received MiningPotionDrinkingPsychedelic of 0 from server
17.8.2026 23:11:26 [Event] [alchemy] Received MiningPotionDrinkingSaturationLoss of 0 from server
17.8.2026 23:11:26 [Event] [alchemy] Received PoisonPotionDrinkingDamage of 0 from server
17.8.2026 23:11:26 [Event] [alchemy] Received PoisonPotionDrinkingIntoxication of 0 from server
17.8.2026 23:11:26 [Event] [alchemy] Received PoisonPotionDrinkingPsychedelic of 0 from server
17.8.2026 23:11:26 [Event] [alchemy] Received PoisonPotionDrinkingSaturationLoss of 0 from server
17.8.2026 23:11:26 [Event] [alchemy] Received PredatorPotionDrinkingDamage of 0 from server
17.8.2026 23:11:26 [Event] [alchemy] Received PredatorPotionDrinkingIntoxication of 0 from server
17.8.2026 23:11:26 [Event] [alchemy] Received PredatorPotionDrinkingPsychedelic of 0 from server
17.8.2026 23:11:26 [Event] [alchemy] Received PredatorPotionDrinkingSaturationLoss of 0 from server
17.8.2026 23:11:26 [Event] [alchemy] Received RegenPotionDrinkingDamage of 0 from server
17.8.2026 23:11:26 [Event] [alchemy] Received RegenPotionDrinkingIntoxication of 0 from server
17.8.2026 23:11:26 [Event] [alchemy] Received RegenPotionDrinkingPsychedelic of 0 from server
17.8.2026 23:11:26 [Event] [alchemy] Received RegenPotionDrinkingSaturationLoss of 0 from server
17.8.2026 23:11:26 [Event] [alchemy] Received ScentMaskPotionDrinkingDamage of 0 from server
17.8.2026 23:11:26 [Event] [alchemy] Received ScentMaskPotionDrinkingIntoxication of 0 from server
17.8.2026 23:11:26 [Event] [alchemy] Received ScentMaskPotionDrinkingPsychedelic of 0 from server
17.8.2026 23:11:26 [Event] [alchemy] Received ScentMaskPotionDrinkingSaturationLoss of 0 from server
17.8.2026 23:11:26 [Event] [alchemy] Received SpeedPotionDrinkingDamage of 0 from server
17.8.2026 23:11:26 [Event] [alchemy] Received SpeedPotionDrinkingIntoxication of 0 from server
17.8.2026 23:11:26 [Event] [alchemy] Received SpeedPotionDrinkingPsychedelic of 0 from server
17.8.2026 23:11:26 [Event] [alchemy] Received SpeedPotionDrinkingSaturationLoss of 0 from server
17.8.2026 23:11:26 [Event] [alchemy] Received VitalityPotionDrinkingDamage of 0 from server
17.8.2026 23:11:26 [Event] [alchemy] Received VitalityPotionDrinkingIntoxication of 0 from server
17.8.2026 23:11:26 [Event] [alchemy] Received VitalityPotionDrinkingPsychedelic of 0 from server
17.8.2026 23:11:26 [Event] [alchemy] Received VitalityPotionDrinkingSaturationLoss of 0 from server
17.8.2026 23:11:26 [Event] [alchemy] Received GlowPotionDrinkingDamage of 0 from server
17.8.2026 23:11:26 [Event] [alchemy] Received GlowPotionDrinkingIntoxication of 0 from server
17.8.2026 23:11:26 [Event] [alchemy] Received GlowPotionDrinkingPsychedelic of 0 from server
17.8.2026 23:11:26 [Event] [alchemy] Received GlowPotionDrinkingSaturationLoss of 0 from server
17.8.2026 23:11:26 [Event] [alchemy] Received WaterBreathePotionDrinkingDamage of 0 from server
17.8.2026 23:11:26 [Event] [alchemy] Received WaterBreathePotionDrinkingIntoxication of 0 from server
17.8.2026 23:11:26 [Event] [alchemy] Received WaterBreathePotionDrinkingPsychedelic of 0 from server
17.8.2026 23:11:26 [Event] [alchemy] Received WaterBreathePotionDrinkingSaturationLoss of 0 from server
17.8.2026 23:11:26 [Event] [alchemy] Received ColdResistPotionDrinkingDamage of 0 from server
17.8.2026 23:11:26 [Event] [alchemy] Received ColdResistPotionDrinkingIntoxication of 0 from server
17.8.2026 23:11:26 [Event] [alchemy] Received ColdResistPotionDrinkingPsychedelic of 0 from server
17.8.2026 23:11:26 [Event] [alchemy] Received ColdResistPotionDrinkingSaturationLoss of 0 from server
17.8.2026 23:11:26 [Event] [alchemy] Received NutritionPotionDrinkingDamage of 0 from server
17.8.2026 23:11:26 [Event] [alchemy] Received NutritionPotionDrinkingIntoxication of 0 from server
17.8.2026 23:11:26 [Event] [alchemy] Received NutritionPotionDrinkingPsychedelic of 0 from server
17.8.2026 23:11:26 [Event] [alchemy] Received NutritionPotionDrinkingSaturationLoss of 0 from server
17.8.2026 23:11:26 [Event] [alchemy] Received RecallPotionDrinkingDamage of 0 from server
17.8.2026 23:11:26 [Event] [alchemy] Received RecallPotionDrinkingIntoxication of 0 from server
17.8.2026 23:11:26 [Event] [alchemy] Received RecallPotionDrinkingPsychedelic of 0 from server
17.8.2026 23:11:26 [Event] [alchemy] Received RecallPotionDrinkingSaturationLoss of 0 from server
17.8.2026 23:11:26 [Event] [alchemy] Received TemporalPotionDrinkingDamage of 0 from server
17.8.2026 23:11:26 [Event] [alchemy] Received TemporalPotionDrinkingIntoxication of 0 from server
17.8.2026 23:11:26 [Event] [alchemy] Received TemporalPotionDrinkingPsychedelic of 0 from server
17.8.2026 23:11:26 [Event] [alchemy] Received TemporalPotionDrinkingSaturationLoss of 0 from server
17.8.2026 23:11:26 [Event] [alchemy] Received ReshapePotionDrinkingDamage of 0 from server
17.8.2026 23:11:26 [Event] [alchemy] Received ReshapePotionDrinkingIntoxication of 0 from server
17.8.2026 23:11:26 [Event] [alchemy] Received ReshapePotionDrinkingPsychedelic of 0 from server
17.8.2026 23:11:26 [Event] [alchemy] Received ReshapePotionDrinkingSaturationLoss of 0 from server
17.8.2026 23:11:26 [Event] [alchemy] Received GrowPotionDrinkingDamage of 0 from server
17.8.2026 23:11:26 [Event] [alchemy] Received GrowPotionDrinkingIntoxication of 0 from server
17.8.2026 23:11:26 [Event] [alchemy] Received GrowPotionDrinkingPsychedelic of 0 from server
17.8.2026 23:11:26 [Event] [alchemy] Received GrowPotionDrinkingSaturationLoss of 0 from server
17.8.2026 23:11:26 [Event] [alchemy] Received ShrinkPotionDrinkingDamage of 0 from server
17.8.2026 23:11:26 [Event] [alchemy] Received ShrinkPotionDrinkingIntoxication of 0 from server
17.8.2026 23:11:26 [Event] [alchemy] Received ShrinkPotionDrinkingPsychedelic of 0 from server
17.8.2026 23:11:26 [Event] [alchemy] Received ShrinkPotionDrinkingSaturationLoss of 0 from server
17.8.2026 23:11:26 [Event] [alchemy] Received FallPotionDrinkingDamage of 0 from server
17.8.2026 23:11:26 [Event] [alchemy] Received FallPotionDrinkingIntoxication of 0 from server
17.8.2026 23:11:26 [Event] [alchemy] Received FallPotionDrinkingPsychedelic of 0 from server
17.8.2026 23:11:26 [Event] [alchemy] Received FallPotionDrinkingSaturationLoss of 0 from server
17.8.2026 23:11:26 [Event] [alchemy] Received ClimbPotionDrinkingDamage of 0 from server
17.8.2026 23:11:26 [Event] [alchemy] Received ClimbPotionDrinkingIntoxication of 0 from server
17.8.2026 23:11:26 [Event] [alchemy] Received ClimbPotionDrinkingPsychedelic of 0 from server
17.8.2026 23:11:26 [Event] [alchemy] Received ClimbPotionDrinkingSaturationLoss of 0 from server
17.8.2026 23:11:26 [Event] [alchemy] Received FlightPotionDrinkingDamage of 0 from server
17.8.2026 23:11:26 [Event] [alchemy] Received FlightPotionDrinkingIntoxication of 0 from server
17.8.2026 23:11:26 [Event] [alchemy] Received FlightPotionDrinkingPsychedelic of 0 from server
17.8.2026 23:11:26 [Event] [alchemy] Received FlightPotionDrinkingSaturationLoss of 0 from server
17.8.2026 23:11:26 [Event] [postsandbeams] Received config settings from server
17.8.2026 23:11:26 [Notification] [VSA][Api][LoadingGate] hold begins -- 1 task(s): replica-relog
17.8.2026 23:11:26 [Notification] [VSA][Api][LoadingGate] hold released after 0,0s (settled) -- relog: singleplayer (done)
17.8.2026 23:11:26 [Notification] Received level finalize
17.8.2026 23:11:27 [Notification] [Immersive Fibercraft] Found vanilla flax twine recipe: game:recipes/grid/twine.json -> Ficelle de lin
17.8.2026 23:11:27 [Notification] [Immersive Fibercraft] Found pemmican twine recipe: pemmican:recipes/grid/algae.json -> Ficelle de lin
17.8.2026 23:11:27 [Notification] [Immersive Fibercraft] Found pemmican twine recipe: pemmican:recipes/grid/papyrus-fiber.json -> Ficelle de lin
17.8.2026 23:11:27 [Notification] [Immersive Fibercraft] Successfully disabled 3 twine recipes
17.8.2026 23:11:27 [Notification] [Immersive Fibercraft] Found 3 total spinnable items
17.8.2026 23:11:27 [Notification] [Immersive Fibercraft] Patched spinning properties for 2 items based on config
17.8.2026 23:11:27 [Notification] [Immersive Fibercraft] Found 1 total weavable items
17.8.2026 23:11:27 [Notification] [Immersive Fibercraft] Patched weaving properties for 1 items based on config
17.8.2026 23:11:27 [Event] [morepiles] started 'More Piles' mod (603 ms)
17.8.2026 23:11:27 [Event] Started [ParticlesPlus] mod
17.8.2026 23:11:27 [Notification] [BlushAndBins.Code] Enabled priority block interaction for 4 block variants.
17.8.2026 23:11:28 [Warning] [PlayerModelLib] [CustomModelsSystem] (racialequality:dwarf) Model icon by path 'game:textures/.png' does not exists
17.8.2026 23:11:28 [Warning] [PlayerModelLib] [CustomModelsSystem] (racialequality:elf) Model icon by path 'game:textures/.png' does not exists
17.8.2026 23:11:28 [Warning] [PlayerModelLib] [CustomModelsSystem] (racialequality:goblin) Model icon by path 'game:textures/.png' does not exists
17.8.2026 23:11:28 [Warning] [PlayerModelLib] [CustomModelsSystem] (racialequality:human) Model icon by path 'game:textures/.png' does not exists
17.8.2026 23:11:28 [Warning] [PlayerModelLib] [CustomModelsSystem] (racialequality:ork) Model icon by path 'game:textures/.png' does not exists
17.8.2026 23:11:28 [Notification] Loaded Shaderprogramm for render pass cloudmap.
17.8.2026 23:11:28 [Notification] Loaded Shaderprogramm for render pass cloudvolumetric.
17.8.2026 23:11:28 [Notification] Loaded Shaderprogramm for render pass clouds.
17.8.2026 23:11:28 [Notification] Loading world map cache db...
17.8.2026 23:11:39 [Fatal] Exception in async LoadSounds thread:
17.8.2026 23:11:39 [Error] Exception: Object reference not set to an instance of an object.
   at Vintagestory.Client.NoObf.OggDecoder.OggToWav(Stream ogg, IAsset asset) in VintagestoryLib\Client\ClientPlatform\ClientNative\OggDecoder.cs:line 302
   at Vintagestory.Client.NoObf.AudioMetaData.DoLoad() in VintagestoryLib\Client\ClientPlatform\ClientNative\OggDecoder.cs:line 42
   at Vintagestory.Client.NoObf.AudioMetaData.Load() in VintagestoryLib\Client\ClientPlatform\ClientNative\OggDecoder.cs:line 68
   at Vintagestory.Client.ScreenManager.LoadSoundsSlow(ClientMain game) in VintagestoryLib\Client\ScreenManager.cs:line 488
   at Vintagestory.Client.LoadSoundsThread.ProcessSlow() in VintagestoryLib\Client\ScreenManager.cs:line 1289
17.8.2026 23:11:40 [Error] Found closing tag <i> at position 5789 but <strong> should be closed first. See debug log for full text.
17.8.2026 23:11:40 [Error] Found closing tag <strong> at position 5798 but <i> should be closed first. See debug log for full text.
17.8.2026 23:11:40 [Error] Found closing tag <a> at position 705 but it was never opened. See debug log for full text.
17.8.2026 23:11:40 [Warning] ===============================================================
17.8.2026 23:11:40 [Warning] (x_x) Captured 3664 issues during startup:
17.8.2026 23:11:40 [Warning] [bdflower] Is a Content mod, but .cs or .dll files were found. These will be ignored.
17.8.2026 23:11:40 [Error] [usefulstuff17] An exception was thrown when trying to load assembly:
17.8.2026 23:11:40 [Error] [usefulstuff17] Exception: Could not load file or assembly 'Newtonsoft.Json, Version=13.0.0.0, Culture=neutral, PublicKeyToken=30ad4fe6b2a6aeed'. Assembly with same name is already loaded
   at System.Runtime.Loader.AssemblyLoadContext.<LoadFromPath>g____PInvoke|5_0(IntPtr __ptrNativeAssemblyBinder_native, UInt16* __ilPath_native, UInt16* __niPath_native, ObjectHandleOnStack __retAssembly_native)
   at System.Runtime.Loader.AssemblyLoadContext.<LoadFromPath>g____PInvoke|5_0(IntPtr __ptrNativeAssemblyBinder_native, UInt16* __ilPath_native, UInt16* __niPath_native, ObjectHandleOnStack __retAssembly_native)
   at System.Runtime.Loader.AssemblyLoadContext.LoadFromAssemblyPath(String assemblyPath)
   at Vintagestory.Common.ModAssemblyLoader.LoadFrom(String path) in VintagestoryLib\Common\API\ModAssemblyLoader.cs:line 36
   at Vintagestory.Common.ModContainer.<>c__DisplayClass38_0.<LoadAssembly>b__0(String path) in VintagestoryLib\Common\API\ModContainer.cs:line 607
   at System.Linq.Enumerable.ListSelectIterator`2.MoveNext()
   at System.Linq.Enumerable.IEnumerableWhereIterator`1.ToList()
   at Vintagestory.Common.ModContainer.LoadAssembly(ModCompilationContext compilationContext, ModAssemblyLoader loader) in VintagestoryLib\Common\API\ModContainer.cs:line 606
17.8.2026 23:11:40 [Warning] [bdcrop] Is a Content mod, but .cs or .dll files were found. These will be ignored.
17.8.2026 23:11:40 [Warning] [bdherb] Is a Content mod, but .cs or .dll files were found. These will be ignored.
17.8.2026 23:11:40 [Warning] [bdorchard] Is a Content mod, but .cs or .dll files were found. These will be ignored.
17.8.2026 23:11:40 [Warning] [bdshrub] Is a Content mod, but .cs or .dll files were found. These will be ignored.
17.8.2026 23:11:40 [Warning] [bdtree] Is a Content mod, but .cs or .dll files were found. These will be ignored.
17.8.2026 23:11:40 [Warning] [haybales] Mod 'haybales (haybales-V1.1.2.zip)' has no authors specified in mod info.
17.8.2026 23:11:40 [Warning] [haybales] Mod 'haybales (haybales-V1.1.2.zip)' has no authors specified in mod info.
17.8.2026 23:11:40 [Warning] [BiggerCellarsRebuilt] Starting transpiler version.
17.8.2026 23:11:40 [Warning] [BiggerCellarsRebuilt] Loaded successfully.
17.8.2026 23:11:40 [Error] Entity shape for entity racialability:boulder not found or errored, was supposed to be at racialability:shapes/item/boulder.json. Entity will be invisible!
17.8.2026 23:11:40 [Warning] Texture asset 'c:textures//users/llama/onedrive/documents/vintage story/vsmods/billposting/billposting/assets/billposting/textures/billpost.png' not found (defined in Shape file billposting:billpost).
17.8.2026 23:11:40 [Warning] Texture asset 'game:textures/block/wood/planks/darkaged1.png' not found (defined in Entity type cartwrightscaravan:cart-basiccart-classic-darkaged).
17.8.2026 23:11:40 [Warning] Texture asset 'game:textures/block/wood/bark/lightaged-h.png' not found (defined in Entity type cartwrightscaravan:cart-basiccart-classic-lightaged).
17.8.2026 23:11:40 [Warning] Texture asset 'game:textures/block/wood/bark/lightaged.png' not found (defined in Entity type cartwrightscaravan:sled-basicsled-lightaged).
17.8.2026 23:11:40 [Warning] Texture asset 'game:textures/block/wood/path/darkaged1.png' not found (defined in Entity type shipwright:shipwrightconstruction-catboat-darkaged).
17.8.2026 23:11:40 [Warning] Texture asset 'game:textures/block/wood/path/darkaged2.png' not found (defined in Entity type shipwright:shipwrightconstruction-catboat-darkaged).
17.8.2026 23:11:40 [Warning] Texture asset 'game:textures/block/wood/path/lightaged1.png' not found (defined in Entity type shipwright:shipwrightconstruction-catboat-lightaged).
17.8.2026 23:11:40 [Warning] Texture asset 'game:textures/block/wood/path/lightaged2.png' not found (defined in Entity type shipwright:shipwrightconstruction-catboat-lightaged).
17.8.2026 23:11:40 [Warning] Texture asset 'shipwright:textures/block/zigzagbeams/darkaged.png' not found (defined in Entity type shipwright:shipwrightconstruction-drakkar-darkaged).
17.8.2026 23:11:40 [Warning] Texture asset 'shipwright:textures/block/zigzagbeams/lightaged.png' not found (defined in Entity type shipwright:shipwrightconstruction-drakkar-lightaged).
17.8.2026 23:11:40 [Warning] Texture asset 'game:textures/block/wood/bark/quad/ends/debarked/lightaged.png' not found (defined in Entity type shipwright:shipwrightconstruction-drakkar-lightaged).
17.8.2026 23:11:40 [Warning] Texture asset 'game:textures/block/metal/sheet/copper.png' not found (defined in Entity type chariot:cart-rustic).
17.8.2026 23:11:40 [Warning] Did not find required shape expandedfoods:shapes/item/food/candy/fruit/beautyberry.json anywhere. (defined in Shape for item expandedfoods:candiedfruit-beautyberry)
17.8.2026 23:11:40 [Warning] Did not find required shape expandedfoods:shapes/item/food/candy/fruit/blackberry.json anywhere. (defined in Shape for item expandedfoods:candiedfruit-blackberry)
17.8.2026 23:11:40 [Warning] Did not find required shape expandedfoods:shapes/item/food/candy/fruit/cactusfruit.json anywhere. (defined in Shape for item expandedfoods:candiedfruit-cactusfruit)
17.8.2026 23:11:40 [Warning] Did not find required shape expandedfoods:shapes/item/food/candy/fruit/cloudberry.json anywhere. (defined in Shape for item expandedfoods:candiedfruit-cloudberry)
17.8.2026 23:11:40 [Warning] Did not find required shape expandedfoods:shapes/item/food/candy/fruit/gooseberry.json anywhere. (defined in Shape for item expandedfoods:candiedfruit-gooseberry)
17.8.2026 23:11:40 [Warning] Did not find required shape expandedfoods:shapes/item/food/candy/fruit/guava.json anywhere. (defined in Shape for item expandedfoods:candiedfruit-guava)
17.8.2026 23:11:40 [Warning] Did not find required shape expandedfoods:shapes/item/food/candy/fruit/kumquat.json anywhere. (defined in Shape for item expandedfoods:candiedfruit-kumquat)
17.8.2026 23:11:40 [Warning] Did not find required shape expandedfoods:shapes/item/food/candy/fruit/plumnatal.json anywhere. (defined in Shape for item expandedfoods:candiedfruit-plumnatal)
17.8.2026 23:11:40 [Warning] Did not find required shape expandedfoods:shapes/item/food/candy/fruit/raspberry.json anywhere. (defined in Shape for item expandedfoods:candiedfruit-raspberry)
17.8.2026 23:11:40 [Warning] Did not find required shape expandedfoods:shapes/item/food/candy/fruit/strawberry.json anywhere. (defined in Shape for item expandedfoods:candiedfruit-strawberry)
17.8.2026 23:11:40 [Warning] Did not find required shape expandedfoods:shapes/item/food/mushroom/chopped/bluemeanie.json anywhere. (defined in Shape for item expandedfoods:choppedmushroom-bluemeanie)
17.8.2026 23:11:40 [Warning] Did not find required shape expandedfoods:shapes/item/food/mushroom/chopped/foolsconecap.json anywhere. (defined in Shape for item expandedfoods:choppedmushroom-foolsconecap)
17.8.2026 23:11:40 [Warning] Did not find required shape expandedfoods:shapes/item/food/mushroom/chopped/goldcap.json anywhere. (defined in Shape for item expandedfoods:choppedmushroom-goldcap)
17.8.2026 23:11:40 [Warning] Did not find required shape expandedfoods:shapes/item/food/mushroom/chopped/honeymushroom.json anywhere. (defined in Shape for item expandedfoods:choppedmushroom-honeymushroom)
17.8.2026 23:11:40 [Warning] Did not find required shape expandedfoods:shapes/item/food/mushroom/chopped/laughingjim.json anywhere. (defined in Shape for item expandedfoods:choppedmushroom-laughingjim)
17.8.2026 23:11:40 [Warning] Did not find required shape expandedfoods:shapes/item/food/mushroom/chopped/libertycap.json anywhere. (defined in Shape for item expandedfoods:choppedmushroom-libertycap)
17.8.2026 23:11:40 [Warning] Did not find required shape expandedfoods:shapes/item/food/mushroom/chopped/sickener.json anywhere. (defined in Shape for item expandedfoods:choppedmushroom-sickener)
17.8.2026 23:11:40 [Warning] Did not find required shape expandedfoods:shapes/item/food/mushroom/chopped/wavycap.json anywhere. (defined in Shape for item expandedfoods:choppedmushroom-wavycap)
17.8.2026 23:11:40 [Warning] Did not find required shape expandedfoods:shapes/item/food/mushroom/chopped/cooked/bluemeanie.json anywhere. (defined in Shape for item expandedfoods:cookedchoppedmushroom-bluemeanie-partbaked)
17.8.2026 23:11:40 [Warning] Did not find required shape expandedfoods:shapes/item/food/mushroom/chopped/cooked/foolsconecap.json anywhere. (defined in Shape for item expandedfoods:cookedchoppedmushroom-foolsconecap-partbaked)
17.8.2026 23:11:40 [Warning] Did not find required shape expandedfoods:shapes/item/food/mushroom/chopped/cooked/goldcap.json anywhere. (defined in Shape for item expandedfoods:cookedchoppedmushroom-goldcap-partbaked)
17.8.2026 23:11:40 [Warning] Did not find required shape expandedfoods:shapes/item/food/mushroom/chopped/cooked/honeymushroom.json anywhere. (defined in Shape for item expandedfoods:cookedchoppedmushroom-honeymushroom-partbaked)
17.8.2026 23:11:40 [Warning] Did not find required shape expandedfoods:shapes/item/food/mushroom/chopped/cooked/laughingjim.json anywhere. (defined in Shape for item expandedfoods:cookedchoppedmushroom-laughingjim-partbaked)
17.8.2026 23:11:40 [Warning] Did not find required shape expandedfoods:shapes/item/food/mushroom/chopped/cooked/libertycap.json anywhere. (defined in Shape for item expandedfoods:cookedchoppedmushroom-libertycap-partbaked)
17.8.2026 23:11:40 [Warning] Did not find required shape expandedfoods:shapes/item/food/mushroom/chopped/cooked/sickener.json anywhere. (defined in Shape for item expandedfoods:cookedchoppedmushroom-sickener-partbaked)
17.8.2026 23:11:40 [Warning] Did not find required shape expandedfoods:shapes/item/food/mushroom/chopped/cooked/wavycap.json anywhere. (defined in Shape for item expandedfoods:cookedchoppedmushroom-wavycap-partbaked)
17.8.2026 23:11:40 [Warning] Did not find required shape expandedfoods:shapes/item/food/dryfruit/beautyberry.json anywhere. (defined in Shape for item expandedfoods:dehydratedfruit-beautyberry)
17.8.2026 23:11:40 [Warning] Did not find required shape expandedfoods:shapes/item/food/dryfruit/blackberry.json anywhere. (defined in Shape for item expandedfoods:dehydratedfruit-blackberry)
17.8.2026 23:11:40 [Warning] Did not find required shape expandedfoods:shapes/item/food/dryfruit/cactusfruit.json anywhere. (defined in Shape for item expandedfoods:dehydratedfruit-cactusfruit)
17.8.2026 23:11:40 [Warning] Did not find required shape expandedfoods:shapes/item/food/dryfruit/cloudberry.json anywhere. (defined in Shape for item expandedfoods:dehydratedfruit-cloudberry)
17.8.2026 23:11:40 [Warning] Did not find required shape expandedfoods:shapes/item/food/dryfruit/gooseberry.json anywhere. (defined in Shape for item expandedfoods:dehydratedfruit-gooseberry)
17.8.2026 23:11:40 [Warning] Did not find required shape expandedfoods:shapes/item/food/dryfruit/guava.json anywhere. (defined in Shape for item expandedfoods:dehydratedfruit-guava)
17.8.2026 23:11:40 [Warning] Did not find required shape expandedfoods:shapes/item/food/dryfruit/kumquat.json anywhere. (defined in Shape for item expandedfoods:dehydratedfruit-kumquat)
17.8.2026 23:11:40 [Warning] Did not find required shape expandedfoods:shapes/item/food/dryfruit/plumnatal.json anywhere. (defined in Shape for item expandedfoods:dehydratedfruit-plumnatal)
17.8.2026 23:11:40 [Warning] Did not find required shape expandedfoods:shapes/item/food/dryfruit/raspberry.json anywhere. (defined in Shape for item expandedfoods:dehydratedfruit-raspberry)
17.8.2026 23:11:40 [Warning] Did not find required shape expandedfoods:shapes/item/food/dryfruit/strawberry.json anywhere. (defined in Shape for item expandedfoods:dehydratedfruit-strawberry)
17.8.2026 23:11:40 [Warning] Could not find any variants for wildcard shape block/plant/mushroom/bluemeanie/harvested*, will use standard cube shape.
17.8.2026 23:11:40 [Warning] Could not find any variants for wildcard shape block/plant/mushroom/foolsconecap/harvested*, will use standard cube shape.
17.8.2026 23:11:40 [Warning] Could not find any variants for wildcard shape block/plant/mushroom/goldcap/harvested*, will use standard cube shape.
17.8.2026 23:11:40 [Warning] Could not find any variants for wildcard shape block/plant/mushroom/honeymushroom/harvested*, will use standard cube shape.
17.8.2026 23:11:40 [Warning] Could not find any variants for wildcard shape block/plant/mushroom/laughingjim/harvested*, will use standard cube shape.
17.8.2026 23:11:40 [Warning] Could not find any variants for wildcard shape block/plant/mushroom/libertycap/harvested*, will use standard cube shape.
17.8.2026 23:11:40 [Warning] Could not find any variants for wildcard shape block/plant/mushroom/sickener/harvested*, will use standard cube shape.
17.8.2026 23:11:40 [Warning] Could not find any variants for wildcard shape block/plant/mushroom/wavycap/harvested*, will use standard cube shape.
17.8.2026 23:11:40 [Warning] Could not find any variants for wildcard shape block/plant/mushroom/bluemeanie/harvested*, will use standard cube shape.
17.8.2026 23:11:40 [Warning] Could not find any variants for wildcard shape block/plant/mushroom/foolsconecap/harvested*, will use standard cube shape.
17.8.2026 23:11:40 [Warning] Could not find any variants for wildcard shape block/plant/mushroom/goldcap/harvested*, will use standard cube shape.
17.8.2026 23:11:40 [Warning] Could not find any variants for wildcard shape block/plant/mushroom/honeymushroom/harvested*, will use standard cube shape.
17.8.2026 23:11:40 [Warning] Could not find any variants for wildcard shape block/plant/mushroom/laughingjim/harvested*, will use standard cube shape.
17.8.2026 23:11:40 [Warning] Could not find any variants for wildcard shape block/plant/mushroom/libertycap/harvested*, will use standard cube shape.
17.8.2026 23:11:40 [Warning] Could not find any variants for wildcard shape block/plant/mushroom/sickener/harvested*, will use standard cube shape.
17.8.2026 23:11:40 [Warning] Could not find any variants for wildcard shape block/plant/mushroom/wavycap/harvested*, will use standard cube shape.
17.8.2026 23:11:40 [Warning] Texture asset 'game:textures/block/metal/ingot/{material}.png' not found (defined in Item game:chisel-copper).
17.8.2026 23:11:40 [Warning] Did not find required shape containersbundle:shapes/block/wood/stonecasket.json anywhere. (defined in Shape for block containersbundle:stonecasket-north)
17.8.2026 23:11:40 [Warning] Did not find required shape game:shapes/block/reed/basket-normal.json anywhere. (defined in Shape for block qolcrafts:drygrassbasketchest-north)
17.8.2026 23:11:40 [Warning] Texture asset 'medieval:textures/entity/humanoid/seraphclothes/shoulder/reli2.png' not found (defined in Shape file medieval:entity/humanoid/seraph/newclothing/shoulder/reli2shoulderfaldita).
17.8.2026 23:11:40 [Warning] Texture asset 'medieval:textures/entity/humanoid/seraphclothes/shoulder/reli.png' not found (defined in Shape file medieval:entity/humanoid/seraph/newclothing/shoulder/relishoulderfaldita).
17.8.2026 23:11:40 [Warning] Did not find required shape bdflower:shapes/block/plant/flower/1patch-cross-24x24.json anywhere. (defined in Lod2 shape for block bdflower:flower-rose-red-free)
17.8.2026 23:11:40 [Warning] Did not find required shape bdflower:shapes/block/basic/cross.json anywhere. (defined in Shape for block bdflower:tallgrass-veryshort-free)
17.8.2026 23:11:40 [Warning] Did not find required shape bdflower:shapes/block/plant/vines-n.json anywhere. (defined in Shape for block bdflower:wildvine-section-north)
17.8.2026 23:11:40 [Warning] Did not find required shape bdflower:shapes/block/plant/vines-inventory.json anywhere. (defined in Inventory shape for block bdflower:wildvine-section-north)
17.8.2026 23:11:40 [Warning] Did not find required shape bdflower:shapes/block/plant/flower/1patch-3faces-24x24.json anywhere. (defined in Shape for block bdflower:flower-purplebell-free)
17.8.2026 23:11:40 [Warning] Texture asset 'shroomies:textures/block/plant/mushroom/pores.png' not found (defined in Item shroomies:cookeddtmushroom-bitterbolete-charred).
17.8.2026 23:11:40 [Warning] Texture asset 'game:textures/item/tool/material/wood.png' not found (defined in Item qolcrafts:drygrassbasket).
17.8.2026 23:11:40 [Warning] Texture asset 'game:textures/item/tool/material/woodenclub.png' not found (defined in Item qolcrafts:hammerwood).
17.8.2026 23:11:40 [Warning] Texture asset 'qolcrafts:textures/block/leather/plain.png' not found (defined in Shape file qolcrafts:item/piceofhide).
17.8.2026 23:11:40 [Warning] Texture asset 'c:textures//users/gleb/appdata/roaming/vintagestory/assets/survival/textures/block/leather/plain.png' not found (defined in Shape file qolcrafts:item/tourniquet).
17.8.2026 23:11:40 [Warning] Did not find required shape materialneeds:shapes/block/stone/plaster.json anywhere. (defined in Shape for block materialneeds:plaster-ashen-diagonal-ns)
17.8.2026 23:11:40 [Warning] Texture asset 'arthursjournal:textures/black.png' not found (defined in Shape file arthursjournal:block/variants/small-normal).
17.8.2026 23:11:40 [Warning] Texture asset 'baconbaconbacon:textures/item/bacon.png' not found (defined in Shape file baconbaconbacon:item/bacon).
17.8.2026 23:11:40 [Warning] Texture asset 'baconbaconbacon:textures/item/baconpoultice.png' not found (defined in Shape file baconbaconbacon:item/baconpoultice).
17.8.2026 23:11:40 [Warning] Texture asset 'game:textures/block/wood/bark/veryaged.png' not found (defined in Item barkcanoe:outrigger-crude-veryaged).
17.8.2026 23:11:40 [Warning] Texture asset 'game:textures/block/wood/bark/ash.png' not found (defined in Item barkcanoe:outrigger-crude-ash).
17.8.2026 23:11:40 [Warning] Texture asset 'game:textures/block/wood/treetrunk/ash.png' not found (defined in Item barkcanoe:outrigger-crude-ash).
17.8.2026 23:11:40 [Warning] Texture asset 'game:textures/block/wood/bark/azobe.png' not found (defined in Item barkcanoe:outrigger-crude-azobe).
17.8.2026 23:11:40 [Warning] Texture asset 'game:textures/block/wood/treetrunk/azobe.png' not found (defined in Item barkcanoe:outrigger-crude-azobe).
17.8.2026 23:11:40 [Warning] Texture asset 'game:textures/block/wood/bark/banyan.png' not found (defined in Item barkcanoe:outrigger-crude-banyan).
17.8.2026 23:11:40 [Warning] Texture asset 'game:textures/block/wood/treetrunk/banyan.png' not found (defined in Item barkcanoe:outrigger-crude-banyan).
17.8.2026 23:11:40 [Warning] Texture asset 'game:textures/block/wood/bark/beech.png' not found (defined in Item barkcanoe:outrigger-crude-beech).
17.8.2026 23:11:40 [Warning] Texture asset 'game:textures/block/wood/treetrunk/beech.png' not found (defined in Item barkcanoe:outrigger-crude-beech).
17.8.2026 23:11:40 [Warning] Texture asset 'game:textures/block/wood/bark/bearnut.png' not found (defined in Item barkcanoe:outrigger-crude-bearnut).
17.8.2026 23:11:40 [Warning] Texture asset 'game:textures/block/wood/treetrunk/bearnut.png' not found (defined in Item barkcanoe:outrigger-crude-bearnut).
17.8.2026 23:11:40 [Warning] Texture asset 'game:textures/block/wood/bark/bluemahoe.png' not found (defined in Item barkcanoe:outrigger-crude-bluemahoe).
17.8.2026 23:11:40 [Warning] Texture asset 'game:textures/block/wood/treetrunk/bluemahoe.png' not found (defined in Item barkcanoe:outrigger-crude-bluemahoe).
17.8.2026 23:11:40 [Warning] Texture asset 'game:textures/block/wood/bark/catalpa.png' not found (defined in Item barkcanoe:outrigger-crude-catalpa).
17.8.2026 23:11:40 [Warning] Texture asset 'game:textures/block/wood/bark/cedar.png' not found (defined in Item barkcanoe:outrigger-crude-cedar).
17.8.2026 23:11:40 [Warning] Texture asset 'game:textures/block/wood/treetrunk/catalpa.png' not found (defined in Item barkcanoe:outrigger-crude-catalpa).
17.8.2026 23:11:40 [Warning] Texture asset 'game:textures/block/wood/treetrunk/cedar.png' not found (defined in Item barkcanoe:outrigger-crude-cedar).
17.8.2026 23:11:40 [Warning] Texture asset 'game:textures/block/wood/bark/charred.png' not found (defined in Item barkcanoe:outrigger-crude-charred).
17.8.2026 23:11:40 [Warning] Texture asset 'game:textures/block/wood/treetrunk/charred.png' not found (defined in Item barkcanoe:outrigger-crude-charred).
17.8.2026 23:11:40 [Warning] Texture asset 'game:textures/block/wood/bark/dalbergia.png' not found (defined in Item barkcanoe:outrigger-crude-dalbergia).
17.8.2026 23:11:40 [Warning] Texture asset 'game:textures/block/wood/treetrunk/dalbergia.png' not found (defined in Item barkcanoe:outrigger-crude-dalbergia).
17.8.2026 23:11:40 [Warning] Texture asset 'game:textures/block/wood/bark/douglasfir.png' not found (defined in Item barkcanoe:outrigger-crude-douglasfir).
17.8.2026 23:11:40 [Warning] Texture asset 'game:textures/block/wood/treetrunk/douglasfir.png' not found (defined in Item barkcanoe:outrigger-crude-douglasfir).
17.8.2026 23:11:40 [Warning] Texture asset 'game:textures/block/wood/bark/elm.png' not found (defined in Item barkcanoe:outrigger-crude-elm).
17.8.2026 23:11:40 [Warning] Texture asset 'game:textures/block/wood/treetrunk/elm.png' not found (defined in Item barkcanoe:outrigger-crude-elm).
17.8.2026 23:11:40 [Warning] Texture asset 'game:textures/block/wood/bark/empresstree.png' not found (defined in Item barkcanoe:outrigger-crude-empresstree).
17.8.2026 23:11:40 [Warning] Texture asset 'game:textures/block/wood/treetrunk/empresstree.png' not found (defined in Item barkcanoe:outrigger-crude-empresstree).
17.8.2026 23:11:40 [Warning] Texture asset 'game:textures/block/wood/bark/eucalyptus.png' not found (defined in Item barkcanoe:outrigger-crude-eucalyptus).
17.8.2026 23:11:40 [Warning] Texture asset 'game:textures/block/wood/treetrunk/eucalyptus.png' not found (defined in Item barkcanoe:outrigger-crude-eucalyptus).
17.8.2026 23:11:40 [Warning] Texture asset 'game:textures/block/wood/bark/fir.png' not found (defined in Item barkcanoe:outrigger-crude-fir).
17.8.2026 23:11:40 [Warning] Texture asset 'game:textures/block/wood/treetrunk/fir.png' not found (defined in Item barkcanoe:outrigger-crude-fir).
17.8.2026 23:11:40 [Warning] Texture asset 'game:textures/block/wood/bark/ghostgum.png' not found (defined in Item barkcanoe:outrigger-crude-ghostgum).
17.8.2026 23:11:40 [Warning] Texture asset 'game:textures/block/wood/treetrunk/ghostgum.png' not found (defined in Item barkcanoe:outrigger-crude-ghostgum).
17.8.2026 23:11:40 [Warning] Texture asset 'game:textures/block/wood/bark/ginkgo.png' not found (defined in Item barkcanoe:outrigger-crude-ginkgo).
17.8.2026 23:11:40 [Warning] Texture asset 'game:textures/block/wood/treetrunk/ginkgo.png' not found (defined in Item barkcanoe:outrigger-crude-ginkgo).
17.8.2026 23:11:40 [Warning] Texture asset 'game:textures/block/wood/bark/guajacum.png' not found (defined in Item barkcanoe:outrigger-crude-guajacum).
17.8.2026 23:11:40 [Warning] Texture asset 'game:textures/block/wood/treetrunk/guajacum.png' not found (defined in Item barkcanoe:outrigger-crude-guajacum).
17.8.2026 23:11:40 [Warning] Texture asset 'game:textures/block/wood/bark/honeylocust.png' not found (defined in Item barkcanoe:outrigger-crude-honeylocust).
17.8.2026 23:11:40 [Warning] Texture asset 'game:textures/block/wood/treetrunk/honeylocust.png' not found (defined in Item barkcanoe:outrigger-crude-honeylocust).
17.8.2026 23:11:40 [Warning] Texture asset 'game:textures/block/wood/bark/horsechestnut.png' not found (defined in Item barkcanoe:outrigger-crude-horsechestnut).
17.8.2026 23:11:40 [Warning] Texture asset 'game:textures/block/wood/treetrunk/horsechestnut.png' not found (defined in Item barkcanoe:outrigger-crude-horsechestnut).
17.8.2026 23:11:40 [Warning] Texture asset 'game:textures/block/wood/bark/rosewood.png' not found (defined in Item barkcanoe:outrigger-crude-rosewood).
17.8.2026 23:11:40 [Warning] Texture asset 'game:textures/block/wood/treetrunk/rosewood.png' not found (defined in Item barkcanoe:outrigger-crude-rosewood).
17.8.2026 23:11:40 [Warning] Texture asset 'game:textures/block/wood/bark/kauri.png' not found (defined in Item barkcanoe:outrigger-crude-kauri).
17.8.2026 23:11:40 [Warning] Texture asset 'game:textures/block/wood/treetrunk/kauri.png' not found (defined in Item barkcanoe:outrigger-crude-kauri).
17.8.2026 23:11:40 [Warning] Texture asset 'game:textures/block/wood/bark/leadwood.png' not found (defined in Item barkcanoe:outrigger-crude-leadwood).
17.8.2026 23:11:40 [Warning] Texture asset 'game:textures/block/wood/treetrunk/leadwood.png' not found (defined in Item barkcanoe:outrigger-crude-leadwood).
17.8.2026 23:11:40 [Warning] Texture asset 'game:textures/block/wood/bark/linden.png' not found (defined in Item barkcanoe:outrigger-crude-linden).
17.8.2026 23:11:40 [Warning] Texture asset 'game:textures/block/wood/treetrunk/linden.png' not found (defined in Item barkcanoe:outrigger-crude-linden).
17.8.2026 23:11:40 [Warning] Texture asset 'game:textures/block/wood/bark/mahogany.png' not found (defined in Item barkcanoe:outrigger-crude-mahogany).
17.8.2026 23:11:40 [Warning] Texture asset 'game:textures/block/wood/treetrunk/mahogany.png' not found (defined in Item barkcanoe:outrigger-crude-mahogany).
17.8.2026 23:11:40 [Warning] Texture asset 'game:textures/block/wood/bark/mangrove.png' not found (defined in Item barkcanoe:outrigger-crude-mangrove).
17.8.2026 23:11:40 [Warning] Texture asset 'game:textures/block/wood/treetrunk/mangrove.png' not found (defined in Item barkcanoe:outrigger-crude-mangrove).
17.8.2026 23:11:40 [Warning] Texture asset 'game:textures/block/wood/bark/ohia.png' not found (defined in Item barkcanoe:outrigger-crude-ohia).
17.8.2026 23:11:40 [Warning] Texture asset 'game:textures/block/wood/treetrunk/ohia.png' not found (defined in Item barkcanoe:outrigger-crude-ohia).
17.8.2026 23:11:40 [Warning] Texture asset 'game:textures/block/wood/bark/poplar.png' not found (defined in Item barkcanoe:outrigger-crude-poplar).
17.8.2026 23:11:40 [Warning] Texture asset 'game:textures/block/wood/treetrunk/poplar.png' not found (defined in Item barkcanoe:outrigger-crude-poplar).
17.8.2026 23:11:40 [Warning] Texture asset 'game:textures/block/wood/bark/redcedar.png' not found (defined in Item barkcanoe:outrigger-crude-redcedar).
17.8.2026 23:11:40 [Warning] Texture asset 'game:textures/block/wood/treetrunk/redcedar.png' not found (defined in Item barkcanoe:outrigger-crude-redcedar).
17.8.2026 23:11:40 [Warning] Texture asset 'game:textures/block/wood/bark/sal.png' not found (defined in Item barkcanoe:outrigger-crude-sal).
17.8.2026 23:11:40 [Warning] Texture asset 'game:textures/block/wood/treetrunk/sal.png' not found (defined in Item barkcanoe:outrigger-crude-sal).
17.8.2026 23:11:40 [Warning] Texture asset 'game:textures/block/wood/bark/sapele.png' not found (defined in Item barkcanoe:outrigger-crude-sapele).
17.8.2026 23:11:40 [Warning] Texture asset 'game:textures/block/wood/treetrunk/sapele.png' not found (defined in Item barkcanoe:outrigger-crude-sapele).
17.8.2026 23:11:40 [Warning] Texture asset 'game:textures/block/wood/bark/satinash.png' not found (defined in Item barkcanoe:outrigger-crude-satinash).
17.8.2026 23:11:40 [Warning] Texture asset 'game:textures/block/wood/treetrunk/satinash.png' not found (defined in Item barkcanoe:outrigger-crude-satinash).
17.8.2026 23:11:40 [Warning] Texture asset 'game:textures/block/wood/bark/saxaul.png' not found (defined in Item barkcanoe:outrigger-crude-saxaul).
17.8.2026 23:11:40 [Warning] Texture asset 'game:textures/block/wood/treetrunk/saxaul.png' not found (defined in Item barkcanoe:outrigger-crude-saxaul).
17.8.2026 23:11:40 [Warning] Texture asset 'game:textures/block/wood/bark/spruce.png' not found (defined in Item barkcanoe:outrigger-crude-spruce).
17.8.2026 23:11:40 [Warning] Texture asset 'game:textures/block/wood/treetrunk/spruce.png' not found (defined in Item barkcanoe:outrigger-crude-spruce).
17.8.2026 23:11:40 [Warning] Texture asset 'game:textures/block/wood/bark/spurgetree.png' not found (defined in Item barkcanoe:outrigger-crude-spurgetree).
17.8.2026 23:11:40 [Warning] Texture asset 'game:textures/block/wood/treetrunk/spurgetree.png' not found (defined in Item barkcanoe:outrigger-crude-spurgetree).
17.8.2026 23:11:40 [Warning] Texture asset 'game:textures/block/wood/bark/sycamore.png' not found (defined in Item barkcanoe:outrigger-crude-sycamore).
17.8.2026 23:11:40 [Warning] Texture asset 'game:textures/block/wood/treetrunk/sycamore.png' not found (defined in Item barkcanoe:outrigger-crude-sycamore).
17.8.2026 23:11:40 [Warning] Texture asset 'game:textures/block/wood/bark/tamanu.png' not found (defined in Item barkcanoe:outrigger-crude-tamanu).
17.8.2026 23:11:40 [Warning] Texture asset 'game:textures/block/wood/treetrunk/tamanu.png' not found (defined in Item barkcanoe:outrigger-crude-tamanu).
17.8.2026 23:11:40 [Warning] Texture asset 'game:textures/block/wood/bark/tigerwood.png' not found (defined in Item barkcanoe:outrigger-crude-tigerwood).
17.8.2026 23:11:40 [Warning] Texture asset 'game:textures/block/wood/treetrunk/tigerwood.png' not found (defined in Item barkcanoe:outrigger-crude-tigerwood).
17.8.2026 23:11:40 [Warning] Texture asset 'game:textures/block/wood/bark/tuja.png' not found (defined in Item barkcanoe:outrigger-crude-tuja).
17.8.2026 23:11:40 [Warning] Texture asset 'game:textures/block/wood/treetrunk/tuja.png' not found (defined in Item barkcanoe:outrigger-crude-tuja).
17.8.2026 23:11:40 [Warning] Texture asset 'game:textures/block/wood/bark/umnini.png' not found (defined in Item barkcanoe:outrigger-crude-umnini).
17.8.2026 23:11:40 [Warning] Texture asset 'game:textures/block/wood/treetrunk/umnini.png' not found (defined in Item barkcanoe:outrigger-crude-umnini).
17.8.2026 23:11:40 [Warning] Texture asset 'game:textures/block/wood/bark/willow.png' not found (defined in Item barkcanoe:outrigger-crude-willow).
17.8.2026 23:11:40 [Warning] Texture asset 'game:textures/block/wood/treetrunk/willow.png' not found (defined in Item barkcanoe:outrigger-crude-willow).
17.8.2026 23:11:40 [Warning] Texture asset 'game:textures/block/wood/bark/yew.png' not found (defined in Item barkcanoe:outrigger-crude-yew).
17.8.2026 23:11:40 [Warning] Texture asset 'game:textures/block/wood/treetrunk/yew.png' not found (defined in Item barkcanoe:outrigger-crude-yew).
17.8.2026 23:11:40 [Warning] Texture asset 'game:textures/block/wood/bark/lightaged.png' not found (defined in Item barkcanoe:outrigger-crude-lightaged).
17.8.2026 23:11:40 [Warning] Texture asset 'game:textures/block/wood/treetrunk/lightaged.png' not found (defined in Item barkcanoe:outrigger-crude-lightaged).
17.8.2026 23:11:40 [Warning] Texture asset 'game:textures/block/wood/planks/darkaged1.png' not found (defined in Item cartwrightscaravan:cartcanopy-classic-darkaged).
17.8.2026 23:11:40 [Warning] Texture asset 'game:textures/block/wood/bark/lightaged-h.png' not found (defined in Item cartwrightscaravan:cart-cart-basiccart-classic-lightaged).
17.8.2026 23:11:40 [Warning] Texture asset 'game:textures/block/metal/sheet/copper.png' not found (defined in Item ridertoolkittest:rider-toolkit-test).
17.8.2026 23:11:40 [Warning] Texture asset 'ridertoolkittest:textures/block/metal/sheet/copper.png' not found (defined in Shape file ridertoolkittest:item/calibrator).
17.8.2026 23:11:40 [Warning] Texture asset 'ridertoolkittest:textures/block/glass/plain.png' not found (defined in Shape file ridertoolkittest:item/calibrator).
17.8.2026 23:11:40 [Warning] Texture asset 'game:textures/block/wood/path/darkaged1.png' not found (defined in Item shipwright:boat-catboat-darkaged).
17.8.2026 23:11:40 [Warning] Texture asset 'game:textures/block/wood/path/darkaged2.png' not found (defined in Item shipwright:boat-catboat-darkaged).
17.8.2026 23:11:40 [Warning] Texture asset 'game:textures/block/wood/path/lightaged1.png' not found (defined in Item shipwright:boat-catboat-lightaged).
17.8.2026 23:11:40 [Warning] Texture asset 'game:textures/block/wood/path/lightaged2.png' not found (defined in Item shipwright:boat-catboat-lightaged).
17.8.2026 23:11:40 [Warning] Texture asset 'shipwright:textures/block/zigzagbeams/darkaged.png' not found (defined in Item shipwright:boat-drakkar-darkaged).
17.8.2026 23:11:40 [Warning] Texture asset 'shipwright:textures/block/zigzagbeams/lightaged.png' not found (defined in Item shipwright:boat-drakkar-lightaged).
17.8.2026 23:11:40 [Warning] Texture asset 'game:textures/block/wood/treasurechest/golden/top.png' not found (defined in Shape file game:block/wood/chest/golden).
17.8.2026 23:11:40 [Warning] Texture asset 'game:textures/block/wood/treasurechest/golden/sides2.png' not found (defined in Shape file game:block/wood/chest/golden).
17.8.2026 23:11:40 [Warning] Texture asset 'game:textures/block/wood/treasurechest/golden/sides1.png' not found (defined in Shape file game:block/wood/chest/golden).
17.8.2026 23:11:40 [Warning] Texture asset 'game:textures/block/wood/treasurechest/golden/inside.png' not found (defined in Shape file game:block/wood/chest/golden).
17.8.2026 23:11:40 [Warning] Texture asset 'game:textures/block/wood/treasurechest/owl/top.png' not found (defined in Shape file game:block/wood/chest/owl).
17.8.2026 23:11:40 [Warning] Texture asset 'game:textures/block/wood/treasurechest/owl/sides2.png' not found (defined in Shape file game:block/wood/chest/owl).
17.8.2026 23:11:40 [Warning] Texture asset 'game:textures/block/wood/treasurechest/owl/sides1.png' not found (defined in Shape file game:block/wood/chest/owl).
17.8.2026 23:11:40 [Warning] Texture asset 'game:textures/block/wood/treasurechest/owl/inside.png' not found (defined in Shape file game:block/wood/chest/owl).
17.8.2026 23:11:40 [Warning] Texture asset 'bdherb:textures/items/skunkcabbage_leaves.png' not found (defined in Item bdherb:skunkcabbage-leaves).
17.8.2026 23:11:40 [Warning] Texture asset 'game:textures/block/plant/potted/pinklilyofthevalley.png' not found (defined in Item carryon:flower-pinklilyofthevalley-free).
17.8.2026 23:11:40 [Warning] Texture asset 'game:textures/block/plant/potted/purplelilyofthevalley.png' not found (defined in Item carryon:flower-purplelilyofthevalley-free).
17.8.2026 23:11:40 [Warning] Texture asset 'game:textures/block/plant/mushroom/flyagaric/stipe.png' not found (defined in Item expandedfoods:choppedmushroom-flyagaric).
17.8.2026 23:11:40 [Warning] Texture asset 'game:textures/block/plant/mushroom/flyagaric/pores.png' not found (defined in Item expandedfoods:choppedmushroom-flyagaric).
17.8.2026 23:11:40 [Warning] Texture asset 'game:textures/block/plant/mushroom/flyagaric/cap.png' not found (defined in Item expandedfoods:choppedmushroom-flyagaric).
17.8.2026 23:11:40 [Warning] Texture asset 'game:textures/block/plant/mushroom/fieldmushroom/cap.png' not found (defined in Item expandedfoods:choppedmushroom-fieldmushroom).
17.8.2026 23:11:40 [Warning] Texture asset 'game:textures/block/plant/mushroom/fieldmushroom/stipe.png' not found (defined in Item expandedfoods:choppedmushroom-fieldmushroom).
17.8.2026 23:11:40 [Warning] Texture asset 'game:textures/block/plant/mushroom/fieldmushroom/pores.png' not found (defined in Item expandedfoods:choppedmushroom-fieldmushroom).
17.8.2026 23:11:40 [Warning] Texture asset 'game:textures/block/plant/mushroom/almondmushroom/almondmushroom.png' not found (defined in Item expandedfoods:choppedmushroom-almondmushroom).
17.8.2026 23:11:40 [Warning] Texture asset 'game:textures/block/plant/mushroom/bitterbolete/bitterbolete.png' not found (defined in Item expandedfoods:choppedmushroom-bitterbolete).
17.8.2026 23:11:40 [Warning] Texture asset 'game:textures/block/plant/mushroom/blacktrumpet/blacktrumpet.png' not found (defined in Item expandedfoods:choppedmushroom-blacktrumpet).
17.8.2026 23:11:40 [Warning] Texture asset 'game:textures/block/plant/mushroom/chanterelle/chanterelle.png' not found (defined in Item expandedfoods:choppedmushroom-chanterelle).
17.8.2026 23:11:40 [Warning] Texture asset 'game:textures/block/plant/mushroom/commonmorel/commonmorel.png' not found (defined in Item expandedfoods:choppedmushroom-commonmorel).
17.8.2026 23:11:40 [Warning] Texture asset 'game:textures/block/plant/mushroom/deathcap/deathcap.png' not found (defined in Item expandedfoods:choppedmushroom-deathcap).
17.8.2026 23:11:40 [Warning] Texture asset 'game:textures/block/plant/mushroom/devilstooth/devilstooth.png' not found (defined in Item expandedfoods:choppedmushroom-devilstooth).
17.8.2026 23:11:40 [Warning] Texture asset 'game:textures/block/plant/mushroom/devilbolete/devilbolete.png' not found (defined in Item expandedfoods:choppedmushroom-devilbolete).
17.8.2026 23:11:40 [Warning] Texture asset 'game:textures/block/plant/mushroom/earthball/earthball.png' not found (defined in Item expandedfoods:choppedmushroom-earthball).
17.8.2026 23:11:40 [Warning] Texture asset 'game:textures/block/plant/mushroom/elfinsaddle/elfinsaddle.png' not found (defined in Item expandedfoods:choppedmushroom-elfinsaddle).
17.8.2026 23:11:40 [Warning] Texture asset 'game:textures/block/plant/mushroom/golddropmilkcap/golddropmilkcap.png' not found (defined in Item expandedfoods:choppedmushroom-golddropmilkcap).
17.8.2026 23:11:40 [Warning] Texture asset 'game:textures/block/plant/mushroom/greencrackedrussula/greencrackedrussula.png' not found (defined in Item expandedfoods:choppedmushroom-greencrackedrussula).
17.8.2026 23:11:40 [Warning] Texture asset 'game:textures/block/plant/mushroom/indigomilkcap/indigomilkcap.png' not found (defined in Item expandedfoods:choppedmushroom-indigomilkcap).
17.8.2026 23:11:40 [Warning] Texture asset 'game:textures/block/plant/mushroom/jackolantern/jackolantern.png' not found (defined in Item expandedfoods:choppedmushroom-jackolantern).
17.8.2026 23:11:40 [Warning] Texture asset 'game:textures/block/plant/mushroom/kingbolete/kingbolete.png' not found (defined in Item expandedfoods:choppedmushroom-kingbolete).
17.8.2026 23:11:40 [Warning] Texture asset 'game:textures/block/plant/mushroom/lobster/lobster.png' not found (defined in Item expandedfoods:choppedmushroom-lobster).
17.8.2026 23:11:40 [Warning] Texture asset 'game:textures/block/plant/mushroom/orangeoakbolete/orangeoakbolete.png' not found (defined in Item expandedfoods:choppedmushroom-orangeoakbolete).
17.8.2026 23:11:40 [Warning] Texture asset 'game:textures/block/plant/mushroom/paddystraw/paddystraw.png' not found (defined in Item expandedfoods:choppedmushroom-paddystraw).
17.8.2026 23:11:40 [Warning] Texture asset 'game:textures/block/plant/mushroom/puffball/puffball.png' not found (defined in Item expandedfoods:choppedmushroom-puffball).
17.8.2026 23:11:40 [Warning] Texture asset 'game:textures/block/plant/mushroom/redwinecap/redwinecap.png' not found (defined in Item expandedfoods:choppedmushroom-redwinecap).
17.8.2026 23:11:40 [Warning] Texture asset 'game:textures/block/plant/mushroom/saffronmilkcap/saffronmilkcap.png' not found (defined in Item expandedfoods:choppedmushroom-saffronmilkcap).
17.8.2026 23:11:40 [Warning] Texture asset 'game:textures/block/plant/mushroom/violetwebcap/violetwebcap.png' not found (defined in Item expandedfoods:choppedmushroom-violetwebcap).
17.8.2026 23:11:40 [Warning] Texture asset 'game:textures/block/plant/mushroom/witchhat/witchhat.png' not found (defined in Item expandedfoods:choppedmushroom-witchhat).
17.8.2026 23:11:40 [Warning] Texture asset 'game:textures/block/plant/mushroom/beardedtooth/beardedtooth.png' not found (defined in Item expandedfoods:choppedmushroom-beardedtooth).
17.8.2026 23:11:40 [Warning] Texture asset 'game:textures/block/plant/mushroom/chickenofthewoods/chickenofthewoods.png' not found (defined in Item expandedfoods:choppedmushroom-chickenofthewoods).
17.8.2026 23:11:40 [Warning] Texture asset 'game:textures/block/plant/mushroom/dryadsaddle/dryadsaddle.png' not found (defined in Item expandedfoods:choppedmushroom-dryadsaddle).
17.8.2026 23:11:40 [Warning] Texture asset 'game:textures/block/plant/mushroom/pinkoyster/pinkoyster.png' not found (defined in Item expandedfoods:choppedmushroom-pinkoyster).
17.8.2026 23:11:40 [Warning] Texture asset 'game:textures/block/plant/mushroom/tinderhoof/tinderhoof.png' not found (defined in Item expandedfoods:choppedmushroom-tinderhoof).
17.8.2026 23:11:40 [Warning] Texture asset 'game:textures/block/plant/mushroom/whiteoyster/whiteoyster.png' not found (defined in Item expandedfoods:choppedmushroom-whiteoyster).
17.8.2026 23:11:40 [Warning] Texture asset 'game:textures/block/plant/mushroom/sagemushroom/sagemushroom.png' not found (defined in Item expandedfoods:choppedmushroom-reishi).
17.8.2026 23:11:40 [Warning] Texture asset 'game:textures/block/plant/mushroom/funeralbell/funeralbell.png' not found (defined in Item expandedfoods:choppedmushroom-funeralbell).
17.8.2026 23:11:40 [Warning] Texture asset 'game:textures/block/plant/mushroom/deerear/deerear.png' not found (defined in Item expandedfoods:choppedmushroom-deerear).
17.8.2026 23:11:40 [Warning] Texture asset 'game:textures/block/plant/mushroom/livermushroom/livermushroom.png' not found (defined in Item expandedfoods:choppedmushroom-livermushroom).
17.8.2026 23:11:40 [Warning] Texture asset 'game:textures/block/plant/mushroom/pinkbonnet/pinkbonnet.png' not found (defined in Item expandedfoods:choppedmushroom-pinkbonnet).
17.8.2026 23:11:40 [Warning] Texture asset 'game:textures/block/plant/mushroom/blackmushroom/blackmushroom.png' not found (defined in Item expandedfoods:choppedmushroom-shiitake).
17.8.2026 23:11:40 [Warning] Texture asset 'expandedfoods:textures/item/food/mushroom/partbaked/bluemeanie.png' not found (defined in Item expandedfoods:cookedchoppedmushroom-bluemeanie-partbaked).
17.8.2026 23:11:40 [Warning] Texture asset 'expandedfoods:textures/item/food/mushroom/partbaked/foolsconecap.png' not found (defined in Item expandedfoods:cookedchoppedmushroom-foolsconecap-partbaked).
17.8.2026 23:11:40 [Warning] Texture asset 'expandedfoods:textures/item/food/mushroom/partbaked/goldcap.png' not found (defined in Item expandedfoods:cookedchoppedmushroom-goldcap-partbaked).
17.8.2026 23:11:40 [Warning] Texture asset 'expandedfoods:textures/item/food/mushroom/partbaked/honeymushroom.png' not found (defined in Item expandedfoods:cookedchoppedmushroom-honeymushroom-partbaked).
17.8.2026 23:11:40 [Warning] Texture asset 'expandedfoods:textures/item/food/mushroom/partbaked/laughingjim.png' not found (defined in Item expandedfoods:cookedchoppedmushroom-laughingjim-partbaked).
17.8.2026 23:11:40 [Warning] Texture asset 'expandedfoods:textures/item/food/mushroom/partbaked/libertycap.png' not found (defined in Item expandedfoods:cookedchoppedmushroom-libertycap-partbaked).
17.8.2026 23:11:40 [Warning] Texture asset 'expandedfoods:textures/item/food/mushroom/partbaked/sickener.png' not found (defined in Item expandedfoods:cookedchoppedmushroom-sickener-partbaked).
17.8.2026 23:11:40 [Warning] Texture asset 'expandedfoods:textures/item/food/mushroom/partbaked/wavycap.png' not found (defined in Item expandedfoods:cookedchoppedmushroom-wavycap-partbaked).
17.8.2026 23:11:40 [Warning] Texture asset 'expandedfoods:textures/item/food/mushroom/perfect/bluemeanie.png' not found (defined in Item expandedfoods:cookedchoppedmushroom-bluemeanie-perfect).
17.8.2026 23:11:40 [Warning] Texture asset 'expandedfoods:textures/item/food/mushroom/perfect/foolsconecap.png' not found (defined in Item expandedfoods:cookedchoppedmushroom-foolsconecap-perfect).
17.8.2026 23:11:40 [Warning] Texture asset 'expandedfoods:textures/item/food/mushroom/perfect/goldcap.png' not found (defined in Item expandedfoods:cookedchoppedmushroom-goldcap-perfect).
17.8.2026 23:11:40 [Warning] Texture asset 'expandedfoods:textures/item/food/mushroom/perfect/honeymushroom.png' not found (defined in Item expandedfoods:cookedchoppedmushroom-honeymushroom-perfect).
17.8.2026 23:11:40 [Warning] Texture asset 'expandedfoods:textures/item/food/mushroom/perfect/laughingjim.png' not found (defined in Item expandedfoods:cookedchoppedmushroom-laughingjim-perfect).
17.8.2026 23:11:40 [Warning] Texture asset 'expandedfoods:textures/item/food/mushroom/perfect/libertycap.png' not found (defined in Item expandedfoods:cookedchoppedmushroom-libertycap-perfect).
17.8.2026 23:11:40 [Warning] Texture asset 'expandedfoods:textures/item/food/mushroom/perfect/sickener.png' not found (defined in Item expandedfoods:cookedchoppedmushroom-sickener-perfect).
17.8.2026 23:11:40 [Warning] Texture asset 'expandedfoods:textures/item/food/mushroom/perfect/wavycap.png' not found (defined in Item expandedfoods:cookedchoppedmushroom-wavycap-perfect).
17.8.2026 23:11:40 [Warning] Texture asset 'expandedfoods:textures/item/food/mushroom/charred/bluemeanie.png' not found (defined in Item expandedfoods:cookedchoppedmushroom-bluemeanie-charred).
17.8.2026 23:11:40 [Warning] Texture asset 'expandedfoods:textures/item/food/mushroom/charred/foolsconecap.png' not found (defined in Item expandedfoods:cookedchoppedmushroom-foolsconecap-charred).
17.8.2026 23:11:40 [Warning] Texture asset 'expandedfoods:textures/item/food/mushroom/charred/goldcap.png' not found (defined in Item expandedfoods:cookedchoppedmushroom-goldcap-charred).
17.8.2026 23:11:40 [Warning] Texture asset 'expandedfoods:textures/item/food/mushroom/charred/honeymushroom.png' not found (defined in Item expandedfoods:cookedchoppedmushroom-honeymushroom-charred).
17.8.2026 23:11:40 [Warning] Texture asset 'expandedfoods:textures/item/food/mushroom/charred/laughingjim.png' not found (defined in Item expandedfoods:cookedchoppedmushroom-laughingjim-charred).
17.8.2026 23:11:40 [Warning] Texture asset 'expandedfoods:textures/item/food/mushroom/charred/libertycap.png' not found (defined in Item expandedfoods:cookedchoppedmushroom-libertycap-charred).
17.8.2026 23:11:40 [Warning] Texture asset 'expandedfoods:textures/item/food/mushroom/charred/sickener.png' not found (defined in Item expandedfoods:cookedchoppedmushroom-sickener-charred).
17.8.2026 23:11:40 [Warning] Texture asset 'expandedfoods:textures/item/food/mushroom/charred/wavycap.png' not found (defined in Item expandedfoods:cookedchoppedmushroom-wavycap-charred).
17.8.2026 23:11:40 [Warning] Texture asset 'expandedfoods:textures/item/food/peanut/sweetened.png' not found (defined in Item expandedfoods:nutliquid-sunflower-sweetened).
17.8.2026 23:11:40 [Warning] Texture asset 'heraldrybanners:textures/block/cloth/linen/blue.png' not found (defined in Item heraldrybanners:banner).
17.8.2026 23:11:40 [Warning] Texture asset 'capes:textures/block/cloth/linen/blue.png' not found (defined in Item capes:cape).
17.8.2026 23:11:40 [Error] Missing mapping for texture code #null during shape tesselation of item medieval:clothes-emblem-red-fur-coat using shape medieval:entity/humanoid/seraph/newclothing/emblem/redcomplete
17.8.2026 23:11:40 [Error] Missing mapping for texture code #null during shape tesselation of item medieval:clothes-emblem-red-fur-coat using shape medieval:entity/humanoid/seraph/newclothing/emblem/redcomplete
17.8.2026 23:11:40 [Error] Missing mapping for texture code #null during shape tesselation of item medieval:clothes-emblem-red-fur-coat using shape medieval:entity/humanoid/seraph/newclothing/emblem/redcomplete
17.8.2026 23:11:40 [Error] Missing mapping for texture code #null during shape tesselation of item medieval:clothes-emblem-red-fur-coat using shape medieval:entity/humanoid/seraph/newclothing/emblem/redcomplete
17.8.2026 23:11:40 [Error] Missing mapping for texture code #null during shape tesselation of item medieval:clothes-emblem-red-fur-coat using shape medieval:entity/humanoid/seraph/newclothing/emblem/redcomplete
17.8.2026 23:11:40 [Error] Missing mapping for texture code #null during shape tesselation of item medieval:clothes-emblem-red-fur-coat using shape medieval:entity/humanoid/seraph/newclothing/emblem/redcomplete
17.8.2026 23:11:40 [Warning] Block bdflower:flower-rose-red-free defines a wildcard texture bdflower:block/plant/flower/petal/rose* (or one of its alternates), key north1, but no matching texture found
17.8.2026 23:11:40 [Warning] Block bdflower:flower-rose-red-free defines a wildcard texture bdflower:block/plant/flower/petal/rose* (or one of its alternates), key south1, but no matching texture found
17.8.2026 23:11:40 [Warning] Block bdflower:flower-rose-red-free defines a wildcard texture bdflower:block/plant/flower/stem/rose* (or one of its alternates), key northTinted1, but no matching texture found
17.8.2026 23:11:40 [Warning] Block bdflower:flower-rose-red-free defines a wildcard texture bdflower:block/plant/flower/stem/rose* (or one of its alternates), key southTinted1, but no matching texture found
17.8.2026 23:11:40 [Warning] Block bdflower:flower-rose-red-free defines a wildcard texture bdflower:block/plant/flower/petal/rose* (or one of its alternates), key north2, but no matching texture found
17.8.2026 23:11:40 [Warning] Block bdflower:flower-rose-red-free defines a wildcard texture bdflower:block/plant/flower/petal/rose* (or one of its alternates), key south2, but no matching texture found
17.8.2026 23:11:40 [Warning] Block bdflower:flower-rose-red-free defines a wildcard texture bdflower:block/plant/flower/stem/rose* (or one of its alternates), key northTinted2, but no matching texture found
17.8.2026 23:11:40 [Warning] Block bdflower:flower-rose-red-free defines a wildcard texture bdflower:block/plant/flower/stem/rose* (or one of its alternates), key southTinted2, but no matching texture found
17.8.2026 23:11:40 [Warning] Block bdflower:flower-rose-red-free defines a wildcard texture bdflower:block/plant/flower/petal/rose* (or one of its alternates), key north3, but no matching texture found
17.8.2026 23:11:40 [Warning] Block bdflower:flower-rose-red-free defines a wildcard texture bdflower:block/plant/flower/petal/rose* (or one of its alternates), key south3, but no matching texture found
17.8.2026 23:11:40 [Warning] Block bdflower:flower-rose-red-free defines a wildcard texture bdflower:block/plant/flower/stem/rose* (or one of its alternates), key northTinted3, but no matching texture found
17.8.2026 23:11:40 [Warning] Block bdflower:flower-rose-red-free defines a wildcard texture bdflower:block/plant/flower/stem/rose* (or one of its alternates), key southTinted3, but no matching texture found
17.8.2026 23:11:40 [Warning] Block bdflower:flower-rose-red-free defines a wildcard texture bdflower:block/plant/flower/petal/rose* (or one of its alternates), key flower2, but no matching texture found
17.8.2026 23:11:40 [Warning] Block bdflower:flower-rose-red-free defines a wildcard texture bdflower:block/plant/flower/stem/rose* (or one of its alternates), key flower2Tinted, but no matching texture found
17.8.2026 23:11:40 [Warning] Block bdflower:flower-rose-white-free defines a wildcard texture bdflower:block/plant/flower/petal/rose* (or one of its alternates), key north1, but no matching texture found
17.8.2026 23:11:40 [Warning] Block bdflower:flower-rose-white-free defines a wildcard texture bdflower:block/plant/flower/petal/rose* (or one of its alternates), key south1, but no matching texture found
17.8.2026 23:11:40 [Warning] Block bdflower:flower-rose-white-free defines a wildcard texture bdflower:block/plant/flower/stem/rose* (or one of its alternates), key northTinted1, but no matching texture found
17.8.2026 23:11:40 [Warning] Block bdflower:flower-rose-white-free defines a wildcard texture bdflower:block/plant/flower/stem/rose* (or one of its alternates), key southTinted1, but no matching texture found
17.8.2026 23:11:40 [Warning] Block bdflower:flower-rose-white-free defines a wildcard texture bdflower:block/plant/flower/petal/rose* (or one of its alternates), key north2, but no matching texture found
17.8.2026 23:11:40 [Warning] Block bdflower:flower-rose-white-free defines a wildcard texture bdflower:block/plant/flower/petal/rose* (or one of its alternates), key south2, but no matching texture found
17.8.2026 23:11:40 [Warning] Block bdflower:flower-rose-white-free defines a wildcard texture bdflower:block/plant/flower/stem/rose* (or one of its alternates), key northTinted2, but no matching texture found
17.8.2026 23:11:40 [Warning] Block bdflower:flower-rose-white-free defines a wildcard texture bdflower:block/plant/flower/stem/rose* (or one of its alternates), key southTinted2, but no matching texture found
17.8.2026 23:11:40 [Warning] Block bdflower:flower-rose-white-free defines a wildcard texture bdflower:block/plant/flower/petal/rose* (or one of its alternates), key north3, but no matching texture found
17.8.2026 23:11:40 [Warning] Block bdflower:flower-rose-white-free defines a wildcard texture bdflower:block/plant/flower/petal/rose* (or one of its alternates), key south3, but no matching texture found
17.8.2026 23:11:40 [Warning] Block bdflower:flower-rose-white-free defines a wildcard texture bdflower:block/plant/flower/stem/rose* (or one of its alternates), key northTinted3, but no matching texture found
17.8.2026 23:11:40 [Warning] Block bdflower:flower-rose-white-free defines a wildcard texture bdflower:block/plant/flower/stem/rose* (or one of its alternates), key southTinted3, but no matching texture found
17.8.2026 23:11:40 [Warning] Block bdflower:flower-rose-white-free defines a wildcard texture bdflower:block/plant/flower/petal/rose* (or one of its alternates), key flower2, but no matching texture found
17.8.2026 23:11:40 [Warning] Block bdflower:flower-rose-white-free defines a wildcard texture bdflower:block/plant/flower/stem/rose* (or one of its alternates), key flower2Tinted, but no matching texture found
17.8.2026 23:11:40 [Warning] Block bdflower:flower-rose-pink-free defines a wildcard texture bdflower:block/plant/flower/petal/rose* (or one of its alternates), key north1, but no matching texture found
17.8.2026 23:11:40 [Warning] Block bdflower:flower-rose-pink-free defines a wildcard texture bdflower:block/plant/flower/petal/rose* (or one of its alternates), key south1, but no matching texture found
17.8.2026 23:11:40 [Warning] Block bdflower:flower-rose-pink-free defines a wildcard texture bdflower:block/plant/flower/stem/rose* (or one of its alternates), key northTinted1, but no matching texture found
17.8.2026 23:11:40 [Warning] Block bdflower:flower-rose-pink-free defines a wildcard texture bdflower:block/plant/flower/stem/rose* (or one of its alternates), key southTinted1, but no matching texture found
17.8.2026 23:11:40 [Warning] Block bdflower:flower-rose-pink-free defines a wildcard texture bdflower:block/plant/flower/petal/rose* (or one of its alternates), key north2, but no matching texture found
17.8.2026 23:11:40 [Warning] Block bdflower:flower-rose-pink-free defines a wildcard texture bdflower:block/plant/flower/petal/rose* (or one of its alternates), key south2, but no matching texture found
17.8.2026 23:11:40 [Warning] Block bdflower:flower-rose-pink-free defines a wildcard texture bdflower:block/plant/flower/stem/rose* (or one of its alternates), key northTinted2, but no matching texture found
17.8.2026 23:11:40 [Warning] Block bdflower:flower-rose-pink-free defines a wildcard texture bdflower:block/plant/flower/stem/rose* (or one of its alternates), key southTinted2, but no matching texture found
17.8.2026 23:11:40 [Warning] Block bdflower:flower-rose-pink-free defines a wildcard texture bdflower:block/plant/flower/petal/rose* (or one of its alternates), key north3, but no matching texture found
17.8.2026 23:11:40 [Warning] Block bdflower:flower-rose-pink-free defines a wildcard texture bdflower:block/plant/flower/petal/rose* (or one of its alternates), key south3, but no matching texture found
17.8.2026 23:11:40 [Warning] Block bdflower:flower-rose-pink-free defines a wildcard texture bdflower:block/plant/flower/stem/rose* (or one of its alternates), key northTinted3, but no matching texture found
17.8.2026 23:11:40 [Warning] Block bdflower:flower-rose-pink-free defines a wildcard texture bdflower:block/plant/flower/stem/rose* (or one of its alternates), key southTinted3, but no matching texture found
17.8.2026 23:11:40 [Warning] Block bdflower:flower-rose-pink-free defines a wildcard texture bdflower:block/plant/flower/petal/rose* (or one of its alternates), key flower2, but no matching texture found
17.8.2026 23:11:40 [Warning] Block bdflower:flower-rose-pink-free defines a wildcard texture bdflower:block/plant/flower/stem/rose* (or one of its alternates), key flower2Tinted, but no matching texture found
17.8.2026 23:11:40 [Warning] Block bdflower:flower-rose-red-snow defines a wildcard texture bdflower:block/plant/flower/petal/rose* (or one of its alternates), key north1, but no matching texture found
17.8.2026 23:11:40 [Warning] Block bdflower:flower-rose-red-snow defines a wildcard texture bdflower:block/plant/flower/petal/rose* (or one of its alternates), key south1, but no matching texture found
17.8.2026 23:11:40 [Warning] Block bdflower:flower-rose-red-snow defines a wildcard texture bdflower:block/plant/flower/stem/rose* (or one of its alternates), key northTinted1, but no matching texture found
17.8.2026 23:11:40 [Warning] Block bdflower:flower-rose-red-snow defines a wildcard texture bdflower:block/plant/flower/stem/rose* (or one of its alternates), key southTinted1, but no matching texture found
17.8.2026 23:11:40 [Warning] Block bdflower:flower-rose-red-snow defines a wildcard texture bdflower:block/plant/flower/petal/rose* (or one of its alternates), key north2, but no matching texture found
17.8.2026 23:11:40 [Warning] Block bdflower:flower-rose-red-snow defines a wildcard texture bdflower:block/plant/flower/petal/rose* (or one of its alternates), key south2, but no matching texture found
17.8.2026 23:11:40 [Warning] Block bdflower:flower-rose-red-snow defines a wildcard texture bdflower:block/plant/flower/stem/rose* (or one of its alternates), key northTinted2, but no matching texture found
17.8.2026 23:11:40 [Warning] Block bdflower:flower-rose-red-snow defines a wildcard texture bdflower:block/plant/flower/stem/rose* (or one of its alternates), key southTinted2, but no matching texture found
17.8.2026 23:11:40 [Warning] Block bdflower:flower-rose-red-snow defines a wildcard texture bdflower:block/plant/flower/petal/rose* (or one of its alternates), key north3, but no matching texture found
17.8.2026 23:11:40 [Warning] Block bdflower:flower-rose-red-snow defines a wildcard texture bdflower:block/plant/flower/petal/rose* (or one of its alternates), key south3, but no matching texture found
17.8.2026 23:11:40 [Warning] Block bdflower:flower-rose-red-snow defines a wildcard texture bdflower:block/plant/flower/stem/rose* (or one of its alternates), key northTinted3, but no matching texture found
17.8.2026 23:11:40 [Warning] Block bdflower:flower-rose-red-snow defines a wildcard texture bdflower:block/plant/flower/stem/rose* (or one of its alternates), key southTinted3, but no matching texture found
17.8.2026 23:11:40 [Warning] Block bdflower:flower-rose-red-snow defines a wildcard texture bdflower:block/plant/flower/petal/rose* (or one of its alternates), key flower2, but no matching texture found
17.8.2026 23:11:40 [Warning] Block bdflower:flower-rose-red-snow defines a wildcard texture bdflower:block/plant/flower/stem/rose* (or one of its alternates), key flower2Tinted, but no matching texture found
17.8.2026 23:11:40 [Warning] Block bdflower:flower-rose-white-snow defines a wildcard texture bdflower:block/plant/flower/petal/rose* (or one of its alternates), key north1, but no matching texture found
17.8.2026 23:11:40 [Warning] Block bdflower:flower-rose-white-snow defines a wildcard texture bdflower:block/plant/flower/petal/rose* (or one of its alternates), key south1, but no matching texture found
17.8.2026 23:11:40 [Warning] Block bdflower:flower-rose-white-snow defines a wildcard texture bdflower:block/plant/flower/stem/rose* (or one of its alternates), key northTinted1, but no matching texture found
17.8.2026 23:11:40 [Warning] Block bdflower:flower-rose-white-snow defines a wildcard texture bdflower:block/plant/flower/stem/rose* (or one of its alternates), key southTinted1, but no matching texture found
17.8.2026 23:11:40 [Warning] Block bdflower:flower-rose-white-snow defines a wildcard texture bdflower:block/plant/flower/petal/rose* (or one of its alternates), key north2, but no matching texture found
17.8.2026 23:11:40 [Warning] Block bdflower:flower-rose-white-snow defines a wildcard texture bdflower:block/plant/flower/petal/rose* (or one of its alternates), key south2, but no matching texture found
17.8.2026 23:11:40 [Warning] Block bdflower:flower-rose-white-snow defines a wildcard texture bdflower:block/plant/flower/stem/rose* (or one of its alternates), key northTinted2, but no matching texture found
17.8.2026 23:11:40 [Warning] Block bdflower:flower-rose-white-snow defines a wildcard texture bdflower:block/plant/flower/stem/rose* (or one of its alternates), key southTinted2, but no matching texture found
17.8.2026 23:11:40 [Warning] Block bdflower:flower-rose-white-snow defines a wildcard texture bdflower:block/plant/flower/petal/rose* (or one of its alternates), key north3, but no matching texture found
17.8.2026 23:11:40 [Warning] Block bdflower:flower-rose-white-snow defines a wildcard texture bdflower:block/plant/flower/petal/rose* (or one of its alternates), key south3, but no matching texture found
17.8.2026 23:11:40 [Warning] Block bdflower:flower-rose-white-snow defines a wildcard texture bdflower:block/plant/flower/stem/rose* (or one of its alternates), key northTinted3, but no matching texture found
17.8.2026 23:11:40 [Warning] Block bdflower:flower-rose-white-snow defines a wildcard texture bdflower:block/plant/flower/stem/rose* (or one of its alternates), key southTinted3, but no matching texture found
17.8.2026 23:11:40 [Warning] Block bdflower:flower-rose-white-snow defines a wildcard texture bdflower:block/plant/flower/petal/rose* (or one of its alternates), key flower2, but no matching texture found
17.8.2026 23:11:40 [Warning] Block bdflower:flower-rose-white-snow defines a wildcard texture bdflower:block/plant/flower/stem/rose* (or one of its alternates), key flower2Tinted, but no matching texture found
17.8.2026 23:11:40 [Warning] Block bdflower:flower-rose-pink-snow defines a wildcard texture bdflower:block/plant/flower/petal/rose* (or one of its alternates), key north1, but no matching texture found
17.8.2026 23:11:40 [Warning] Block bdflower:flower-rose-pink-snow defines a wildcard texture bdflower:block/plant/flower/petal/rose* (or one of its alternates), key south1, but no matching texture found
17.8.2026 23:11:40 [Warning] Block bdflower:flower-rose-pink-snow defines a wildcard texture bdflower:block/plant/flower/stem/rose* (or one of its alternates), key northTinted1, but no matching texture found
17.8.2026 23:11:40 [Warning] Block bdflower:flower-rose-pink-snow defines a wildcard texture bdflower:block/plant/flower/stem/rose* (or one of its alternates), key southTinted1, but no matching texture found
17.8.2026 23:11:40 [Warning] Block bdflower:flower-rose-pink-snow defines a wildcard texture bdflower:block/plant/flower/petal/rose* (or one of its alternates), key north2, but no matching texture found
17.8.2026 23:11:40 [Warning] Block bdflower:flower-rose-pink-snow defines a wildcard texture bdflower:block/plant/flower/petal/rose* (or one of its alternates), key south2, but no matching texture found
17.8.2026 23:11:40 [Warning] Block bdflower:flower-rose-pink-snow defines a wildcard texture bdflower:block/plant/flower/stem/rose* (or one of its alternates), key northTinted2, but no matching texture found
17.8.2026 23:11:40 [Warning] Block bdflower:flower-rose-pink-snow defines a wildcard texture bdflower:block/plant/flower/stem/rose* (or one of its alternates), key southTinted2, but no matching texture found
17.8.2026 23:11:40 [Warning] Block bdflower:flower-rose-pink-snow defines a wildcard texture bdflower:block/plant/flower/petal/rose* (or one of its alternates), key north3, but no matching texture found
17.8.2026 23:11:40 [Warning] Block bdflower:flower-rose-pink-snow defines a wildcard texture bdflower:block/plant/flower/petal/rose* (or one of its alternates), key south3, but no matching texture found
17.8.2026 23:11:40 [Warning] Block bdflower:flower-rose-pink-snow defines a wildcard texture bdflower:block/plant/flower/stem/rose* (or one of its alternates), key northTinted3, but no matching texture found
17.8.2026 23:11:40 [Warning] Block bdflower:flower-rose-pink-snow defines a wildcard texture bdflower:block/plant/flower/stem/rose* (or one of its alternates), key southTinted3, but no matching texture found
17.8.2026 23:11:40 [Warning] Block bdflower:flower-rose-pink-snow defines a wildcard texture bdflower:block/plant/flower/petal/rose* (or one of its alternates), key flower2, but no matching texture found
17.8.2026 23:11:40 [Warning] Block bdflower:flower-rose-pink-snow defines a wildcard texture bdflower:block/plant/flower/stem/rose* (or one of its alternates), key flower2Tinted, but no matching texture found
17.8.2026 23:11:40 [Warning] Block bdflower:flower-purplebell-free defines a wildcard texture bdflower:block/plant/flower/petal/purplebell* (or one of its alternates), key north1, but no matching texture found
17.8.2026 23:11:40 [Warning] Block bdflower:flower-purplebell-free defines a wildcard texture bdflower:block/plant/flower/petal/purplebell* (or one of its alternates), key south1, but no matching texture found
17.8.2026 23:11:40 [Warning] Block bdflower:flower-purplebell-free defines a wildcard texture bdflower:block/plant/flower/stem/purplebell* (or one of its alternates), key northTinted1, but no matching texture found
17.8.2026 23:11:40 [Warning] Block bdflower:flower-purplebell-free defines a wildcard texture bdflower:block/plant/flower/stem/purplebell* (or one of its alternates), key southTinted1, but no matching texture found
17.8.2026 23:11:40 [Warning] Block bdflower:flower-purplebell-free defines a wildcard texture bdflower:block/plant/flower/petal/purplebell* (or one of its alternates), key north2, but no matching texture found
17.8.2026 23:11:40 [Warning] Block bdflower:flower-purplebell-free defines a wildcard texture bdflower:block/plant/flower/petal/purplebell* (or one of its alternates), key south2, but no matching texture found
17.8.2026 23:11:40 [Warning] Block bdflower:flower-purplebell-free defines a wildcard texture bdflower:block/plant/flower/stem/purplebell* (or one of its alternates), key northTinted2, but no matching texture found
17.8.2026 23:11:40 [Warning] Block bdflower:flower-purplebell-free defines a wildcard texture bdflower:block/plant/flower/stem/purplebell* (or one of its alternates), key southTinted2, but no matching texture found
17.8.2026 23:11:40 [Warning] Block bdflower:flower-purplebell-free defines a wildcard texture bdflower:block/plant/flower/petal/purplebell* (or one of its alternates), key north3, but no matching texture found
17.8.2026 23:11:40 [Warning] Block bdflower:flower-purplebell-free defines a wildcard texture bdflower:block/plant/flower/petal/purplebell* (or one of its alternates), key south3, but no matching texture found
17.8.2026 23:11:40 [Warning] Block bdflower:flower-purplebell-free defines a wildcard texture bdflower:block/plant/flower/stem/purplebell* (or one of its alternates), key northTinted3, but no matching texture found
17.8.2026 23:11:40 [Warning] Block bdflower:flower-purplebell-free defines a wildcard texture bdflower:block/plant/flower/stem/purplebell* (or one of its alternates), key southTinted3, but no matching texture found
17.8.2026 23:11:40 [Warning] Block bdflower:flower-purplebell-free defines a wildcard texture bdflower:block/plant/flower/petal/purplebell* (or one of its alternates), key flower2, but no matching texture found
17.8.2026 23:11:40 [Warning] Block bdflower:flower-purplebell-free defines a wildcard texture bdflower:block/plant/flower/stem/purplebell* (or one of its alternates), key flower2Tinted, but no matching texture found
17.8.2026 23:11:40 [Warning] Block bdflower:flower-purplebell-snow defines a wildcard texture bdflower:block/plant/flower/petal/purplebell* (or one of its alternates), key north1, but no matching texture found
17.8.2026 23:11:40 [Warning] Block bdflower:flower-purplebell-snow defines a wildcard texture bdflower:block/plant/flower/petal/purplebell* (or one of its alternates), key south1, but no matching texture found
17.8.2026 23:11:40 [Warning] Block bdflower:flower-purplebell-snow defines a wildcard texture bdflower:block/plant/flower/stem/purplebell* (or one of its alternates), key northTinted1, but no matching texture found
17.8.2026 23:11:40 [Warning] Block bdflower:flower-purplebell-snow defines a wildcard texture bdflower:block/plant/flower/stem/purplebell* (or one of its alternates), key southTinted1, but no matching texture found
17.8.2026 23:11:40 [Warning] Block bdflower:flower-purplebell-snow defines a wildcard texture bdflower:block/plant/flower/petal/purplebell* (or one of its alternates), key north2, but no matching texture found
17.8.2026 23:11:40 [Warning] Block bdflower:flower-purplebell-snow defines a wildcard texture bdflower:block/plant/flower/petal/purplebell* (or one of its alternates), key south2, but no matching texture found
17.8.2026 23:11:40 [Warning] Block bdflower:flower-purplebell-snow defines a wildcard texture bdflower:block/plant/flower/stem/purplebell* (or one of its alternates), key northTinted2, but no matching texture found
17.8.2026 23:11:40 [Warning] Block bdflower:flower-purplebell-snow defines a wildcard texture bdflower:block/plant/flower/stem/purplebell* (or one of its alternates), key southTinted2, but no matching texture found
17.8.2026 23:11:40 [Warning] Block bdflower:flower-purplebell-snow defines a wildcard texture bdflower:block/plant/flower/petal/purplebell* (or one of its alternates), key north3, but no matching texture found
17.8.2026 23:11:40 [Warning] Block bdflower:flower-purplebell-snow defines a wildcard texture bdflower:block/plant/flower/petal/purplebell* (or one of its alternates), key south3, but no matching texture found
17.8.2026 23:11:40 [Warning] Block bdflower:flower-purplebell-snow defines a wildcard texture bdflower:block/plant/flower/stem/purplebell* (or one of its alternates), key northTinted3, but no matching texture found
17.8.2026 23:11:40 [Warning] Block bdflower:flower-purplebell-snow defines a wildcard texture bdflower:block/plant/flower/stem/purplebell* (or one of its alternates), key southTinted3, but no matching texture found
17.8.2026 23:11:40 [Warning] Block bdflower:flower-purplebell-snow defines a wildcard texture bdflower:block/plant/flower/petal/purplebell* (or one of its alternates), key flower2, but no matching texture found
17.8.2026 23:11:40 [Warning] Block bdflower:flower-purplebell-snow defines a wildcard texture bdflower:block/plant/flower/stem/purplebell* (or one of its alternates), key flower2Tinted, but no matching texture found
17.8.2026 23:11:40 [Warning] Block bdherb:crop-angelica-1 defines a wildcard texture bdherb:block/plant/seedling/{herbcrops}* (or one of its alternates), key leaves, but no matching texture found
17.8.2026 23:11:40 [Warning] Block bdherb:crop-arnica-1 defines a wildcard texture bdherb:block/plant/seedling/{herbcrops}* (or one of its alternates), key leaves, but no matching texture found
17.8.2026 23:11:40 [Warning] Block bdherb:crop-arrowhead-1 defines a wildcard texture bdherb:block/plant/seedling/{herbcrops}* (or one of its alternates), key leaves, but no matching texture found
17.8.2026 23:11:40 [Warning] Block bdherb:crop-bearleek-1 defines a wildcard texture bdherb:block/plant/leafygroundvegetable/harvested/{herbcrops}* (or one of its alternates), key leaves, but no matching texture found
17.8.2026 23:11:40 [Warning] Block bdherb:crop-blackpepper-1 defines a wildcard texture bdherb:block/plant/seedling/{herbcrops}* (or one of its alternates), key leaves, but no matching texture found
17.8.2026 23:11:40 [Warning] Block bdherb:crop-burdock-1 defines a wildcard texture bdherb:block/plant/seedling/{herbcrops}* (or one of its alternates), key leaves, but no matching texture found
17.8.2026 23:11:40 [Warning] Block bdherb:crop-burnet-1 defines a wildcard texture bdherb:block/plant/seedling/{herbcrops}* (or one of its alternates), key leaves, but no matching texture found
17.8.2026 23:11:40 [Warning] Block bdherb:crop-butterbur-1 defines a wildcard texture bdherb:block/plant/leafygroundvegetable/harvested/{herbcrops}* (or one of its alternates), key leaves, but no matching texture found
17.8.2026 23:11:40 [Warning] Block bdherb:crop-celandine-1 defines a wildcard texture bdherb:block/plant/seedling/{herbcrops}* (or one of its alternates), key leaves, but no matching texture found
17.8.2026 23:11:40 [Warning] Block bdherb:crop-chicory-1 defines a wildcard texture bdherb:block/plant/leafygroundvegetable/harvested/{herbcrops}* (or one of its alternates), key leaves, but no matching texture found
17.8.2026 23:11:40 [Warning] Block bdherb:crop-cicuta-1 defines a wildcard texture bdherb:block/plant/seedling/{herbcrops}* (or one of its alternates), key leaves, but no matching texture found
17.8.2026 23:11:40 [Warning] Block bdherb:crop-dill-1 defines a wildcard texture bdherb:block/plant/leafygroundvegetable/harvested/{herbcrops}* (or one of its alternates), key leaves, but no matching texture found
17.8.2026 23:11:40 [Warning] Block bdherb:crop-dock-1 defines a wildcard texture bdherb:block/plant/seedling/{herbcrops}* (or one of its alternates), key leaves, but no matching texture found
17.8.2026 23:11:40 [Warning] Block bdherb:crop-foxglove-1 defines a wildcard texture bdherb:block/plant/seedling/{herbcrops}* (or one of its alternates), key leaves, but no matching texture found
17.8.2026 23:11:40 [Warning] Block bdherb:crop-ginger-1 defines a wildcard texture bdherb:block/plant/seedling/{herbcrops}* (or one of its alternates), key leaves, but no matching texture found
17.8.2026 23:11:40 [Warning] Block bdherb:crop-ginseng-1 defines a wildcard texture bdherb:block/plant/seedling/{herbcrops}* (or one of its alternates), key leaves, but no matching texture found
17.8.2026 23:11:40 [Warning] Block bdherb:crop-holly-1 defines a wildcard texture bdherb:block/plant/seedling/{herbcrops}* (or one of its alternates), key leaves, but no matching texture found
17.8.2026 23:11:40 [Warning] Block bdherb:crop-horehound-1 defines a wildcard texture bdherb:block/plant/seedling/{herbcrops}* (or one of its alternates), key leaves, but no matching texture found
17.8.2026 23:11:40 [Warning] Block bdherb:crop-inula-1 defines a wildcard texture bdherb:block/plant/seedling/{herbcrops}* (or one of its alternates), key leaves, but no matching texture found
17.8.2026 23:11:40 [Warning] Block bdherb:crop-jewelweed-1 defines a wildcard texture bdherb:block/plant/seedling/{herbcrops}* (or one of its alternates), key leaves, but no matching texture found
17.8.2026 23:11:40 [Warning] Block bdherb:crop-katuk-1 defines a wildcard texture bdherb:block/plant/seedling/{herbcrops}* (or one of its alternates), key leaves, but no matching texture found
17.8.2026 23:11:40 [Warning] Block bdherb:crop-marigold-1 defines a wildcard texture bdherb:block/plant/seedling/{herbcrops}* (or one of its alternates), key leaves, but no matching texture found
17.8.2026 23:11:40 [Warning] Block bdherb:crop-marshmallow-1 defines a wildcard texture bdherb:block/plant/seedling/{herbcrops}* (or one of its alternates), key leaves, but no matching texture found
17.8.2026 23:11:40 [Warning] Block bdherb:crop-mustard-1 defines a wildcard texture bdherb:block/plant/seedling/{herbcrops}* (or one of its alternates), key leaves, but no matching texture found
17.8.2026 23:11:40 [Warning] Block bdherb:crop-whitemansfoot-1 defines a wildcard texture bdherb:block/plant/seedling/{herbcrops}* (or one of its alternates), key leaves, but no matching texture found
17.8.2026 23:11:40 [Warning] Block bdherb:crop-poisonoak-1 defines a wildcard texture bdherb:block/plant/seedling/{herbcrops}* (or one of its alternates), key leaves, but no matching texture found
17.8.2026 23:11:40 [Warning] Block bdherb:crop-rockrose-1 defines a wildcard texture bdherb:block/plant/seedling/{herbcrops}* (or one of its alternates), key leaves, but no matching texture found
17.8.2026 23:11:40 [Warning] Block bdherb:crop-rosemary-1 defines a wildcard texture bdherb:block/plant/seedling/{herbcrops}* (or one of its alternates), key leaves, but no matching texture found
17.8.2026 23:11:40 [Warning] Block bdherb:crop-saltwort-1 defines a wildcard texture bdherb:block/plant/seedling/{herbcrops}* (or one of its alternates), key leaves, but no matching texture found
17.8.2026 23:11:40 [Warning] Block bdherb:crop-skunkcabbage-1 defines a wildcard texture bdherb:block/plant/seedling/{herbcrops}* (or one of its alternates), key leaves, but no matching texture found
17.8.2026 23:11:40 [Warning] Block bdherb:crop-stingingnettle-1 defines a wildcard texture bdherb:block/plant/seedling/{herbcrops}* (or one of its alternates), key leaves, but no matching texture found
17.8.2026 23:11:40 [Warning] Block bdherb:crop-stjohnswort-1 defines a wildcard texture bdherb:block/plant/seedling/{herbcrops}* (or one of its alternates), key leaves, but no matching texture found
17.8.2026 23:11:40 [Warning] Block bdherb:crop-tansy-1 defines a wildcard texture bdherb:block/plant/seedling/{herbcrops}* (or one of its alternates), key leaves, but no matching texture found
17.8.2026 23:11:40 [Warning] Block bdherb:crop-yarrow-1 defines a wildcard texture bdherb:block/plant/leafygroundvegetable/harvested/{herbcrops}* (or one of its alternates), key leaves, but no matching texture found
17.8.2026 23:11:40 [Warning] Block bdherb:crop-angelica-2 defines a wildcard texture bdherb:block/plant/leafygroundvegetable/harvested/{herbcrops}* (or one of its alternates), key leaves, but no matching texture found
17.8.2026 23:11:40 [Warning] Block bdherb:crop-arnica-2 defines a wildcard texture bdherb:block/plant/leafygroundvegetable/harvested/{herbcrops}* (or one of its alternates), key leaves, but no matching texture found
17.8.2026 23:11:40 [Warning] Block bdherb:crop-arrowhead-2 defines a wildcard texture bdherb:block/plant/leafygroundvegetable/harvested/{herbcrops}* (or one of its alternates), key leaves, but no matching texture found
17.8.2026 23:11:40 [Warning] Block bdherb:crop-bearleek-2 defines a wildcard texture bdherb:block/plant/seedling/{herbcrops}* (or one of its alternates), key leaves, but no matching texture found
17.8.2026 23:11:40 [Warning] Block bdherb:crop-blackpepper-2 defines a wildcard texture bdherb:block/plant/leafygroundvegetable/harvested/{herbcrops}* (or one of its alternates), key leaves, but no matching texture found
17.8.2026 23:11:40 [Warning] Block bdherb:crop-burdock-2 defines a wildcard texture bdherb:block/plant/leafygroundvegetable/harvested/{herbcrops}* (or one of its alternates), key leaves, but no matching texture found
17.8.2026 23:11:40 [Warning] Block bdherb:crop-burnet-2 defines a wildcard texture bdherb:block/plant/leafygroundvegetable/harvested/{herbcrops}* (or one of its alternates), key leaves, but no matching texture found
17.8.2026 23:11:40 [Warning] Block bdherb:crop-butterbur-2 defines a wildcard texture bdherb:block/plant/seedling/{herbcrops}* (or one of its alternates), key leaves, but no matching texture found
17.8.2026 23:11:40 [Warning] Block bdherb:crop-celandine-2 defines a wildcard texture bdherb:block/plant/leafygroundvegetable/harvested/{herbcrops}* (or one of its alternates), key leaves, but no matching texture found
17.8.2026 23:11:40 [Warning] Block bdherb:crop-chicory-2 defines a wildcard texture bdherb:block/plant/seedling/{herbcrops}* (or one of its alternates), key leaves, but no matching texture found
17.8.2026 23:11:40 [Warning] Block bdherb:crop-cicuta-2 defines a wildcard texture bdherb:block/plant/leafygroundvegetable/harvested/{herbcrops}* (or one of its alternates), key leaves, but no matching texture found
17.8.2026 23:11:40 [Warning] Block bdherb:crop-dill-2 defines a wildcard texture bdherb:block/plant/seedling/{herbcrops}* (or one of its alternates), key leaves, but no matching texture found
17.8.2026 23:11:40 [Warning] Block bdherb:crop-dock-2 defines a wildcard texture bdherb:block/plant/leafygroundvegetable/harvested/{herbcrops}* (or one of its alternates), key leaves, but no matching texture found
17.8.2026 23:11:40 [Warning] Block bdherb:crop-foxglove-2 defines a wildcard texture bdherb:block/plant/leafygroundvegetable/harvested/{herbcrops}* (or one of its alternates), key leaves, but no matching texture found
17.8.2026 23:11:40 [Warning] Block bdherb:crop-ginger-2 defines a wildcard texture bdherb:block/plant/leafygroundvegetable/harvested/{herbcrops}* (or one of its alternates), key leaves, but no matching texture found
17.8.2026 23:11:40 [Warning] Block bdherb:crop-ginseng-2 defines a wildcard texture bdherb:block/plant/leafygroundvegetable/harvested/{herbcrops}* (or one of its alternates), key leaves, but no matching texture found
17.8.2026 23:11:40 [Warning] Block bdherb:crop-holly-2 defines a wildcard texture bdherb:block/plant/leafygroundvegetable/harvested/{herbcrops}* (or one of its alternates), key leaves, but no matching texture found
17.8.2026 23:11:40 [Warning] Block bdherb:crop-horehound-2 defines a wildcard texture bdherb:block/plant/leafygroundvegetable/harvested/{herbcrops}* (or one of its alternates), key leaves, but no matching texture found
17.8.2026 23:11:40 [Warning] Block bdherb:crop-inula-2 defines a wildcard texture bdherb:block/plant/leafygroundvegetable/harvested/{herbcrops}* (or one of its alternates), key leaves, but no matching texture found
17.8.2026 23:11:40 [Warning] Block bdherb:crop-jewelweed-2 defines a wildcard texture bdherb:block/plant/leafygroundvegetable/harvested/{herbcrops}* (or one of its alternates), key leaves, but no matching texture found
17.8.2026 23:11:40 [Warning] Block bdherb:crop-katuk-2 defines a wildcard texture bdherb:block/plant/leafygroundvegetable/harvested/{herbcrops}* (or one of its alternates), key leaves, but no matching texture found
17.8.2026 23:11:40 [Warning] Block bdherb:crop-marigold-2 defines a wildcard texture bdherb:block/plant/leafygroundvegetable/harvested/{herbcrops}* (or one of its alternates), key leaves, but no matching texture found
17.8.2026 23:11:40 [Warning] Block bdherb:crop-marshmallow-2 defines a wildcard texture bdherb:block/plant/leafygroundvegetable/harvested/{herbcrops}* (or one of its alternates), key leaves, but no matching texture found
17.8.2026 23:11:40 [Warning] Block bdherb:crop-mustard-2 defines a wildcard texture bdherb:block/plant/leafygroundvegetable/harvested/{herbcrops}* (or one of its alternates), key leaves, but no matching texture found
17.8.2026 23:11:40 [Warning] Block bdherb:crop-whitemansfoot-2 defines a wildcard texture bdherb:block/plant/leafygroundvegetable/harvested/{herbcrops}* (or one of its alternates), key leaves, but no matching texture found
17.8.2026 23:11:40 [Warning] Block bdherb:crop-poisonoak-2 defines a wildcard texture bdherb:block/plant/leafygroundvegetable/harvested/{herbcrops}* (or one of its alternates), key leaves, but no matching texture found
17.8.2026 23:11:40 [Warning] Block bdherb:crop-rockrose-2 defines a wildcard texture bdherb:block/plant/leafygroundvegetable/harvested/{herbcrops}* (or one of its alternates), key leaves, but no matching texture found
17.8.2026 23:11:40 [Warning] Block bdherb:crop-rosemary-2 defines a wildcard texture bdherb:block/plant/leafygroundvegetable/harvested/{herbcrops}* (or one of its alternates), key leaves, but no matching texture found
17.8.2026 23:11:40 [Warning] Block bdherb:crop-saltwort-2 defines a wildcard texture bdherb:block/plant/leafygroundvegetable/harvested/{herbcrops}* (or one of its alternates), key leaves, but no matching texture found
17.8.2026 23:11:40 [Warning] Block bdherb:crop-skunkcabbage-2 defines a wildcard texture bdherb:block/plant/leafygroundvegetable/harvested/{herbcrops}* (or one of its alternates), key leaves, but no matching texture found
17.8.2026 23:11:40 [Warning] Block bdherb:crop-stingingnettle-2 defines a wildcard texture bdherb:block/plant/leafygroundvegetable/harvested/{herbcrops}* (or one of its alternates), key leaves, but no matching texture found
17.8.2026 23:11:40 [Warning] Block bdherb:crop-stjohnswort-2 defines a wildcard texture bdherb:block/plant/leafygroundvegetable/harvested/{herbcrops}* (or one of its alternates), key leaves, but no matching texture found
17.8.2026 23:11:40 [Warning] Block bdherb:crop-tansy-2 defines a wildcard texture bdherb:block/plant/leafygroundvegetable/harvested/{herbcrops}* (or one of its alternates), key leaves, but no matching texture found
17.8.2026 23:11:40 [Warning] Block bdherb:crop-yarrow-2 defines a wildcard texture bdherb:block/plant/seedling/{herbcrops}* (or one of its alternates), key leaves, but no matching texture found
17.8.2026 23:11:40 [Warning] Block bdherb:crop-angelica-3 defines a wildcard texture bdherb:block/plant/leafygroundvegetable/normal/{herbcrops}* (or one of its alternates), key leaves, but no matching texture found
17.8.2026 23:11:40 [Warning] Block bdherb:crop-arnica-3 defines a wildcard texture bdherb:block/plant/leafygroundvegetable/normal/{herbcrops}* (or one of its alternates), key leaves, but no matching texture found
17.8.2026 23:11:40 [Warning] Block bdherb:crop-arrowhead-3 defines a wildcard texture bdherb:block/plant/leafygroundvegetable/normal/{herbcrops}* (or one of its alternates), key leaves, but no matching texture found
17.8.2026 23:11:40 [Warning] Block bdherb:crop-bearleek-3 defines a wildcard texture bdherb:block/plant/leafygroundvegetable/normal/{herbcrops}* (or one of its alternates), key leaves, but no matching texture found
17.8.2026 23:11:40 [Warning] Block bdherb:crop-blackpepper-3 defines a wildcard texture bdherb:block/plant/leafygroundvegetable/normal/{herbcrops}* (or one of its alternates), key leaves, but no matching texture found
17.8.2026 23:11:40 [Warning] Block bdherb:crop-burdock-3 defines a wildcard texture bdherb:block/plant/leafygroundvegetable/normal/{herbcrops}* (or one of its alternates), key leaves, but no matching texture found
17.8.2026 23:11:40 [Warning] Block bdherb:crop-burnet-3 defines a wildcard texture bdherb:block/plant/leafygroundvegetable/normal/{herbcrops}* (or one of its alternates), key leaves, but no matching texture found
17.8.2026 23:11:40 [Warning] Block bdherb:crop-celandine-3 defines a wildcard texture bdherb:block/plant/leafygroundvegetable/normal/{herbcrops}* (or one of its alternates), key leaves, but no matching texture found
17.8.2026 23:11:40 [Warning] Block bdherb:crop-chicory-3 defines a wildcard texture bdherb:block/plant/leafygroundvegetable/normal/{herbcrops}* (or one of its alternates), key leaves, but no matching texture found
17.8.2026 23:11:40 [Warning] Block bdherb:crop-cicuta-3 defines a wildcard texture bdherb:block/plant/leafygroundvegetable/normal/{herbcrops}* (or one of its alternates), key leaves, but no matching texture found
17.8.2026 23:11:40 [Warning] Block bdherb:crop-dill-3 defines a wildcard texture bdherb:block/plant/leafygroundvegetable/normal/{herbcrops}* (or one of its alternates), key leaves, but no matching texture found
17.8.2026 23:11:40 [Warning] Block bdherb:crop-dock-3 defines a wildcard texture bdherb:block/plant/leafygroundvegetable/normal/{herbcrops}* (or one of its alternates), key leaves, but no matching texture found
17.8.2026 23:11:40 [Warning] Block bdherb:crop-foxglove-3 defines a wildcard texture bdherb:block/plant/leafygroundvegetable/normal/{herbcrops}* (or one of its alternates), key leaves, but no matching texture found
17.8.2026 23:11:40 [Warning] Block bdherb:crop-ginger-3 defines a wildcard texture bdherb:block/plant/leafygroundvegetable/normal/{herbcrops}* (or one of its alternates), key leaves, but no matching texture found
17.8.2026 23:11:40 [Warning] Block bdherb:crop-ginseng-3 defines a wildcard texture bdherb:block/plant/leafygroundvegetable/normal/{herbcrops}* (or one of its alternates), key leaves, but no matching texture found
17.8.2026 23:11:40 [Warning] Block bdherb:crop-holly-3 defines a wildcard texture bdherb:block/plant/leafygroundvegetable/normal/{herbcrops}* (or one of its alternates), key leaves, but no matching texture found
17.8.2026 23:11:40 [Warning] Block bdherb:crop-horehound-3 defines a wildcard texture bdherb:block/plant/leafygroundvegetable/normal/{herbcrops}* (or one of its alternates), key leaves, but no matching texture found
17.8.2026 23:11:40 [Warning] Block bdherb:crop-inula-3 defines a wildcard texture bdherb:block/plant/leafygroundvegetable/normal/{herbcrops}* (or one of its alternates), key leaves, but no matching texture found
17.8.2026 23:11:40 [Warning] Block bdherb:crop-jewelweed-3 defines a wildcard texture bdherb:block/plant/leafygroundvegetable/normal/{herbcrops}* (or one of its alternates), key leaves, but no matching texture found
17.8.2026 23:11:40 [Warning] Block bdherb:crop-katuk-3 defines a wildcard texture bdherb:block/plant/leafygroundvegetable/normal/{herbcrops}* (or one of its alternates), key leaves, but no matching texture found
17.8.2026 23:11:40 [Warning] Block bdherb:crop-marigold-3 defines a wildcard texture bdherb:block/plant/leafygroundvegetable/normal/{herbcrops}* (or one of its alternates), key leaves, but no matching texture found
17.8.2026 23:11:40 [Warning] Block bdherb:crop-marshmallow-3 defines a wildcard texture bdherb:block/plant/leafygroundvegetable/normal/{herbcrops}* (or one of its alternates), key leaves, but no matching texture found
17.8.2026 23:11:40 [Warning] Block bdherb:crop-mustard-3 defines a wildcard texture bdherb:block/plant/leafygroundvegetable/normal/{herbcrops}* (or one of its alternates), key leaves, but no matching texture found
17.8.2026 23:11:40 [Warning] Block bdherb:crop-whitemansfoot-3 defines a wildcard texture bdherb:block/plant/leafygroundvegetable/normal/{herbcrops}* (or one of its alternates), key leaves, but no matching texture found
17.8.2026 23:11:40 [Warning] Block bdherb:crop-poisonoak-3 defines a wildcard texture bdherb:block/plant/leafygroundvegetable/normal/{herbcrops}* (or one of its alternates), key leaves, but no matching texture found
17.8.2026 23:11:40 [Warning] Block bdherb:crop-rockrose-3 defines a wildcard texture bdherb:block/plant/leafygroundvegetable/normal/{herbcrops}* (or one of its alternates), key leaves, but no matching texture found
17.8.2026 23:11:40 [Warning] Block bdherb:crop-rosemary-3 defines a wildcard texture bdherb:block/plant/leafygroundvegetable/normal/{herbcrops}* (or one of its alternates), key leaves, but no matching texture found
17.8.2026 23:11:40 [Warning] Block bdherb:crop-saltwort-3 defines a wildcard texture bdherb:block/plant/leafygroundvegetable/normal/{herbcrops}* (or one of its alternates), key leaves, but no matching texture found
17.8.2026 23:11:40 [Warning] Block bdherb:crop-skunkcabbage-3 defines a wildcard texture bdherb:block/plant/leafygroundvegetable/normal/{herbcrops}* (or one of its alternates), key leaves, but no matching texture found
17.8.2026 23:11:40 [Warning] Block bdherb:crop-stingingnettle-3 defines a wildcard texture bdherb:block/plant/leafygroundvegetable/normal/{herbcrops}* (or one of its alternates), key leaves, but no matching texture found
17.8.2026 23:11:40 [Warning] Block bdherb:crop-stjohnswort-3 defines a wildcard texture bdherb:block/plant/leafygroundvegetable/normal/{herbcrops}* (or one of its alternates), key leaves, but no matching texture found
17.8.2026 23:11:40 [Warning] Block bdherb:crop-tansy-3 defines a wildcard texture bdherb:block/plant/leafygroundvegetable/normal/{herbcrops}* (or one of its alternates), key leaves, but no matching texture found
17.8.2026 23:11:40 [Warning] Block bdherb:crop-yarrow-3 defines a wildcard texture bdherb:block/plant/leafygroundvegetable/normal/{herbcrops}* (or one of its alternates), key leaves, but no matching texture found
17.8.2026 23:11:40 [Warning] Block bdherb:annualplant-angelica-normal defines a wildcard texture bdherb:block/plant/leafygroundvegetable/normal/angelica* (or one of its alternates), key leaves, but no matching texture found
17.8.2026 23:11:40 [Warning] Block bdherb:annualplant-arnica-normal defines a wildcard texture bdherb:block/plant/leafygroundvegetable/normal/arnica* (or one of its alternates), key leaves, but no matching texture found
17.8.2026 23:11:40 [Warning] Block bdherb:annualplant-arrowhead-normal defines a wildcard texture bdherb:block/plant/leafygroundvegetable/normal/arrowhead* (or one of its alternates), key leaves, but no matching texture found
17.8.2026 23:11:40 [Warning] Block bdherb:annualplant-bearleek-normal defines a wildcard texture bdherb:block/plant/leafygroundvegetable/normal/bearleek* (or one of its alternates), key leaves, but no matching texture found
17.8.2026 23:11:40 [Warning] Block bdherb:annualplant-blackpepper-normal defines a wildcard texture bdherb:block/plant/leafygroundvegetable/normal/blackpepper* (or one of its alternates), key leaves, but no matching texture found
17.8.2026 23:11:40 [Warning] Block bdherb:annualplant-burnet-normal defines a wildcard texture bdherb:block/plant/leafygroundvegetable/normal/burnet* (or one of its alternates), key leaves, but no matching texture found
17.8.2026 23:11:40 [Warning] Block bdherb:annualplant-butterbur-normal defines a wildcard texture bdherb:block/plant/leafygroundvegetable/normal/butterbur* (or one of its alternates), key leaves, but no matching texture found
17.8.2026 23:11:40 [Warning] Block bdherb:annualplant-celandine-normal defines a wildcard texture bdherb:block/plant/leafygroundvegetable/normal/celandine* (or one of its alternates), key leaves, but no matching texture found
17.8.2026 23:11:40 [Warning] Block bdherb:annualplant-chicory-normal defines a wildcard texture bdherb:block/plant/leafygroundvegetable/normal/chicory* (or one of its alternates), key leaves, but no matching texture found
17.8.2026 23:11:40 [Warning] Block bdherb:annualplant-cicuta-normal defines a wildcard texture bdherb:block/plant/leafygroundvegetable/normal/cicuta* (or one of its alternates), key leaves, but no matching texture found
17.8.2026 23:11:40 [Warning] Block bdherb:annualplant-dill-normal defines a wildcard texture bdherb:block/plant/leafygroundvegetable/normal/dill* (or one of its alternates), key leaves, but no matching texture found
17.8.2026 23:11:40 [Warning] Block bdherb:annualplant-dock-normal defines a wildcard texture bdherb:block/plant/leafygroundvegetable/normal/dock* (or one of its alternates), key leaves, but no matching texture found
17.8.2026 23:11:40 [Warning] Block bdherb:annualplant-foxglove-normal defines a wildcard texture bdherb:block/plant/leafygroundvegetable/normal/foxglove* (or one of its alternates), key leaves, but no matching texture found
17.8.2026 23:11:40 [Warning] Block bdherb:annualplant-ginger-normal defines a wildcard texture bdherb:block/plant/leafygroundvegetable/normal/ginger* (or one of its alternates), key leaves, but no matching texture found
17.8.2026 23:11:40 [Warning] Block bdherb:annualplant-ginseng-normal defines a wildcard texture bdherb:block/plant/leafygroundvegetable/normal/ginseng* (or one of its alternates), key leaves, but no matching texture found
17.8.2026 23:11:40 [Warning] Block bdherb:annualplant-holly-normal defines a wildcard texture bdherb:block/plant/leafygroundvegetable/normal/holly* (or one of its alternates), key leaves, but no matching texture found
17.8.2026 23:11:40 [Warning] Block bdherb:annualplant-horehound-normal defines a wildcard texture bdherb:block/plant/leafygroundvegetable/normal/horehound* (or one of its alternates), key leaves, but no matching texture found
17.8.2026 23:11:40 [Warning] Block bdherb:annualplant-inula-normal defines a wildcard texture bdherb:block/plant/leafygroundvegetable/normal/inula* (or one of its alternates), key leaves, but no matching texture found
17.8.2026 23:11:40 [Warning] Block bdherb:annualplant-jewelweed-normal defines a wildcard texture bdherb:block/plant/leafygroundvegetable/normal/jewelweed* (or one of its alternates), key leaves, but no matching texture found
17.8.2026 23:11:40 [Warning] Block bdherb:annualplant-katuk-normal defines a wildcard texture bdherb:block/plant/leafygroundvegetable/normal/katuk* (or one of its alternates), key leaves, but no matching texture found
17.8.2026 23:11:40 [Warning] Block bdherb:annualplant-marigold-normal defines a wildcard texture bdherb:block/plant/leafygroundvegetable/normal/marigold* (or one of its alternates), key leaves, but no matching texture found
17.8.2026 23:11:40 [Warning] Block bdherb:annualplant-marshmallow-normal defines a wildcard texture bdherb:block/plant/leafygroundvegetable/normal/marshmallow* (or one of its alternates), key leaves, but no matching texture found
17.8.2026 23:11:40 [Warning] Block bdherb:annualplant-minerslettuce-normal defines a wildcard texture bdherb:block/plant/leafygroundvegetable/normal/minerslettuce* (or one of its alternates), key leaves, but no matching texture found
17.8.2026 23:11:40 [Warning] Block bdherb:annualplant-mustard-normal defines a wildcard texture bdherb:block/plant/leafygroundvegetable/normal/mustard* (or one of its alternates), key leaves, but no matching texture found
17.8.2026 23:11:40 [Warning] Block bdherb:annualplant-whitemansfoot-normal defines a wildcard texture bdherb:block/plant/leafygroundvegetable/normal/whitemansfoot* (or one of its alternates), key leaves, but no matching texture found
17.8.2026 23:11:40 [Warning] Block bdherb:annualplant-poisonoak-normal defines a wildcard texture bdherb:block/plant/leafygroundvegetable/normal/poisonoak* (or one of its alternates), key leaves, but no matching texture found
17.8.2026 23:11:40 [Warning] Block bdherb:annualplant-rockrose-normal defines a wildcard texture bdherb:block/plant/leafygroundvegetable/normal/rockrose* (or one of its alternates), key leaves, but no matching texture found
17.8.2026 23:11:40 [Warning] Block bdherb:annualplant-rosemary-normal defines a wildcard texture bdherb:block/plant/leafygroundvegetable/normal/rosemary* (or one of its alternates), key leaves, but no matching texture found
17.8.2026 23:11:40 [Warning] Block bdherb:annualplant-saltwort-normal defines a wildcard texture bdherb:block/plant/leafygroundvegetable/normal/saltwort* (or one of its alternates), key leaves, but no matching texture found
17.8.2026 23:11:40 [Warning] Block bdherb:annualplant-skunkcabbage-normal defines a wildcard texture bdherb:block/plant/leafygroundvegetable/normal/skunkcabbage* (or one of its alternates), key leaves, but no matching texture found
17.8.2026 23:11:40 [Warning] Block bdherb:annualplant-stingingnettle-normal defines a wildcard texture bdherb:block/plant/leafygroundvegetable/normal/stingingnettle* (or one of its alternates), key leaves, but no matching texture found
17.8.2026 23:11:40 [Warning] Block bdherb:annualplant-stjohnswort-normal defines a wildcard texture bdherb:block/plant/leafygroundvegetable/normal/stjohnswort* (or one of its alternates), key leaves, but no matching texture found
17.8.2026 23:11:40 [Warning] Block bdherb:annualplant-tansy-normal defines a wildcard texture bdherb:block/plant/leafygroundvegetable/normal/tansy* (or one of its alternates), key leaves, but no matching texture found
17.8.2026 23:11:40 [Warning] Block bdherb:annualplant-woodspurge-normal defines a wildcard texture bdherb:block/plant/leafygroundvegetable/normal/woodspurge* (or one of its alternates), key leaves, but no matching texture found
17.8.2026 23:11:40 [Warning] Block bdherb:annualplant-yarrow-normal defines a wildcard texture bdherb:block/plant/leafygroundvegetable/normal/yarrow* (or one of its alternates), key leaves, but no matching texture found
17.8.2026 23:11:40 [Warning] Block bdherb:evergreenplant-lavender-harvested defines a wildcard texture bdherb:block/plant/leafygroundvegetable/harvested/lavender* (or one of its alternates), key south, but no matching texture found
17.8.2026 23:11:40 [Warning] Block bdherb:evergreenplant-thyme-harvested defines a wildcard texture bdherb:block/plant/leafygroundvegetable/harvested/thyme* (or one of its alternates), key leaves, but no matching texture found
17.8.2026 23:11:40 [Warning] Block bdherb:evergreenplant-lavender-normal defines a wildcard texture bdherb:block/plant/leafygroundvegetable/normal/lavender* (or one of its alternates), key south, but no matching texture found
17.8.2026 23:11:40 [Warning] Block bdherb:evergreenplant-rosemary-normal defines a wildcard texture bdherb:block/plant/leafygroundvegetable/normal/rosemary* (or one of its alternates), key leaves, but no matching texture found
17.8.2026 23:11:40 [Warning] Block bdherb:evergreenplant-thyme-normal defines a wildcard texture bdherb:block/plant/leafygroundvegetable/normal/thyme* (or one of its alternates), key leaves, but no matching texture found
17.8.2026 23:11:40 [Warning] Block bdherb:evergreenplant-holly-normal defines a wildcard texture bdherb:block/plant/leafygroundvegetable/normal/holly* (or one of its alternates), key leaves, but no matching texture found
17.8.2026 23:11:40 [Warning] Block bdherb:evergreenplant-poisonoak-normal defines a wildcard texture bdherb:block/plant/leafygroundvegetable/normal/poisonoak* (or one of its alternates), key leaves, but no matching texture found
17.8.2026 23:11:40 [Warning] Block bdherb:perennialplant-sage-harvested defines a wildcard texture bdherb:block/plant/leafygroundvegetable/harvested/sage* (or one of its alternates), key leaves, but no matching texture found
17.8.2026 23:11:40 [Warning] Block bdherb:perennialplant-mint-harvested defines a wildcard texture bdherb:block/plant/leafygroundvegetable/harvested/mint* (or one of its alternates), key leaves, but no matching texture found
17.8.2026 23:11:40 [Warning] Block bdherb:perennialplant-leek-harvested defines a wildcard texture bdherb:block/plant/leafygroundvegetable/harvested/leek* (or one of its alternates), key leaves, but no matching texture found
17.8.2026 23:11:40 [Warning] Block bdherb:perennialplant-bearleek-normal defines a wildcard texture bdherb:block/plant/leafygroundvegetable/normal/bearleek* (or one of its alternates), key leaves, but no matching texture found
17.8.2026 23:11:40 [Warning] Block bdherb:perennialplant-marjoram-normal defines a wildcard texture bdherb:block/plant/leafygroundvegetable/normal/marjoram* (or one of its alternates), key leaves, but no matching texture found
17.8.2026 23:11:40 [Warning] Block bdherb:perennialplant-sage-normal defines a wildcard texture bdherb:block/plant/leafygroundvegetable/normal/sage* (or one of its alternates), key leaves, but no matching texture found
17.8.2026 23:11:40 [Warning] Block bdherb:perennialplant-marshmallow-normal defines a wildcard texture bdherb:block/plant/leafygroundvegetable/normal/marshmallow* (or one of its alternates), key leaves, but no matching texture found
17.8.2026 23:11:40 [Warning] Block bdherb:perennialplant-mint-normal defines a wildcard texture bdherb:block/plant/leafygroundvegetable/normal/mint* (or one of its alternates), key leaves, but no matching texture found
17.8.2026 23:11:40 [Warning] Block bdherb:perennialplant-saffron-normal defines a wildcard texture bdherb:block/plant/leafygroundvegetable/normal/saffron* (or one of its alternates), key leaves, but no matching texture found
17.8.2026 23:11:40 [Warning] Block bdherb:perennialplant-stjohnswort-normal defines a wildcard texture bdherb:block/plant/leafygroundvegetable/normal/stjohnswort* (or one of its alternates), key leaves, but no matching texture found
17.8.2026 23:11:40 [Warning] Block bdherb:perennialplant-celandine-normal defines a wildcard texture bdherb:block/plant/leafygroundvegetable/normal/celandine* (or one of its alternates), key leaves, but no matching texture found
17.8.2026 23:11:40 [Warning] Block bdherb:perennialplant-leek-normal defines a wildcard texture bdherb:block/plant/leafygroundvegetable/normal/leek* (or one of its alternates), key leaves, but no matching texture found
17.8.2026 23:11:40 [Warning] Block bdherb:perennialplant-whitemansfoot-normal defines a wildcard texture bdherb:block/plant/leafygroundvegetable/normal/whitemansfoot* (or one of its alternates), key leaves, but no matching texture found
17.8.2026 23:11:40 [Warning] Block bdherb:perennialplant-yarrow-normal defines a wildcard texture bdherb:block/plant/leafygroundvegetable/normal/yarrow* (or one of its alternates), key leaves, but no matching texture found
17.8.2026 23:11:40 [Warning] Block bdherb:perennialplant-foxglove-normal defines a wildcard texture bdherb:block/plant/leafygroundvegetable/normal/foxglove* (or one of its alternates), key leaves, but no matching texture found
17.8.2026 23:11:40 [Warning] Block bdherb:perennialplant-angelica-normal defines a wildcard texture bdherb:block/plant/leafygroundvegetable/normal/angelica* (or one of its alternates), key leaves, but no matching texture found
17.8.2026 23:11:40 [Warning] Block bdherb:perennialplant-rockrose-normal defines a wildcard texture bdherb:block/plant/leafygroundvegetable/normal/rockrose* (or one of its alternates), key leaves, but no matching texture found
17.8.2026 23:11:40 [Warning] Block bdherb:perennialplant-horehound-normal defines a wildcard texture bdherb:block/plant/leafygroundvegetable/normal/horehound* (or one of its alternates), key leaves, but no matching texture found
17.8.2026 23:11:40 [Warning] Block bdherb:perennialplant-ginger-normal defines a wildcard texture bdherb:block/plant/leafygroundvegetable/normal/ginger* (or one of its alternates), key leaves, but no matching texture found
17.8.2026 23:11:40 [Warning] Block bdherb:perennialplant-burnet-normal defines a wildcard texture bdherb:block/plant/leafygroundvegetable/normal/burnet* (or one of its alternates), key leaves, but no matching texture found
17.8.2026 23:11:40 [Warning] Block bdherb:perennialplant-arnica-normal defines a wildcard texture bdherb:block/plant/leafygroundvegetable/normal/arnica* (or one of its alternates), key leaves, but no matching texture found
17.8.2026 23:11:40 [Warning] Block bdherb:perennialplant-cicuta-normal defines a wildcard texture bdherb:block/plant/leafygroundvegetable/normal/cicuta* (or one of its alternates), key leaves, but no matching texture found
17.8.2026 23:11:40 [Warning] Block bdherb:perennialplant-tansy-normal defines a wildcard texture bdherb:block/plant/leafygroundvegetable/normal/tansy* (or one of its alternates), key leaves, but no matching texture found
17.8.2026 23:11:40 [Warning] Block bdherb:perennialplant-ginseng-normal defines a wildcard texture bdherb:block/plant/leafygroundvegetable/normal/ginseng* (or one of its alternates), key leaves, but no matching texture found
17.8.2026 23:11:40 [Warning] Block bdherb:perennialplant-katuk-normal defines a wildcard texture bdherb:block/plant/leafygroundvegetable/normal/katuk* (or one of its alternates), key leaves, but no matching texture found
17.8.2026 23:11:40 [Warning] Block bdherb:seedling-angelica-planted defines a wildcard texture bdherb:block/plant/seedling/{wildflora}* (or one of its alternates), key leaves, but no matching texture found
17.8.2026 23:11:40 [Warning] Block bdherb:seedling-arnica-planted defines a wildcard texture bdherb:block/plant/seedling/{wildflora}* (or one of its alternates), key leaves, but no matching texture found
17.8.2026 23:11:40 [Warning] Block bdherb:seedling-arrowhead-planted defines a wildcard texture bdherb:block/plant/seedling/{wildflora}* (or one of its alternates), key leaves, but no matching texture found
17.8.2026 23:11:40 [Warning] Block bdherb:seedling-bearleek-planted defines a wildcard texture bdherb:block/plant/seedling/{wildflora}* (or one of its alternates), key leaves, but no matching texture found
17.8.2026 23:11:40 [Warning] Block bdherb:seedling-blackpepper-planted defines a wildcard texture bdherb:block/plant/seedling/{wildflora}* (or one of its alternates), key leaves, but no matching texture found
17.8.2026 23:11:40 [Warning] Block bdherb:seedling-burdock-planted defines a wildcard texture bdherb:block/plant/seedling/{wildflora}* (or one of its alternates), key leaves, but no matching texture found
17.8.2026 23:11:40 [Warning] Block bdherb:seedling-burnet-planted defines a wildcard texture bdherb:block/plant/seedling/{wildflora}* (or one of its alternates), key leaves, but no matching texture found
17.8.2026 23:11:40 [Warning] Block bdherb:seedling-butterbur-planted defines a wildcard texture bdherb:block/plant/seedling/{wildflora}* (or one of its alternates), key leaves, but no matching texture found
17.8.2026 23:11:40 [Warning] Block bdherb:seedling-celandine-planted defines a wildcard texture bdherb:block/plant/seedling/{wildflora}* (or one of its alternates), key leaves, but no matching texture found
17.8.2026 23:11:40 [Warning] Block bdherb:seedling-chicory-planted defines a wildcard texture bdherb:block/plant/seedling/{wildflora}* (or one of its alternates), key leaves, but no matching texture found
17.8.2026 23:11:40 [Warning] Block bdherb:seedling-cicuta-planted defines a wildcard texture bdherb:block/plant/seedling/{wildflora}* (or one of its alternates), key leaves, but no matching texture found
17.8.2026 23:11:40 [Warning] Block bdherb:seedling-dill-planted defines a wildcard texture bdherb:block/plant/seedling/{wildflora}* (or one of its alternates), key leaves, but no matching texture found
17.8.2026 23:11:40 [Warning] Block bdherb:seedling-dock-planted defines a wildcard texture bdherb:block/plant/seedling/{wildflora}* (or one of its alternates), key leaves, but no matching texture found
17.8.2026 23:11:40 [Warning] Block bdherb:seedling-foxglove-planted defines a wildcard texture bdherb:block/plant/seedling/{wildflora}* (or one of its alternates), key leaves, but no matching texture found
17.8.2026 23:11:40 [Warning] Block bdherb:seedling-ginger-planted defines a wildcard texture bdherb:block/plant/seedling/{wildflora}* (or one of its alternates), key leaves, but no matching texture found
17.8.2026 23:11:40 [Warning] Block bdherb:seedling-ginseng-planted defines a wildcard texture bdherb:block/plant/seedling/{wildflora}* (or one of its alternates), key leaves, but no matching texture found
17.8.2026 23:11:40 [Warning] Block bdherb:seedling-holly-planted defines a wildcard texture bdherb:block/plant/seedling/{wildflora}* (or one of its alternates), key leaves, but no matching texture found
17.8.2026 23:11:40 [Warning] Block bdherb:seedling-horehound-planted defines a wildcard texture bdherb:block/plant/seedling/{wildflora}* (or one of its alternates), key leaves, but no matching texture found
17.8.2026 23:11:40 [Warning] Block bdherb:seedling-inula-planted defines a wildcard texture bdherb:block/plant/seedling/{wildflora}* (or one of its alternates), key leaves, but no matching texture found
17.8.2026 23:11:40 [Warning] Block bdherb:seedling-jewelweed-planted defines a wildcard texture bdherb:block/plant/seedling/{wildflora}* (or one of its alternates), key leaves, but no matching texture found
17.8.2026 23:11:40 [Warning] Block bdherb:seedling-katuk-planted defines a wildcard texture bdherb:block/plant/seedling/{wildflora}* (or one of its alternates), key leaves, but no matching texture found
17.8.2026 23:11:40 [Warning] Block bdherb:seedling-marigold-planted defines a wildcard texture bdherb:block/plant/seedling/{wildflora}* (or one of its alternates), key leaves, but no matching texture found
17.8.2026 23:11:40 [Warning] Block bdherb:seedling-marshmallow-planted defines a wildcard texture bdherb:block/plant/seedling/{wildflora}* (or one of its alternates), key leaves, but no matching texture found
17.8.2026 23:11:40 [Warning] Block bdherb:seedling-minerslettuce-planted defines a wildcard texture bdherb:block/plant/seedling/{wildflora}* (or one of its alternates), key leaves, but no matching texture found
17.8.2026 23:11:40 [Warning] Block bdherb:seedling-mustard-planted defines a wildcard texture bdherb:block/plant/seedling/{wildflora}* (or one of its alternates), key leaves, but no matching texture found
17.8.2026 23:11:40 [Warning] Block bdherb:seedling-whitemansfoot-planted defines a wildcard texture bdherb:block/plant/seedling/{wildflora}* (or one of its alternates), key leaves, but no matching texture found
17.8.2026 23:11:40 [Warning] Block bdherb:seedling-poisonoak-planted defines a wildcard texture bdherb:block/plant/seedling/{wildflora}* (or one of its alternates), key leaves, but no matching texture found
17.8.2026 23:11:40 [Warning] Block bdherb:seedling-rockrose-planted defines a wildcard texture bdherb:block/plant/seedling/{wildflora}* (or one of its alternates), key leaves, but no matching texture found
17.8.2026 23:11:40 [Warning] Block bdherb:seedling-rosemary-planted defines a wildcard texture bdherb:block/plant/seedling/{wildflora}* (or one of its alternates), key leaves, but no matching texture found
17.8.2026 23:11:40 [Warning] Block bdherb:seedling-saltwort-planted defines a wildcard texture bdherb:block/plant/seedling/{wildflora}* (or one of its alternates), key leaves, but no matching texture found
17.8.2026 23:11:40 [Warning] Block bdherb:seedling-skunkcabbage-planted defines a wildcard texture bdherb:block/plant/seedling/{wildflora}* (or one of its alternates), key leaves, but no matching texture found
17.8.2026 23:11:40 [Warning] Block bdherb:seedling-stingingnettle-planted defines a wildcard texture bdherb:block/plant/seedling/{wildflora}* (or one of its alternates), key leaves, but no matching texture found
17.8.2026 23:11:40 [Warning] Block bdherb:seedling-stjohnswort-planted defines a wildcard texture bdherb:block/plant/seedling/{wildflora}* (or one of its alternates), key leaves, but no matching texture found
17.8.2026 23:11:40 [Warning] Block bdherb:seedling-tansy-planted defines a wildcard texture bdherb:block/plant/seedling/{wildflora}* (or one of its alternates), key leaves, but no matching texture found
17.8.2026 23:11:40 [Warning] Block bdherb:seedling-woodspurge-planted defines a wildcard texture bdherb:block/plant/seedling/{wildflora}* (or one of its alternates), key leaves, but no matching texture found
17.8.2026 23:11:40 [Warning] Block bdherb:seedling-yarrow-planted defines a wildcard texture bdherb:block/plant/seedling/{wildflora}* (or one of its alternates), key leaves, but no matching texture found
17.8.2026 23:11:40 [Warning] Block bdherb:seedling-angelica-sprouting defines a wildcard texture bdherb:block/plant/seedling/{wildflora}* (or one of its alternates), key leaves, but no matching texture found
17.8.2026 23:11:40 [Warning] Block bdherb:seedling-arnica-sprouting defines a wildcard texture bdherb:block/plant/seedling/{wildflora}* (or one of its alternates), key leaves, but no matching texture found
17.8.2026 23:11:40 [Warning] Block bdherb:seedling-arrowhead-sprouting defines a wildcard texture bdherb:block/plant/seedling/{wildflora}* (or one of its alternates), key leaves, but no matching texture found
17.8.2026 23:11:40 [Warning] Block bdherb:seedling-bearleek-sprouting defines a wildcard texture bdherb:block/plant/seedling/{wildflora}* (or one of its alternates), key leaves, but no matching texture found
17.8.2026 23:11:40 [Warning] Block bdherb:seedling-blackpepper-sprouting defines a wildcard texture bdherb:block/plant/seedling/{wildflora}* (or one of its alternates), key leaves, but no matching texture found
17.8.2026 23:11:40 [Warning] Block bdherb:seedling-burdock-sprouting defines a wildcard texture bdherb:block/plant/seedling/{wildflora}* (or one of its alternates), key leaves, but no matching texture found
17.8.2026 23:11:40 [Warning] Block bdherb:seedling-burnet-sprouting defines a wildcard texture bdherb:block/plant/seedling/{wildflora}* (or one of its alternates), key leaves, but no matching texture found
17.8.2026 23:11:40 [Warning] Block bdherb:seedling-butterbur-sprouting defines a wildcard texture bdherb:block/plant/seedling/{wildflora}* (or one of its alternates), key leaves, but no matching texture found
17.8.2026 23:11:40 [Warning] Block bdherb:seedling-celandine-sprouting defines a wildcard texture bdherb:block/plant/seedling/{wildflora}* (or one of its alternates), key leaves, but no matching texture found
17.8.2026 23:11:40 [Warning] Block bdherb:seedling-chicory-sprouting defines a wildcard texture bdherb:block/plant/seedling/{wildflora}* (or one of its alternates), key leaves, but no matching texture found
17.8.2026 23:11:40 [Warning] Block bdherb:seedling-cicuta-sprouting defines a wildcard texture bdherb:block/plant/seedling/{wildflora}* (or one of its alternates), key leaves, but no matching texture found
17.8.2026 23:11:40 [Warning] Block bdherb:seedling-dill-sprouting defines a wildcard texture bdherb:block/plant/seedling/{wildflora}* (or one of its alternates), key leaves, but no matching texture found
17.8.2026 23:11:40 [Warning] Block bdherb:seedling-dock-sprouting defines a wildcard texture bdherb:block/plant/seedling/{wildflora}* (or one of its alternates), key leaves, but no matching texture found
17.8.2026 23:11:40 [Warning] Block bdherb:seedling-foxglove-sprouting defines a wildcard texture bdherb:block/plant/seedling/{wildflora}* (or one of its alternates), key leaves, but no matching texture found
17.8.2026 23:11:40 [Warning] Block bdherb:seedling-ginger-sprouting defines a wildcard texture bdherb:block/plant/seedling/{wildflora}* (or one of its alternates), key leaves, but no matching texture found
17.8.2026 23:11:40 [Warning] Block bdherb:seedling-ginseng-sprouting defines a wildcard texture bdherb:block/plant/seedling/{wildflora}* (or one of its alternates), key leaves, but no matching texture found
17.8.2026 23:11:40 [Warning] Block bdherb:seedling-holly-sprouting defines a wildcard texture bdherb:block/plant/seedling/{wildflora}* (or one of its alternates), key leaves, but no matching texture found
17.8.2026 23:11:40 [Warning] Block bdherb:seedling-horehound-sprouting defines a wildcard texture bdherb:block/plant/seedling/{wildflora}* (or one of its alternates), key leaves, but no matching texture found
17.8.2026 23:11:40 [Warning] Block bdherb:seedling-inula-sprouting defines a wildcard texture bdherb:block/plant/seedling/{wildflora}* (or one of its alternates), key leaves, but no matching texture found
17.8.2026 23:11:40 [Warning] Block bdherb:seedling-jewelweed-sprouting defines a wildcard texture bdherb:block/plant/seedling/{wildflora}* (or one of its alternates), key leaves, but no matching texture found
17.8.2026 23:11:40 [Warning] Block bdherb:seedling-katuk-sprouting defines a wildcard texture bdherb:block/plant/seedling/{wildflora}* (or one of its alternates), key leaves, but no matching texture found
17.8.2026 23:11:40 [Warning] Block bdherb:seedling-marigold-sprouting defines a wildcard texture bdherb:block/plant/seedling/{wildflora}* (or one of its alternates), key leaves, but no matching texture found
17.8.2026 23:11:40 [Warning] Block bdherb:seedling-marshmallow-sprouting defines a wildcard texture bdherb:block/plant/seedling/{wildflora}* (or one of its alternates), key leaves, but no matching texture found
17.8.2026 23:11:40 [Warning] Block bdherb:seedling-mustard-sprouting defines a wildcard texture bdherb:block/plant/seedling/{wildflora}* (or one of its alternates), key leaves, but no matching texture found
17.8.2026 23:11:40 [Warning] Block bdherb:seedling-whitemansfoot-sprouting defines a wildcard texture bdherb:block/plant/seedling/{wildflora}* (or one of its alternates), key leaves, but no matching texture found
17.8.2026 23:11:40 [Warning] Block bdherb:seedling-poisonoak-sprouting defines a wildcard texture bdherb:block/plant/seedling/{wildflora}* (or one of its alternates), key leaves, but no matching texture found
17.8.2026 23:11:40 [Warning] Block bdherb:seedling-rockrose-sprouting defines a wildcard texture bdherb:block/plant/seedling/{wildflora}* (or one of its alternates), key leaves, but no matching texture found
17.8.2026 23:11:40 [Warning] Block bdherb:seedling-rosemary-sprouting defines a wildcard texture bdherb:block/plant/seedling/{wildflora}* (or one of its alternates), key leaves, but no matching texture found
17.8.2026 23:11:40 [Warning] Block bdherb:seedling-saltwort-sprouting defines a wildcard texture bdherb:block/plant/seedling/{wildflora}* (or one of its alternates), key leaves, but no matching texture found
17.8.2026 23:11:40 [Warning] Block bdherb:seedling-stingingnettle-sprouting defines a wildcard texture bdherb:block/plant/seedling/{wildflora}* (or one of its alternates), key leaves, but no matching texture found
17.8.2026 23:11:40 [Warning] Block bdherb:seedling-stjohnswort-sprouting defines a wildcard texture bdherb:block/plant/seedling/{wildflora}* (or one of its alternates), key leaves, but no matching texture found
17.8.2026 23:11:40 [Warning] Block bdherb:seedling-tansy-sprouting defines a wildcard texture bdherb:block/plant/seedling/{wildflora}* (or one of its alternates), key leaves, but no matching texture found
17.8.2026 23:11:40 [Warning] Block bdherb:seedling-yarrow-sprouting defines a wildcard texture bdherb:block/plant/seedling/{wildflora}* (or one of its alternates), key leaves, but no matching texture found
17.8.2026 23:11:40 [Warning] Texture asset 'game:textures/entity/grub.png' not found (defined in Baked variant of block game:claypot-blue-fired).
17.8.2026 23:11:40 [Warning] Texture asset 'game:textures/block/wood/door/sleek/darkaged.png' not found (defined in Baked variant of block game:door-sleek-windowed-darkaged).
17.8.2026 23:11:40 [Warning] Texture asset 'game:textures/block/wood/door/sleek/lightaged.png' not found (defined in Baked variant of block game:door-sleek-windowed-lightaged).
17.8.2026 23:11:40 [Warning] Texture asset 'game:textures/block/metal/ingot/{material}.png' not found (defined in Item code game:chisel-copper).
17.8.2026 23:11:40 [Warning] Texture asset 'game:textures/item/tool/material/woodenclub.png' not found (defined in Item code qolcrafts:hammerwood).
17.8.2026 23:11:40 [Warning] Texture asset 'game:textures/item/tool/material/wood.png' not found (defined in Item code qolcrafts:hammerwood).
17.8.2026 23:11:40 [Warning] Texture asset 'game:textures/block/wood/bark/veryaged.png' not found (defined in Item code barkcanoe:outrigger-crude-veryaged).
17.8.2026 23:11:40 [Warning] Texture asset 'game:textures/block/wood/bark/ash.png' not found (defined in Item code barkcanoe:outrigger-crude-ash).
17.8.2026 23:11:40 [Warning] Texture asset 'game:textures/block/wood/treetrunk/ash.png' not found (defined in Item code barkcanoe:outrigger-crude-ash).
17.8.2026 23:11:40 [Warning] Texture asset 'game:textures/block/wood/bark/azobe.png' not found (defined in Item code barkcanoe:outrigger-crude-azobe).
17.8.2026 23:11:40 [Warning] Texture asset 'game:textures/block/wood/treetrunk/azobe.png' not found (defined in Item code barkcanoe:outrigger-crude-azobe).
17.8.2026 23:11:40 [Warning] Texture asset 'game:textures/block/wood/bark/banyan.png' not found (defined in Item code barkcanoe:outrigger-crude-banyan).
17.8.2026 23:11:40 [Warning] Texture asset 'game:textures/block/wood/treetrunk/banyan.png' not found (defined in Item code barkcanoe:outrigger-crude-banyan).
17.8.2026 23:11:40 [Warning] Texture asset 'game:textures/block/wood/bark/beech.png' not found (defined in Item code barkcanoe:outrigger-crude-beech).
17.8.2026 23:11:40 [Warning] Texture asset 'game:textures/block/wood/treetrunk/beech.png' not found (defined in Item code barkcanoe:outrigger-crude-beech).
17.8.2026 23:11:40 [Warning] Texture asset 'game:textures/block/wood/bark/bearnut.png' not found (defined in Item code barkcanoe:outrigger-crude-bearnut).
17.8.2026 23:11:40 [Warning] Texture asset 'game:textures/block/wood/treetrunk/bearnut.png' not found (defined in Item code barkcanoe:outrigger-crude-bearnut).
17.8.2026 23:11:40 [Warning] Texture asset 'game:textures/block/wood/bark/bluemahoe.png' not found (defined in Item code barkcanoe:outrigger-crude-bluemahoe).
17.8.2026 23:11:40 [Warning] Texture asset 'game:textures/block/wood/treetrunk/bluemahoe.png' not found (defined in Item code barkcanoe:outrigger-crude-bluemahoe).
17.8.2026 23:11:40 [Warning] Texture asset 'game:textures/block/wood/bark/catalpa.png' not found (defined in Item code barkcanoe:outrigger-crude-catalpa).
17.8.2026 23:11:40 [Warning] Texture asset 'game:textures/block/wood/treetrunk/catalpa.png' not found (defined in Item code barkcanoe:outrigger-crude-catalpa).
17.8.2026 23:11:40 [Warning] Texture asset 'game:textures/block/wood/bark/cedar.png' not found (defined in Item code barkcanoe:outrigger-crude-cedar).
17.8.2026 23:11:40 [Warning] Texture asset 'game:textures/block/wood/treetrunk/cedar.png' not found (defined in Item code barkcanoe:outrigger-crude-cedar).
17.8.2026 23:11:40 [Warning] Texture asset 'game:textures/block/wood/bark/charred.png' not found (defined in Item code barkcanoe:outrigger-crude-charred).
17.8.2026 23:11:40 [Warning] Texture asset 'game:textures/block/wood/treetrunk/charred.png' not found (defined in Item code barkcanoe:outrigger-crude-charred).
17.8.2026 23:11:40 [Warning] Texture asset 'game:textures/block/wood/bark/dalbergia.png' not found (defined in Item code barkcanoe:outrigger-crude-dalbergia).
17.8.2026 23:11:40 [Warning] Texture asset 'game:textures/block/wood/treetrunk/dalbergia.png' not found (defined in Item code barkcanoe:outrigger-crude-dalbergia).
17.8.2026 23:11:40 [Warning] Texture asset 'game:textures/block/wood/bark/douglasfir.png' not found (defined in Item code barkcanoe:outrigger-crude-douglasfir).
17.8.2026 23:11:40 [Warning] Texture asset 'game:textures/block/wood/treetrunk/douglasfir.png' not found (defined in Item code barkcanoe:outrigger-crude-douglasfir).
17.8.2026 23:11:40 [Warning] Texture asset 'game:textures/block/wood/bark/elm.png' not found (defined in Item code barkcanoe:outrigger-crude-elm).
17.8.2026 23:11:40 [Warning] Texture asset 'game:textures/block/wood/treetrunk/elm.png' not found (defined in Item code barkcanoe:outrigger-crude-elm).
17.8.2026 23:11:40 [Warning] Texture asset 'game:textures/block/wood/bark/empresstree.png' not found (defined in Item code barkcanoe:outrigger-crude-empresstree).
17.8.2026 23:11:40 [Warning] Texture asset 'game:textures/block/wood/treetrunk/empresstree.png' not found (defined in Item code barkcanoe:outrigger-crude-empresstree).
17.8.2026 23:11:40 [Warning] Texture asset 'game:textures/block/wood/bark/eucalyptus.png' not found (defined in Item code barkcanoe:outrigger-crude-eucalyptus).
17.8.2026 23:11:40 [Warning] Texture asset 'game:textures/block/wood/treetrunk/eucalyptus.png' not found (defined in Item code barkcanoe:outrigger-crude-eucalyptus).
17.8.2026 23:11:40 [Warning] Texture asset 'game:textures/block/wood/bark/fir.png' not found (defined in Item code barkcanoe:outrigger-crude-fir).
17.8.2026 23:11:40 [Warning] Texture asset 'game:textures/block/wood/treetrunk/fir.png' not found (defined in Item code barkcanoe:outrigger-crude-fir).
17.8.2026 23:11:40 [Warning] Texture asset 'game:textures/block/wood/bark/ghostgum.png' not found (defined in Item code barkcanoe:outrigger-crude-ghostgum).
17.8.2026 23:11:40 [Warning] Texture asset 'game:textures/block/wood/treetrunk/ghostgum.png' not found (defined in Item code barkcanoe:outrigger-crude-ghostgum).
17.8.2026 23:11:40 [Warning] Texture asset 'game:textures/block/wood/bark/ginkgo.png' not found (defined in Item code barkcanoe:outrigger-crude-ginkgo).
17.8.2026 23:11:40 [Warning] Texture asset 'game:textures/block/wood/treetrunk/ginkgo.png' not found (defined in Item code barkcanoe:outrigger-crude-ginkgo).
17.8.2026 23:11:40 [Warning] Texture asset 'game:textures/block/wood/bark/guajacum.png' not found (defined in Item code barkcanoe:outrigger-crude-guajacum).
17.8.2026 23:11:40 [Warning] Texture asset 'game:textures/block/wood/treetrunk/guajacum.png' not found (defined in Item code barkcanoe:outrigger-crude-guajacum).
17.8.2026 23:11:40 [Warning] Texture asset 'game:textures/block/wood/bark/honeylocust.png' not found (defined in Item code barkcanoe:outrigger-crude-honeylocust).
17.8.2026 23:11:40 [Warning] Texture asset 'game:textures/block/wood/treetrunk/honeylocust.png' not found (defined in Item code barkcanoe:outrigger-crude-honeylocust).
17.8.2026 23:11:40 [Warning] Texture asset 'game:textures/block/wood/bark/horsechestnut.png' not found (defined in Item code barkcanoe:outrigger-crude-horsechestnut).
17.8.2026 23:11:40 [Warning] Texture asset 'game:textures/block/wood/treetrunk/horsechestnut.png' not found (defined in Item code barkcanoe:outrigger-crude-horsechestnut).
17.8.2026 23:11:40 [Warning] Texture asset 'game:textures/block/wood/bark/rosewood.png' not found (defined in Item code barkcanoe:outrigger-crude-rosewood).
17.8.2026 23:11:40 [Warning] Texture asset 'game:textures/block/wood/treetrunk/rosewood.png' not found (defined in Item code barkcanoe:outrigger-crude-rosewood).
17.8.2026 23:11:40 [Warning] Texture asset 'game:textures/block/wood/bark/kauri.png' not found (defined in Item code barkcanoe:outrigger-crude-kauri).
17.8.2026 23:11:40 [Warning] Texture asset 'game:textures/block/wood/treetrunk/kauri.png' not found (defined in Item code barkcanoe:outrigger-crude-kauri).
17.8.2026 23:11:40 [Warning] Texture asset 'game:textures/block/wood/bark/leadwood.png' not found (defined in Item code barkcanoe:outrigger-crude-leadwood).
17.8.2026 23:11:40 [Warning] Texture asset 'game:textures/block/wood/treetrunk/leadwood.png' not found (defined in Item code barkcanoe:outrigger-crude-leadwood).
17.8.2026 23:11:40 [Warning] Texture asset 'game:textures/block/wood/bark/linden.png' not found (defined in Item code barkcanoe:outrigger-crude-linden).
17.8.2026 23:11:40 [Warning] Texture asset 'game:textures/block/wood/treetrunk/linden.png' not found (defined in Item code barkcanoe:outrigger-crude-linden).
17.8.2026 23:11:40 [Warning] Texture asset 'game:textures/block/wood/bark/mahogany.png' not found (defined in Item code barkcanoe:outrigger-crude-mahogany).
17.8.2026 23:11:40 [Warning] Texture asset 'game:textures/block/wood/treetrunk/mahogany.png' not found (defined in Item code barkcanoe:outrigger-crude-mahogany).
17.8.2026 23:11:40 [Warning] Texture asset 'game:textures/block/wood/bark/mangrove.png' not found (defined in Item code barkcanoe:outrigger-crude-mangrove).
17.8.2026 23:11:40 [Warning] Texture asset 'game:textures/block/wood/treetrunk/mangrove.png' not found (defined in Item code barkcanoe:outrigger-crude-mangrove).
17.8.2026 23:11:40 [Warning] Texture asset 'game:textures/block/wood/bark/ohia.png' not found (defined in Item code barkcanoe:outrigger-crude-ohia).
17.8.2026 23:11:40 [Warning] Texture asset 'game:textures/block/wood/treetrunk/ohia.png' not found (defined in Item code barkcanoe:outrigger-crude-ohia).
17.8.2026 23:11:40 [Warning] Texture asset 'game:textures/block/wood/bark/poplar.png' not found (defined in Item code barkcanoe:outrigger-crude-poplar).
17.8.2026 23:11:40 [Warning] Texture asset 'game:textures/block/wood/treetrunk/poplar.png' not found (defined in Item code barkcanoe:outrigger-crude-poplar).
17.8.2026 23:11:40 [Warning] Texture asset 'game:textures/block/wood/bark/redcedar.png' not found (defined in Item code barkcanoe:outrigger-crude-redcedar).
17.8.2026 23:11:40 [Warning] Texture asset 'game:textures/block/wood/treetrunk/redcedar.png' not found (defined in Item code barkcanoe:outrigger-crude-redcedar).
17.8.2026 23:11:40 [Warning] Texture asset 'game:textures/block/wood/bark/sal.png' not found (defined in Item code barkcanoe:outrigger-crude-sal).
17.8.2026 23:11:40 [Warning] Texture asset 'game:textures/block/wood/treetrunk/sal.png' not found (defined in Item code barkcanoe:outrigger-crude-sal).
17.8.2026 23:11:40 [Warning] Texture asset 'game:textures/block/wood/bark/sapele.png' not found (defined in Item code barkcanoe:outrigger-crude-sapele).
17.8.2026 23:11:40 [Warning] Texture asset 'game:textures/block/wood/treetrunk/sapele.png' not found (defined in Item code barkcanoe:outrigger-crude-sapele).
17.8.2026 23:11:40 [Warning] Texture asset 'game:textures/block/wood/bark/satinash.png' not found (defined in Item code barkcanoe:outrigger-crude-satinash).
17.8.2026 23:11:40 [Warning] Texture asset 'game:textures/block/wood/treetrunk/satinash.png' not found (defined in Item code barkcanoe:outrigger-crude-satinash).
17.8.2026 23:11:40 [Warning] Texture asset 'game:textures/block/wood/bark/saxaul.png' not found (defined in Item code barkcanoe:outrigger-crude-saxaul).
17.8.2026 23:11:40 [Warning] Texture asset 'game:textures/block/wood/treetrunk/saxaul.png' not found (defined in Item code barkcanoe:outrigger-crude-saxaul).
17.8.2026 23:11:40 [Warning] Texture asset 'game:textures/block/wood/bark/spruce.png' not found (defined in Item code barkcanoe:outrigger-crude-spruce).
17.8.2026 23:11:40 [Warning] Texture asset 'game:textures/block/wood/treetrunk/spruce.png' not found (defined in Item code barkcanoe:outrigger-crude-spruce).
17.8.2026 23:11:40 [Warning] Texture asset 'game:textures/block/wood/bark/spurgetree.png' not found (defined in Item code barkcanoe:outrigger-crude-spurgetree).
17.8.2026 23:11:40 [Warning] Texture asset 'game:textures/block/wood/treetrunk/spurgetree.png' not found (defined in Item code barkcanoe:outrigger-crude-spurgetree).
17.8.2026 23:11:40 [Warning] Texture asset 'game:textures/block/wood/bark/sycamore.png' not found (defined in Item code barkcanoe:outrigger-crude-sycamore).
17.8.2026 23:11:40 [Warning] Texture asset 'game:textures/block/wood/treetrunk/sycamore.png' not found (defined in Item code barkcanoe:outrigger-crude-sycamore).
17.8.2026 23:11:40 [Warning] Texture asset 'game:textures/block/wood/bark/tamanu.png' not found (defined in Item code barkcanoe:outrigger-crude-tamanu).
17.8.2026 23:11:40 [Warning] Texture asset 'game:textures/block/wood/treetrunk/tamanu.png' not found (defined in Item code barkcanoe:outrigger-crude-tamanu).
17.8.2026 23:11:40 [Warning] Texture asset 'game:textures/block/wood/bark/tigerwood.png' not found (defined in Item code barkcanoe:outrigger-crude-tigerwood).
17.8.2026 23:11:40 [Warning] Texture asset 'game:textures/block/wood/treetrunk/tigerwood.png' not found (defined in Item code barkcanoe:outrigger-crude-tigerwood).
17.8.2026 23:11:40 [Warning] Texture asset 'game:textures/block/wood/bark/tuja.png' not found (defined in Item code barkcanoe:outrigger-crude-tuja).
17.8.2026 23:11:40 [Warning] Texture asset 'game:textures/block/wood/treetrunk/tuja.png' not found (defined in Item code barkcanoe:outrigger-crude-tuja).
17.8.2026 23:11:40 [Warning] Texture asset 'game:textures/block/wood/bark/umnini.png' not found (defined in Item code barkcanoe:outrigger-crude-umnini).
17.8.2026 23:11:40 [Warning] Texture asset 'game:textures/block/wood/treetrunk/umnini.png' not found (defined in Item code barkcanoe:outrigger-crude-umnini).
17.8.2026 23:11:40 [Warning] Texture asset 'game:textures/block/wood/bark/willow.png' not found (defined in Item code barkcanoe:outrigger-crude-willow).
17.8.2026 23:11:40 [Warning] Texture asset 'game:textures/block/wood/treetrunk/willow.png' not found (defined in Item code barkcanoe:outrigger-crude-willow).
17.8.2026 23:11:40 [Warning] Texture asset 'game:textures/block/wood/bark/yew.png' not found (defined in Item code barkcanoe:outrigger-crude-yew).
17.8.2026 23:11:40 [Warning] Texture asset 'game:textures/block/wood/treetrunk/yew.png' not found (defined in Item code barkcanoe:outrigger-crude-yew).
17.8.2026 23:11:40 [Warning] Texture asset 'game:textures/block/wood/bark/lightaged.png' not found (defined in Item code barkcanoe:outrigger-crude-lightaged).
17.8.2026 23:11:40 [Warning] Texture asset 'game:textures/block/wood/treetrunk/lightaged.png' not found (defined in Item code barkcanoe:outrigger-crude-lightaged).
17.8.2026 23:11:40 [Warning] Texture asset 'game:textures/block/wood/planks/darkaged1.png' not found (defined in Item code shipwright:oar-basic-darkaged).
17.8.2026 23:11:40 [Warning] Texture asset 'game:textures/block/wood/bark/lightaged-h.png' not found (defined in Item code shipwright:oar-basic-lightaged).
17.8.2026 23:11:40 [Warning] Textureoverlay game:block/wood/trough/large/shadow (32x32 pixel) is not the same width and height as base texture in composite texture game:block/wood/trough/small/egg++0~game:block/wood/trough/large/shadow (32x16 pixel), ignoring.
17.8.2026 23:11:40 [Warning] Textureoverlay game:block/wood/trough/small/shadow (32x32 pixel) is not the same width and height as base texture in composite texture game:block/wood/trough/small/peanut++0~game:block/wood/trough/small/shadow (32x16 pixel), ignoring.
17.8.2026 23:11:40 [Warning] Texture asset 'game:textures/block/plant/flower/stem/lilyofthevalleyleaves.png' not found (defined in Baked variant of block flowers:crop-lilyofthevalley-1).
17.8.2026 23:11:40 [Warning] Texture asset 'qolcrafts:textures/block/soil/peat.png' not found (defined in Baked variant of block qolcrafts:grasspeatpile).
17.8.2026 23:11:40 [Warning] Texture asset 'astralstone:textures/block/stone/polishedrock/granite-inside.png' not found (defined in Baked variant of block astralstone:astralportal).
17.8.2026 23:11:40 [Warning] Texture asset 'bdflower:textures/block/plant/tallgrass/free/veryshort-north.png' not found (defined in Baked variant of block bdflower:tallgrass-veryshort-free).
17.8.2026 23:11:40 [Warning] Texture asset 'bdflower:textures/block/plant/tallgrass/free/veryshort-south.png' not found (defined in Baked variant of block bdflower:tallgrass-veryshort-free).
17.8.2026 23:11:40 [Warning] Texture asset 'bdflower:textures/block/plant/tallgrass/free/short-south.png' not found (defined in Baked variant of block bdflower:tallgrass-short-free).
17.8.2026 23:11:40 [Warning] Texture asset 'bdflower:textures/block/plant/tallgrass/free/short-north.png' not found (defined in Baked variant of block bdflower:tallgrass-short-free).
17.8.2026 23:11:40 [Warning] Texture asset 'bdflower:textures/block/plant/tallgrass/free/mediumshort-north.png' not found (defined in Baked variant of block bdflower:tallgrass-mediumshort-free).
17.8.2026 23:11:40 [Warning] Texture asset 'bdflower:textures/block/plant/tallgrass/free/mediumshort-south.png' not found (defined in Baked variant of block bdflower:tallgrass-mediumshort-free).
17.8.2026 23:11:40 [Warning] Texture asset 'bdflower:textures/block/plant/tallgrass/free/medium-north.png' not found (defined in Baked variant of block bdflower:tallgrass-medium-free).
17.8.2026 23:11:40 [Warning] Texture asset 'bdflower:textures/block/plant/tallgrass/free/medium-south.png' not found (defined in Baked variant of block bdflower:tallgrass-medium-free).
17.8.2026 23:11:40 [Warning] Texture asset 'bdflower:textures/block/plant/tallgrass/free/tall-north.png' not found (defined in Baked variant of block bdflower:tallgrass-tall-free).
17.8.2026 23:11:40 [Warning] Texture asset 'bdflower:textures/block/plant/tallgrass/free/tall-south.png' not found (defined in Baked variant of block bdflower:tallgrass-tall-free).
17.8.2026 23:11:40 [Warning] Texture asset 'bdflower:textures/block/plant/tallgrass/free/verytall-north.png' not found (defined in Baked variant of block bdflower:tallgrass-verytall-free).
17.8.2026 23:11:40 [Warning] Texture asset 'bdflower:textures/block/plant/tallgrass/free/verytall-south.png' not found (defined in Baked variant of block bdflower:tallgrass-verytall-free).
17.8.2026 23:11:40 [Warning] Texture asset 'bdflower:textures/block/plant/tallgrass/free/eaten-north.png' not found (defined in Baked variant of block bdflower:tallgrass-eaten-free).
17.8.2026 23:11:40 [Warning] Texture asset 'bdflower:textures/block/plant/tallgrass/free/eaten-south.png' not found (defined in Baked variant of block bdflower:tallgrass-eaten-free).
17.8.2026 23:11:40 [Warning] Texture asset 'bdflower:textures/block/plant/tallgrass/snow/veryshort-north.png' not found (defined in Baked variant of block bdflower:tallgrass-veryshort-snow).
17.8.2026 23:11:40 [Warning] Texture asset 'bdflower:textures/block/plant/tallgrass/snow/veryshort-south.png' not found (defined in Baked variant of block bdflower:tallgrass-veryshort-snow).
17.8.2026 23:11:40 [Warning] Texture asset 'bdflower:textures/block/plant/tallgrass/snow/short-north.png' not found (defined in Baked variant of block bdflower:tallgrass-short-snow).
17.8.2026 23:11:40 [Warning] Texture asset 'bdflower:textures/block/plant/tallgrass/snow/short-south.png' not found (defined in Baked variant of block bdflower:tallgrass-short-snow).
17.8.2026 23:11:40 [Warning] Texture asset 'bdflower:textures/block/plant/tallgrass/snow/mediumshort-north.png' not found (defined in Baked variant of block bdflower:tallgrass-mediumshort-snow).
17.8.2026 23:11:40 [Warning] Texture asset 'bdflower:textures/block/plant/tallgrass/snow/mediumshort-south.png' not found (defined in Baked variant of block bdflower:tallgrass-mediumshort-snow).
17.8.2026 23:11:40 [Warning] Texture asset 'bdflower:textures/block/plant/tallgrass/snow/medium-north.png' not found (defined in Baked variant of block bdflower:tallgrass-medium-snow).
17.8.2026 23:11:40 [Warning] Texture asset 'bdflower:textures/block/plant/tallgrass/snow/medium-south.png' not found (defined in Baked variant of block bdflower:tallgrass-medium-snow).
17.8.2026 23:11:40 [Warning] Texture asset 'bdflower:textures/block/plant/tallgrass/snow/tall-north.png' not found (defined in Baked variant of block bdflower:tallgrass-tall-snow).
17.8.2026 23:11:40 [Warning] Texture asset 'bdflower:textures/block/plant/tallgrass/snow/tall-south.png' not found (defined in Baked variant of block bdflower:tallgrass-tall-snow).
17.8.2026 23:11:40 [Warning] Texture asset 'bdflower:textures/block/plant/tallgrass/snow/verytall-north.png' not found (defined in Baked variant of block bdflower:tallgrass-verytall-snow).
17.8.2026 23:11:40 [Warning] Texture asset 'bdflower:textures/block/plant/tallgrass/snow/verytall-south.png' not found (defined in Baked variant of block bdflower:tallgrass-verytall-snow).
17.8.2026 23:11:40 [Warning] Texture asset 'bdflower:textures/block/plant/tallgrass/snow/eaten-north.png' not found (defined in Baked variant of block bdflower:tallgrass-eaten-snow).
17.8.2026 23:11:40 [Warning] Texture asset 'bdflower:textures/block/plant/tallgrass/snow/eaten-south.png' not found (defined in Baked variant of block bdflower:tallgrass-eaten-snow).
17.8.2026 23:11:40 [Warning] Texture asset 'bdflower:textures/block/plant/wildvine/wildvine_1.png' not found (defined in Baked variant of block bdflower:wildvine-section-north).
17.8.2026 23:11:40 [Warning] Texture asset 'bdflower:textures/block/plant/wildvine/wildvine_2.png' not found (defined in Baked variant of block bdflower:wildvine-section-north).
17.8.2026 23:11:40 [Warning] Texture asset 'bdflower:textures/block/plant/wildvine/wildvine_3.png' not found (defined in Baked variant of block bdflower:wildvine-section-north).
17.8.2026 23:11:40 [Warning] Texture asset 'bdflower:textures/block/plant/wildvine/wildvine_4.png' not found (defined in Baked variant of block bdflower:wildvine-section-north).
17.8.2026 23:11:40 [Warning] Texture asset 'bdflower:textures/block/plant/wildvine/wildvine_5.png' not found (defined in Baked variant of block bdflower:wildvine-section-north).
17.8.2026 23:11:40 [Warning] Texture asset 'bdflower:textures/block/plant/wildvine/wildvine_6.png' not found (defined in Baked variant of block bdflower:wildvine-section-north).
17.8.2026 23:11:40 [Warning] Texture asset 'bdflower:textures/block/plant/wildvine/wildvineend_1.png' not found (defined in Baked variant of block bdflower:wildvine-end-north).
17.8.2026 23:11:40 [Warning] Texture asset 'bdflower:textures/block/plant/wildvine/wildvineend_2.png' not found (defined in Baked variant of block bdflower:wildvine-end-north).
17.8.2026 23:11:40 [Warning] Texture asset 'bdflower:textures/block/plant/wildvine/wildvineend_3.png' not found (defined in Baked variant of block bdflower:wildvine-end-north).
17.8.2026 23:11:40 [Warning] Texture asset 'bdflower:textures/block/plant/wildvine/wildvineend_4.png' not found (defined in Baked variant of block bdflower:wildvine-end-north).
17.8.2026 23:11:40 [Warning] Texture asset 'bdflower:textures/block/plant/wildvine/wildvineend_5.png' not found (defined in Baked variant of block bdflower:wildvine-end-north).
17.8.2026 23:11:40 [Warning] Texture asset 'bdflower:textures/block/plant/wildvine/wildvineend_6.png' not found (defined in Baked variant of block bdflower:wildvine-end-north).
17.8.2026 23:11:40 [Warning] Texture asset 'game:textures/block/clay/earthyorangeclay.png' not found (defined in Baked variant of block fromgoldencombs:hivetop-earthyorange-raw).
17.8.2026 23:11:40 [Warning] Texture asset 'game:textures/block/wood/bark/lightaged-h.png' not found (defined in Baked variant of block postsandbeams:decorbeam-lightaged-barked-ns).
17.8.2026 23:11:40 [Warning] Texture asset 'bdherb:textures/block/plant/butterbur/{herbcrops}.png' not found (defined in Baked variant of block bdherb:crop-butterbur-3).
17.8.2026 23:11:40 [Warning] Texture asset 'bdherb:textures/block/plant/butterbur/{herbcrops}_leaf_big.png' not found (defined in Baked variant of block bdherb:crop-butterbur-3).
17.8.2026 23:11:40 [Warning] Texture asset 'bdherb:textures/block/plant/butterbur/{herbcrops}_leaf_small.png' not found (defined in Baked variant of block bdherb:crop-butterbur-3).
17.8.2026 23:11:40 [Warning] Texture asset 'bdherb:textures/block/plant/leafygroundvegetable/normal/minerslettuce_stems.png' not found (defined in Baked variant of block bdherb:crop-minerslettuce-3).
17.8.2026 23:11:40 [Warning] Texture asset 'bdherb:textures/block/plant/leafygroundvegetable/normal/minerslettuce_leaves.png' not found (defined in Baked variant of block bdherb:crop-minerslettuce-3).
17.8.2026 23:11:40 [Warning] Texture asset 'bdherb:textures/block/plant/leafygroundvegetable/normal/woodspurge_stems.png' not found (defined in Baked variant of block bdherb:crop-woodspurge-3).
17.8.2026 23:11:40 [Warning] Texture asset 'bdherb:textures/block/plant/leafygroundvegetable/normal/woodspurge_leaves.png' not found (defined in Baked variant of block bdherb:crop-woodspurge-3).
17.8.2026 23:11:40 [Warning] Texture asset 'bdherb:textures/block/plant/leafygroundvegetable/normal/woodspurge_leaflets.png' not found (defined in Baked variant of block bdherb:crop-woodspurge-3).
17.8.2026 23:11:40 [Warning] Texture asset 'bdherb:textures/block/plant/leafygroundvegetable/normal/arrowhead.png' not found (defined in Baked variant of block bdherb:arrowhead-arrowhead-normal).
17.8.2026 23:11:40 [Warning] Texture asset 'bdherb:textures/block/plant/butterbur/rhubarb.png' not found (defined in Baked variant of block bdherb:leafyperennialplant-rhubarb-normal).
17.8.2026 23:11:40 [Warning] Texture asset 'bdherb:textures/block/plant/butterbur/rhubarb_leaf_big.png' not found (defined in Baked variant of block bdherb:leafyperennialplant-rhubarb-normal).
17.8.2026 23:11:40 [Warning] Texture asset 'bdherb:textures/block/plant/butterbur/rhubarb_leaf_small.png' not found (defined in Baked variant of block bdherb:leafyperennialplant-rhubarb-normal).
17.8.2026 23:11:40 [Warning] Texture asset 'bdherb:textures/block/plant/leafygroundvegetable/harvested/lavender.png' not found (defined in Baked variant of block bdherb:evergreenplant-lavender-harvested).
17.8.2026 23:11:40 [Warning] Texture asset 'bdherb:textures/block/plant/leafygroundvegetable/normal/lavender.png' not found (defined in Baked variant of block bdherb:evergreenplant-lavender-normal).
17.8.2026 23:11:40 [Warning] Texture asset 'bdshrub:textures/block/plant/berrybush/cuttings/beautyberry-stem1.png' not found (defined in Baked variant of block bdshrub:fruitingbushcutting-beautyberry-free).
17.8.2026 23:11:40 [Warning] Texture asset 'bdshrub:textures/block/plant/berrybush/cuttings/beautyberry-stem2.png' not found (defined in Baked variant of block bdshrub:fruitingbushcutting-beautyberry-free).
17.8.2026 23:11:40 [Warning] Texture asset 'bdshrub:textures/block/plant/berrybush/cuttings/beautyberry-leaves1.png' not found (defined in Baked variant of block bdshrub:fruitingbushcutting-beautyberry-free).
17.8.2026 23:11:40 [Warning] Texture asset 'bdshrub:textures/block/plant/berrybush/cuttings/beautyberry-leaves2.png' not found (defined in Baked variant of block bdshrub:fruitingbushcutting-beautyberry-free).
17.8.2026 23:11:40 [Warning] Texture asset 'bdshrub:textures/block/plant/berrybush/cuttings/blueberry-stem1.png' not found (defined in Baked variant of block bdshrub:fruitingbushcutting-blueberry-free).
17.8.2026 23:11:40 [Warning] Texture asset 'bdshrub:textures/block/plant/berrybush/cuttings/blueberry-stem2.png' not found (defined in Baked variant of block bdshrub:fruitingbushcutting-blueberry-free).
17.8.2026 23:11:40 [Warning] Texture asset 'bdshrub:textures/block/plant/berrybush/cuttings/blueberry-leaves1.png' not found (defined in Baked variant of block bdshrub:fruitingbushcutting-blueberry-free).
17.8.2026 23:11:40 [Warning] Texture asset 'bdshrub:textures/block/plant/berrybush/cuttings/blueberry-leaves2.png' not found (defined in Baked variant of block bdshrub:fruitingbushcutting-blueberry-free).
17.8.2026 23:11:40 [Warning] Texture asset 'bdshrub:textures/block/plant/berrybush/cuttings/cranberry-stem1.png' not found (defined in Baked variant of block bdshrub:fruitingbushcutting-cranberry-free).
17.8.2026 23:11:40 [Warning] Texture asset 'bdshrub:textures/block/plant/berrybush/cuttings/cranberry-stem2.png' not found (defined in Baked variant of block bdshrub:fruitingbushcutting-cranberry-free).
17.8.2026 23:11:40 [Warning] Texture asset 'bdshrub:textures/block/plant/berrybush/cuttings/cranberry-leaves1.png' not found (defined in Baked variant of block bdshrub:fruitingbushcutting-cranberry-free).
17.8.2026 23:11:40 [Warning] Texture asset 'bdshrub:textures/block/plant/berrybush/cuttings/cranberry-leaves2.png' not found (defined in Baked variant of block bdshrub:fruitingbushcutting-cranberry-free).
17.8.2026 23:11:40 [Warning] Texture asset 'bdshrub:textures/block/plant/berrybush/cuttings/currant-stem1.png' not found (defined in Baked variant of block bdshrub:fruitingbushcutting-currantblack-free).
17.8.2026 23:11:40 [Warning] Texture asset 'bdshrub:textures/block/plant/berrybush/cuttings/currant-stem2.png' not found (defined in Baked variant of block bdshrub:fruitingbushcutting-currantblack-free).
17.8.2026 23:11:40 [Warning] Texture asset 'bdshrub:textures/block/plant/berrybush/cuttings/currant-leaves1.png' not found (defined in Baked variant of block bdshrub:fruitingbushcutting-currantblack-free).
17.8.2026 23:11:40 [Warning] Texture asset 'bdshrub:textures/block/plant/berrybush/cuttings/currant-leaves2.png' not found (defined in Baked variant of block bdshrub:fruitingbushcutting-currantblack-free).
17.8.2026 23:11:40 [Warning] Texture asset 'bdshrub:textures/block/plant/berrybush/cuttings/strawberry-stem1.png' not found (defined in Baked variant of block bdshrub:fruitingbushcutting-strawberry-free).
17.8.2026 23:11:40 [Warning] Texture asset 'bdshrub:textures/block/plant/berrybush/cuttings/strawberry-stem2.png' not found (defined in Baked variant of block bdshrub:fruitingbushcutting-strawberry-free).
17.8.2026 23:11:40 [Warning] Texture asset 'bdshrub:textures/block/plant/berrybush/cuttings/strawberry-leaves1.png' not found (defined in Baked variant of block bdshrub:fruitingbushcutting-strawberry-free).
17.8.2026 23:11:40 [Warning] Texture asset 'bdshrub:textures/block/plant/berrybush/cuttings/strawberry-leaves2.png' not found (defined in Baked variant of block bdshrub:fruitingbushcutting-strawberry-free).
17.8.2026 23:11:40 [Warning] Texture asset 'heraldry:textures/block/wood/debarked/oak.png' not found (defined in Baked variant of block heraldry:heraldryworkbench-north).
17.8.2026 23:11:40 [Warning] Texture asset 'heraldry:textures/block/wood/planks/oak1.png' not found (defined in Baked variant of block heraldry:heraldryworkbench-north).
17.8.2026 23:11:40 [Warning] Texture asset 'heraldrybanners:textures/block/wood/bark/aged.png' not found (defined in Baked variant of block heraldrybanners:pole-flag-ground1x4-north).
17.8.2026 23:11:40 [Warning] Texture asset 'heraldrybanners:textures/block/wood/debarked/oak.png' not found (defined in Baked variant of block heraldrybanners:pole-flag-ground1x4-north).
17.8.2026 23:11:40 [Error] Missing mapping for texture code #pores during shape tesselation of block ndlmushroomgrowth:gtroughgrown-devilbolete using shape ndlmushroomgrowth:mushroomgrowth/groundtrough/gtroughgrown/gtroughdevilbolete, or one of its alternates
17.8.2026 23:11:40 [Error] Missing mapping for texture code #pores during shape tesselation of block ndlmushroomgrowth:gtroughgrown-devilbolete using shape ndlmushroomgrowth:mushroomgrowth/groundtrough/gtroughgrown/gtroughdevilbolete, or one of its alternates
17.8.2026 23:11:40 [Error] Missing mapping for texture code #pores during shape tesselation of block ndlmushroomgrowth:gtroughgrown-devilbolete using shape ndlmushroomgrowth:mushroomgrowth/groundtrough/gtroughgrown/gtroughdevilbolete, or one of its alternates
17.8.2026 23:11:40 [Warning] Texture asset 'bdherb:textures/items/skunkcabbage_leaves.png' not found (defined in Item code bdherb:skunkcabbage-leaves).
17.8.2026 23:11:40 [Warning] Client registered 1 network channels (debug) the server does not know about, may cause issues.
17.8.2026 23:11:40 [Warning] [SheyderMod/Specular] No atlas position for colormap 'game:block/reed/beehive/beeswax' (from 'sheydermod:textures/block/reed/beehive/s_beeswax.png'). Skipping.
17.8.2026 23:11:40 [Warning] [SheyderMod/Specular] No atlas position for colormap 'game:block/stone/polishedrockslab/andesite' (from 'sheydermod:textures/block/stone/polishedrockslab/s_andesite.png'). Skipping.
17.8.2026 23:11:40 [Warning] [SheyderMod/Specular] No atlas position for colormap 'game:block/stone/polishedrockslab/basalt' (from 'sheydermod:textures/block/stone/polishedrockslab/s_basalt.png'). Skipping.
17.8.2026 23:11:40 [Warning] [SheyderMod/Specular] No atlas position for colormap 'game:block/stone/polishedrockslab/bauxite' (from 'sheydermod:textures/block/stone/polishedrockslab/s_bauxite.png'). Skipping.
17.8.2026 23:11:40 [Warning] [SheyderMod/Specular] No atlas position for colormap 'game:block/stone/polishedrockslab/chalk' (from 'sheydermod:textures/block/stone/polishedrockslab/s_chalk.png'). Skipping.
17.8.2026 23:11:40 [Warning] [SheyderMod/Specular] No atlas position for colormap 'game:block/stone/polishedrockslab/chert' (from 'sheydermod:textures/block/stone/polishedrockslab/s_chert.png'). Skipping.
17.8.2026 23:11:40 [Warning] [SheyderMod/Specular] No atlas position for colormap 'game:block/stone/polishedrockslab/claystone' (from 'sheydermod:textures/block/stone/polishedrockslab/s_claystone.png'). Skipping.
17.8.2026 23:11:40 [Warning] [SheyderMod/Specular] No atlas position for colormap 'game:block/stone/polishedrockslab/conglomerate' (from 'sheydermod:textures/block/stone/polishedrockslab/s_conglomerate.png'). Skipping.
17.8.2026 23:11:40 [Warning] [SheyderMod/Specular] No atlas position for colormap 'game:block/stone/polishedrockslab/greenmarble' (from 'sheydermod:textures/block/stone/polishedrockslab/s_greenmarble.png'). Skipping.
17.8.2026 23:11:40 [Warning] [SheyderMod/Specular] No atlas position for colormap 'game:block/stone/polishedrockslab/kimberlite' (from 'sheydermod:textures/block/stone/polishedrockslab/s_kimberlite.png'). Skipping.
17.8.2026 23:11:40 [Warning] [SheyderMod/Specular] No atlas position for colormap 'game:block/stone/polishedrockslab/limestone' (from 'sheydermod:textures/block/stone/polishedrockslab/s_limestone.png'). Skipping.
17.8.2026 23:11:40 [Warning] [SheyderMod/Specular] No atlas position for colormap 'game:block/stone/polishedrockslab/peridotite' (from 'sheydermod:textures/block/stone/polishedrockslab/s_peridotite.png'). Skipping.
17.8.2026 23:11:40 [Warning] [SheyderMod/Specular] No atlas position for colormap 'game:block/stone/polishedrockslab/phyllite' (from 'sheydermod:textures/block/stone/polishedrockslab/s_phyllite.png'). Skipping.
17.8.2026 23:11:40 [Warning] [SheyderMod/Specular] No atlas position for colormap 'game:block/stone/polishedrockslab/redmarble' (from 'sheydermod:textures/block/stone/polishedrockslab/s_redmarble.png'). Skipping.
17.8.2026 23:11:40 [Warning] [SheyderMod/Specular] No atlas position for colormap 'game:block/stone/polishedrockslab/sandstone' (from 'sheydermod:textures/block/stone/polishedrockslab/s_sandstone.png'). Skipping.
17.8.2026 23:11:40 [Warning] [SheyderMod/Specular] No atlas position for colormap 'game:block/stone/polishedrockslab/shale' (from 'sheydermod:textures/block/stone/polishedrockslab/s_shale.png'). Skipping.
17.8.2026 23:11:40 [Warning] [SheyderMod/Specular] No atlas position for colormap 'game:block/stone/polishedrockslab/slate' (from 'sheydermod:textures/block/stone/polishedrockslab/s_slate.png'). Skipping.
17.8.2026 23:11:40 [Warning] [SheyderMod/Specular] No atlas position for colormap 'game:block/stone/polishedrockslab/suevite' (from 'sheydermod:textures/block/stone/polishedrockslab/s_suevite.png'). Skipping.
17.8.2026 23:11:40 [Warning] [SheyderMod/Specular] No atlas position for colormap 'game:block/stone/polishedrockslab/whitemarble' (from 'sheydermod:textures/block/stone/polishedrockslab/s_whitemarble.png'). Skipping.
17.8.2026 23:11:40 [Warning] [SheyderMod/Specular] No atlas position for colormap 'game:block/stone/rock/meteorite-iron2' (from 'sheydermod:textures/block/stone/rock/s_meteorite-iron2.png'). Skipping.
17.8.2026 23:11:40 [Warning] [SheyderMod/Specular] No atlas position for colormap 'game:block/stone/rock/meteorite-iron3' (from 'sheydermod:textures/block/stone/rock/s_meteorite-iron3.png'). Skipping.
17.8.2026 23:11:40 [Warning] [SheyderMod/Specular] No atlas position for colormap 'game:block/stone/rock/meteorite-iron4' (from 'sheydermod:textures/block/stone/rock/s_meteorite-iron4.png'). Skipping.
17.8.2026 23:11:40 [Warning] 'ItemWearable' class is obsolete. Please, replace it with 'Wearable' behavior for medieval:clothes-arm-medieval-pouch instead
17.8.2026 23:11:40 [Warning] 'ItemWearable' class is obsolete. Please, replace it with 'Wearable' behavior for medieval:clothes-arm-esclava instead
17.8.2026 23:11:40 [Warning] 'ItemWearable' class is obsolete. Please, replace it with 'Wearable' behavior for medieval:armormedieval-head-chain-copper instead
17.8.2026 23:11:40 [Warning] 'ItemWearable' class is obsolete. Please, replace it with 'Wearable' behavior for medieval:armormedieval-body-chain-copper instead
17.8.2026 23:11:40 [Warning] 'ItemWearable' class is obsolete. Please, replace it with 'Wearable' behavior for medieval:armormedieval-legs-chain-copper instead
17.8.2026 23:11:40 [Warning] 'ItemWearable' class is obsolete. Please, replace it with 'Wearable' behavior for medieval:armormedieval-head-scale-copper instead
17.8.2026 23:11:40 [Warning] 'ItemWearable' class is obsolete. Please, replace it with 'Wearable' behavior for medieval:armormedieval-body-scale-copper instead
17.8.2026 23:11:40 [Warning] 'ItemWearable' class is obsolete. Please, replace it with 'Wearable' behavior for medieval:armormedieval-legs-scale-copper instead
17.8.2026 23:11:40 [Warning] 'ItemWearable' class is obsolete. Please, replace it with 'Wearable' behavior for medieval:armormedieval-head-plate-copper instead
17.8.2026 23:11:40 [Warning] 'ItemWearable' class is obsolete. Please, replace it with 'Wearable' behavior for medieval:armormedieval-body-plate-copper instead
17.8.2026 23:11:40 [Warning] 'ItemWearable' class is obsolete. Please, replace it with 'Wearable' behavior for medieval:armormedieval-legs-plate-copper instead
17.8.2026 23:11:40 [Warning] 'ItemWearable' class is obsolete. Please, replace it with 'Wearable' behavior for medieval:armormedieval-head-chain-tinbronze instead
17.8.2026 23:11:40 [Warning] 'ItemWearable' class is obsolete. Please, replace it with 'Wearable' behavior for medieval:armormedieval-body-chain-tinbronze instead
17.8.2026 23:11:40 [Warning] 'ItemWearable' class is obsolete. Please, replace it with 'Wearable' behavior for medieval:armormedieval-legs-chain-tinbronze instead
17.8.2026 23:11:40 [Warning] 'ItemWearable' class is obsolete. Please, replace it with 'Wearable' behavior for medieval:armormedieval-head-scale-tinbronze instead
17.8.2026 23:11:40 [Warning] 'ItemWearable' class is obsolete. Please, replace it with 'Wearable' behavior for medieval:armormedieval-body-scale-tinbronze instead
17.8.2026 23:11:40 [Warning] 'ItemWearable' class is obsolete. Please, replace it with 'Wearable' behavior for medieval:armormedieval-legs-scale-tinbronze instead
17.8.2026 23:11:40 [Warning] 'ItemWearable' class is obsolete. Please, replace it with 'Wearable' behavior for medieval:armormedieval-head-plate-tinbronze instead
17.8.2026 23:11:40 [Warning] 'ItemWearable' class is obsolete. Please, replace it with 'Wearable' behavior for medieval:armormedieval-body-plate-tinbronze instead
17.8.2026 23:11:40 [Warning] 'ItemWearable' class is obsolete. Please, replace it with 'Wearable' behavior for medieval:armormedieval-legs-plate-tinbronze instead
17.8.2026 23:11:40 [Warning] 'ItemWearable' class is obsolete. Please, replace it with 'Wearable' behavior for medieval:armormedieval-head-chain-bismuthbronze instead
17.8.2026 23:11:40 [Warning] 'ItemWearable' class is obsolete. Please, replace it with 'Wearable' behavior for medieval:armormedieval-body-chain-bismuthbronze instead
17.8.2026 23:11:40 [Warning] 'ItemWearable' class is obsolete. Please, replace it with 'Wearable' behavior for medieval:armormedieval-legs-chain-bismuthbronze instead
17.8.2026 23:11:40 [Warning] 'ItemWearable' class is obsolete. Please, replace it with 'Wearable' behavior for medieval:armormedieval-head-scale-bismuthbronze instead
17.8.2026 23:11:40 [Warning] 'ItemWearable' class is obsolete. Please, replace it with 'Wearable' behavior for medieval:armormedieval-body-scale-bismuthbronze instead
17.8.2026 23:11:40 [Warning] 'ItemWearable' class is obsolete. Please, replace it with 'Wearable' behavior for medieval:armormedieval-legs-scale-bismuthbronze instead
17.8.2026 23:11:40 [Warning] 'ItemWearable' class is obsolete. Please, replace it with 'Wearable' behavior for medieval:armormedieval-head-plate-bismuthbronze instead
17.8.2026 23:11:40 [Warning] 'ItemWearable' class is obsolete. Please, replace it with 'Wearable' behavior for medieval:armormedieval-body-plate-bismuthbronze instead
17.8.2026 23:11:40 [Warning] 'ItemWearable' class is obsolete. Please, replace it with 'Wearable' behavior for medieval:armormedieval-legs-plate-bismuthbronze instead
17.8.2026 23:11:40 [Warning] 'ItemWearable' class is obsolete. Please, replace it with 'Wearable' behavior for medieval:armormedieval-head-chain-blackbronze instead
17.8.2026 23:11:40 [Warning] 'ItemWearable' class is obsolete. Please, replace it with 'Wearable' behavior for medieval:armormedieval-body-chain-blackbronze instead
17.8.2026 23:11:40 [Warning] 'ItemWearable' class is obsolete. Please, replace it with 'Wearable' behavior for medieval:armormedieval-legs-chain-blackbronze instead
17.8.2026 23:11:40 [Warning] 'ItemWearable' class is obsolete. Please, replace it with 'Wearable' behavior for medieval:armormedieval-head-scale-blackbronze instead
17.8.2026 23:11:40 [Warning] 'ItemWearable' class is obsolete. Please, replace it with 'Wearable' behavior for medieval:armormedieval-body-scale-blackbronze instead
17.8.2026 23:11:40 [Warning] 'ItemWearable' class is obsolete. Please, replace it with 'Wearable' behavior for medieval:armormedieval-legs-scale-blackbronze instead
17.8.2026 23:11:40 [Warning] 'ItemWearable' class is obsolete. Please, replace it with 'Wearable' behavior for medieval:armormedieval-head-plate-blackbronze instead
17.8.2026 23:11:40 [Warning] 'ItemWearable' class is obsolete. Please, replace it with 'Wearable' behavior for medieval:armormedieval-body-plate-blackbronze instead
17.8.2026 23:11:40 [Warning] 'ItemWearable' class is obsolete. Please, replace it with 'Wearable' behavior for medieval:armormedieval-legs-plate-blackbronze instead
17.8.2026 23:11:40 [Warning] 'ItemWearable' class is obsolete. Please, replace it with 'Wearable' behavior for medieval:armormedieval-head-chain-iron instead
17.8.2026 23:11:40 [Warning] 'ItemWearable' class is obsolete. Please, replace it with 'Wearable' behavior for medieval:armormedieval-body-chain-iron instead
17.8.2026 23:11:40 [Warning] 'ItemWearable' class is obsolete. Please, replace it with 'Wearable' behavior for medieval:armormedieval-legs-chain-iron instead
17.8.2026 23:11:40 [Warning] 'ItemWearable' class is obsolete. Please, replace it with 'Wearable' behavior for medieval:armormedieval-head-scale-iron instead
17.8.2026 23:11:40 [Warning] 'ItemWearable' class is obsolete. Please, replace it with 'Wearable' behavior for medieval:armormedieval-body-scale-iron instead
17.8.2026 23:11:40 [Warning] 'ItemWearable' class is obsolete. Please, replace it with 'Wearable' behavior for medieval:armormedieval-legs-scale-iron instead
17.8.2026 23:11:40 [Warning] 'ItemWearable' class is obsolete. Please, replace it with 'Wearable' behavior for medieval:armormedieval-head-plate-iron instead
17.8.2026 23:11:40 [Warning] 'ItemWearable' class is obsolete. Please, replace it with 'Wearable' behavior for medieval:armormedieval-body-plate-iron instead
17.8.2026 23:11:40 [Warning] 'ItemWearable' class is obsolete. Please, replace it with 'Wearable' behavior for medieval:armormedieval-legs-plate-iron instead
17.8.2026 23:11:40 [Warning] 'ItemWearable' class is obsolete. Please, replace it with 'Wearable' behavior for medieval:armormedieval-head-chain-meteoriciron instead
17.8.2026 23:11:40 [Warning] 'ItemWearable' class is obsolete. Please, replace it with 'Wearable' behavior for medieval:armormedieval-body-chain-meteoriciron instead
17.8.2026 23:11:40 [Warning] 'ItemWearable' class is obsolete. Please, replace it with 'Wearable' behavior for medieval:armormedieval-legs-chain-meteoriciron instead
17.8.2026 23:11:40 [Warning] 'ItemWearable' class is obsolete. Please, replace it with 'Wearable' behavior for medieval:armormedieval-head-scale-meteoriciron instead
17.8.2026 23:11:40 [Warning] 'ItemWearable' class is obsolete. Please, replace it with 'Wearable' behavior for medieval:armormedieval-body-scale-meteoriciron instead
17.8.2026 23:11:40 [Warning] 'ItemWearable' class is obsolete. Please, replace it with 'Wearable' behavior for medieval:armormedieval-legs-scale-meteoriciron instead
17.8.2026 23:11:40 [Warning] 'ItemWearable' class is obsolete. Please, replace it with 'Wearable' behavior for medieval:armormedieval-head-plate-meteoriciron instead
17.8.2026 23:11:40 [Warning] 'ItemWearable' class is obsolete. Please, replace it with 'Wearable' behavior for medieval:armormedieval-body-plate-meteoriciron instead
17.8.2026 23:11:40 [Warning] 'ItemWearable' class is obsolete. Please, replace it with 'Wearable' behavior for medieval:armormedieval-legs-plate-meteoriciron instead
17.8.2026 23:11:40 [Warning] 'ItemWearable' class is obsolete. Please, replace it with 'Wearable' behavior for medieval:armormedieval-head-chain-steel instead
17.8.2026 23:11:40 [Warning] 'ItemWearable' class is obsolete. Please, replace it with 'Wearable' behavior for medieval:armormedieval-body-chain-steel instead
17.8.2026 23:11:40 [Warning] 'ItemWearable' class is obsolete. Please, replace it with 'Wearable' behavior for medieval:armormedieval-legs-chain-steel instead
17.8.2026 23:11:40 [Warning] 'ItemWearable' class is obsolete. Please, replace it with 'Wearable' behavior for medieval:armormedieval-head-scale-steel instead
17.8.2026 23:11:40 [Warning] 'ItemWearable' class is obsolete. Please, replace it with 'Wearable' behavior for medieval:armormedieval-body-scale-steel instead
17.8.2026 23:11:40 [Warning] 'ItemWearable' class is obsolete. Please, replace it with 'Wearable' behavior for medieval:armormedieval-legs-scale-steel instead
17.8.2026 23:11:40 [Warning] 'ItemWearable' class is obsolete. Please, replace it with 'Wearable' behavior for medieval:armormedieval-head-plate-steel instead
17.8.2026 23:11:40 [Warning] 'ItemWearable' class is obsolete. Please, replace it with 'Wearable' behavior for medieval:armormedieval-body-plate-steel instead
17.8.2026 23:11:40 [Warning] 'ItemWearable' class is obsolete. Please, replace it with 'Wearable' behavior for medieval:armormedieval-legs-plate-steel instead
17.8.2026 23:11:40 [Warning] 'ItemWearable' class is obsolete. Please, replace it with 'Wearable' behavior for medieval:armormedievalc-head-cloth-black instead
17.8.2026 23:11:40 [Warning] 'ItemWearable' class is obsolete. Please, replace it with 'Wearable' behavior for medieval:armormedievalc-body-cloth-black instead
17.8.2026 23:11:40 [Warning] 'ItemWearable' class is obsolete. Please, replace it with 'Wearable' behavior for medieval:armormedievalc-legs-cloth-black instead
17.8.2026 23:11:40 [Warning] 'ItemWearable' class is obsolete. Please, replace it with 'Wearable' behavior for medieval:armormedievalc-head-cloth-blackred instead
17.8.2026 23:11:40 [Warning] 'ItemWearable' class is obsolete. Please, replace it with 'Wearable' behavior for medieval:armormedievalc-body-cloth-blackred instead
17.8.2026 23:11:40 [Warning] 'ItemWearable' class is obsolete. Please, replace it with 'Wearable' behavior for medieval:armormedievalc-legs-cloth-blackred instead
17.8.2026 23:11:40 [Warning] 'ItemWearable' class is obsolete. Please, replace it with 'Wearable' behavior for medieval:armormedievalc-head-cloth-blackpurple instead
17.8.2026 23:11:40 [Warning] 'ItemWearable' class is obsolete. Please, replace it with 'Wearable' behavior for medieval:armormedievalc-body-cloth-blackpurple instead
17.8.2026 23:11:40 [Warning] 'ItemWearable' class is obsolete. Please, replace it with 'Wearable' behavior for medieval:armormedievalc-legs-cloth-blackpurple instead
17.8.2026 23:11:40 [Warning] 'ItemWearable' class is obsolete. Please, replace it with 'Wearable' behavior for medieval:armormedievalc-head-cloth-black2 instead
17.8.2026 23:11:40 [Warning] 'ItemWearable' class is obsolete. Please, replace it with 'Wearable' behavior for medieval:armormedievalc-body-cloth-black2 instead
17.8.2026 23:11:40 [Warning] 'ItemWearable' class is obsolete. Please, replace it with 'Wearable' behavior for medieval:armormedievalc-legs-cloth-black2 instead
17.8.2026 23:11:40 [Warning] 'ItemWearable' class is obsolete. Please, replace it with 'Wearable' behavior for medieval:armormedievalc-head-cloth-blue instead
17.8.2026 23:11:40 [Warning] 'ItemWearable' class is obsolete. Please, replace it with 'Wearable' behavior for medieval:armormedievalc-body-cloth-blue instead
17.8.2026 23:11:40 [Warning] 'ItemWearable' class is obsolete. Please, replace it with 'Wearable' behavior for medieval:armormedievalc-legs-cloth-blue instead
17.8.2026 23:11:40 [Warning] 'ItemWearable' class is obsolete. Please, replace it with 'Wearable' behavior for medieval:armormedievalc-head-cloth-darkpurple instead
17.8.2026 23:11:40 [Warning] 'ItemWearable' class is obsolete. Please, replace it with 'Wearable' behavior for medieval:armormedievalc-body-cloth-darkpurple instead
17.8.2026 23:11:40 [Warning] 'ItemWearable' class is obsolete. Please, replace it with 'Wearable' behavior for medieval:armormedievalc-legs-cloth-darkpurple instead
17.8.2026 23:11:40 [Warning] 'ItemWearable' class is obsolete. Please, replace it with 'Wearable' behavior for medieval:armormedievalc-head-cloth-red instead
17.8.2026 23:11:40 [Warning] 'ItemWearable' class is obsolete. Please, replace it with 'Wearable' behavior for medieval:armormedievalc-body-cloth-red instead
17.8.2026 23:11:40 [Warning] 'ItemWearable' class is obsolete. Please, replace it with 'Wearable' behavior for medieval:armormedievalc-legs-cloth-red instead
17.8.2026 23:11:40 [Warning] 'ItemWearable' class is obsolete. Please, replace it with 'Wearable' behavior for medieval:armormedievalc-head-cloth-red2 instead
17.8.2026 23:11:40 [Warning] 'ItemWearable' class is obsolete. Please, replace it with 'Wearable' behavior for medieval:armormedievalc-body-cloth-red2 instead
17.8.2026 23:11:40 [Warning] 'ItemWearable' class is obsolete. Please, replace it with 'Wearable' behavior for medieval:armormedievalc-legs-cloth-red2 instead
17.8.2026 23:11:40 [Warning] 'ItemWearable' class is obsolete. Please, replace it with 'Wearable' behavior for medieval:armormedievalc-head-cloth-red3 instead
17.8.2026 23:11:40 [Warning] 'ItemWearable' class is obsolete. Please, replace it with 'Wearable' behavior for medieval:armormedievalc-body-cloth-red3 instead
17.8.2026 23:11:40 [Warning] 'ItemWearable' class is obsolete. Please, replace it with 'Wearable' behavior for medieval:armormedievalc-legs-cloth-red3 instead
17.8.2026 23:11:40 [Warning] 'ItemWearable' class is obsolete. Please, replace it with 'Wearable' behavior for medieval:armormedievalc-head-cloth-infa1 instead
17.8.2026 23:11:40 [Warning] 'ItemWearable' class is obsolete. Please, replace it with 'Wearable' behavior for medieval:armormedievalc-body-cloth-infa1 instead
17.8.2026 23:11:40 [Warning] 'ItemWearable' class is obsolete. Please, replace it with 'Wearable' behavior for medieval:armormedievalc-legs-cloth-infa1 instead
17.8.2026 23:11:40 [Warning] 'ItemWearable' class is obsolete. Please, replace it with 'Wearable' behavior for medieval:armormedievalc-head-cloth-infa2 instead
17.8.2026 23:11:40 [Warning] 'ItemWearable' class is obsolete. Please, replace it with 'Wearable' behavior for medieval:armormedievalc-body-cloth-infa2 instead
17.8.2026 23:11:40 [Warning] 'ItemWearable' class is obsolete. Please, replace it with 'Wearable' behavior for medieval:armormedievalc-legs-cloth-infa2 instead
17.8.2026 23:11:40 [Warning] 'ItemWearable' class is obsolete. Please, replace it with 'Wearable' behavior for medieval:armormedievalc-head-cloth-infa3 instead
17.8.2026 23:11:40 [Warning] 'ItemWearable' class is obsolete. Please, replace it with 'Wearable' behavior for medieval:armormedievalc-body-cloth-infa3 instead
17.8.2026 23:11:40 [Warning] 'ItemWearable' class is obsolete. Please, replace it with 'Wearable' behavior for medieval:armormedievalc-legs-cloth-infa3 instead
17.8.2026 23:11:40 [Warning] 'ItemWearable' class is obsolete. Please, replace it with 'Wearable' behavior for medieval:armormedievalc-head-cloth-caba1 instead
17.8.2026 23:11:40 [Warning] 'ItemWearable' class is obsolete. Please, replace it with 'Wearable' behavior for medieval:armormedievalc-body-cloth-caba1 instead
17.8.2026 23:11:40 [Warning] 'ItemWearable' class is obsolete. Please, replace it with 'Wearable' behavior for medieval:armormedievalc-legs-cloth-caba1 instead
17.8.2026 23:11:40 [Warning] 'ItemWearable' class is obsolete. Please, replace it with 'Wearable' behavior for medieval:armormedievalc-head-cloth-caba2 instead
17.8.2026 23:11:40 [Warning] 'ItemWearable' class is obsolete. Please, replace it with 'Wearable' behavior for medieval:armormedievalc-body-cloth-caba2 instead
17.8.2026 23:11:40 [Warning] 'ItemWearable' class is obsolete. Please, replace it with 'Wearable' behavior for medieval:armormedievalc-legs-cloth-caba2 instead
17.8.2026 23:11:40 [Warning] 'ItemWearable' class is obsolete. Please, replace it with 'Wearable' behavior for medieval:armormedievalc-head-cloth-caba3 instead
17.8.2026 23:11:40 [Warning] 'ItemWearable' class is obsolete. Please, replace it with 'Wearable' behavior for medieval:armormedievalc-body-cloth-caba3 instead
17.8.2026 23:11:40 [Warning] 'ItemWearable' class is obsolete. Please, replace it with 'Wearable' behavior for medieval:armormedievalc-legs-cloth-caba3 instead
17.8.2026 23:11:40 [Warning] 'ItemWearable' class is obsolete. Please, replace it with 'Wearable' behavior for medieval:armormedievalc-head-cloth-templar instead
17.8.2026 23:11:40 [Warning] 'ItemWearable' class is obsolete. Please, replace it with 'Wearable' behavior for medieval:armormedievalc-body-cloth-templar instead
17.8.2026 23:11:40 [Warning] 'ItemWearable' class is obsolete. Please, replace it with 'Wearable' behavior for medieval:armormedievalc-legs-cloth-templar instead
17.8.2026 23:11:40 [Warning] 'ItemWearable' class is obsolete. Please, replace it with 'Wearable' behavior for medieval:armormedievalc-head-cloth-viking1 instead
17.8.2026 23:11:40 [Warning] 'ItemWearable' class is obsolete. Please, replace it with 'Wearable' behavior for medieval:armormedievalc-body-cloth-viking1 instead
17.8.2026 23:11:40 [Warning] 'ItemWearable' class is obsolete. Please, replace it with 'Wearable' behavior for medieval:armormedievalc-legs-cloth-viking1 instead
17.8.2026 23:11:40 [Warning] 'ItemWearable' class is obsolete. Please, replace it with 'Wearable' behavior for medieval:armormedievalc-head-cloth-viking2 instead
17.8.2026 23:11:40 [Warning] 'ItemWearable' class is obsolete. Please, replace it with 'Wearable' behavior for medieval:armormedievalc-body-cloth-viking2 instead
17.8.2026 23:11:40 [Warning] 'ItemWearable' class is obsolete. Please, replace it with 'Wearable' behavior for medieval:armormedievalc-legs-cloth-viking2 instead
17.8.2026 23:11:40 [Warning] 'ItemWearable' class is obsolete. Please, replace it with 'Wearable' behavior for medieval:armormedievalc-head-cloth-lamin instead
17.8.2026 23:11:40 [Warning] 'ItemWearable' class is obsolete. Please, replace it with 'Wearable' behavior for medieval:armormedievalc-body-cloth-lamin instead
17.8.2026 23:11:40 [Warning] 'ItemWearable' class is obsolete. Please, replace it with 'Wearable' behavior for medieval:armormedievalc-legs-cloth-lamin instead
17.8.2026 23:11:40 [Warning] 'ItemWearable' class is obsolete. Please, replace it with 'Wearable' behavior for medieval:armormedievalc-head-cloth-skull instead
17.8.2026 23:11:40 [Warning] 'ItemWearable' class is obsolete. Please, replace it with 'Wearable' behavior for medieval:armormedievall-head-leather-leather instead
17.8.2026 23:11:40 [Warning] 'ItemWearable' class is obsolete. Please, replace it with 'Wearable' behavior for medieval:armormedievall-body-leather-leather instead
17.8.2026 23:11:40 [Warning] 'ItemWearable' class is obsolete. Please, replace it with 'Wearable' behavior for medieval:armormedievall-legs-leather-leather instead
17.8.2026 23:11:40 [Warning] 'ItemWearable' class is obsolete. Please, replace it with 'Wearable' behavior for medieval:armormedievall-head-leatherc-plain instead
17.8.2026 23:11:40 [Warning] 'ItemWearable' class is obsolete. Please, replace it with 'Wearable' behavior for medieval:armormedievall-body-leatherc-plain instead
17.8.2026 23:11:40 [Warning] 'ItemWearable' class is obsolete. Please, replace it with 'Wearable' behavior for medieval:armormedievall-legs-leatherc-plain instead
17.8.2026 23:11:40 [Warning] 'ItemWearable' class is obsolete. Please, replace it with 'Wearable' behavior for medieval:armormedievall-head-leatherc-black instead
17.8.2026 23:11:40 [Warning] 'ItemWearable' class is obsolete. Please, replace it with 'Wearable' behavior for medieval:armormedievall-body-leatherc-black instead
17.8.2026 23:11:40 [Warning] 'ItemWearable' class is obsolete. Please, replace it with 'Wearable' behavior for medieval:armormedievall-legs-leatherc-black instead
17.8.2026 23:11:40 [Warning] 'ItemWearable' class is obsolete. Please, replace it with 'Wearable' behavior for medieval:armormedievall-head-leatherc-blue instead
17.8.2026 23:11:40 [Warning] 'ItemWearable' class is obsolete. Please, replace it with 'Wearable' behavior for medieval:armormedievall-body-leatherc-blue instead
17.8.2026 23:11:40 [Warning] 'ItemWearable' class is obsolete. Please, replace it with 'Wearable' behavior for medieval:armormedievall-legs-leatherc-blue instead
17.8.2026 23:11:40 [Warning] 'ItemWearable' class is obsolete. Please, replace it with 'Wearable' behavior for medieval:armormedievall-head-leatherc-brown instead
17.8.2026 23:11:40 [Warning] 'ItemWearable' class is obsolete. Please, replace it with 'Wearable' behavior for medieval:armormedievall-body-leatherc-brown instead
17.8.2026 23:11:40 [Warning] 'ItemWearable' class is obsolete. Please, replace it with 'Wearable' behavior for medieval:armormedievall-legs-leatherc-brown instead
17.8.2026 23:11:40 [Warning] 'ItemWearable' class is obsolete. Please, replace it with 'Wearable' behavior for medieval:armormedievall-head-leatherc-gray instead
17.8.2026 23:11:40 [Warning] 'ItemWearable' class is obsolete. Please, replace it with 'Wearable' behavior for medieval:armormedievall-body-leatherc-gray instead
17.8.2026 23:11:40 [Warning] 'ItemWearable' class is obsolete. Please, replace it with 'Wearable' behavior for medieval:armormedievall-legs-leatherc-gray instead
17.8.2026 23:11:40 [Warning] 'ItemWearable' class is obsolete. Please, replace it with 'Wearable' behavior for medieval:armormedievall-head-leatherc-green instead
17.8.2026 23:11:40 [Warning] 'ItemWearable' class is obsolete. Please, replace it with 'Wearable' behavior for medieval:armormedievall-body-leatherc-green instead
17.8.2026 23:11:40 [Warning] 'ItemWearable' class is obsolete. Please, replace it with 'Wearable' behavior for medieval:armormedievall-legs-leatherc-green instead
17.8.2026 23:11:40 [Warning] 'ItemWearable' class is obsolete. Please, replace it with 'Wearable' behavior for medieval:armormedievall-head-leatherc-orange instead
17.8.2026 23:11:40 [Warning] 'ItemWearable' class is obsolete. Please, replace it with 'Wearable' behavior for medieval:armormedievall-body-leatherc-orange instead
17.8.2026 23:11:40 [Warning] 'ItemWearable' class is obsolete. Please, replace it with 'Wearable' behavior for medieval:armormedievall-legs-leatherc-orange instead
17.8.2026 23:11:40 [Warning] 'ItemWearable' class is obsolete. Please, replace it with 'Wearable' behavior for medieval:armormedievall-head-leatherc-pink instead
17.8.2026 23:11:40 [Warning] 'ItemWearable' class is obsolete. Please, replace it with 'Wearable' behavior for medieval:armormedievall-body-leatherc-pink instead
17.8.2026 23:11:40 [Warning] 'ItemWearable' class is obsolete. Please, replace it with 'Wearable' behavior for medieval:armormedievall-legs-leatherc-pink instead
17.8.2026 23:11:40 [Warning] 'ItemWearable' class is obsolete. Please, replace it with 'Wearable' behavior for medieval:armormedievall-head-leatherc-purple instead
17.8.2026 23:11:40 [Warning] 'ItemWearable' class is obsolete. Please, replace it with 'Wearable' behavior for medieval:armormedievall-body-leatherc-purple instead
17.8.2026 23:11:40 [Warning] 'ItemWearable' class is obsolete. Please, replace it with 'Wearable' behavior for medieval:armormedievall-legs-leatherc-purple instead
17.8.2026 23:11:40 [Warning] 'ItemWearable' class is obsolete. Please, replace it with 'Wearable' behavior for medieval:armormedievall-head-leatherc-red instead
17.8.2026 23:11:40 [Warning] 'ItemWearable' class is obsolete. Please, replace it with 'Wearable' behavior for medieval:armormedievall-body-leatherc-red instead
17.8.2026 23:11:40 [Warning] 'ItemWearable' class is obsolete. Please, replace it with 'Wearable' behavior for medieval:armormedievall-legs-leatherc-red instead
17.8.2026 23:11:40 [Warning] 'ItemWearable' class is obsolete. Please, replace it with 'Wearable' behavior for medieval:armormedievall-head-leatherc-yellow instead
17.8.2026 23:11:40 [Warning] 'ItemWearable' class is obsolete. Please, replace it with 'Wearable' behavior for medieval:armormedievall-body-leatherc-yellow instead
17.8.2026 23:11:40 [Warning] 'ItemWearable' class is obsolete. Please, replace it with 'Wearable' behavior for medieval:armormedievall-legs-leatherc-yellow instead
17.8.2026 23:11:40 [Warning] 'ItemWearable' class is obsolete. Please, replace it with 'Wearable' behavior for medieval:armormedievall-head-leatherc-guindo instead
17.8.2026 23:11:40 [Warning] 'ItemWearable' class is obsolete. Please, replace it with 'Wearable' behavior for medieval:armormedievall-body-leatherc-guindo instead
17.8.2026 23:11:40 [Warning] 'ItemWearable' class is obsolete. Please, replace it with 'Wearable' behavior for medieval:armormedievall-legs-leatherc-guindo instead
17.8.2026 23:11:40 [Warning] 'ItemWearable' class is obsolete. Please, replace it with 'Wearable' behavior for medieval:clothes-emblem-whitebrown-fur-coat2 instead
17.8.2026 23:11:40 [Warning] 'ItemWearable' class is obsolete. Please, replace it with 'Wearable' behavior for medieval:clothes-emblem-whitebrown-fur-coat1 instead
17.8.2026 23:11:40 [Warning] 'ItemWearable' class is obsolete. Please, replace it with 'Wearable' behavior for medieval:clothes-emblem-white-fur-coat2 instead
17.8.2026 23:11:40 [Warning] 'ItemWearable' class is obsolete. Please, replace it with 'Wearable' behavior for medieval:clothes-emblem-white-fur-coat1 instead
17.8.2026 23:11:40 [Warning] 'ItemWearable' class is obsolete. Please, replace it with 'Wearable' behavior for medieval:clothes-emblem-red-fur-coat10 instead
17.8.2026 23:11:40 [Warning] 'ItemWearable' class is obsolete. Please, replace it with 'Wearable' behavior for medieval:clothes-emblem-red-fur-coat instead
17.8.2026 23:11:40 [Warning] 'ItemWearable' class is obsolete. Please, replace it with 'Wearable' behavior for medieval:clothes-emblem-emperador-yellow instead
17.8.2026 23:11:40 [Warning] 'ItemWearable' class is obsolete. Please, replace it with 'Wearable' behavior for medieval:clothes-emblem-emperador-white instead
17.8.2026 23:11:40 [Warning] 'ItemWearable' class is obsolete. Please, replace it with 'Wearable' behavior for medieval:clothes-emblem-emperador-red instead
17.8.2026 23:11:40 [Warning] 'ItemWearable' class is obsolete. Please, replace it with 'Wearable' behavior for medieval:clothes-emblem-emperador-purple instead
17.8.2026 23:11:40 [Warning] 'ItemWearable' class is obsolete. Please, replace it with 'Wearable' behavior for medieval:clothes-emblem-emperador-pink instead
17.8.2026 23:11:40 [Warning] 'ItemWearable' class is obsolete. Please, replace it with 'Wearable' behavior for medieval:clothes-emblem-emperador-orange instead
17.8.2026 23:11:40 [Warning] 'ItemWearable' class is obsolete. Please, replace it with 'Wearable' behavior for medieval:clothes-emblem-emperador-green instead
17.8.2026 23:11:40 [Warning] 'ItemWearable' class is obsolete. Please, replace it with 'Wearable' behavior for medieval:clothes-emblem-emperador-gray instead
17.8.2026 23:11:40 [Warning] 'ItemWearable' class is obsolete. Please, replace it with 'Wearable' behavior for medieval:clothes-emblem-emperador-brown instead
17.8.2026 23:11:40 [Warning] 'ItemWearable' class is obsolete. Please, replace it with 'Wearable' behavior for medieval:clothes-emblem-emperador-blue instead
17.8.2026 23:11:40 [Warning] 'ItemWearable' class is obsolete. Please, replace it with 'Wearable' behavior for medieval:clothes-emblem-emperador-black instead
17.8.2026 23:11:40 [Warning] 'ItemWearable' class is obsolete. Please, replace it with 'Wearable' behavior for medieval:clothes-emblem-emperador instead
17.8.2026 23:11:40 [Warning] 'ItemWearable' class is obsolete. Please, replace it with 'Wearable' behavior for medieval:clothes-emblem-brown-fur-coat instead
17.8.2026 23:11:40 [Warning] 'ItemWearable' class is obsolete. Please, replace it with 'Wearable' behavior for medieval:clothes-emblem-bearblack instead
17.8.2026 23:11:40 [Warning] 'ItemWearable' class is obsolete. Please, replace it with 'Wearable' behavior for medieval:clothes-emblem-bear instead
17.8.2026 23:11:40 [Warning] 'ItemWearable' class is obsolete. Please, replace it with 'Wearable' behavior for medieval:clothes-emblem-vikingarmor instead
17.8.2026 23:11:40 [Warning] 'ItemWearable' class is obsolete. Please, replace it with 'Wearable' behavior for medieval:clothes-emblem-capapurple instead
17.8.2026 23:11:40 [Warning] 'ItemWearable' class is obsolete. Please, replace it with 'Wearable' behavior for medieval:clothes-emblem-capablue instead
17.8.2026 23:11:40 [Warning] 'ItemWearable' class is obsolete. Please, replace it with 'Wearable' behavior for medieval:clothes-emblem-capagreen instead
17.8.2026 23:11:40 [Warning] 'ItemWearable' class is obsolete. Please, replace it with 'Wearable' behavior for medieval:clothes-emblem-capared instead
17.8.2026 23:11:40 [Warning] 'ItemWearable' class is obsolete. Please, replace it with 'Wearable' behavior for medieval:clothes-emblem-capa instead
17.8.2026 23:11:40 [Warning] 'ItemWearable' class is obsolete. Please, replace it with 'Wearable' behavior for medieval:clothes-emblem-ladyarmortop instead
17.8.2026 23:11:40 [Warning] 'ItemWearable' class is obsolete. Please, replace it with 'Wearable' behavior for medieval:clothes-emblem-leathersquare3 instead
17.8.2026 23:11:40 [Warning] 'ItemWearable' class is obsolete. Please, replace it with 'Wearable' behavior for medieval:clothes-emblem-leathersquare2 instead
17.8.2026 23:11:40 [Warning] 'ItemWearable' class is obsolete. Please, replace it with 'Wearable' behavior for medieval:clothes-emblem-guard instead
17.8.2026 23:11:40 [Warning] 'ItemWearable' class is obsolete. Please, replace it with 'Wearable' behavior for medieval:clothes-emblem-black1 instead
17.8.2026 23:11:40 [Warning] 'ItemWearable' class is obsolete. Please, replace it with 'Wearable' behavior for medieval:clothes-emblem-leathersquarem instead
17.8.2026 23:11:40 [Warning] 'ItemWearable' class is obsolete. Please, replace it with 'Wearable' behavior for medieval:clothes-emblem-leathersquare instead
17.8.2026 23:11:40 [Warning] 'ItemWearable' class is obsolete. Please, replace it with 'Wearable' behavior for medieval:clothes-emblem-leathercross instead
17.8.2026 23:11:40 [Warning] 'ItemWearable' class is obsolete. Please, replace it with 'Wearable' behavior for medieval:clothes-emblem-chain instead
17.8.2026 23:11:40 [Warning] 'ItemWearable' class is obsolete. Please, replace it with 'Wearable' behavior for medieval:clothes-face-snow instead
17.8.2026 23:11:40 [Warning] 'ItemWearable' class is obsolete. Please, replace it with 'Wearable' behavior for medieval:clothes-face-medievalglassesgold instead
17.8.2026 23:11:40 [Warning] 'ItemWearable' class is obsolete. Please, replace it with 'Wearable' behavior for medieval:clothes-face-medievalglasses instead
17.8.2026 23:11:40 [Warning] 'ItemWearable' class is obsolete. Please, replace it with 'Wearable' behavior for medieval:clothes-face-devilmask instead
17.8.2026 23:11:40 [Warning] 'ItemWearable' class is obsolete. Please, replace it with 'Wearable' behavior for medieval:clothes-face-skullmask instead
17.8.2026 23:11:40 [Warning] 'ItemWearable' class is obsolete. Please, replace it with 'Wearable' behavior for medieval:clothes-face-leather-maskwhite instead
17.8.2026 23:11:40 [Warning] 'ItemWearable' class is obsolete. Please, replace it with 'Wearable' behavior for medieval:clothes-face-leather-maskred instead
17.8.2026 23:11:40 [Warning] 'ItemWearable' class is obsolete. Please, replace it with 'Wearable' behavior for medieval:clothes-face-leather-mask instead
17.8.2026 23:11:40 [Warning] 'ItemWearable' class is obsolete. Please, replace it with 'Wearable' behavior for medieval:clothes-foot-vikingboots instead
17.8.2026 23:11:40 [Warning] 'ItemWearable' class is obsolete. Please, replace it with 'Wearable' behavior for medieval:clothes-foot-chainmail-boots instead
17.8.2026 23:11:40 [Warning] 'ItemWearable' class is obsolete. Please, replace it with 'Wearable' behavior for medieval:clothes-foot-sandalias instead
17.8.2026 23:11:40 [Warning] 'ItemWearable' class is obsolete. Please, replace it with 'Wearable' behavior for medieval:clothes-foot-medieval-boots-short instead
17.8.2026 23:11:40 [Warning] 'ItemWearable' class is obsolete. Please, replace it with 'Wearable' behavior for medieval:clothes-foot-hunter instead
17.8.2026 23:11:40 [Warning] 'ItemWearable' class is obsolete. Please, replace it with 'Wearable' behavior for medieval:clothes-foot-medieval-woman-shoes-white instead
17.8.2026 23:11:40 [Warning] 'ItemWearable' class is obsolete. Please, replace it with 'Wearable' behavior for medieval:clothes-foot-medieval-woman-shoes-red instead
17.8.2026 23:11:40 [Warning] 'ItemWearable' class is obsolete. Please, replace it with 'Wearable' behavior for medieval:clothes-foot-medieval-woman-shoes-green instead
17.8.2026 23:11:40 [Warning] 'ItemWearable' class is obsolete. Please, replace it with 'Wearable' behavior for medieval:clothes-foot-medieval-woman-shoes-gray instead
17.8.2026 23:11:40 [Warning] 'ItemWearable' class is obsolete. Please, replace it with 'Wearable' behavior for medieval:clothes-foot-medieval-woman-shoes-blue instead
17.8.2026 23:11:40 [Warning] 'ItemWearable' class is obsolete. Please, replace it with 'Wearable' behavior for medieval:clothes-foot-medieval-woman-shoes-black instead
17.8.2026 23:11:40 [Warning] 'ItemWearable' class is obsolete. Please, replace it with 'Wearable' behavior for medieval:clothes-foot-medieval-woman-shoes instead
17.8.2026 23:11:40 [Warning] 'ItemWearable' class is obsolete. Please, replace it with 'Wearable' behavior for medieval:clothes-foot-medieval-boots-white instead
17.8.2026 23:11:40 [Warning] 'ItemWearable' class is obsolete. Please, replace it with 'Wearable' behavior for medieval:clothes-foot-medieval-boots-red instead
17.8.2026 23:11:40 [Warning] 'ItemWearable' class is obsolete. Please, replace it with 'Wearable' behavior for medieval:clothes-foot-medieval-boots-green instead
17.8.2026 23:11:40 [Warning] 'ItemWearable' class is obsolete. Please, replace it with 'Wearable' behavior for medieval:clothes-foot-medieval-boots-gray instead
17.8.2026 23:11:40 [Warning] 'ItemWearable' class is obsolete. Please, replace it with 'Wearable' behavior for medieval:clothes-foot-medieval-boots-blue instead
17.8.2026 23:11:40 [Warning] 'ItemWearable' class is obsolete. Please, replace it with 'Wearable' behavior for medieval:clothes-foot-medieval-boots-black instead
17.8.2026 23:11:40 [Warning] 'ItemWearable' class is obsolete. Please, replace it with 'Wearable' behavior for medieval:clothes-foot-medieval-boots-large3 instead
17.8.2026 23:11:40 [Warning] 'ItemWearable' class is obsolete. Please, replace it with 'Wearable' behavior for medieval:clothes-foot-medieval-boots-large2 instead
17.8.2026 23:11:40 [Warning] 'ItemWearable' class is obsolete. Please, replace it with 'Wearable' behavior for medieval:clothes-foot-medieval-boots-large instead
17.8.2026 23:11:40 [Warning] 'ItemWearable' class is obsolete. Please, replace it with 'Wearable' behavior for medieval:clothes-foot-medieval-boots instead
17.8.2026 23:11:40 [Warning] 'ItemWearable' class is obsolete. Please, replace it with 'Wearable' behavior for medieval:clothes-foot-medieval-high-boots-knife-whitebrown instead
17.8.2026 23:11:40 [Warning] 'ItemWearable' class is obsolete. Please, replace it with 'Wearable' behavior for medieval:clothes-foot-medieval-high-boots-knife-white instead
17.8.2026 23:11:40 [Warning] 'ItemWearable' class is obsolete. Please, replace it with 'Wearable' behavior for medieval:clothes-foot-medieval-high-boots-knife-red instead
17.8.2026 23:11:40 [Warning] 'ItemWearable' class is obsolete. Please, replace it with 'Wearable' behavior for medieval:clothes-foot-medieval-high-boots-knife-green instead
17.8.2026 23:11:40 [Warning] 'ItemWearable' class is obsolete. Please, replace it with 'Wearable' behavior for medieval:clothes-foot-medieval-high-boots-knife-gray instead
17.8.2026 23:11:40 [Warning] 'ItemWearable' class is obsolete. Please, replace it with 'Wearable' behavior for medieval:clothes-foot-medieval-high-boots-knife-blue instead
17.8.2026 23:11:40 [Warning] 'ItemWearable' class is obsolete. Please, replace it with 'Wearable' behavior for medieval:clothes-foot-medieval-high-boots-knife-black instead
17.8.2026 23:11:40 [Warning] 'ItemWearable' class is obsolete. Please, replace it with 'Wearable' behavior for medieval:clothes-foot-medieval-high-boots-knife instead
17.8.2026 23:11:40 [Warning] 'ItemWearable' class is obsolete. Please, replace it with 'Wearable' behavior for medieval:clothes-foot-medieval-high-boots-white instead
17.8.2026 23:11:40 [Warning] 'ItemWearable' class is obsolete. Please, replace it with 'Wearable' behavior for medieval:clothes-foot-medieval-high-boots-red instead
17.8.2026 23:11:40 [Warning] 'ItemWearable' class is obsolete. Please, replace it with 'Wearable' behavior for medieval:clothes-foot-medieval-high-boots-green instead
17.8.2026 23:11:40 [Warning] 'ItemWearable' class is obsolete. Please, replace it with 'Wearable' behavior for medieval:clothes-foot-medieval-high-boots-gray instead
17.8.2026 23:11:40 [Warning] 'ItemWearable' class is obsolete. Please, replace it with 'Wearable' behavior for medieval:clothes-foot-medieval-high-boots-blue instead
17.8.2026 23:11:40 [Warning] 'ItemWearable' class is obsolete. Please, replace it with 'Wearable' behavior for medieval:clothes-foot-medieval-high-boots-black instead
17.8.2026 23:11:40 [Warning] 'ItemWearable' class is obsolete. Please, replace it with 'Wearable' behavior for medieval:clothes-foot-medieval-high-boots instead
17.8.2026 23:11:40 [Warning] 'ItemWearable' class is obsolete. Please, replace it with 'Wearable' behavior for medieval:clothes-foot-medieval-warm-bearblack-boots instead
17.8.2026 23:11:40 [Warning] 'ItemWearable' class is obsolete. Please, replace it with 'Wearable' behavior for medieval:clothes-foot-medieval-warm-bear-boots instead
17.8.2026 23:11:40 [Warning] 'ItemWearable' class is obsolete. Please, replace it with 'Wearable' behavior for medieval:clothes-foot-medieval-warm-high-bootsred instead
17.8.2026 23:11:40 [Warning] 'ItemWearable' class is obsolete. Please, replace it with 'Wearable' behavior for medieval:clothes-foot-medieval-warm-high-boots instead
17.8.2026 23:11:40 [Warning] 'ItemWearable' class is obsolete. Please, replace it with 'Wearable' behavior for medieval:clothes-foot-medieval-great-steppe-boots instead
17.8.2026 23:11:40 [Warning] 'ItemWearable' class is obsolete. Please, replace it with 'Wearable' behavior for medieval:clothes-foot-medieval-great-steppe-woman-boots instead
17.8.2026 23:11:40 [Warning] 'ItemWearable' class is obsolete. Please, replace it with 'Wearable' behavior for medieval:clothes-foot-medieval-great-steppe-womans-boots instead
17.8.2026 23:11:40 [Warning] 'ItemWearable' class is obsolete. Please, replace it with 'Wearable' behavior for medieval:clothes-hand-guantesbrown instead
17.8.2026 23:11:40 [Warning] 'ItemWearable' class is obsolete. Please, replace it with 'Wearable' behavior for medieval:clothes-hand-gloves-plain-lux instead
17.8.2026 23:11:40 [Warning] 'ItemWearable' class is obsolete. Please, replace it with 'Wearable' behavior for medieval:clothes-hand-gloves-whitebrown-lux instead
17.8.2026 23:11:40 [Warning] 'ItemWearable' class is obsolete. Please, replace it with 'Wearable' behavior for medieval:clothes-hand-gloves-white-lux instead
17.8.2026 23:11:40 [Warning] 'ItemWearable' class is obsolete. Please, replace it with 'Wearable' behavior for medieval:clothes-hand-gloves-guindos-lux instead
17.8.2026 23:11:40 [Warning] 'ItemWearable' class is obsolete. Please, replace it with 'Wearable' behavior for medieval:clothes-hand-gloves-black-lux instead
17.8.2026 23:11:40 [Warning] 'ItemWearable' class is obsolete. Please, replace it with 'Wearable' behavior for medieval:clothes-hand-miner instead
17.8.2026 23:11:40 [Warning] 'ItemWearable' class is obsolete. Please, replace it with 'Wearable' behavior for medieval:clothes-hand-winter-gloves1 instead
17.8.2026 23:11:40 [Warning] 'ItemWearable' class is obsolete. Please, replace it with 'Wearable' behavior for medieval:clothes-hand-medieval-gloves instead
17.8.2026 23:11:40 [Warning] 'ItemWearable' class is obsolete. Please, replace it with 'Wearable' behavior for medieval:clothes-hand-medieval-gloves-black instead
17.8.2026 23:11:40 [Warning] 'ItemWearable' class is obsolete. Please, replace it with 'Wearable' behavior for medieval:clothes-hand-medieval-gloves-white instead
17.8.2026 23:11:40 [Warning] 'ItemWearable' class is obsolete. Please, replace it with 'Wearable' behavior for medieval:clothes-head-neckcover1rojo instead
17.8.2026 23:11:40 [Warning] 'ItemWearable' class is obsolete. Please, replace it with 'Wearable' behavior for medieval:clothes-head-neckcoverrojo instead
17.8.2026 23:11:40 [Warning] 'ItemWearable' class is obsolete. Please, replace it with 'Wearable' behavior for medieval:clothes-head-neckcover1purple instead
17.8.2026 23:11:40 [Warning] 'ItemWearable' class is obsolete. Please, replace it with 'Wearable' behavior for medieval:clothes-head-neckcoverpurple instead
17.8.2026 23:11:40 [Warning] 'ItemWearable' class is obsolete. Please, replace it with 'Wearable' behavior for medieval:clothes-head-neckcover1green instead
17.8.2026 23:11:40 [Warning] 'ItemWearable' class is obsolete. Please, replace it with 'Wearable' behavior for medieval:clothes-head-neckcovergreen instead
17.8.2026 23:11:40 [Warning] 'ItemWearable' class is obsolete. Please, replace it with 'Wearable' behavior for medieval:clothes-head-neckcover1blue instead
17.8.2026 23:11:40 [Warning] 'ItemWearable' class is obsolete. Please, replace it with 'Wearable' behavior for medieval:clothes-head-neckcoverblue instead
17.8.2026 23:11:40 [Warning] 'ItemWearable' class is obsolete. Please, replace it with 'Wearable' behavior for medieval:clothes-head-neckcover1white instead
17.8.2026 23:11:40 [Warning] 'ItemWearable' class is obsolete. Please, replace it with 'Wearable' behavior for medieval:clothes-head-neckcoverwhite instead
17.8.2026 23:11:40 [Warning] 'ItemWearable' class is obsolete. Please, replace it with 'Wearable' behavior for medieval:clothes-head-neckcover1red instead
17.8.2026 23:11:40 [Warning] 'ItemWearable' class is obsolete. Please, replace it with 'Wearable' behavior for medieval:clothes-head-neckcoverred instead
17.8.2026 23:11:40 [Warning] 'ItemWearable' class is obsolete. Please, replace it with 'Wearable' behavior for medieval:clothes-head-leatherhat2 instead
17.8.2026 23:11:40 [Warning] 'ItemWearable' class is obsolete. Please, replace it with 'Wearable' behavior for medieval:clothes-head-leatherhat1 instead
17.8.2026 23:11:40 [Warning] 'ItemWearable' class is obsolete. Please, replace it with 'Wearable' behavior for medieval:clothes-head-leatherhat instead
17.8.2026 23:11:40 [Warning] 'ItemWearable' class is obsolete. Please, replace it with 'Wearable' behavior for medieval:clothes-head-lad instead
17.8.2026 23:11:40 [Warning] 'ItemWearable' class is obsolete. Please, replace it with 'Wearable' behavior for medieval:clothes-head-turbantewhite instead
17.8.2026 23:11:40 [Warning] 'ItemWearable' class is obsolete. Please, replace it with 'Wearable' behavior for medieval:clothes-head-turbantered instead
17.8.2026 23:11:40 [Warning] 'ItemWearable' class is obsolete. Please, replace it with 'Wearable' behavior for medieval:clothes-head-turbantepurple instead
17.8.2026 23:11:40 [Warning] 'ItemWearable' class is obsolete. Please, replace it with 'Wearable' behavior for medieval:clothes-head-turbanteblue instead
17.8.2026 23:11:40 [Warning] 'ItemWearable' class is obsolete. Please, replace it with 'Wearable' behavior for medieval:clothes-head-turbante instead
17.8.2026 23:11:40 [Warning] 'ItemWearable' class is obsolete. Please, replace it with 'Wearable' behavior for medieval:clothes-head-hunter instead
17.8.2026 23:11:40 [Warning] 'ItemWearable' class is obsolete. Please, replace it with 'Wearable' behavior for medieval:clothes-head-medieval-woman-coat-head1 instead
17.8.2026 23:11:40 [Warning] 'ItemWearable' class is obsolete. Please, replace it with 'Wearable' behavior for medieval:clothes-head-medieval-hood instead
17.8.2026 23:11:40 [Warning] 'ItemWearable' class is obsolete. Please, replace it with 'Wearable' behavior for medieval:clothes-head-medieval-hood-black instead
17.8.2026 23:11:40 [Warning] 'ItemWearable' class is obsolete. Please, replace it with 'Wearable' behavior for medieval:clothes-head-medieval-hood-brown instead
17.8.2026 23:11:40 [Warning] 'ItemWearable' class is obsolete. Please, replace it with 'Wearable' behavior for medieval:clothes-head-medieval-hood-white instead
17.8.2026 23:11:40 [Warning] 'ItemWearable' class is obsolete. Please, replace it with 'Wearable' behavior for medieval:clothes-lowerbody-vikingpants instead
17.8.2026 23:11:40 [Warning] 'ItemWearable' class is obsolete. Please, replace it with 'Wearable' behavior for medieval:clothes-lowerbody-miner instead
17.8.2026 23:11:40 [Warning] 'ItemWearable' class is obsolete. Please, replace it with 'Wearable' behavior for medieval:clothes-lowerbody-lad instead
17.8.2026 23:11:40 [Warning] 'ItemWearable' class is obsolete. Please, replace it with 'Wearable' behavior for medieval:clothes-lowerbody-hunter instead
17.8.2026 23:11:40 [Warning] 'ItemWearable' class is obsolete. Please, replace it with 'Wearable' behavior for medieval:clothes-lowerbody-manga instead
17.8.2026 23:11:40 [Warning] 'ItemWearable' class is obsolete. Please, replace it with 'Wearable' behavior for medieval:clothes-lowerbody-armor-leather-chain-pants instead
17.8.2026 23:11:40 [Warning] 'ItemWearable' class is obsolete. Please, replace it with 'Wearable' behavior for medieval:clothes-lowerbody-dress-leather1 instead
17.8.2026 23:11:40 [Warning] 'ItemWearable' class is obsolete. Please, replace it with 'Wearable' behavior for medieval:clothes-lowerbody-dress-leather instead
17.8.2026 23:11:40 [Warning] 'ItemWearable' class is obsolete. Please, replace it with 'Wearable' behavior for medieval:clothes-lowerbody-reds1 instead
17.8.2026 23:11:40 [Warning] 'ItemWearable' class is obsolete. Please, replace it with 'Wearable' behavior for medieval:clothes-lowerbody-reds instead
17.8.2026 23:11:40 [Warning] 'ItemWearable' class is obsolete. Please, replace it with 'Wearable' behavior for medieval:clothes-lowerbody-whites instead
17.8.2026 23:11:40 [Warning] 'ItemWearable' class is obsolete. Please, replace it with 'Wearable' behavior for medieval:clothes-lowerbody-blackred instead
17.8.2026 23:11:40 [Warning] 'ItemWearable' class is obsolete. Please, replace it with 'Wearable' behavior for medieval:clothes-lowerbody-ambar instead
17.8.2026 23:11:40 [Warning] 'ItemWearable' class is obsolete. Please, replace it with 'Wearable' behavior for medieval:clothes-lowerbody-black instead
17.8.2026 23:11:40 [Warning] 'ItemWearable' class is obsolete. Please, replace it with 'Wearable' behavior for medieval:clothes-lowerbody-fur-pantsbearblack instead
17.8.2026 23:11:40 [Warning] 'ItemWearable' class is obsolete. Please, replace it with 'Wearable' behavior for medieval:clothes-lowerbody-fur-pantsbear instead
17.8.2026 23:11:40 [Warning] 'ItemWearable' class is obsolete. Please, replace it with 'Wearable' behavior for medieval:clothes-lowerbody-fur-pants instead
17.8.2026 23:11:40 [Warning] 'ItemWearable' class is obsolete. Please, replace it with 'Wearable' behavior for medieval:clothes-lowerbody-medieval-woman-coat-bottom instead
17.8.2026 23:11:40 [Warning] 'ItemWearable' class is obsolete. Please, replace it with 'Wearable' behavior for medieval:clothes-lowerbody-medieval-dress-brown-bottom instead
17.8.2026 23:11:40 [Warning] 'ItemWearable' class is obsolete. Please, replace it with 'Wearable' behavior for medieval:clothes-lowerbody-medieval-dress-blue-bottom instead
17.8.2026 23:11:40 [Warning] 'ItemWearable' class is obsolete. Please, replace it with 'Wearable' behavior for medieval:clothes-lowerbody-medieval-dress-bottom instead
17.8.2026 23:11:40 [Warning] 'ItemWearable' class is obsolete. Please, replace it with 'Wearable' behavior for medieval:clothes-lowerbody-medieval-skirt-orange instead
17.8.2026 23:11:40 [Warning] 'ItemWearable' class is obsolete. Please, replace it with 'Wearable' behavior for medieval:clothes-lowerbody-medieval-skirt-yellow instead
17.8.2026 23:11:40 [Warning] 'ItemWearable' class is obsolete. Please, replace it with 'Wearable' behavior for medieval:clothes-lowerbody-medieval-skirt-white instead
17.8.2026 23:11:40 [Warning] 'ItemWearable' class is obsolete. Please, replace it with 'Wearable' behavior for medieval:clothes-lowerbody-medieval-skirt-red instead
17.8.2026 23:11:40 [Warning] 'ItemWearable' class is obsolete. Please, replace it with 'Wearable' behavior for medieval:clothes-lowerbody-medieval-skirt-green instead
17.8.2026 23:11:40 [Warning] 'ItemWearable' class is obsolete. Please, replace it with 'Wearable' behavior for medieval:clothes-lowerbody-medieval-skirt-gray instead
17.8.2026 23:11:40 [Warning] 'ItemWearable' class is obsolete. Please, replace it with 'Wearable' behavior for medieval:clothes-lowerbody-medieval-skirt-brown instead
17.8.2026 23:11:40 [Warning] 'ItemWearable' class is obsolete. Please, replace it with 'Wearable' behavior for medieval:clothes-lowerbody-medieval-skirt-blue instead
17.8.2026 23:11:40 [Warning] 'ItemWearable' class is obsolete. Please, replace it with 'Wearable' behavior for medieval:clothes-lowerbody-medieval-skirt-black instead
17.8.2026 23:11:40 [Warning] 'ItemWearable' class is obsolete. Please, replace it with 'Wearable' behavior for medieval:clothes-lowerbody-dress-red-es-large instead
17.8.2026 23:11:40 [Warning] 'ItemWearable' class is obsolete. Please, replace it with 'Wearable' behavior for medieval:clothes-lowerbody-dress-red-es-short instead
17.8.2026 23:11:40 [Warning] 'ItemWearable' class is obsolete. Please, replace it with 'Wearable' behavior for medieval:clothes-lowerbody-dress-red-es-extrashort instead
17.8.2026 23:11:40 [Warning] 'ItemWearable' class is obsolete. Please, replace it with 'Wearable' behavior for medieval:clothes-lowerbody-dress-red-es-medium instead
17.8.2026 23:11:40 [Warning] 'ItemWearable' class is obsolete. Please, replace it with 'Wearable' behavior for medieval:clothes-lowerbody-dress-red-extrashort instead
17.8.2026 23:11:40 [Warning] 'ItemWearable' class is obsolete. Please, replace it with 'Wearable' behavior for medieval:clothes-lowerbody-dress-red-short instead
17.8.2026 23:11:40 [Warning] 'ItemWearable' class is obsolete. Please, replace it with 'Wearable' behavior for medieval:clothes-lowerbody-dress-red-medium instead
17.8.2026 23:11:40 [Warning] 'ItemWearable' class is obsolete. Please, replace it with 'Wearable' behavior for medieval:clothes-lowerbody-dress-red-large instead
17.8.2026 23:11:40 [Warning] 'ItemWearable' class is obsolete. Please, replace it with 'Wearable' behavior for medieval:clothes-lowerbody-dress-plain-extrashort instead
17.8.2026 23:11:40 [Warning] 'ItemWearable' class is obsolete. Please, replace it with 'Wearable' behavior for medieval:clothes-lowerbody-dress-plain-short instead
17.8.2026 23:11:40 [Warning] 'ItemWearable' class is obsolete. Please, replace it with 'Wearable' behavior for medieval:clothes-lowerbody-dress-plain-medium instead
17.8.2026 23:11:40 [Warning] 'ItemWearable' class is obsolete. Please, replace it with 'Wearable' behavior for medieval:clothes-lowerbody-dress-plain-large instead
17.8.2026 23:11:40 [Warning] 'ItemWearable' class is obsolete. Please, replace it with 'Wearable' behavior for medieval:clothes-lowerbody-medieval-leather-pants-white instead
17.8.2026 23:11:40 [Warning] 'ItemWearable' class is obsolete. Please, replace it with 'Wearable' behavior for medieval:clothes-lowerbody-medieval-leather-pants-red instead
17.8.2026 23:11:40 [Warning] 'ItemWearable' class is obsolete. Please, replace it with 'Wearable' behavior for medieval:clothes-lowerbody-medieval-leather-pants-green instead
17.8.2026 23:11:40 [Warning] 'ItemWearable' class is obsolete. Please, replace it with 'Wearable' behavior for medieval:clothes-lowerbody-medieval-leather-pants-gray instead
17.8.2026 23:11:40 [Warning] 'ItemWearable' class is obsolete. Please, replace it with 'Wearable' behavior for medieval:clothes-lowerbody-medieval-leather-pants-blue instead
17.8.2026 23:11:40 [Warning] 'ItemWearable' class is obsolete. Please, replace it with 'Wearable' behavior for medieval:clothes-lowerbody-medieval-leather-pants-black instead
17.8.2026 23:11:40 [Warning] 'ItemWearable' class is obsolete. Please, replace it with 'Wearable' behavior for medieval:clothes-lowerbody-medieval-leather-pants instead
17.8.2026 23:11:40 [Warning] 'ItemWearable' class is obsolete. Please, replace it with 'Wearable' behavior for medieval:clothes-lowerbody-medieval-pants-white instead
17.8.2026 23:11:40 [Warning] 'ItemWearable' class is obsolete. Please, replace it with 'Wearable' behavior for medieval:clothes-lowerbody-medieval-pants-red instead
17.8.2026 23:11:40 [Warning] 'ItemWearable' class is obsolete. Please, replace it with 'Wearable' behavior for medieval:clothes-lowerbody-medieval-pants-green instead
17.8.2026 23:11:40 [Warning] 'ItemWearable' class is obsolete. Please, replace it with 'Wearable' behavior for medieval:clothes-lowerbody-medieval-pants-gray instead
17.8.2026 23:11:40 [Warning] 'ItemWearable' class is obsolete. Please, replace it with 'Wearable' behavior for medieval:clothes-lowerbody-medieval-pants-brown instead
17.8.2026 23:11:40 [Warning] 'ItemWearable' class is obsolete. Please, replace it with 'Wearable' behavior for medieval:clothes-lowerbody-medieval-pants-blue instead
17.8.2026 23:11:40 [Warning] 'ItemWearable' class is obsolete. Please, replace it with 'Wearable' behavior for medieval:clothes-lowerbody-medieval-pants instead
17.8.2026 23:11:40 [Warning] 'ItemWearable' class is obsolete. Please, replace it with 'Wearable' behavior for medieval:clothes-neck-skullleather instead
17.8.2026 23:11:40 [Warning] 'ItemWearable' class is obsolete. Please, replace it with 'Wearable' behavior for medieval:clothes-neck-pearl instead
17.8.2026 23:11:40 [Warning] 'ItemWearable' class is obsolete. Please, replace it with 'Wearable' behavior for medieval:clothes-neck-goldenskull instead
17.8.2026 23:11:40 [Warning] 'ItemWearable' class is obsolete. Please, replace it with 'Wearable' behavior for medieval:clothes-neck-footrabbit-amulet instead
17.8.2026 23:11:40 [Warning] 'ItemWearable' class is obsolete. Please, replace it with 'Wearable' behavior for medieval:clothes-neck-tatoo instead
17.8.2026 23:11:40 [Warning] 'ItemWearable' class is obsolete. Please, replace it with 'Wearable' behavior for medieval:clothes-neck-gold-sylvite instead
17.8.2026 23:11:40 [Warning] 'ItemWearable' class is obsolete. Please, replace it with 'Wearable' behavior for medieval:clothes-neck-gold-smokyquartz instead
17.8.2026 23:11:40 [Warning] 'ItemWearable' class is obsolete. Please, replace it with 'Wearable' behavior for medieval:clothes-neck-gold-rosyquartz instead
17.8.2026 23:11:40 [Warning] 'ItemWearable' class is obsolete. Please, replace it with 'Wearable' behavior for medieval:clothes-neck-gold-olivine-p instead
17.8.2026 23:11:40 [Warning] 'ItemWearable' class is obsolete. Please, replace it with 'Wearable' behavior for medieval:clothes-neck-gold-olivine instead
17.8.2026 23:11:40 [Warning] 'ItemWearable' class is obsolete. Please, replace it with 'Wearable' behavior for medieval:clothes-neck-gold-lapislazuli instead
17.8.2026 23:11:40 [Warning] 'ItemWearable' class is obsolete. Please, replace it with 'Wearable' behavior for medieval:clothes-neck-gold-emerald instead
17.8.2026 23:11:40 [Warning] 'ItemWearable' class is obsolete. Please, replace it with 'Wearable' behavior for medieval:clothes-neck-gold-diamond instead
17.8.2026 23:11:40 [Warning] 'ItemWearable' class is obsolete. Please, replace it with 'Wearable' behavior for medieval:clothes-neck-gold-cinnabar instead
17.8.2026 23:11:40 [Warning] 'ItemWearable' class is obsolete. Please, replace it with 'Wearable' behavior for medieval:clothes-neck-gold-charcoal instead
17.8.2026 23:11:40 [Warning] 'ItemWearable' class is obsolete. Please, replace it with 'Wearable' behavior for medieval:clothes-neck-gold-amethyst instead
17.8.2026 23:11:40 [Warning] 'ItemWearable' class is obsolete. Please, replace it with 'Wearable' behavior for medieval:clothes-neck-gold instead
17.8.2026 23:11:40 [Warning] 'ItemWearable' class is obsolete. Please, replace it with 'Wearable' behavior for medieval:clothes-neck-gold-amulet instead
17.8.2026 23:11:40 [Warning] 'ItemWearable' class is obsolete. Please, replace it with 'Wearable' behavior for medieval:clothes-neck-silver-amulet instead
17.8.2026 23:11:40 [Warning] 'ItemWearable' class is obsolete. Please, replace it with 'Wearable' behavior for medieval:clothes-neck-fang3-amulet instead
17.8.2026 23:11:40 [Warning] 'ItemWearable' class is obsolete. Please, replace it with 'Wearable' behavior for medieval:clothes-neck-fang2-amulet instead
17.8.2026 23:11:40 [Warning] 'ItemWearable' class is obsolete. Please, replace it with 'Wearable' behavior for medieval:clothes-neck-fang-amulet instead
17.8.2026 23:11:40 [Warning] 'ItemWearable' class is obsolete. Please, replace it with 'Wearable' behavior for medieval:clothes-neck-diamond-amulet instead
17.8.2026 23:11:40 [Warning] 'ItemWearable' class is obsolete. Please, replace it with 'Wearable' behavior for medieval:clothes-shoulder-capacubiertaneg instead
17.8.2026 23:11:40 [Warning] 'ItemWearable' class is obsolete. Please, replace it with 'Wearable' behavior for medieval:clothes-shoulder-capacubierta instead
17.8.2026 23:11:40 [Warning] 'ItemWearable' class is obsolete. Please, replace it with 'Wearable' behavior for medieval:clothes-shoulder-tunicapoorbrown instead
17.8.2026 23:11:40 [Warning] 'ItemWearable' class is obsolete. Please, replace it with 'Wearable' behavior for medieval:clothes-shoulder-tunicapoorblack instead
17.8.2026 23:11:40 [Warning] 'ItemWearable' class is obsolete. Please, replace it with 'Wearable' behavior for medieval:clothes-shoulder-tunicapoorblue instead
17.8.2026 23:11:40 [Warning] 'ItemWearable' class is obsolete. Please, replace it with 'Wearable' behavior for medieval:clothes-shoulder-tunicapoorred instead
17.8.2026 23:11:40 [Warning] 'ItemWearable' class is obsolete. Please, replace it with 'Wearable' behavior for medieval:clothes-shoulder-tunicapoororange instead
17.8.2026 23:11:40 [Warning] 'ItemWearable' class is obsolete. Please, replace it with 'Wearable' behavior for medieval:clothes-shoulder-tunicapoorgreen instead
17.8.2026 23:11:40 [Warning] 'ItemWearable' class is obsolete. Please, replace it with 'Wearable' behavior for medieval:clothes-shoulder-tunicapoor instead
17.8.2026 23:11:40 [Warning] 'ItemWearable' class is obsolete. Please, replace it with 'Wearable' behavior for medieval:clothes-shoulder-piel instead
17.8.2026 23:11:40 [Warning] 'ItemWearable' class is obsolete. Please, replace it with 'Wearable' behavior for medieval:clothes-shoulder-yellow instead
17.8.2026 23:11:40 [Warning] 'ItemWearable' class is obsolete. Please, replace it with 'Wearable' behavior for medieval:clothes-shoulder-red instead
17.8.2026 23:11:40 [Warning] 'ItemWearable' class is obsolete. Please, replace it with 'Wearable' behavior for medieval:clothes-shoulder-plain1 instead
17.8.2026 23:11:40 [Warning] 'ItemWearable' class is obsolete. Please, replace it with 'Wearable' behavior for medieval:clothes-shoulder-plain instead
17.8.2026 23:11:40 [Warning] 'ItemWearable' class is obsolete. Please, replace it with 'Wearable' behavior for medieval:clothes-shoulder-orange1 instead
17.8.2026 23:11:40 [Warning] 'ItemWearable' class is obsolete. Please, replace it with 'Wearable' behavior for medieval:clothes-shoulder-orange instead
17.8.2026 23:11:40 [Warning] 'ItemWearable' class is obsolete. Please, replace it with 'Wearable' behavior for medieval:clothes-shoulder-green1 instead
17.8.2026 23:11:40 [Warning] 'ItemWearable' class is obsolete. Please, replace it with 'Wearable' behavior for medieval:clothes-shoulder-green instead
17.8.2026 23:11:40 [Warning] 'ItemWearable' class is obsolete. Please, replace it with 'Wearable' behavior for medieval:clothes-shoulder-brown instead
17.8.2026 23:11:40 [Warning] 'ItemWearable' class is obsolete. Please, replace it with 'Wearable' behavior for medieval:clothes-shoulder-blue instead
17.8.2026 23:11:40 [Warning] 'ItemWearable' class is obsolete. Please, replace it with 'Wearable' behavior for medieval:clothes-shoulder-fox instead
17.8.2026 23:11:40 [Warning] 'ItemWearable' class is obsolete. Please, replace it with 'Wearable' behavior for medieval:clothes-shoulder-neckcover instead
17.8.2026 23:11:40 [Warning] 'ItemWearable' class is obsolete. Please, replace it with 'Wearable' behavior for medieval:clothes-shoulder-kitchener instead
17.8.2026 23:11:40 [Warning] 'ItemWearable' class is obsolete. Please, replace it with 'Wearable' behavior for medieval:clothes-shoulder-butcher instead
17.8.2026 23:11:40 [Warning] 'ItemWearable' class is obsolete. Please, replace it with 'Wearable' behavior for medieval:clothes-shoulder-miner instead
17.8.2026 23:11:40 [Warning] 'ItemWearable' class is obsolete. Please, replace it with 'Wearable' behavior for medieval:clothes-shoulder-shawl-green instead
17.8.2026 23:11:40 [Warning] 'ItemWearable' class is obsolete. Please, replace it with 'Wearable' behavior for medieval:clothes-shoulder-mason instead
17.8.2026 23:11:40 [Warning] 'ItemWearable' class is obsolete. Please, replace it with 'Wearable' behavior for medieval:clothes-shoulder-delantal instead
17.8.2026 23:11:40 [Warning] 'ItemWearable' class is obsolete. Please, replace it with 'Wearable' behavior for medieval:clothes-shoulder-chaleco instead
17.8.2026 23:11:40 [Warning] 'ItemWearable' class is obsolete. Please, replace it with 'Wearable' behavior for medieval:clothes-shoulder-medieval-woman-coat-shoulder instead
17.8.2026 23:11:40 [Warning] 'ItemWearable' class is obsolete. Please, replace it with 'Wearable' behavior for medieval:clothes-shoulder-medieval-scarf instead
17.8.2026 23:11:40 [Warning] 'ItemWearable' class is obsolete. Please, replace it with 'Wearable' behavior for medieval:clothes-shoulder-medieval-leather-poncho-black instead
17.8.2026 23:11:40 [Warning] 'ItemWearable' class is obsolete. Please, replace it with 'Wearable' behavior for medieval:clothes-shoulder-medieval-leather-poncho instead
17.8.2026 23:11:40 [Warning] 'ItemWearable' class is obsolete. Please, replace it with 'Wearable' behavior for medieval:clothes-shoulder-medieval-hide-robe instead
17.8.2026 23:11:40 [Warning] 'ItemWearable' class is obsolete. Please, replace it with 'Wearable' behavior for medieval:clothes-shoulder-medieval-cape instead
17.8.2026 23:11:40 [Warning] 'ItemWearable' class is obsolete. Please, replace it with 'Wearable' behavior for medieval:clothes-upperbody-shirt-yellow instead
17.8.2026 23:11:40 [Warning] 'ItemWearable' class is obsolete. Please, replace it with 'Wearable' behavior for medieval:clothes-upperbody-shirt-red instead
17.8.2026 23:11:40 [Warning] 'ItemWearable' class is obsolete. Please, replace it with 'Wearable' behavior for medieval:clothes-upperbody-shirt-purple instead
17.8.2026 23:11:40 [Warning] 'ItemWearable' class is obsolete. Please, replace it with 'Wearable' behavior for medieval:clothes-upperbody-shirt-orange instead
17.8.2026 23:11:40 [Warning] 'ItemWearable' class is obsolete. Please, replace it with 'Wearable' behavior for medieval:clothes-upperbody-shirt-green instead
17.8.2026 23:11:40 [Warning] 'ItemWearable' class is obsolete. Please, replace it with 'Wearable' behavior for medieval:clothes-upperbody-shirt-gray instead
17.8.2026 23:11:40 [Warning] 'ItemWearable' class is obsolete. Please, replace it with 'Wearable' behavior for medieval:clothes-upperbody-shirt-brown instead
17.8.2026 23:11:40 [Warning] 'ItemWearable' class is obsolete. Please, replace it with 'Wearable' behavior for medieval:clothes-upperbody-shirt-blue instead
17.8.2026 23:11:40 [Warning] 'ItemWearable' class is obsolete. Please, replace it with 'Wearable' behavior for medieval:clothes-upperbody-shirt-black instead
17.8.2026 23:11:40 [Warning] 'ItemWearable' class is obsolete. Please, replace it with 'Wearable' behavior for medieval:clothes-upperbody-leon2 instead
17.8.2026 23:11:40 [Warning] 'ItemWearable' class is obsolete. Please, replace it with 'Wearable' behavior for medieval:clothes-upperbody-leon instead
17.8.2026 23:11:40 [Warning] 'ItemWearable' class is obsolete. Please, replace it with 'Wearable' behavior for medieval:clothes-upperbody-ruddis-cloth-guindo instead
17.8.2026 23:11:40 [Warning] 'ItemWearable' class is obsolete. Please, replace it with 'Wearable' behavior for medieval:clothes-upperbody-ruddis-cloth-yellow instead
17.8.2026 23:11:40 [Warning] 'ItemWearable' class is obsolete. Please, replace it with 'Wearable' behavior for medieval:clothes-upperbody-ruddis-cloth-white instead
17.8.2026 23:11:40 [Warning] 'ItemWearable' class is obsolete. Please, replace it with 'Wearable' behavior for medieval:clothes-upperbody-ruddis-cloth-red instead
17.8.2026 23:11:40 [Warning] 'ItemWearable' class is obsolete. Please, replace it with 'Wearable' behavior for medieval:clothes-upperbody-ruddis-cloth-purple instead
17.8.2026 23:11:40 [Warning] 'ItemWearable' class is obsolete. Please, replace it with 'Wearable' behavior for medieval:clothes-upperbody-ruddis-cloth-pink instead
17.8.2026 23:11:40 [Warning] 'ItemWearable' class is obsolete. Please, replace it with 'Wearable' behavior for medieval:clothes-upperbody-ruddis-cloth-orange instead
17.8.2026 23:11:40 [Warning] 'ItemWearable' class is obsolete. Please, replace it with 'Wearable' behavior for medieval:clothes-upperbody-ruddis-cloth-green instead
17.8.2026 23:11:40 [Warning] 'ItemWearable' class is obsolete. Please, replace it with 'Wearable' behavior for medieval:clothes-upperbody-ruddis-cloth-gray instead
17.8.2026 23:11:40 [Warning] 'ItemWearable' class is obsolete. Please, replace it with 'Wearable' behavior for medieval:clothes-upperbody-ruddis-cloth-brown instead
17.8.2026 23:11:40 [Warning] 'ItemWearable' class is obsolete. Please, replace it with 'Wearable' behavior for medieval:clothes-upperbody-ruddis-cloth-blue instead
17.8.2026 23:11:40 [Warning] 'ItemWearable' class is obsolete. Please, replace it with 'Wearable' behavior for medieval:clothes-upperbody-ruddis-cloth-black instead
17.8.2026 23:11:40 [Warning] 'ItemWearable' class is obsolete. Please, replace it with 'Wearable' behavior for medieval:clothes-upperbody-vikingshirt instead
17.8.2026 23:11:40 [Warning] 'ItemWearable' class is obsolete. Please, replace it with 'Wearable' behavior for medieval:clothes-upperbody-hunter instead
17.8.2026 23:11:40 [Warning] 'ItemWearable' class is obsolete. Please, replace it with 'Wearable' behavior for medieval:clothes-upperbody-miner instead
17.8.2026 23:11:40 [Warning] 'ItemWearable' class is obsolete. Please, replace it with 'Wearable' behavior for medieval:clothes-upperbody-medieval-short-red-neck instead
17.8.2026 23:11:40 [Warning] 'ItemWearable' class is obsolete. Please, replace it with 'Wearable' behavior for medieval:clothes-upperbody-medieval-short-red instead
17.8.2026 23:11:40 [Warning] 'ItemWearable' class is obsolete. Please, replace it with 'Wearable' behavior for medieval:clothes-upperbody-medieval-short-brown-neck instead
17.8.2026 23:11:40 [Warning] 'ItemWearable' class is obsolete. Please, replace it with 'Wearable' behavior for medieval:clothes-upperbody-medieval-short-brown instead
17.8.2026 23:11:40 [Warning] 'ItemWearable' class is obsolete. Please, replace it with 'Wearable' behavior for medieval:clothes-upperbody-medieval-short-black-neck instead
17.8.2026 23:11:40 [Warning] 'ItemWearable' class is obsolete. Please, replace it with 'Wearable' behavior for medieval:clothes-upperbody-medieval-short-black instead
17.8.2026 23:11:40 [Warning] 'ItemWearable' class is obsolete. Please, replace it with 'Wearable' behavior for medieval:clothes-upperbody-manga instead
17.8.2026 23:11:40 [Warning] 'ItemWearable' class is obsolete. Please, replace it with 'Wearable' behavior for medieval:clothes-upperbody-gris instead
17.8.2026 23:11:40 [Warning] 'ItemWearable' class is obsolete. Please, replace it with 'Wearable' behavior for medieval:clothes-upperbody-medieval-lux-leather-shirt instead
17.8.2026 23:11:40 [Warning] 'ItemWearable' class is obsolete. Please, replace it with 'Wearable' behavior for medieval:clothes-upperbody-camisita-yellow instead
17.8.2026 23:11:40 [Warning] 'ItemWearable' class is obsolete. Please, replace it with 'Wearable' behavior for medieval:clothes-upperbody-camisita-red instead
17.8.2026 23:11:40 [Warning] 'ItemWearable' class is obsolete. Please, replace it with 'Wearable' behavior for medieval:clothes-upperbody-camisita-orange instead
17.8.2026 23:11:40 [Warning] 'ItemWearable' class is obsolete. Please, replace it with 'Wearable' behavior for medieval:clothes-upperbody-camisita-green instead
17.8.2026 23:11:40 [Warning] 'ItemWearable' class is obsolete. Please, replace it with 'Wearable' behavior for medieval:clothes-upperbody-camisita-gray instead
17.8.2026 23:11:40 [Warning] 'ItemWearable' class is obsolete. Please, replace it with 'Wearable' behavior for medieval:clothes-upperbody-camisita-brown instead
17.8.2026 23:11:40 [Warning] 'ItemWearable' class is obsolete. Please, replace it with 'Wearable' behavior for medieval:clothes-upperbody-camisita-blue instead
17.8.2026 23:11:40 [Warning] 'ItemWearable' class is obsolete. Please, replace it with 'Wearable' behavior for medieval:clothes-upperbody-camisita-black instead
17.8.2026 23:11:40 [Warning] 'ItemWearable' class is obsolete. Please, replace it with 'Wearable' behavior for medieval:clothes-upperbody-ambar instead
17.8.2026 23:11:40 [Warning] 'ItemWearable' class is obsolete. Please, replace it with 'Wearable' behavior for medieval:clothes-upperbody-blackred instead
17.8.2026 23:11:40 [Warning] 'ItemWearable' class is obsolete. Please, replace it with 'Wearable' behavior for medieval:clothes-upperbody-black instead
17.8.2026 23:11:40 [Warning] 'ItemWearable' class is obsolete. Please, replace it with 'Wearable' behavior for medieval:clothes-upperbody-medieval-squire-tunic instead
17.8.2026 23:11:40 [Warning] 'ItemWearable' class is obsolete. Please, replace it with 'Wearable' behavior for medieval:clothes-upperbody-medieval-knight-tunic-gray instead
17.8.2026 23:11:40 [Warning] 'ItemWearable' class is obsolete. Please, replace it with 'Wearable' behavior for medieval:clothes-upperbody-medieval-knight-tunic-red instead
17.8.2026 23:11:40 [Warning] 'ItemWearable' class is obsolete. Please, replace it with 'Wearable' behavior for medieval:clothes-upperbody-medieval-knight-tunic-brown instead
17.8.2026 23:11:40 [Warning] 'ItemWearable' class is obsolete. Please, replace it with 'Wearable' behavior for medieval:clothes-upperbody-medieval-woman-coat-top instead
17.8.2026 23:11:40 [Warning] 'ItemWearable' class is obsolete. Please, replace it with 'Wearable' behavior for medieval:clothes-upperbody-medieval-dress-blue-top instead
17.8.2026 23:11:40 [Warning] 'ItemWearable' class is obsolete. Please, replace it with 'Wearable' behavior for medieval:clothes-upperbody-medieval-dress-brown-top instead
17.8.2026 23:11:40 [Warning] 'ItemWearable' class is obsolete. Please, replace it with 'Wearable' behavior for medieval:clothes-upperbody-medieval-dress-top instead
17.8.2026 23:11:40 [Warning] 'ItemWearable' class is obsolete. Please, replace it with 'Wearable' behavior for medieval:clothes-upperbody-medieval-blouse-yellow instead
17.8.2026 23:11:40 [Warning] 'ItemWearable' class is obsolete. Please, replace it with 'Wearable' behavior for medieval:clothes-upperbody-medieval-blouse-white instead
17.8.2026 23:11:40 [Warning] 'ItemWearable' class is obsolete. Please, replace it with 'Wearable' behavior for medieval:clothes-upperbody-medieval-blouse-red instead
17.8.2026 23:11:40 [Warning] 'ItemWearable' class is obsolete. Please, replace it with 'Wearable' behavior for medieval:clothes-upperbody-medieval-blouse-purple instead
17.8.2026 23:11:40 [Warning] 'ItemWearable' class is obsolete. Please, replace it with 'Wearable' behavior for medieval:clothes-upperbody-medieval-blouse-pink instead
17.8.2026 23:11:40 [Warning] 'ItemWearable' class is obsolete. Please, replace it with 'Wearable' behavior for medieval:clothes-upperbody-medieval-blouse-orange instead
17.8.2026 23:11:40 [Warning] 'ItemWearable' class is obsolete. Please, replace it with 'Wearable' behavior for medieval:clothes-upperbody-medieval-blouse-green instead
17.8.2026 23:11:40 [Warning] 'ItemWearable' class is obsolete. Please, replace it with 'Wearable' behavior for medieval:clothes-upperbody-medieval-blouse-gray instead
17.8.2026 23:11:40 [Warning] 'ItemWearable' class is obsolete. Please, replace it with 'Wearable' behavior for medieval:clothes-upperbody-medieval-blouse-brown instead
17.8.2026 23:11:40 [Warning] 'ItemWearable' class is obsolete. Please, replace it with 'Wearable' behavior for medieval:clothes-upperbody-medieval-blouse-blue instead
17.8.2026 23:11:40 [Warning] 'ItemWearable' class is obsolete. Please, replace it with 'Wearable' behavior for medieval:clothes-upperbody-medieval-blouse-black instead
17.8.2026 23:11:40 [Warning] 'ItemWearable' class is obsolete. Please, replace it with 'Wearable' behavior for medieval:clothes-upperbody-medieval-blouse instead
17.8.2026 23:11:40 [Warning] 'ItemWearable' class is obsolete. Please, replace it with 'Wearable' behavior for medieval:clothes-upperbody-medieval-large-white-w instead
17.8.2026 23:11:40 [Warning] 'ItemWearable' class is obsolete. Please, replace it with 'Wearable' behavior for medieval:clothes-upperbody-medieval-large-purple-w instead
17.8.2026 23:11:40 [Warning] 'ItemWearable' class is obsolete. Please, replace it with 'Wearable' behavior for medieval:clothes-upperbody-medieval-large-pink-w instead
17.8.2026 23:11:40 [Warning] 'ItemWearable' class is obsolete. Please, replace it with 'Wearable' behavior for medieval:clothes-upperbody-medieval-large-red-w instead
17.8.2026 23:11:40 [Warning] 'ItemWearable' class is obsolete. Please, replace it with 'Wearable' behavior for medieval:clothes-upperbody-medieval-large-red-robe instead
17.8.2026 23:11:40 [Warning] 'ItemWearable' class is obsolete. Please, replace it with 'Wearable' behavior for medieval:clothes-upperbody-medieval-large-red-neck instead
17.8.2026 23:11:40 [Warning] 'ItemWearable' class is obsolete. Please, replace it with 'Wearable' behavior for medieval:clothes-upperbody-medieval-large-black-robe instead
17.8.2026 23:11:40 [Warning] 'ItemWearable' class is obsolete. Please, replace it with 'Wearable' behavior for medieval:clothes-upperbody-medieval-large-black-neck instead
17.8.2026 23:11:40 [Warning] 'ItemWearable' class is obsolete. Please, replace it with 'Wearable' behavior for medieval:clothes-upperbody-medieval-large-yellow-w instead
17.8.2026 23:11:40 [Warning] 'ItemWearable' class is obsolete. Please, replace it with 'Wearable' behavior for medieval:clothes-upperbody-medieval-large-yellow-robe instead
17.8.2026 23:11:40 [Warning] 'ItemWearable' class is obsolete. Please, replace it with 'Wearable' behavior for medieval:clothes-upperbody-medieval-large-yellow-neck instead
17.8.2026 23:11:40 [Warning] 'ItemWearable' class is obsolete. Please, replace it with 'Wearable' behavior for medieval:clothes-upperbody-medieval-large-orange-w instead
17.8.2026 23:11:40 [Warning] 'ItemWearable' class is obsolete. Please, replace it with 'Wearable' behavior for medieval:clothes-upperbody-medieval-large-orange-robe instead
17.8.2026 23:11:40 [Warning] 'ItemWearable' class is obsolete. Please, replace it with 'Wearable' behavior for medieval:clothes-upperbody-medieval-large-orange-neck instead
17.8.2026 23:11:40 [Warning] 'ItemWearable' class is obsolete. Please, replace it with 'Wearable' behavior for medieval:clothes-upperbody-medieval-large-green-w instead
17.8.2026 23:11:40 [Warning] 'ItemWearable' class is obsolete. Please, replace it with 'Wearable' behavior for medieval:clothes-upperbody-medieval-large-green-robe instead
17.8.2026 23:11:40 [Warning] 'ItemWearable' class is obsolete. Please, replace it with 'Wearable' behavior for medieval:clothes-upperbody-medieval-large-green-neck instead
17.8.2026 23:11:40 [Warning] 'ItemWearable' class is obsolete. Please, replace it with 'Wearable' behavior for medieval:clothes-upperbody-medieval-large-gray-w instead
17.8.2026 23:11:40 [Warning] 'ItemWearable' class is obsolete. Please, replace it with 'Wearable' behavior for medieval:clothes-upperbody-medieval-large-gray-robe instead
17.8.2026 23:11:40 [Warning] 'ItemWearable' class is obsolete. Please, replace it with 'Wearable' behavior for medieval:clothes-upperbody-medieval-large-gray-neck instead
17.8.2026 23:11:40 [Warning] 'ItemWearable' class is obsolete. Please, replace it with 'Wearable' behavior for medieval:clothes-upperbody-medieval-large-brown-w instead
17.8.2026 23:11:40 [Warning] 'ItemWearable' class is obsolete. Please, replace it with 'Wearable' behavior for medieval:clothes-upperbody-medieval-large-brown-robe instead
17.8.2026 23:11:40 [Warning] 'ItemWearable' class is obsolete. Please, replace it with 'Wearable' behavior for medieval:clothes-upperbody-medieval-large-brown-neck instead
17.8.2026 23:11:40 [Warning] 'ItemWearable' class is obsolete. Please, replace it with 'Wearable' behavior for medieval:clothes-upperbody-medieval-large-blue-w instead
17.8.2026 23:11:40 [Warning] 'ItemWearable' class is obsolete. Please, replace it with 'Wearable' behavior for medieval:clothes-upperbody-medieval-large-blue-robe instead
17.8.2026 23:11:40 [Warning] 'ItemWearable' class is obsolete. Please, replace it with 'Wearable' behavior for medieval:clothes-upperbody-medieval-large-blue-neck instead
17.8.2026 23:11:40 [Warning] 'ItemWearable' class is obsolete. Please, replace it with 'Wearable' behavior for medieval:clothes-upperbody-large-yellow-luxurious-medieval-tunic instead
17.8.2026 23:11:40 [Warning] 'ItemWearable' class is obsolete. Please, replace it with 'Wearable' behavior for medieval:clothes-upperbody-large-red-luxurious-medieval-tunic instead
17.8.2026 23:11:40 [Warning] 'ItemWearable' class is obsolete. Please, replace it with 'Wearable' behavior for medieval:clothes-upperbody-large-orange-luxurious-medieval-tunic instead
17.8.2026 23:11:40 [Warning] 'ItemWearable' class is obsolete. Please, replace it with 'Wearable' behavior for medieval:clothes-upperbody-large-green-luxurious-medieval-tunic instead
17.8.2026 23:11:40 [Warning] 'ItemWearable' class is obsolete. Please, replace it with 'Wearable' behavior for medieval:clothes-upperbody-large-gray-luxurious-medieval-tunic instead
17.8.2026 23:11:40 [Warning] 'ItemWearable' class is obsolete. Please, replace it with 'Wearable' behavior for medieval:clothes-upperbody-large-blue-luxurious-medieval-tunic instead
17.8.2026 23:11:40 [Warning] 'ItemWearable' class is obsolete. Please, replace it with 'Wearable' behavior for medieval:clothes-upperbody-medieval-shirt instead
17.8.2026 23:11:40 [Warning] 'ItemWearable' class is obsolete. Please, replace it with 'Wearable' behavior for medieval:clothes-upperbody-medieval-leather-shirt-white instead
17.8.2026 23:11:40 [Warning] 'ItemWearable' class is obsolete. Please, replace it with 'Wearable' behavior for medieval:clothes-upperbody-medieval-leather-shirt-red instead
17.8.2026 23:11:40 [Warning] 'ItemWearable' class is obsolete. Please, replace it with 'Wearable' behavior for medieval:clothes-upperbody-medieval-leather-shirt-green instead
17.8.2026 23:11:40 [Warning] 'ItemWearable' class is obsolete. Please, replace it with 'Wearable' behavior for medieval:clothes-upperbody-medieval-leather-shirt-gray instead
17.8.2026 23:11:40 [Warning] 'ItemWearable' class is obsolete. Please, replace it with 'Wearable' behavior for medieval:clothes-upperbody-medieval-leather-shirt-blue instead
17.8.2026 23:11:40 [Warning] 'ItemWearable' class is obsolete. Please, replace it with 'Wearable' behavior for medieval:clothes-upperbody-medieval-leather-shirt-black instead
17.8.2026 23:11:40 [Warning] 'ItemWearable' class is obsolete. Please, replace it with 'Wearable' behavior for medieval:clothes-upperbody-medieval-leather-shirt instead
17.8.2026 23:11:40 [Warning] 'ItemWearable' class is obsolete. Please, replace it with 'Wearable' behavior for medieval:clothes-upperbody-linen-tunic-yellow instead
17.8.2026 23:11:40 [Warning] 'ItemWearable' class is obsolete. Please, replace it with 'Wearable' behavior for medieval:clothes-upperbody-linen-tunic-white instead
17.8.2026 23:11:40 [Warning] 'ItemWearable' class is obsolete. Please, replace it with 'Wearable' behavior for medieval:clothes-upperbody-linen-tunic-red instead
17.8.2026 23:11:40 [Warning] 'ItemWearable' class is obsolete. Please, replace it with 'Wearable' behavior for medieval:clothes-upperbody-linen-tunic-purple instead
17.8.2026 23:11:40 [Warning] 'ItemWearable' class is obsolete. Please, replace it with 'Wearable' behavior for medieval:clothes-upperbody-linen-tunic-orange instead
17.8.2026 23:11:40 [Warning] 'ItemWearable' class is obsolete. Please, replace it with 'Wearable' behavior for medieval:clothes-upperbody-linen-tunic-green instead
17.8.2026 23:11:40 [Warning] 'ItemWearable' class is obsolete. Please, replace it with 'Wearable' behavior for medieval:clothes-upperbody-linen-tunic-gray instead
17.8.2026 23:11:40 [Warning] 'ItemWearable' class is obsolete. Please, replace it with 'Wearable' behavior for medieval:clothes-upperbody-linen-tunic-brown instead
17.8.2026 23:11:40 [Warning] 'ItemWearable' class is obsolete. Please, replace it with 'Wearable' behavior for medieval:clothes-upperbody-linen-tunic-blue instead
17.8.2026 23:11:40 [Warning] 'ItemWearable' class is obsolete. Please, replace it with 'Wearable' behavior for medieval:clothes-upperbody-linen-tunic-pink instead
17.8.2026 23:11:40 [Warning] 'ItemWearable' class is obsolete. Please, replace it with 'Wearable' behavior for medieval:clothes-upperbody-linen-tunic-black instead
17.8.2026 23:11:40 [Warning] 'ItemWearable' class is obsolete. Please, replace it with 'Wearable' behavior for medieval:clothes-upperbody-steel-embroidered-shirt instead
17.8.2026 23:11:40 [Warning] 'ItemWearable' class is obsolete. Please, replace it with 'Wearable' behavior for medieval:clothes-upperbody-turquoise-embroidered-shirt instead
17.8.2026 23:11:40 [Warning] 'ItemWearable' class is obsolete. Please, replace it with 'Wearable' behavior for medieval:clothes-upperbody-camel-embroidered-shirt instead
17.8.2026 23:11:40 [Warning] 'ItemWearable' class is obsolete. Please, replace it with 'Wearable' behavior for medieval:clothes-upperbody-crimson-embroidered-shirt instead
17.8.2026 23:11:40 [Warning] 'ItemWearable' class is obsolete. Please, replace it with 'Wearable' behavior for medieval:clothes-upperbodyover-guindo instead
17.8.2026 23:11:40 [Warning] 'ItemWearable' class is obsolete. Please, replace it with 'Wearable' behavior for medieval:clothes-upperbodyover-olivo instead
17.8.2026 23:11:40 [Warning] 'ItemWearable' class is obsolete. Please, replace it with 'Wearable' behavior for medieval:clothes-upperbodyover-duende instead
17.8.2026 23:11:40 [Warning] 'ItemWearable' class is obsolete. Please, replace it with 'Wearable' behavior for medieval:clothes-upperbodyover-lux instead
17.8.2026 23:11:40 [Warning] 'ItemWearable' class is obsolete. Please, replace it with 'Wearable' behavior for medieval:clothes-upperbodyover-savage instead
17.8.2026 23:11:40 [Warning] 'ItemWearable' class is obsolete. Please, replace it with 'Wearable' behavior for medieval:clothes-upperbodyover-navajo instead
17.8.2026 23:11:40 [Warning] 'ItemWearable' class is obsolete. Please, replace it with 'Wearable' behavior for medieval:clothes-upperbodyover-lion instead
17.8.2026 23:11:40 [Warning] 'ItemWearable' class is obsolete. Please, replace it with 'Wearable' behavior for medieval:clothes-upperbodyover-jungle instead
17.8.2026 23:11:40 [Warning] 'ItemWearable' class is obsolete. Please, replace it with 'Wearable' behavior for medieval:clothes-upperbodyover-gentilred instead
17.8.2026 23:11:40 [Warning] 'ItemWearable' class is obsolete. Please, replace it with 'Wearable' behavior for medieval:clothes-upperbodyover-gentil instead
17.8.2026 23:11:40 [Warning] 'ItemWearable' class is obsolete. Please, replace it with 'Wearable' behavior for medieval:clothes-upperbodyover-elegante instead
17.8.2026 23:11:40 [Warning] 'ItemWearable' class is obsolete. Please, replace it with 'Wearable' behavior for medieval:clothes-upperbodyover-eagle instead
17.8.2026 23:11:40 [Warning] 'ItemWearable' class is obsolete. Please, replace it with 'Wearable' behavior for medieval:clothes-upperbodyover-diamond instead
17.8.2026 23:11:40 [Warning] 'ItemWearable' class is obsolete. Please, replace it with 'Wearable' behavior for medieval:clothes-upperbodyover-calavera instead
17.8.2026 23:11:40 [Warning] 'ItemWearable' class is obsolete. Please, replace it with 'Wearable' behavior for medieval:clothes-upperbodyover-bosque2 instead
17.8.2026 23:11:40 [Warning] 'ItemWearable' class is obsolete. Please, replace it with 'Wearable' behavior for medieval:clothes-upperbodyover-blackgold instead
17.8.2026 23:11:40 [Warning] 'ItemWearable' class is obsolete. Please, replace it with 'Wearable' behavior for medieval:clothes-upperbodyover-blackgray instead
17.8.2026 23:11:40 [Warning] 'ItemWearable' class is obsolete. Please, replace it with 'Wearable' behavior for medieval:clothes-upperbodyover-reli2 instead
17.8.2026 23:11:40 [Warning] 'ItemWearable' class is obsolete. Please, replace it with 'Wearable' behavior for medieval:clothes-upperbodyover-reli instead
17.8.2026 23:11:40 [Warning] 'ItemWearable' class is obsolete. Please, replace it with 'Wearable' behavior for medieval:clothes-upperbodyover-hunterwhite instead
17.8.2026 23:11:40 [Warning] 'ItemWearable' class is obsolete. Please, replace it with 'Wearable' behavior for medieval:clothes-upperbodyover-hunterred instead
17.8.2026 23:11:40 [Warning] 'ItemWearable' class is obsolete. Please, replace it with 'Wearable' behavior for medieval:clothes-upperbodyover-medieval-robes instead
17.8.2026 23:11:40 [Warning] 'ItemWearable' class is obsolete. Please, replace it with 'Wearable' behavior for medieval:clothes-upperbodyover-medieval-robes-red instead
17.8.2026 23:11:40 [Warning] 'ItemWearable' class is obsolete. Please, replace it with 'Wearable' behavior for medieval:clothes-upperbodyover-medieval-robes-green instead
17.8.2026 23:11:40 [Warning] 'ItemWearable' class is obsolete. Please, replace it with 'Wearable' behavior for medieval:clothes-upperbodyover-medieval-robes-brown instead
17.8.2026 23:11:40 [Warning] 'ItemWearable' class is obsolete. Please, replace it with 'Wearable' behavior for medieval:clothes-upperbodyover-medieval-large-brown-faldita instead
17.8.2026 23:11:40 [Warning] 'ItemWearable' class is obsolete. Please, replace it with 'Wearable' behavior for medieval:clothes-upperbodyover-medieval-large-black-faldita instead
17.8.2026 23:11:40 [Warning] 'ItemWearable' class is obsolete. Please, replace it with 'Wearable' behavior for medieval:clothes-upperbodyover-medieval-large-yellowblue-faldita instead
17.8.2026 23:11:40 [Warning] 'ItemWearable' class is obsolete. Please, replace it with 'Wearable' behavior for medieval:clothes-upperbodyover-medieval-large-redyellow-faldita instead
17.8.2026 23:11:40 [Warning] 'ItemWearable' class is obsolete. Please, replace it with 'Wearable' behavior for medieval:clothes-upperbodyover-medieval-large-red-faldita instead
17.8.2026 23:11:40 [Warning] 'ItemWearable' class is obsolete. Please, replace it with 'Wearable' behavior for medieval:clothes-upperbodyover-medieval-large-redblue-faldita instead
17.8.2026 23:11:40 [Warning] 'ItemWearable' class is obsolete. Please, replace it with 'Wearable' behavior for medieval:clothes-upperbodyover-medieval-large-purple-faldita instead
17.8.2026 23:11:40 [Warning] 'ItemWearable' class is obsolete. Please, replace it with 'Wearable' behavior for medieval:clothes-upperbodyover-medieval-large-pink-faldita instead
17.8.2026 23:11:40 [Warning] 'ItemWearable' class is obsolete. Please, replace it with 'Wearable' behavior for medieval:clothes-upperbodyover-medieval-large-orangebrown-faldita instead
17.8.2026 23:11:40 [Warning] 'ItemWearable' class is obsolete. Please, replace it with 'Wearable' behavior for medieval:clothes-upperbodyover-medieval-large-green-faldita instead
17.8.2026 23:11:40 [Warning] 'ItemWearable' class is obsolete. Please, replace it with 'Wearable' behavior for medieval:clothes-upperbodyover-medieval-large-blues-faldita instead
17.8.2026 23:11:40 [Warning] 'ItemWearable' class is obsolete. Please, replace it with 'Wearable' behavior for medieval:clothes-upperbodyover-medieval-large-bluegreen-faldita instead
17.8.2026 23:11:40 [Warning] 'ItemWearable' class is obsolete. Please, replace it with 'Wearable' behavior for medieval:clothes-upperbodyover-medieval-large-blue-faldita instead
17.8.2026 23:11:40 [Warning] 'ItemWearable' class is obsolete. Please, replace it with 'Wearable' behavior for medieval:clothes-upperbodyover-medieval-large-beige-faldita instead
17.8.2026 23:11:40 [Warning] 'ItemWearable' class is obsolete. Please, replace it with 'Wearable' behavior for medieval:clothes-upperbodyover-vikingcoat instead
17.8.2026 23:11:40 [Warning] 'ItemWearable' class is obsolete. Please, replace it with 'Wearable' behavior for medieval:clothes-upperbodyover-lad instead
17.8.2026 23:11:40 [Warning] 'ItemWearable' class is obsolete. Please, replace it with 'Wearable' behavior for medieval:clothes-upperbodyover-leonwhite instead
17.8.2026 23:11:40 [Warning] 'ItemWearable' class is obsolete. Please, replace it with 'Wearable' behavior for medieval:clothes-upperbodyover-leon instead
17.8.2026 23:11:40 [Warning] 'ItemWearable' class is obsolete. Please, replace it with 'Wearable' behavior for medieval:clothes-upperbodyover-yellow-shirt instead
17.8.2026 23:11:40 [Warning] 'ItemWearable' class is obsolete. Please, replace it with 'Wearable' behavior for medieval:clothes-upperbodyover-warrior instead
17.8.2026 23:11:40 [Warning] 'ItemWearable' class is obsolete. Please, replace it with 'Wearable' behavior for medieval:clothes-upperbodyover-single-coat instead
17.8.2026 23:11:40 [Warning] 'ItemWearable' class is obsolete. Please, replace it with 'Wearable' behavior for medieval:clothes-upperbodyover-reds-shirt instead
17.8.2026 23:11:40 [Warning] 'ItemWearable' class is obsolete. Please, replace it with 'Wearable' behavior for medieval:clothes-upperbodyover-red-shirt instead
17.8.2026 23:11:40 [Warning] 'ItemWearable' class is obsolete. Please, replace it with 'Wearable' behavior for medieval:clothes-upperbodyover-red-coat instead
17.8.2026 23:11:40 [Warning] 'ItemWearable' class is obsolete. Please, replace it with 'Wearable' behavior for medieval:clothes-upperbodyover-red-civil instead
17.8.2026 23:11:40 [Warning] 'ItemWearable' class is obsolete. Please, replace it with 'Wearable' behavior for medieval:clothes-upperbodyover-purple-coat-short instead
17.8.2026 23:11:40 [Warning] 'ItemWearable' class is obsolete. Please, replace it with 'Wearable' behavior for medieval:clothes-upperbodyover-poor instead
17.8.2026 23:11:40 [Warning] 'ItemWearable' class is obsolete. Please, replace it with 'Wearable' behavior for medieval:clothes-upperbodyover-medieval-civilr instead
17.8.2026 23:11:40 [Warning] 'ItemWearable' class is obsolete. Please, replace it with 'Wearable' behavior for medieval:clothes-upperbodyover-medieval-civilp instead
17.8.2026 23:11:40 [Warning] 'ItemWearable' class is obsolete. Please, replace it with 'Wearable' behavior for medieval:clothes-upperbodyover-medieval-civilb instead
17.8.2026 23:11:40 [Warning] 'ItemWearable' class is obsolete. Please, replace it with 'Wearable' behavior for medieval:clothes-upperbodyover-lightbrown-leather-coat instead
17.8.2026 23:11:40 [Warning] 'ItemWearable' class is obsolete. Please, replace it with 'Wearable' behavior for medieval:clothes-upperbodyover-yelloww-shirt instead
17.8.2026 23:11:40 [Warning] 'ItemWearable' class is obsolete. Please, replace it with 'Wearable' behavior for medieval:clothes-upperbodyover-redd-shirt instead
17.8.2026 23:11:40 [Warning] 'ItemWearable' class is obsolete. Please, replace it with 'Wearable' behavior for medieval:clothes-upperbodyover-purple-shirt instead
17.8.2026 23:11:40 [Warning] 'ItemWearable' class is obsolete. Please, replace it with 'Wearable' behavior for medieval:clothes-upperbodyover-brownn-shirt instead
17.8.2026 23:11:40 [Warning] 'ItemWearable' class is obsolete. Please, replace it with 'Wearable' behavior for medieval:clothes-upperbodyover-blue-shirt instead
17.8.2026 23:11:40 [Warning] 'ItemWearable' class is obsolete. Please, replace it with 'Wearable' behavior for medieval:clothes-upperbodyover-green-shirt instead
17.8.2026 23:11:40 [Warning] 'ItemWearable' class is obsolete. Please, replace it with 'Wearable' behavior for medieval:clothes-upperbodyover-hunter instead
17.8.2026 23:11:40 [Warning] 'ItemWearable' class is obsolete. Please, replace it with 'Wearable' behavior for medieval:clothes-upperbodyover-farmer instead
17.8.2026 23:11:40 [Warning] 'ItemWearable' class is obsolete. Please, replace it with 'Wearable' behavior for medieval:clothes-upperbodyover-brown-shirt instead
17.8.2026 23:11:40 [Warning] 'ItemWearable' class is obsolete. Please, replace it with 'Wearable' behavior for medieval:clothes-upperbodyover-brown-leather-coat instead
17.8.2026 23:11:40 [Warning] 'ItemWearable' class is obsolete. Please, replace it with 'Wearable' behavior for medieval:clothes-upperbodyover-blue-civil instead
17.8.2026 23:11:40 [Warning] 'ItemWearable' class is obsolete. Please, replace it with 'Wearable' behavior for medieval:clothes-upperbodyover-black-short-coat instead
17.8.2026 23:11:40 [Warning] 'ItemWearable' class is obsolete. Please, replace it with 'Wearable' behavior for medieval:clothes-upperbodyover-red-coattt instead
17.8.2026 23:11:40 [Warning] 'ItemWearable' class is obsolete. Please, replace it with 'Wearable' behavior for medieval:clothes-upperbodyover-black-coat instead
17.8.2026 23:11:40 [Warning] 'ItemWearable' class is obsolete. Please, replace it with 'Wearable' behavior for medieval:clothes-upperbodyover-black-cape instead
17.8.2026 23:11:40 [Warning] 'ItemWearable' class is obsolete. Please, replace it with 'Wearable' behavior for medieval:clothes-upperbodyover-assassin instead
17.8.2026 23:11:40 [Warning] 'ItemWearable' class is obsolete. Please, replace it with 'Wearable' behavior for medieval:clothes-upperbodyover-miner instead
17.8.2026 23:11:40 [Warning] 'ItemWearable' class is obsolete. Please, replace it with 'Wearable' behavior for medieval:clothes-upperbodyover-large-hunter-coat instead
17.8.2026 23:11:40 [Warning] 'ItemWearable' class is obsolete. Please, replace it with 'Wearable' behavior for medieval:clothes-upperbodyover-medieval-travelers-earthrobe instead
17.8.2026 23:11:40 [Warning] 'ItemWearable' class is obsolete. Please, replace it with 'Wearable' behavior for medieval:clothes-waist-medieval-tailor-belt instead
17.8.2026 23:11:40 [Warning] 'ItemWearable' class is obsolete. Please, replace it with 'Wearable' behavior for medieval:clothes-waist-rope-linen instead
17.8.2026 23:11:40 [Warning] 'ItemWearable' class is obsolete. Please, replace it with 'Wearable' behavior for medieval:clothes-waist-bone instead
17.8.2026 23:11:40 [Warning] 'ItemWearable' class is obsolete. Please, replace it with 'Wearable' behavior for medieval:clothes-waist-medieval-wide-belt-knife-ex instead
17.8.2026 23:11:40 [Warning] 'ItemWearable' class is obsolete. Please, replace it with 'Wearable' behavior for medieval:clothes-waist-medieval-wide-belt-knife instead
17.8.2026 23:11:40 [Warning] 'ItemWearable' class is obsolete. Please, replace it with 'Wearable' behavior for medieval:clothes-waist-medieval-wide-belt instead
17.8.2026 23:11:40 [Warning] 'ItemWearable' class is obsolete. Please, replace it with 'Wearable' behavior for medieval:clothes-waist-medieval-large-belt-knife-ex instead
17.8.2026 23:11:40 [Warning] 'ItemWearable' class is obsolete. Please, replace it with 'Wearable' behavior for medieval:clothes-waist-medieval-large-belt-knife instead
17.8.2026 23:11:40 [Warning] 'ItemWearable' class is obsolete. Please, replace it with 'Wearable' behavior for medieval:clothes-waist-medieval-large-belt instead
17.8.2026 23:11:40 [Warning] 'ItemWearable' class is obsolete. Please, replace it with 'Wearable' behavior for medieval:clothes-waist-medieval-large-belt-knife-lantern-on2 instead
17.8.2026 23:11:40 [Warning] 'ItemWearable' class is obsolete. Please, replace it with 'Wearable' behavior for medieval:clothes-waist-medieval-large-belt-knife-lantern-on1 instead
17.8.2026 23:11:40 [Warning] 'ItemWearable' class is obsolete. Please, replace it with 'Wearable' behavior for medieval:clothes-waist-medieval-large-belt-knife-lantern-on instead
17.8.2026 23:11:40 [Warning] [Overhaul lib] [FirstPersonAnimationsBehavior] First-person animation behavior activated for local player '7FQvGKefJELzl1NEEwqgPdJP' entity 155.
17.8.2026 23:11:40 [Warning] [PlayerModelLib] [CustomModelsSystem] (racialequality:dwarf) Model icon by path 'game:textures/.png' does not exists
17.8.2026 23:11:40 [Warning] [PlayerModelLib] [CustomModelsSystem] (racialequality:elf) Model icon by path 'game:textures/.png' does not exists
17.8.2026 23:11:40 [Warning] [PlayerModelLib] [CustomModelsSystem] (racialequality:goblin) Model icon by path 'game:textures/.png' does not exists
17.8.2026 23:11:40 [Warning] [PlayerModelLib] [CustomModelsSystem] (racialequality:human) Model icon by path 'game:textures/.png' does not exists
17.8.2026 23:11:40 [Warning] [PlayerModelLib] [CustomModelsSystem] (racialequality:ork) Model icon by path 'game:textures/.png' does not exists
17.8.2026 23:11:40 [Fatal] Exception in async LoadSounds thread:
17.8.2026 23:11:40 [Error] Exception: Object reference not set to an instance of an object.
   at Vintagestory.Client.NoObf.OggDecoder.OggToWav(Stream ogg, IAsset asset) in VintagestoryLib\Client\ClientPlatform\ClientNative\OggDecoder.cs:line 302
   at Vintagestory.Client.NoObf.AudioMetaData.DoLoad() in VintagestoryLib\Client\ClientPlatform\ClientNative\OggDecoder.cs:line 42
   at Vintagestory.Client.NoObf.AudioMetaData.Load() in VintagestoryLib\Client\ClientPlatform\ClientNative\OggDecoder.cs:line 68
   at Vintagestory.Client.ScreenManager.LoadSoundsSlow(ClientMain game) in VintagestoryLib\Client\ScreenManager.cs:line 488
   at Vintagestory.Client.LoadSoundsThread.ProcessSlow() in VintagestoryLib\Client\ScreenManager.cs:line 1289
17.8.2026 23:11:40 [Error] Found closing tag <i> at position 5789 but <strong> should be closed first. See debug log for full text.
17.8.2026 23:11:40 [Error] Found closing tag <strong> at position 5798 but <i> should be closed first. See debug log for full text.
17.8.2026 23:11:40 [Error] Found closing tag <a> at position 705 but it was never opened. See debug log for full text.
17.8.2026 23:11:40 [Warning] ===============================================================
17.8.2026 23:11:40 [Notification] [WearableLight] Config synced from server
17.8.2026 23:11:40 [Notification] [BlushAndBins.Code] Synced server config.
17.8.2026 23:11:40 [Notification] Loaded Shaderprogramm for render pass nightvision.
17.8.2026 23:11:41 [Error] after final compo   - OpenGL threw an error: InvalidEnum. Enable Gl Debug Mode in the settings or clientsettings.json to track this error
17.8.2026 23:12:32 [Warning] weatherSim for region 306/306 is null. No idea what to do here
17.8.2026 23:12:32 [Warning] weatherSim for region 306/306 is null. No idea what to do here
17.8.2026 23:12:32 [Warning] weatherSim for region 305/305 is null. No idea what to do here
17.8.2026 23:12:32 [Warning] weatherSim for region 307/307 is null. No idea what to do here
17.8.2026 23:12:32 [Warning] weatherSim for region 307/307 is null. No idea what to do here
17.8.2026 23:12:32 [Warning] weatherSim for region 306/307 is null. No idea what to do here
17.8.2026 23:12:32 [Warning] weatherSim for region 306/307 is null. No idea what to do here
17.8.2026 23:12:32 [Warning] weatherSim for region 307/306 is null. No idea what to do here
17.8.2026 23:12:32 [Warning] weatherSim for region 307/306 is null. No idea what to do here
17.8.2026 23:12:32 [Warning] weatherSim for region 305/307 is null. No idea what to do here
17.8.2026 23:12:32 [Warning] weatherSim for region 307/305 is null. No idea what to do here
17.8.2026 23:12:32 [Warning] weatherSim for region 305/306 is null. No idea what to do here
17.8.2026 23:12:32 [Warning] weatherSim for region 306/305 is null. No idea what to do here
17.8.2026 23:12:44 [Warning] weatherSim for region 311/311 is null. No idea what to do here
17.8.2026 23:12:44 [Warning] weatherSim for region 311/311 is null. No idea what to do here
17.8.2026 23:12:44 [Warning] weatherSim for region 309/309 is null. No idea what to do here
17.8.2026 23:12:44 [Warning] weatherSim for region 309/309 is null. No idea what to do here
17.8.2026 23:12:44 [Warning] weatherSim for region 310/310 is null. No idea what to do here
17.8.2026 23:12:44 [Warning] weatherSim for region 310/310 is null. No idea what to do here
17.8.2026 23:12:44 [Warning] weatherSim for region 311/310 is null. No idea what to do here
17.8.2026 23:12:44 [Warning] weatherSim for region 311/310 is null. No idea what to do here
17.8.2026 23:12:44 [Warning] weatherSim for region 310/311 is null. No idea what to do here
17.8.2026 23:12:44 [Warning] weatherSim for region 310/311 is null. No idea what to do here
17.8.2026 23:12:44 [Warning] weatherSim for region 311/309 is null. No idea what to do here
17.8.2026 23:12:44 [Warning] weatherSim for region 311/309 is null. No idea what to do here
17.8.2026 23:12:44 [Warning] weatherSim for region 309/311 is null. No idea what to do here
17.8.2026 23:12:44 [Warning] weatherSim for region 309/311 is null. No idea what to do here
17.8.2026 23:12:44 [Warning] weatherSim for region 310/309 is null. No idea what to do here
17.8.2026 23:12:44 [Warning] weatherSim for region 310/309 is null. No idea what to do here
17.8.2026 23:12:44 [Warning] weatherSim for region 309/310 is null. No idea what to do here
17.8.2026 23:12:44 [Warning] weatherSim for region 309/310 is null. No idea what to do here
17.8.2026 23:12:52 [Warning] weatherSim for region 820/820 is null. No idea what to do here
17.8.2026 23:13:10 [Warning] weatherSim for region 807/807 is null. No idea what to do here
17.8.2026 23:13:10 [Warning] weatherSim for region 806/806 is null. No idea what to do here
17.8.2026 23:13:10 [Warning] weatherSim for region 806/806 is null. No idea what to do here
17.8.2026 23:13:10 [Warning] weatherSim for region 807/806 is null. No idea what to do here
17.8.2026 23:13:10 [Warning] weatherSim for region 806/807 is null. No idea what to do here
17.8.2026 23:13:10 [Warning] weatherSim for region 806/807 is null. No idea what to do here
17.8.2026 23:13:10 [Warning] weatherSim for region 805/807 is null. No idea what to do here
17.8.2026 23:13:10 [Warning] weatherSim for region 805/807 is null. No idea what to do here
17.8.2026 23:13:10 [Warning] weatherSim for region 805/806 is null. No idea what to do here
17.8.2026 23:13:10 [Warning] weatherSim for region 805/806 is null. No idea what to do here
17.8.2026 23:13:10 [Warning] weatherSim for region 805/808 is null. No idea what to do here
17.8.2026 23:13:10 [Warning] weatherSim for region 805/808 is null. No idea what to do here
17.8.2026 23:13:10 [Warning] weatherSim for region 806/808 is null. No idea what to do here
17.8.2026 23:13:10 [Warning] weatherSim for region 806/808 is null. No idea what to do here
17.8.2026 23:13:10 [Warning] weatherSim for region 807/808 is null. No idea what to do here
17.8.2026 23:13:40 [Warning] weatherSim for region 475/475 is null. No idea what to do here
17.8.2026 23:13:40 [Warning] weatherSim for region 475/475 is null. No idea what to do here
17.8.2026 23:13:40 [Warning] weatherSim for region 476/476 is null. No idea what to do here
17.8.2026 23:13:40 [Warning] weatherSim for region 477/475 is null. No idea what to do here
17.8.2026 23:13:40 [Warning] weatherSim for region 477/475 is null. No idea what to do here
17.8.2026 23:13:40 [Warning] weatherSim for region 475/477 is null. No idea what to do here
17.8.2026 23:13:40 [Warning] weatherSim for region 475/477 is null. No idea what to do here
17.8.2026 23:13:40 [Warning] weatherSim for region 476/475 is null. No idea what to do here
17.8.2026 23:13:40 [Warning] weatherSim for region 476/475 is null. No idea what to do here
17.8.2026 23:13:40 [Warning] weatherSim for region 475/476 is null. No idea what to do here
17.8.2026 23:13:40 [Warning] weatherSim for region 475/476 is null. No idea what to do here
17.8.2026 23:14:34 [Warning] weatherSim for region 997/997 is null. No idea what to do here
17.8.2026 23:14:49 [Notification] Client pause state is now on
17.8.2026 23:17:09 [Notification] Client pause state is now off
17.8.2026 23:17:15 [Notification] Client pause state is now on
17.8.2026 23:17:16 [Notification] Destroying game session, waiting up to 200ms for client threads to exit
17.8.2026 23:17:16 [Notification] Stopping single player server
