17.8.2026 23:10:26 [Notification] Server logger started.
17.8.2026 23:10:26 [Notification] Game Version: v1.22.6 (Stable)
17.8.2026 23:10:26 [Event] Ça commence...
17.8.2026 23:10:26 [Event] Launching server...
17.8.2026 23:10:26 [Event] Les sens reviennent...
17.8.2026 23:10:26 [Event] Server v1.22.6, network v1.22.6, api v1.22.0
17.8.2026 23:10:26 [Notification] Entering runphase Initialization
17.8.2026 23:10:26 [Event] Loading configuration...
17.8.2026 23:10:26 [Notification] Entering runphase Configuration
17.8.2026 23:10:26 [Notification] Loading savegame
17.8.2026 23:10:26 [Notification] Loaded existing save game data. Playstyle: creativebuilding, Playstyle Lang code: creativebuilding, WorldType: superflat
17.8.2026 23:10:26 [Notification] Savegame %appdata%\VintagestoryData\Saves\test mod independentvhehicules.vcdbs loaded
17.8.2026 23:10:26 [Notification] World size = 1024000 256 1024000
17.8.2026 23:10:26 [Notification] Start discovering assets
17.8.2026 23:10:26 [Notification] Found 2 base assets in category blocktypes
17.8.2026 23:10:26 [Notification] Found 0 base assets in category itemtypes
17.8.2026 23:10:26 [Notification] Found 35 base assets in category lang
17.8.2026 23:10:26 [Notification] Found 0 base assets in category patches
17.8.2026 23:10:26 [Notification] Found 24 base assets in category config
17.8.2026 23:10:26 [Notification] Found 0 base assets in category worldproperties
17.8.2026 23:10:26 [Notification] Found 49 base assets in category sounds
17.8.2026 23:10:26 [Notification] Found 230 base assets in category shapes
17.8.2026 23:10:26 [Notification] Found 182 base assets in category textures
17.8.2026 23:10:26 [Notification] Found 0 base assets in category recipes
17.8.2026 23:10:26 [Notification] Found 0 base assets in category worldgen
17.8.2026 23:10:26 [Notification] Found 3 base assets in category entities
17.8.2026 23:10:26 [Notification] Found 525 base assets in total
17.8.2026 23:10:26 [Event] Building assets...
17.8.2026 23:10:26 [Notification] Entering runphase LoadAssets
17.8.2026 23:10:26 [Notification] Will search the following paths for mods:
17.8.2026 23:10:26 [Notification]     %appdata%\Vintagestory\Mods
17.8.2026 23:10:26 [Notification]     %appdata%\VintagestoryData\Mods
17.8.2026 23:10:27 [Notification] Found 177 mods (9 disabled)
17.8.2026 23:10:27 [Notification] Mods, sorted by dependency: walkingstick, barstogears, bedrespawnerz1, buffberries, cbr, chiseltools, cindersandembers, compostgrass, containersbundle, doublebackpackcapacity, extrachestsfantasyedition, flower-propagation, flowers, fruitrefreshed, haybales, hotcrops, increasedstoragecapacity, interestingoregen, jsonpatcheslib, limestonefromcaves, limetransmute, longtermfood, medievalclothes, miningdropsmorestone, mofirewood, molds, shroomies, notsotastywax, oldestjtents, ornamentalplants, overhaulliblegacycompat, overhaullib, p1nksshelvingtweaks, p1nkstacksizes, pinelogsfortannin, primitivesurvival, pulverize_rocks, qolcraftsupdate, racialability, racialequality, realisticmonsterloot, spinningwheel, meapineapplestone, temporaldust, temporalvessels, terratag, toolbelt, transmittance, usefulshears, vintagetimelapse, game, vsimgui, arthursjournal, waterwheelnormalwater, wforests, zoombuttonreborn, aculinaryartillery, adventureportals, alchemy, ancientlib, animationslib, apewindows, arrowbarrels, astralstone, attributerenderinglibrary, egocaribautomapmarkers, chiselreborn, awearablelight, baconbaconbacon, barkcanoe, betterruins, biggercellarsrebuilt, billposting, bdflower, biodiversity, blocksoverlay, botanicalleathers, buildingwands, butchering, carryonlib, cartwrightscaravan, commonlibforked, configlib, craftablecharcoal, customtableaux, darkerwalnut, dirtymind, earlychiseling, easybuilding, emotes, extrainfo, firewoodtosticks, floralworks, foodshelves, fromgoldencombs, gimmeoneseedplz, herbarium, knapster, lightdonjon, materialneeds, mealrevariation, medievalexpansionpatch, morepiles, ndlmushroomgrowth, ndltreegrowth, ndlwoodentorchholder, nomadtents, opineuponpine, paintedcanvas, particlesplus, petai, physicalmaps, pigroast, placeonslabs, playermodellib, postsandbeams, primitifglider, resinfarmremake, ridertoolkittest, sheydermod, shipwright, statushudcont, tentbagreworked, terraprety, terratagsoundspack, usefulstuff17, valksfuzzyclouds, vibrantglassquartzed, vigor, vintagecanvas, visibleoresandminerals, vsairshipmod, vsaapi, creative, survival, wenvironmentalstabilitypatch, xlibfork, apanserbjornstory, bdcrop, bdherb, bdorchard, bdshrub, bdtree, blushandbins, carryon, chariot, crossbowsfork, dingdong, expandedfoodsfixattempt, em, fulldropunofficial, heraldry, independentvehicles, lecternworks, notenoughsand, playercorpseforked, pnjrpg, pnjrpgwaters, quiversfork, stonequarryforked, terrainslabs, vsareplica, xskillsfork, zrustdrops, bricklayers, heraldrybanners, capes, xskillsgilded
17.8.2026 23:10:27 [Warning] [bdflower] Is a Content mod, but .cs or .dll files were found. These will be ignored.
17.8.2026 23:10:27 [Error] [usefulstuff17] An exception was thrown when trying to load assembly:
17.8.2026 23:10:27 [Error] [usefulstuff17] Exception: Could not load file or assembly 'Newtonsoft.Json, Version=13.0.0.0, Culture=neutral, PublicKeyToken=30ad4fe6b2a6aeed'. Assembly with same name is already loaded
   at System.Runtime.Loader.AssemblyLoadContext.LoadFromAssemblyPath(String assemblyPath)
   at Vintagestory.Common.ModAssemblyLoader.LoadFrom(String path) in VintagestoryLib\Common\API\ModAssemblyLoader.cs:line 36
   at Vintagestory.Common.ModContainer.<>c__DisplayClass38_0.<LoadAssembly>b__0(String path) in VintagestoryLib\Common\API\ModContainer.cs:line 607
   at System.Linq.Enumerable.ListSelectIterator`2.MoveNext()
   at System.Linq.Enumerable.IEnumerableWhereIterator`1.ToList()
   at Vintagestory.Common.ModContainer.LoadAssembly(ModCompilationContext compilationContext, ModAssemblyLoader loader) in VintagestoryLib\Common\API\ModContainer.cs:line 606
17.8.2026 23:10:27 [Warning] [bdcrop] Is a Content mod, but .cs or .dll files were found. These will be ignored.
17.8.2026 23:10:27 [Warning] [bdherb] Is a Content mod, but .cs or .dll files were found. These will be ignored.
17.8.2026 23:10:27 [Warning] [bdorchard] Is a Content mod, but .cs or .dll files were found. These will be ignored.
17.8.2026 23:10:27 [Warning] [bdshrub] Is a Content mod, but .cs or .dll files were found. These will be ignored.
17.8.2026 23:10:27 [Warning] [bdtree] Is a Content mod, but .cs or .dll files were found. These will be ignored.
17.8.2026 23:10:28 [Notification] [bedrespawnerz1] Successfully compiled 1 source files
17.8.2026 23:10:28 [Notification] [adventureportals] Successfully compiled 1 source files
17.8.2026 23:10:28 [Notification] Instantiated 310 mod systems from 159 enabled mods
17.8.2026 23:10:29 [Event] Starting mod 'Knapster v4.0.0' by ApacheTech Solutions...
17.8.2026 23:10:29 [Warning] [haybales] Mod 'haybales (haybales-V1.1.2.zip)' has no authors specified in mod info.
17.8.2026 23:10:29 [Notification] Loaded mods (159):
ModID                         Version       Name                                                  FileName                                                   Dependencies                                                     Authors                                                                                                  ModDB (if alias set by author)                           
biggercellarsrebuilt          1.0.0         Bigger Cellars Rebuilt                                BiggerCellarsRebuilt0.1.4.zip                              game@1.22.2                                                      _RaptorOne_                                                                                              https://mods.vintagestory.at/biggercellarsrebuilt        
haybales                      1.1.2         haybales                                              haybales-V1.1.2.zip                                        -                                                                -                                                                                                        https://mods.vintagestory.at/haybales                    
waterwheelnormalwater         1.0.1         Water Wheel Works With Normal Water                   waterwheelnormalwater.zip                                  -                                                                Aazdorah                                                                                                 https://mods.vintagestory.at/waterwheelnormalwater       
firewoodtosticks              1.0.0         Firewood to sticks                                    firewoodtostick.zip                                        game                                                             Akhates                                                                                                  https://mods.vintagestory.at/firewoodtosticks            
flower-propagation            0.0.2         flower-propagation                                    flower-propagation-v0.0.2.zip                              -                                                                alfie                                                                                                    https://mods.vintagestory.at/flower-propagation          
vibrantglassquartzed          1.0.7         Vibrant Glass (Quartz Ed.)                            vibrantglassquartzed.zip                                   game                                                             ALollipop                                                                                                https://mods.vintagestory.at/vibrantglassquartzed        
dingdong                      0.0.4         DingDong                                              DingDong_0.0.4.zip                                         game@1.22.0, survival@*                                          Alsair                                                                                                   https://mods.vintagestory.at/dingdong                    
knapster                      4.0.0         Knapster                                              Knapster_v4.0.0.zip                                        game@1.22.0                                                      ApacheTech Solutions                                                                                     https://mods.vintagestory.at/knapster                    
limetransmute                 1.1.0         Lime Transmutation                                    LimeTranmute1.1.0.zip                                      -                                                                ATP                                                                                                      https://mods.vintagestory.at/limetransmute               
barkcanoe                     1223.0.2      Bark Canoe                                            barkcanoemod-1223.0.2.zip                                  game@1.22.0                                                      Bannta                                                                                                   https://mods.vintagestory.at/barkcanoe                   
placeonslabs                  1.1.3         Place on slabs                                        placeonslabs_1.1.3.zip                                     game@1.22.2                                                      BeloMaximka                                                                                              https://mods.vintagestory.at/placeonslabs                
terrainslabs                  1.0.16        Terrain Slabs                                         terrainslabs_1.0.16.zip                                    game@1.22.2, placeonslabs@1.1.3                                  BeloMaximka                                                                                              https://mods.vintagestory.at/terrainslabs                
tentbagreworked               3.2.3         TentBag Reworked                                      TentBag Reworked v3.2.3.zip                                game                                                             BillyGalbreath, safwyl, El_Neuman                                                                        https://mods.vintagestory.at/tentbagreworked             
cindersandembers              1.0.2         Cinders and Embers                                    CindersAndEmbers-1.0.2.zip                                 -                                                                captainklutz                                                                                             https://mods.vintagestory.at/cindersandembers            
biodiversity                  1.1.4         Biodiversity: Core                                    biodiversity_core_1.1.4.zip                                game@1.22.0                                                      Captanredbeard, The Last Thing                                                                           https://mods.vintagestory.at/biodiversity                
bdcrop                        1.0.5         Biodiversity: Crops                                   biodiversity_bdcrop_1.0.5.zip                              biodiversity@1.1.4                                               Captanredbeard, WhiskeySunshine, The Last Thing                                                          https://mods.vintagestory.at/bdcrop                      
bdorchard                     1.0.5         Biodiversity: Orchards                                biodiversity_bdorchard_1.0.5.zip                           biodiversity@1.1.4                                               Captanredbeard, WhiskeySunshine, The Last Thing                                                          https://mods.vintagestory.at/bdorchard                   
bdshrub                       0.2.0         Biodiversity: Shrubs and Berries                      biodiversity_bdshrub_0.2.0.zip                             game@1.22.0-rc.5, biodiversity@1.0.0                             Captanredbeard, WhiskeySunshine, The Last Thing                                                          https://mods.vintagestory.at/bdshrub                     
bdtree                        1.1.0-pre.2   Biodiversity: Trees                                   biodiversity_bdtree_1.1.0-pre.2.zip                        game@1.22.2, biodiversity@1.1.4                                  Captanredbeard, WhiskeySunshine, The Last Thing                                                          https://mods.vintagestory.at/bdtree                      
bdflower                      0.1.1         Biodiversity: Flowers and Grass                       biodiversity_bdflower_0.1.0.zip                            game@1.22.0-pre.1                                                Captanredbeard, WhiskeySunshine, VirtusMarik, Sigmadron, Ледяная Соня (WC), CATASTEROID (WC), Gabb (WC)  https://mods.vintagestory.at/bdflower                    
bdherb                        0.1.1         Biodiversity: Herbs and Spices                        biodiversity_bdherb_0.1.0.zip                              game@1.22.0-pre.1, herbarium@1.4.1-rc.1                          Captanredbeard, WhiskeySunshine, VirtusMarik, Sigmadron, Ледяная Соня (WC), CATASTEROID (WC), Gabb (WC)  https://mods.vintagestory.at/bdherb                      
containersbundle              1.3.1         Containers Bundle                                     containersbundle_1.3.1.zip                                 -                                                                Centur1on                                                                                                https://mods.vintagestory.at/containersbundle            
usefulshears                  1.0.0         Useful Shears                                         UsefulShears-V.1.0.0.zip                                   -                                                                Cheeki                                                                                                   https://mods.vintagestory.at/usefulshears                
vigor                         122.7.3       Vigor                                                 vigor_122.7.3.zip                                          game@1.22.0                                                      chrisunfocused                                                                                           https://mods.vintagestory.at/vigor                       
carryon                       2.0.0-pre.4   Carry On                                              CarryOn-1.22.0_v2.0.0-pre.4.zip                            game@1.22.0, carryonlib@1.0.0-pre.4                              copygirl, NerdScurvy                                                                                     https://mods.vintagestory.at/carryon                     
morepiles                     3.0.1         More Piles                                            MorePiles-v3.0.1.zip                                       game@1.22.0                                                      Craluminum2413 (Dana)                                                                                    https://mods.vintagestory.at/morepiles                   
attributerenderinglibrary     3.1.5         Attribute Rendering Library                           AttributeRenderingLibrary-v3.1.5.zip                       game@1.22.0                                                      Craluminum2413 (Dana), Nanotect, BowlSoldier                                                             https://mods.vintagestory.at/attributerenderinglibrary   
heraldry                      2.0.0         Heraldry                                              Heraldry-v2.0.0.zip                                        game@1.22.0, attributerenderinglibrary@3.0.0                     Craluminum2413 (Dana), SaltyWater                                                                        https://mods.vintagestory.at/heraldry                    
heraldrybanners               2.0.0         Heraldry : Banners                                    HeraldryBanners-v2.0.0.zip                                 game@1.22.0, attributerenderinglibrary@3.0.0, heraldry@2.0.0     Craluminum2413 (Dana), SaltyWater                                                                        https://mods.vintagestory.at/heraldrybanners             
capes                         2.0.0         Heraldry : Capes                                      HeraldryCapes-v2.0.0.zip                                   game@1.22.0, attributerenderinglibrary@3.0.0, heraldry@2.0.0     Craluminum2413 (Dana), SaltyWater                                                                        https://mods.vintagestory.at/capes                       
commonlibforked               2.8.1         CommonLib-Forked                                      CommonLibForked_VS1.22.0_net10_v2.8.1.zip                  game@1.22.0                                                      DArkHekRoMaNT, jsknnr                                                                                    https://mods.vintagestory.at/commonlibforked             
playercorpseforked            1.14.1        PlayerCorpse-Forked                                   PlayerCorpseForked_VS1.22.0_net10_v1.14.1.zip              game@1.22.0, commonlibforked@2.8.1                               DArkHekRoMaNT, jsknnr                                                                                    https://mods.vintagestory.at/playercorpseforked          
stonequarryforked             3.5.3         Stone Quarry Forked                                   StoneQuarryForked.zip                                      game@1.22.0, commonlibforked@2.8.1                               DArkHekRoMaNT, Kurallier                                                                                 https://mods.vintagestory.at/stonequarryforked           
extrachestsfantasyedition     3.0.0         Extra Chests - Fantasy Edition vanilla update         ExtraChests - Fantasy Edition v3.0.0.zip                   -                                                                Dauron, Wandour                                                                                          https://mods.vintagestory.at/extrachestsfantasyedition   
limestonefromcaves            1.0.2         Limestone from Caves                                  limestonefromcaves_1.0.2.zip                               -                                                                Death-Seven                                                                                              https://mods.vintagestory.at/limestonefromcaves          
easybuilding                  1.2.2         Easy Building                                         Easy Building 1.2.2.zip                                    game                                                             DUCATISLO                                                                                                https://mods.vintagestory.at/easybuilding                
mofirewood                    1.1.2         MoFirewood                                            mofirewood_1.1.2.zip                                       -                                                                Duston                                                                                                   https://mods.vintagestory.at/mofirewood                  
egocaribautomapmarkers        5.0.3         Auto Map Markers                                      Auto Map Markers 5.0.3 - Vintage Story 1.22.zip            game@1.22.0                                                      egocarib                                                                                                 https://mods.vintagestory.at/egocaribautomapmarkers      
notenoughsand                 4.1.0         Not Enough Sand                                       NotEnoughSand-v4.1.0.zip                                   game@1.22.0, survival@1.22.0                                     ElectroNikkel                                                                                            https://mods.vintagestory.at/notenoughsand               
zrustdrops                    2.1.0         Rust Drops                                            zrustdrops-2.1.0.zip                                       game@1.21.0, survival@*                                          Faeldray                                                                                                 https://mods.vintagestory.at/zrustdrops                  
pigroast                      1.1.1         Pig Roast                                             pigroast_1.1.1.zip                                         game@1.22.0                                                      Fleece                                                                                                   https://mods.vintagestory.at/pigroast                    
cartwrightscaravan            1.9.1         Cartwrights Caravan                                   CartwrightsCaravan_1.9.1.zip                               game@1.22.0                                                      Freakyuser396                                                                                            https://mods.vintagestory.at/cartwrightscaravan          
shipwright                    1.4.1         Shipwright: Vessels of Distant Shores                 shipwright_1.4.1.zip                                       game@1.22.0                                                      Freakyuser396, Pal_5000, Rivvion, Shintharo12                                                            https://mods.vintagestory.at/shipwright                  
petai                         5.1.1         Pet AI                                                petai_v5.1.1.zip                                           game@1.22.0                                                      G3rste                                                                                                   https://mods.vintagestory.at/petai                       
butchering                    1.13.5        Butchering                                            butchering_1.13.5.zip                                      game                                                             G3rste, CaptainOats                                                                                      https://mods.vintagestory.at/butchering                  
herbarium                     1.4.3         Herbarium                                             herbarium_1.4.3.zip                                        game                                                             gabb, pizza2004, CATASTEROID                                                                             https://mods.vintagestory.at/herbarium                   
miningdropsmorestone          1.0.0         Mining Drops More Stone                               MiningDropsMoreStone.zip                                   -                                                                GreyIsTired                                                                                              https://mods.vintagestory.at/miningdropsmorestone        
pulverize_rocks               1.0.0         Pulverize Rocks                                       pulverize_rocks.zip                                        -                                                                Guimoute                                                                                                 https://mods.vintagestory.at/pulverize_rocks             
spinningwheel                 1.2.12        Immersive Fibercraft                                  spinningwheel_1.2.12.zip                                   -                                                                HeadPilgrim                                                                                              https://mods.vintagestory.at/spinningwheel               
ridertoolkittest              0.1.0-test    RiderToolkitTest                                      RiderToolkitTest-0.1.0-test.zip                            game@1.22.0                                                      Hezekhiel, Codex                                                                                         https://mods.vintagestory.at/ridertoolkittest            
ornamentalplants              1.0.0         Ornamental Plants                                     ornamentalplants_1.0.0.zip                                 -                                                                Hya                                                                                                      https://mods.vintagestory.at/ornamentalplants            
vsaapi                        0.14.1        VSA API                                               VSA_API_V0.14.1.zip                                        game@1.22.0                                                      JackJJU                                                                                                  https://mods.vintagestory.at/vsaapi                      
vsareplica                    0.2.7021      VSA Replica                                           VSA_REPLICA_V0.2.7021.zip                                  game@1.22.0, vsaapi@0.7.0                                        JackJJU                                                                                                  https://mods.vintagestory.at/vsareplica                  
arthursjournal                2.0.5         Wanderer's Sketchbook                                 wanderers-sketchbook-net10-2.0.5.zip                       -                                                                JeanPierre                                                                                               https://mods.vintagestory.at/arthursjournal              
walkingstick                  3.0.9         Adventurer's Walking Stick                            adventurers-walking-stick-net10_3.0.9.zip                  -                                                                JeanPierre, SaltyWater                                                                                   https://mods.vintagestory.at/walkingstick                
resinfarmremake               1.1.4         Resin Farm                                            resinfarmremake_1.1.4.zip                                  game@1.22.0                                                      JohnM666                                                                                                 https://mods.vintagestory.at/resinfarmremake             
flowers                       1.0.1         Flowers                                               Flowers 1.0.1.zip                                          -                                                                Junk1911                                                                                                 https://mods.vintagestory.at/flowers                     
expandedfoodsfixattempt       2.0.2         Expanded Foods                                        ExpandedFoods 2.0.2.zip                                    aculinaryartillery@2.0.0-dev.1                                   l33tmaan                                                                                                 https://mods.vintagestory.at/expandedfoodsfixattempt     
aculinaryartillery            2.0.0-dev.21  A Culinary Artillery Experimental                     ACulinaryArtillery 2.0.0-dev.21.zip                        game@1.22.3                                                      l33tmaan, jakecool19, SpearAndFang, Mister_Andy_Dandy, Vinter Nacht, Philippe, Pursec, pizza2004         https://mods.vintagestory.at/aculinaryartillery          
botanicalleathers             1.3.2         Botanical Leathers                                    botanicalleathers_1.3.2.zip                                game@1.22.0                                                      Laerinok                                                                                                 https://mods.vintagestory.at/botanicalleathers           
mealrevariation               3.1.4         Variations on a Meal - Revaried                       mealrevariation-3.1.4.zip                                  game                                                             LexicalAnomaly, Echoweaver                                                                               https://mods.vintagestory.at/mealrevariation             
alchemy                       2.1.0-rc.76   Alchemy                                               alchemy_2.1.0-rc.76.zip                                    game@1.22.0                                                      Llama3013                                                                                                https://mods.vintagestory.at/alchemy                     
xskillsgilded                 1.3.36        xSkills Gilded                                        xSkills Gilded v1.3.36.zip                                 xlibfork, xskillsfork, vsimgui                                   MakhamDev, El_Neuman                                                                                     https://mods.vintagestory.at/xskillsgilded               
jsonpatcheslib                1.5.3         JSON Patches lib                                      jsonpatcheslib_1.5.3.zip                                   -                                                                Maltiez                                                                                                  https://mods.vintagestory.at/jsonpatcheslib              
overhaullib                   2.0.9         Overhaul lib                                          overhaullib_2.0.9.zip                                      -                                                                Maltiez                                                                                                  https://mods.vintagestory.at/overhaullib                 
vsimgui                       1.2.7         Dear ImGui                                            vsimgui_1.2.7.zip                                          -                                                                Maltiez                                                                                                  https://mods.vintagestory.at/vsimgui                     
animationslib                 0.0.2         Animations lib                                        animationslib_0.0.2.zip                                    game@*, jsonpatcheslib@1.4.1                                     Maltiez                                                                                                  https://mods.vintagestory.at/animationslib               
overhaulliblegacycompat       1.1.55        Overhaul lib legacy compat                            overhaulliblegacycompat_1.1.55.zip                         -                                                                Maltiez, Alodh                                                                                           https://mods.vintagestory.at/overhaulliblegacycompat     
crossbowsfork                 1.9.14        Crossbows                                             crossbowsfork_1.9.14.zip                                   overhaulliblegacycompat@1.0.1, animationslib@0.0.0               Maltiez, Alodh                                                                                           https://mods.vintagestory.at/crossbowsfork               
quiversfork                   0.9.27        Quivers And Sheaths                                   quiversfork_0.9.27.zip                                     overhaulliblegacycompat@1.1.54, attributerenderinglibrary@3.1.0  Maltiez, Alodh                                                                                           https://mods.vintagestory.at/quiversfork                 
playermodellib                1.21.11       Player Model Library                                  playermodellib_1.21.11.zip                                 jsonpatcheslib@1.5.2, overhaullib@2.0.9                          Maltiez, Caliber                                                                                         https://mods.vintagestory.at/playermodellib              
configlib                     1.12.0        Config lib                                            configlib_1.12.0.zip                                       vsimgui@1.2.0                                                    Maltiez, The Insanity God                                                                                https://mods.vintagestory.at/configlib                   
compostgrass                  1.22.0        Compost Grass                                         compostgrass-v1.22.0.zip                                   -                                                                Matiamo                                                                                                  https://mods.vintagestory.at/compostgrass                
craftablecharcoal             1.0.2         Craftable Charcoal                                    craftablecharcoal_matski_1.0.2_vs1.22.0.zip                game@1.22.0                                                      Matski                                                                                                   https://mods.vintagestory.at/craftablecharcoal           
meapineapplestone             1.0.2         Stoneworks                                            Stoneworks_1.0.2.zip                                       -                                                                meapineapple                                                                                             https://mods.vintagestory.at/meapineapplestone           
awearablelight                1.2.3-pre.2   A Wearable Light                                      awearablelight-v1.2.3-pre.2.zip                            game@1.22.0                                                      Mister Andy Dandy                                                                                        https://mods.vintagestory.at/awearablelight              
billposting                   2.0.2         Billposting                                           billposting_2.0.2.zip                                      game                                                             Moby_                                                                                                    https://mods.vintagestory.at/billposting                 
fulldropunofficial            1.0.8         Full Drop (Unofficial)                                FullDrop_1.0.8_for_1.22.zip                                game@1.22.0, survival@1.22.0                                     Mr1k3, JimmyJTC (Adapted)                                                                                https://mods.vintagestory.at/fulldropunofficial          
longtermfood                  0.6.9         Long-term food                                        Long-term_food_v0.6.9.zip                                  -                                                                MrFlame                                                                                                  https://mods.vintagestory.at/longtermfood                
molds                         0.3.4         Molds                                                 Molds_v0.3.4.zip                                           -                                                                MrFlame, UA_Shaman, Electrified                                                                          https://mods.vintagestory.at/molds                       
ndlmushroomgrowth             2.2.1         NDL MushroomGrowth                                    ndlmushroomgrowth_2.2.1.zip                                game                                                             NateDoesLife                                                                                             https://mods.vintagestory.at/ndlmushroomgrowth           
ndltreegrowth                 2.3.3         NDL TreeGrowth                                        ndltreegrowth_2.3.3.zip                                    game                                                             NateDoesLife                                                                                             https://mods.vintagestory.at/ndltreegrowth               
ndlwoodentorchholder          3.0.2         NDL Wooden Torch Holders                              ndlwoodentorchholder_3.0.2.zip                             game                                                             NateDoesLife                                                                                             https://mods.vintagestory.at/ndlwoodentorchholder        
materialneeds                 1.1.16        Material Needs                                        MaterialNeeds_1.1.16.zip                                   game                                                             Nephelangelo                                                                                             https://mods.vintagestory.at/materialneeds               
terraprety                    7.10.2        Terra Prety                                           TerraPrety_7.10.2.zip                                      game@1.22.0                                                      Nephelangelo, Darkluke1111, JonR                                                                         https://mods.vintagestory.at/terraprety                  
carryonlib                    1.0.0-pre.4   CarryOnLib                                            CarryOnLib-1.22.0_v1.0.0-pre.4.zip                         game@1.22.0                                                      NerdScurvy                                                                                               https://mods.vintagestory.at/carryonlib                  
betterruins                   0.6.3         BetterRuins                                           BetterRuinsv0.6.3.zip                                      game@1.22.0                                                      NiclAss                                                                                                  https://mods.vintagestory.at/betterruins                 
vintagetimelapse              0.1.0         Vintage Timelapse                                     VintageTimelapse-0.1.0.zip                                 -                                                                nicol                                                                                                    https://mods.vintagestory.at/vintagetimelapse            
astralstone                   0.5.0         Astral Stone                                          AstralStone-0.5.0.zip                                      game@1.22.2                                                      nicol                                                                                                    https://mods.vintagestory.at/astralstone                 
customtableaux                1.6.8         Custom Tableaux                                       CustomTableaux-1.6.8.zip                                   game@1.22.3                                                      nicol                                                                                                    https://mods.vintagestory.at/customtableaux              
paintedcanvas                 0.2.1         Painted Canvas                                        PaintedCanvas-0.2.1.zip                                    game@1.22.3                                                      nicol                                                                                                    https://mods.vintagestory.at/paintedcanvas               
physicalmaps                  0.6.24        Physical Maps                                         PhysicalMaps-0.6.24.zip                                    game@1.22.2                                                      nicol                                                                                                    https://mods.vintagestory.at/physicalmaps                
primitifglider                0.4.5         Primitif Glider                                       PrimitifGlider-0.4.5.zip                                   game@1.22.3                                                      Nicol                                                                                                    https://mods.vintagestory.at/primitifglider              
chariot                       0.6.3         Chariot                                               Chariot-0.6.3.zip                                          game@1.22.0, survival@1.22.0                                     Nicol                                                                                                    https://mods.vintagestory.at/chariot                     
lecternworks                  0.4.35        Lectern Works                                         LecternWorks-0.4.35.zip                                    game@1.22.3, survival@1.22.3                                     Nicol                                                                                                    https://mods.vintagestory.at/lecternworks                
pnjrpg                        0.26.1        PNJ RPG                                               PNJRPG-0.26.1.zip                                          game@1.22.5, survival                                            Nicol                                                                                                    https://mods.vintagestory.at/pnjrpg                      
independentvehicles           0.3.3         Independent Vehicles Prototype                        IndependentVehicles-0.3.3.zip                              game@1.22.6, survival@1.22.6                                     nicol, Codex                                                                                             https://mods.vintagestory.at/independentvehicles         
adventureportals              1.2.0         Adventure Portals                                     AdventurePortals_v1.2.0.zip                                game@1.22.5                                                      Nicol, OpenAI                                                                                            https://mods.vintagestory.at/adventureportals            
lightdonjon                   1.0.0         LightDonjon                                           LightDonjon_1.0.0.zip                                      game@*                                                           Nicolas R                                                                                                https://mods.vintagestory.at/lightdonjon                 
floralworks                   0.3.8         Floral Works                                          FloralWorks-0.3.8.zip                                      game@1.22.3                                                      Nicolas, Codex                                                                                           https://mods.vintagestory.at/floralworks                 
doublebackpackcapacity        0.0.2         DoubleBackpackCapacity                                DoubleBackpackCapacityV0.0.2.zip                           -                                                                NomadicPirate                                                                                            https://mods.vintagestory.at/doublebackpackcapacity      
increasedstoragecapacity      0.0.8         IncreasedStorageCapacity                              IncreasedStorageCapacityV0.0.8.zip                         -                                                                NomadicPirate                                                                                            https://mods.vintagestory.at/increasedstoragecapacity    
darkerwalnut                  1.1.6         Darker Walnut                                         DarkerWalnut_1.1.6.zip                                     game                                                             Nysilla                                                                                                  https://mods.vintagestory.at/darkerwalnut                
oldestjtents                  1.0.0         OldestJ's Tents                                       OldestJTentsV1.zip                                         -                                                                OldestJ                                                                                                  https://mods.vintagestory.at/oldestjtents                
temporalvessels               1.0.3         Temporal Vessels - A Vessel Teleportation System      TemporalVessels_1.0.3.zip                                  -                                                                Omikronlex                                                                                               https://mods.vintagestory.at/temporalvessels             
p1nksshelvingtweaks           1.0.8         P1nks Shelving Tweaks                                 P1nksShelvingTweaks_1.0.8.zip                              -                                                                P1nkOblivion                                                                                             https://mods.vintagestory.at/p1nksshelvingtweaks         
p1nkstacksizes                1.2.2         P1nks Stack Sizes                                     p1nkstacksize_1.2.2.zip                                    -                                                                P1nkOblivion                                                                                             https://mods.vintagestory.at/p1nkstacksizes              
blushandbins                  1.3.3         Blush and Bins                                        BlushAndBins_1.3.3.zip                                     game, attributerenderinglibrary@*                                P1nkOblivion                                                                                             https://mods.vintagestory.at/blushandbins                
shroomies                     1.3.5         Mushroom Nutrition & Stuff                            MushroomNutrition-1.3.5.zip                                -                                                                Pihkur                                                                                                   https://mods.vintagestory.at/shroomies                   
pinelogsfortannin             1.0.0         Pine Logs For Tannin                                  PineLogsForTannin-v1.0.0.zip                               -                                                                PineReseen/MarterKlavee                                                                                  https://mods.vintagestory.at/pinelogsfortannin           
pnjrpgwaters                  0.3.2         PNJRPG Decorative Waters - Fixed Decorative Surfaces  PNJRPG_DecorativeWaters_0.3.2_FixedSurface.zip             game@1.22.5, survival@1.22.5                                     PNJRPG                                                                                                   https://mods.vintagestory.at/pnjrpgwaters                
chiseltools                   1.17.3        chiseltools                                           ChiselTools1.17.3.zip                                      -                                                                QPTech                                                                                                   https://mods.vintagestory.at/chiseltools                 
buildingwands                 1.0.2         Building Wands                                        Building Wands 1.0.2.zip                                   game                                                             QPTech                                                                                                   https://mods.vintagestory.at/buildingwands               
temporaldust                  0.0.1         Temporal dust                                         TemporalDust.zip                                           -                                                                Ray_Anor                                                                                                 https://mods.vintagestory.at/temporaldust                
medievalexpansionpatch        1.4.1         Medieval Expansion Patch                              medievalexpansionpatch-1.4.1.zip                           game@1.22.0                                                      Rhonen, Elocrypt                                                                                         https://mods.vintagestory.at/medievalexpansionpatch      
vsairshipmod                  1.1.4         The Airship Mod!                                      vsairshipmod_1.1.4.zip                                     game@1.22.0                                                      Rivvion, TygrysT, DarthSack, Pal-5000 / Hyperion, Freakyuser396                                          https://mods.vintagestory.at/vsairshipmod                
interestingoregen             2.3.8         Interesting Ore Gen                                   InterestingOreGen-v2.3.8.zip                               -                                                                RosstheGreat                                                                                             https://mods.vintagestory.at/interestingoregen           
cbr                           2.0.1         Chiseled Block Retention                              ChiseledBlockRetention-2.0.1.zip                           -                                                                Rythillian                                                                                               https://mods.vintagestory.at/cbr                         
terratag                      0.5.0         Terra Tag                                             TerraTag_0.5.0.zip                                         -                                                                SaltyWater                                                                                               https://mods.vintagestory.at/terratag                    
toolbelt                      0.3.5         ToolBelt                                              ToolBelt_0.3.5.zip                                         -                                                                SaltyWater                                                                                               https://mods.vintagestory.at/toolbelt                    
terratagsoundspack            0.1.1         TerraTag Sounds Pack                                  TerraTagSoundsPack_0.1.1.zip                               terratag@0.4.3                                                   SaltyWater                                                                                               https://mods.vintagestory.at/terratagsoundspack          
baconbaconbacon               1.2.2         Bacon Bacon Bacon                                     baconbaconbacon_1.2.2.zip                                  game@1.22.0                                                      shrinerh                                                                                                 https://mods.vintagestory.at/baconbaconbacon             
barstogears                   0.2.0         Bars To Gears                                         barstogears.zip                                            -                                                                ShroomGhost                                                                                              https://mods.vintagestory.at/barstogears                 
buffberries                   1.1.0         Buff Berries                                          BuffBerries.zip                                            -                                                                ShroudedLilac                                                                                            https://mods.vintagestory.at/buffberries                 
fruitrefreshed                1.1.0         Fruit Refreshed                                       Fruit Refreshed.zip                                        -                                                                ShroudedLilac                                                                                            https://mods.vintagestory.at/fruitrefreshed              
emotes                        2.5.1         Emotes                                                emotes_2.5.1.zip                                           game@*                                                           SiiMeR, W4RD0                                                                                            https://mods.vintagestory.at/emotes                      
valksfuzzyclouds              2.1.3         ValksFuzzyClouds                                      valksfuzzyclouds_2.1.3.zip                                 game@1.22.1                                                      SilverValkyrie                                                                                           https://mods.vintagestory.at/valksfuzzyclouds            
visibleoresandminerals        1.3.1         Visible Ores and Minerals                             visible-ores-and-minerals-v1.3.1.zip                       game@1.22.2                                                      Skyforger                                                                                                https://mods.vintagestory.at/visibleoresandminerals      
foodshelves                   3.0.4         FoodShelves                                           foodshelves_3.0.4.zip                                      game@1.22.0                                                      SONZ-INA                                                                                                 https://mods.vintagestory.at/foodshelves                 
primitivesurvival             5.0.6         Primitive Survival                                    primitivesurvival_5.0.6.zip                                -                                                                SpearAndFang                                                                                             https://mods.vintagestory.at/primitivesurvival           
apanserbjornstory             0.10.2        A Panserbjørn Story                                   APanserbjornStory-v0.10.2-1.21.0.zip                       game@1.21.0, petai@4.0.1                                         Sythelux Rikd                                                                                            https://mods.vintagestory.at/apanserbjornstory           
dirtymind                     1.3.0         Dirty Mind                                            dirtymind_130.zip                                          game@*                                                           TaimatCompany                                                                                            https://mods.vintagestory.at/dirtymind                   
nomadtents                    1.1.4         Nomad Tents                                           nomadtents_114.zip                                         game@*                                                           TaimatCompany                                                                                            https://mods.vintagestory.at/nomadtents                  
ancientlib                    1.0.0         Ancient Lib                                           AncientLib_V1.0.0.zip                                      game@1.22.0-rc.2                                                 Taska Raine                                                                                              https://mods.vintagestory.at/ancientlib                  
em                            3.7.0         Expanded Matter                                       expanded_matter-3.7.0.zip                                  game@1.22.0, survival@1.22.0                                     Tels, Phiwa                                                                                              https://mods.vintagestory.at/em                          
bricklayers                   3.2.2         Bricklayers                                           bricklayers-3.2.2.zip                                      game@1.22.0, survival@1.22.0, em@3.5.2                           Tels, Phiwa                                                                                              https://mods.vintagestory.at/bricklayers                 
wforests                      1.0.0         Wilderlands Forests                                   Wilderlands Forests_1.0.0.zip                              -                                                                thalius                                                                                                  https://mods.vintagestory.at/wforests                    
wenvironmentalstabilitypatch  1.0.3         Wilderlands Environmental Stability Patch             Wilderlands Environmental Stability Patch 2.0.3.zip        game                                                             Thalius                                                                                                  https://mods.vintagestory.at/wenvironmentalstabilitypatch
hotcrops                      1.1.0         Hot Crops                                             HotCrops.zip                                               -                                                                TheGrunge                                                                                                https://mods.vintagestory.at/hotcrops                    
medievalclothes               1.0.9         Medieval Clothes                                      Medieval Clothes v1.0.9 VS1.21.6-24-V1-0-9-1768150569.zip  -                                                                Tisma: Collaborator, Ruddi: Developer                                                                    https://mods.vintagestory.at/medievalclothes             
racialability                 0.2.7         Racial Ability                                        racialability_0.2.7.zip                                    -                                                                Tomoyuki                                                                                                 https://mods.vintagestory.at/racialability               
racialequality                0.1.28        Racial Equality                                       racialequality_0.1.28.zip                                  -                                                                Tomoyuki                                                                                                 https://mods.vintagestory.at/racialequality              
vintagecanvas                 1.1.1         VintageCanvas                                         vintagecanvas_1.1.1.zip                                    game@1.22.0                                                      Tony Murchison                                                                                           https://mods.vintagestory.at/vintagecanvas               
game                          1.22.6        Essentials                                            VSEssentials.dll                                           -                                                                Tyron                                                                                                    https://mods.vintagestory.at/game                        
creative                      1.22.6        Creative Mode                                         VSCreativeMod.dll                                          game                                                             Tyron                                                                                                    https://mods.vintagestory.at/creative                    
survival                      1.22.6        Survival Mode                                         VSSurvivalMod.dll                                          game                                                             Tyron                                                                                                    https://mods.vintagestory.at/survival                    
qolcraftsupdate               1.1.0         QoL Crafts 1.21                                       qolcraftsupdate1.1.zip                                     -                                                                Vanhellsing                                                                                              https://mods.vintagestory.at/qolcraftsupdate             
fromgoldencombs               2.0.8         From Golden Combs                                     FromGoldenCombs-1.22-v2.0.8.zip                            game                                                             Vinter Nacht                                                                                             https://mods.vintagestory.at/fromgoldencombs             
realisticmonsterloot          1.2.0         Realistic Monster Loot                                realisticmonsterloot_v1.2.0.zip                            -                                                                Vyh06                                                                                                    https://mods.vintagestory.at/realisticmonsterloot        
notsotastywax                 1.0.1         No So Tasty: Wax Food                                 notsotastywax-1.0.1.zip                                    -                                                                WhiskeySunshine                                                                                          https://mods.vintagestory.at/notsotastywax               
opineuponpine                 1.0.10        Opine Upon Pine (Retexture)                           Opine_Upon_Pine_v1.0.10.zip                                game                                                             whomp                                                                                                    https://mods.vintagestory.at/opineuponpine               
xlibfork                      1.0.21        XLib Fork                                             XLib Fork v1.0.21.zip                                      game                                                             Xandu, El_Neuman                                                                                         https://mods.vintagestory.at/xlibfork                    
xskillsfork                   1.0.70        xSkills Fork                                          xSkills Fork v1.0.70.zip                                   xlibfork@1.0.21                                                  Xandu, El_Neuman                                                                                         https://mods.vintagestory.at/xskillsfork                 
earlychiseling                1.0.1         Early Chiseling                                       earlychiseling_1.0.1.zip                                   game@1.18.0                                                      XurxoMF                                                                                                  https://mods.vintagestory.at/earlychiseling              
apewindows                    1.5.0         Unleaded Windows                                      apewindows-v1.22.0-1..0.zip                                game@1.22.0                                                      xXx_Ape_xXx                                                                                              https://mods.vintagestory.at/apewindows                  
arrowbarrels                  1.5.0         Arrow Barrels                                         arrowbarrels-V1.22.0-1.5.0.zip                             game@1.22.0                                                      xXx_Ape_xXx                                                                                              https://mods.vintagestory.at/arrowbarrels                
gimmeoneseedplz               1.2.1         Gimme One Seed Plz                                    gimmeoneseedplz_1.2.1.zip                                  game@*                                                           Zach2039                                                                                                 https://mods.vintagestory.at/gimmeoneseedplz             
postsandbeams                 1.5.1         Posts and Beams                                       postsandbeams_1.5.1.zip                                    game@*                                                           Zach2039                                                                                                 https://mods.vintagestory.at/postsandbeams               
bedrespawnerz1                1.0.1         bedrespawner                                          bedrespawner.zip                                           -                                                                Zor1al                                                                                                   https://mods.vintagestory.at/bedrespawnerz1              

17.8.2026 23:10:29 [Notification] [commonlibforked] Config PlayerCorpse.Config from PlayerCorpse v1.0.0.0 loaded successfully
17.8.2026 23:10:29 [Notification] [commonlibforked] Config StoneQuarry.Config from StoneQuarry v1.0.0.0 loaded successfully
17.8.2026 23:10:29 [Event] ContainersBundle started
17.8.2026 23:10:29 [Notification] [IOG] Config successfully loaded.
17.8.2026 23:10:29 [Notification] [Immersive Fibercraft] Registered block, block entity, and mountable classes
17.8.2026 23:10:29 [Notification] [Immersive Fibercraft] Registered ItemDropSpindle for portable spinning
17.8.2026 23:10:29 [Notification] [Immersive Fibercraft] Loaded config from disk
17.8.2026 23:10:29 [Notification] [attributerenderinglibrary] Using Harmony version: 2.4.2.0 loaded from: C:\Users\nicol\AppData\Roaming\Vintagestory\Lib\0Harmony.dll
17.8.2026 23:10:31 [Warning] [attributerenderinglibrary] Possibly uncaught attribute due to stack simulation failure for VSA.Api.Precision.VSAOrientResolver.TryRead, failure reason: System.NotSupportedException: Instruction 'stobj VSA.Api.Precision.VSAOrientSpec' is not supported by stack emulator
   at AttributeRenderingLibrary.Utility.HarmonyTools.StackSimulator.UpdateStack() in C:\Users\dana_\Source\Repos\AttributeRenderingLibrary\AttributeRenderingLibrary\Utility\HarmonyTools\StackSimulator.cs:line 503
   at AttributeRenderingLibrary.Utility.HarmonyTools.StackSimulator.Simulate() in C:\Users\dana_\Source\Repos\AttributeRenderingLibrary\AttributeRenderingLibrary\Utility\HarmonyTools\StackSimulator.cs:line 197
   at AttributeRenderingLibrary.HarmonyPatches.AttributeRedirectionPatch.Transpiler(IEnumerable`1 instructions, ILGenerator generator, MethodBase __originalMethod) in C:\Users\dana_\Source\Repos\AttributeRenderingLibrary\AttributeRenderingLibrary\HarmonyPatches\AttributeRedirectionPatch.cs:line 88
17.8.2026 23:10:31 [Warning] [attributerenderinglibrary] Possibly uncaught attribute due to stack simulation failure for VSA.Api.Precision.VSARotationalResolver.TryRead, failure reason: System.NotSupportedException: Instruction 'stobj VSA.Api.Precision.VSARotationalSpec' is not supported by stack emulator
   at AttributeRenderingLibrary.Utility.HarmonyTools.StackSimulator.UpdateStack() in C:\Users\dana_\Source\Repos\AttributeRenderingLibrary\AttributeRenderingLibrary\Utility\HarmonyTools\StackSimulator.cs:line 503
   at AttributeRenderingLibrary.Utility.HarmonyTools.StackSimulator.Simulate() in C:\Users\dana_\Source\Repos\AttributeRenderingLibrary\AttributeRenderingLibrary\Utility\HarmonyTools\StackSimulator.cs:line 197
   at AttributeRenderingLibrary.HarmonyPatches.AttributeRedirectionPatch.Transpiler(IEnumerable`1 instructions, ILGenerator generator, MethodBase __originalMethod) in C:\Users\dana_\Source\Repos\AttributeRenderingLibrary\AttributeRenderingLibrary\HarmonyPatches\AttributeRedirectionPatch.cs:line 88
17.8.2026 23:10:31 [Notification] [GimmeOneSeedPlz] Config file loaded
17.8.2026 23:10:31 [Notification] CarryOn: Harmony patches enabled.
17.8.2026 23:10:31 [Event] started 'CarryOn' mod
17.8.2026 23:10:32 [Notification] External Origins in load order: modorigin@%appdata%\Vintagestory\assets\creative\, modorigin@%appdata%\Vintagestory\assets\survival\, mod@adventurers-walking-stick-net10_3.0.9.zip, mod@barstogears.zip, mod@BuffBerries.zip, mod@ChiseledBlockRetention-2.0.1.zip, mod@ChiselTools1.17.3.zip, mod@CindersAndEmbers-1.0.2.zip, mod@compostgrass-v1.22.0.zip, mod@containersbundle_1.3.1.zip, mod@DoubleBackpackCapacityV0.0.2.zip, mod@ExtraChests - Fantasy Edition v3.0.0.zip, mod@flower-propagation-v0.0.2.zip, mod@Flowers 1.0.1.zip, mod@Fruit Refreshed.zip, mod@haybales-V1.1.2.zip, mod@HotCrops.zip, mod@IncreasedStorageCapacityV0.0.8.zip, mod@InterestingOreGen-v2.3.8.zip, mod@jsonpatcheslib_1.5.3.zip, mod@limestonefromcaves_1.0.2.zip, mod@LimeTranmute1.1.0.zip, mod@Long-term_food_v0.6.9.zip, mod@Medieval Clothes v1.0.9 VS1.21.6-24-V1-0-9-1768150569.zip, mod@MiningDropsMoreStone.zip, mod@mofirewood_1.1.2.zip, mod@Molds_v0.3.4.zip, mod@MushroomNutrition-1.3.5.zip, mod@notsotastywax-1.0.1.zip, mod@OldestJTentsV1.zip, mod@ornamentalplants_1.0.0.zip, mod@overhaulliblegacycompat_1.1.55.zip, mod@overhaullib_2.0.9.zip, mod@P1nksShelvingTweaks_1.0.8.zip, mod@p1nkstacksize_1.2.2.zip, mod@PineLogsForTannin-v1.0.0.zip, mod@primitivesurvival_5.0.6.zip, mod@pulverize_rocks.zip, mod@qolcraftsupdate1.1.zip, mod@racialability_0.2.7.zip, mod@racialequality_0.1.28.zip, mod@realisticmonsterloot_v1.2.0.zip, mod@spinningwheel_1.2.12.zip, mod@Stoneworks_1.0.2.zip, mod@TemporalDust.zip, mod@TemporalVessels_1.0.3.zip, mod@UsefulShears-V.1.0.0.zip, mod@VintageTimelapse-0.1.0.zip, mod@vsimgui_1.2.7.zip, mod@wanderers-sketchbook-net10-2.0.5.zip, mod@waterwheelnormalwater.zip, mod@Wilderlands Forests_1.0.0.zip, mod@ACulinaryArtillery 2.0.0-dev.21.zip, mod@alchemy_2.1.0-rc.76.zip, mod@AncientLib_V1.0.0.zip, mod@animationslib_0.0.2.zip, mod@apewindows-v1.22.0-1..0.zip, mod@arrowbarrels-V1.22.0-1.5.0.zip, mod@AstralStone-0.5.0.zip, mod@Auto Map Markers 5.0.3 - Vintage Story 1.22.zip, mod@awearablelight-v1.2.3-pre.2.zip, mod@baconbaconbacon_1.2.2.zip, mod@barkcanoemod-1223.0.2.zip, mod@BetterRuinsv0.6.3.zip, mod@billposting_2.0.2.zip, mod@biodiversity_bdflower_0.1.0.zip, mod@biodiversity_core_1.1.4.zip, mod@botanicalleathers_1.3.2.zip, mod@Building Wands 1.0.2.zip, mod@butchering_1.13.5.zip, mod@CartwrightsCaravan_1.9.1.zip, mod@craftablecharcoal_matski_1.0.2_vs1.22.0.zip, mod@CustomTableaux-1.6.8.zip, mod@DarkerWalnut_1.1.6.zip, mod@dirtymind_130.zip, mod@earlychiseling_1.0.1.zip, mod@Easy Building 1.2.2.zip, mod@emotes_2.5.1.zip, mod@firewoodtostick.zip, mod@FloralWorks-0.3.8.zip, mod@foodshelves_3.0.4.zip, mod@FromGoldenCombs-1.22-v2.0.8.zip, mod@gimmeoneseedplz_1.2.1.zip, mod@herbarium_1.4.3.zip, mod@Knapster_v4.0.0.zip, mod@LightDonjon_1.0.0.zip, mod@MaterialNeeds_1.1.16.zip, mod@mealrevariation-3.1.4.zip, mod@medievalexpansionpatch-1.4.1.zip, mod@MorePiles-v3.0.1.zip, mod@ndlmushroomgrowth_2.2.1.zip, mod@ndltreegrowth_2.3.3.zip, mod@ndlwoodentorchholder_3.0.2.zip, mod@nomadtents_114.zip, mod@PaintedCanvas-0.2.1.zip, mod@petai_v5.1.1.zip, mod@PhysicalMaps-0.6.24.zip, mod@pigroast_1.1.1.zip, mod@placeonslabs_1.1.3.zip, mod@playermodellib_1.21.11.zip, mod@postsandbeams_1.5.1.zip, mod@PrimitifGlider-0.4.5.zip, mod@resinfarmremake_1.1.4.zip, mod@RiderToolkitTest-0.1.0-test.zip, mod@shipwright_1.4.1.zip, mod@TentBag Reworked v3.2.3.zip, mod@TerraPrety_7.10.2.zip, mod@TerraTagSoundsPack_0.1.1.zip, mod@valksfuzzyclouds_2.1.3.zip, mod@vibrantglassquartzed.zip, mod@vigor_122.7.3.zip, mod@vintagecanvas_1.1.1.zip, mod@visible-ores-and-minerals-v1.3.1.zip, mod@vsairshipmod_1.1.4.zip, mod@XLib Fork v1.0.21.zip, mod@APanserbjornStory-v0.10.2-1.21.0.zip, mod@biodiversity_bdcrop_1.0.5.zip, mod@biodiversity_bdherb_0.1.0.zip, mod@biodiversity_bdorchard_1.0.5.zip, mod@biodiversity_bdshrub_0.2.0.zip, mod@biodiversity_bdtree_1.1.0-pre.2.zip, mod@BlushAndBins_1.3.3.zip, mod@CarryOn-1.22.0_v2.0.0-pre.4.zip, mod@Chariot-0.6.3.zip, mod@crossbowsfork_1.9.14.zip, mod@DingDong_0.0.4.zip, mod@ExpandedFoods 2.0.2.zip, mod@expanded_matter-3.7.0.zip, mod@FullDrop_1.0.8_for_1.22.zip, mod@Heraldry-v2.0.0.zip, mod@IndependentVehicles-0.3.3.zip, mod@LecternWorks-0.4.35.zip, mod@NotEnoughSand-v4.1.0.zip, mod@PlayerCorpseForked_VS1.22.0_net10_v1.14.1.zip, mod@PNJRPG-0.26.1.zip, mod@PNJRPG_DecorativeWaters_0.3.2_FixedSurface.zip, mod@quiversfork_0.9.27.zip, mod@StoneQuarryForked.zip, mod@terrainslabs_1.0.16.zip, mod@VSA_REPLICA_V0.2.7021.zip, mod@xSkills Fork v1.0.70.zip, mod@zrustdrops-2.1.0.zip, mod@bricklayers-3.2.2.zip, mod@HeraldryBanners-v2.0.0.zip, mod@HeraldryCapes-v2.0.0.zip, mod@xSkills Gilded v1.3.36.zip, mod@bedrespawner.zip, mod@AdventurePortals_v1.2.0.zip, themepack@Opine_Upon_Pine_v1.0.10.zip
17.8.2026 23:10:32 [Notification] Found 1277 external assets in category blocktypes
17.8.2026 23:10:32 [Notification] Found 991 external assets in category itemtypes
17.8.2026 23:10:32 [Notification] Found 642 external assets in category lang
17.8.2026 23:10:32 [Notification] Found 1276 external assets in category patches
17.8.2026 23:10:32 [Notification] Found 380 external assets in category config
17.8.2026 23:10:32 [Notification] Found 41 external assets in category worldproperties
17.8.2026 23:10:32 [Notification] Found 883 external assets in category sounds
17.8.2026 23:10:32 [Notification] Found 10222 external assets in category shapes
17.8.2026 23:10:32 [Notification] Found 20070 external assets in category textures
17.8.2026 23:10:32 [Notification] Found 1934 external assets in category recipes
17.8.2026 23:10:32 [Notification] Found 2287 external assets in category worldgen
17.8.2026 23:10:32 [Notification] Found 136 external assets in category entities
17.8.2026 23:10:32 [Notification] Found 90 external assets in category compatibility
17.8.2026 23:10:32 [Notification] Found 4 external assets in category jsonpatches
17.8.2026 23:10:32 [Notification] Found 12 external assets in category skills
17.8.2026 23:10:32 [Notification] Found 4 external assets in category effects
17.8.2026 23:10:32 [Notification] Found 0 external assets in category effecttrigger
17.8.2026 23:10:33 [Notification] Reloaded lang file with mod assets
17.8.2026 23:10:33 [Notification] [interestingoregen] Starting Interesting Ore Gen
17.8.2026 23:10:33 [Notification] [IOG CaveAmbience] Initialized.
17.8.2026 23:10:33 [Warning] [haybales] Mod 'haybales (haybales-V1.1.2.zip)' has no authors specified in mod info.
17.8.2026 23:10:33 [Event] Loaded mods:
'walkingstick'	'3.0.9'	'Adventurer's Walking Stick'	'JeanPierre, SaltyWater'	'adventurers-walking-stick-net10_3.0.9.zip'
'barstogears'	'0.2.0'	'Bars To Gears'	'ShroomGhost'	'barstogears.zip'
'buffberries'	'1.1.0'	'Buff Berries'	'ShroudedLilac'	'BuffBerries.zip'
'cbr'	'2.0.1'	'Chiseled Block Retention'	'Rythillian'	'ChiseledBlockRetention-2.0.1.zip'
'chiseltools'	'1.17.3'	'chiseltools'	'QPTech'	'ChiselTools1.17.3.zip'
'cindersandembers'	'1.0.2'	'Cinders and Embers'	'captainklutz'	'CindersAndEmbers-1.0.2.zip'
'compostgrass'	'1.22.0'	'Compost Grass'	'Matiamo'	'compostgrass-v1.22.0.zip'
'containersbundle'	'1.3.1'	'Containers Bundle'	'Centur1on'	'containersbundle_1.3.1.zip'
'doublebackpackcapacity'	'0.0.2'	'DoubleBackpackCapacity'	'NomadicPirate'	'DoubleBackpackCapacityV0.0.2.zip'
'extrachestsfantasyedition'	'3.0.0'	'Extra Chests - Fantasy Edition vanilla update'	'Dauron, Wandour'	'ExtraChests - Fantasy Edition v3.0.0.zip'
'flower-propagation'	'0.0.2'	'flower-propagation'	'alfie'	'flower-propagation-v0.0.2.zip'
'flowers'	'1.0.1'	'Flowers'	'Junk1911'	'Flowers 1.0.1.zip'
'fruitrefreshed'	'1.1.0'	'Fruit Refreshed'	'ShroudedLilac'	'Fruit Refreshed.zip'
'haybales'	'1.1.2'	'haybales'	'-'	'haybales-V1.1.2.zip'
'hotcrops'	'1.1.0'	'Hot Crops'	'TheGrunge'	'HotCrops.zip'
'increasedstoragecapacity'	'0.0.8'	'IncreasedStorageCapacity'	'NomadicPirate'	'IncreasedStorageCapacityV0.0.8.zip'
'interestingoregen'	'2.3.8'	'Interesting Ore Gen'	'RosstheGreat'	'InterestingOreGen-v2.3.8.zip'
'jsonpatcheslib'	'1.5.3'	'JSON Patches lib'	'Maltiez'	'jsonpatcheslib_1.5.3.zip'
'limestonefromcaves'	'1.0.2'	'Limestone from Caves'	'Death-Seven'	'limestonefromcaves_1.0.2.zip'
'limetransmute'	'1.1.0'	'Lime Transmutation'	'ATP'	'LimeTranmute1.1.0.zip'
'longtermfood'	'0.6.9'	'Long-term food'	'MrFlame'	'Long-term_food_v0.6.9.zip'
'medievalclothes'	'1.0.9'	'Medieval Clothes'	'Tisma: Collaborator, Ruddi: Developer'	'Medieval Clothes v1.0.9 VS1.21.6-24-V1-0-9-1768150569.zip'
'miningdropsmorestone'	'1.0.0'	'Mining Drops More Stone'	'GreyIsTired'	'MiningDropsMoreStone.zip'
'mofirewood'	'1.1.2'	'MoFirewood'	'Duston'	'mofirewood_1.1.2.zip'
'molds'	'0.3.4'	'Molds'	'MrFlame, UA_Shaman, Electrified'	'Molds_v0.3.4.zip'
'shroomies'	'1.3.5'	'Mushroom Nutrition & Stuff'	'Pihkur'	'MushroomNutrition-1.3.5.zip'
'notsotastywax'	'1.0.1'	'No So Tasty: Wax Food'	'WhiskeySunshine'	'notsotastywax-1.0.1.zip'
'oldestjtents'	'1.0.0'	'OldestJ's Tents'	'OldestJ'	'OldestJTentsV1.zip'
'ornamentalplants'	'1.0.0'	'Ornamental Plants'	'Hya'	'ornamentalplants_1.0.0.zip'
'overhaulliblegacycompat'	'1.1.55'	'Overhaul lib legacy compat'	'Maltiez, Alodh'	'overhaulliblegacycompat_1.1.55.zip'
'overhaullib'	'2.0.9'	'Overhaul lib'	'Maltiez'	'overhaullib_2.0.9.zip'
'p1nksshelvingtweaks'	'1.0.8'	'P1nks Shelving Tweaks'	'P1nkOblivion'	'P1nksShelvingTweaks_1.0.8.zip'
'p1nkstacksizes'	'1.2.2'	'P1nks Stack Sizes'	'P1nkOblivion'	'p1nkstacksize_1.2.2.zip'
'pinelogsfortannin'	'1.0.0'	'Pine Logs For Tannin'	'PineReseen/MarterKlavee'	'PineLogsForTannin-v1.0.0.zip'
'primitivesurvival'	'5.0.6'	'Primitive Survival'	'SpearAndFang'	'primitivesurvival_5.0.6.zip'
'pulverize_rocks'	'1.0.0'	'Pulverize Rocks'	'Guimoute'	'pulverize_rocks.zip'
'qolcraftsupdate'	'1.1.0'	'QoL Crafts 1.21'	'Vanhellsing'	'qolcraftsupdate1.1.zip'
'racialability'	'0.2.7'	'Racial Ability'	'Tomoyuki'	'racialability_0.2.7.zip'
'racialequality'	'0.1.28'	'Racial Equality'	'Tomoyuki'	'racialequality_0.1.28.zip'
'realisticmonsterloot'	'1.2.0'	'Realistic Monster Loot'	'Vyh06'	'realisticmonsterloot_v1.2.0.zip'
'spinningwheel'	'1.2.12'	'Immersive Fibercraft'	'HeadPilgrim'	'spinningwheel_1.2.12.zip'
'meapineapplestone'	'1.0.2'	'Stoneworks'	'meapineapple'	'Stoneworks_1.0.2.zip'
'temporaldust'	'0.0.1'	'Temporal dust'	'Ray_Anor'	'TemporalDust.zip'
'temporalvessels'	'1.0.3'	'Temporal Vessels - A Vessel Teleportation System'	'Omikronlex'	'TemporalVessels_1.0.3.zip'
'terratag'	'0.5.0'	'Terra Tag'	'SaltyWater'	'TerraTag_0.5.0.zip'
'toolbelt'	'0.3.5'	'ToolBelt'	'SaltyWater'	'ToolBelt_0.3.5.zip'
'usefulshears'	'1.0.0'	'Useful Shears'	'Cheeki'	'UsefulShears-V.1.0.0.zip'
'vintagetimelapse'	'0.1.0'	'Vintage Timelapse'	'nicol'	'VintageTimelapse-0.1.0.zip'
'game'	'1.22.6'	'Essentials'	'Tyron'	'VSEssentials.dll'
'vsimgui'	'1.2.7'	'Dear ImGui'	'Maltiez'	'vsimgui_1.2.7.zip'
'arthursjournal'	'2.0.5'	'Wanderer's Sketchbook'	'JeanPierre'	'wanderers-sketchbook-net10-2.0.5.zip'
'waterwheelnormalwater'	'1.0.1'	'Water Wheel Works With Normal Water'	'Aazdorah'	'waterwheelnormalwater.zip'
'wforests'	'1.0.0'	'Wilderlands Forests'	'thalius'	'Wilderlands Forests_1.0.0.zip'
'aculinaryartillery'	'2.0.0-dev.21'	'A Culinary Artillery Experimental'	'l33tmaan, jakecool19, SpearAndFang, Mister_Andy_Dandy, Vinter Nacht, Philippe, Pursec, pizza2004'	'ACulinaryArtillery 2.0.0-dev.21.zip'
'alchemy'	'2.1.0-rc.76'	'Alchemy'	'Llama3013'	'alchemy_2.1.0-rc.76.zip'
'ancientlib'	'1.0.0'	'Ancient Lib'	'Taska Raine'	'AncientLib_V1.0.0.zip'
'animationslib'	'0.0.2'	'Animations lib'	'Maltiez'	'animationslib_0.0.2.zip'
'apewindows'	'1.5.0'	'Unleaded Windows'	'xXx_Ape_xXx'	'apewindows-v1.22.0-1..0.zip'
'arrowbarrels'	'1.5.0'	'Arrow Barrels'	'xXx_Ape_xXx'	'arrowbarrels-V1.22.0-1.5.0.zip'
'astralstone'	'0.5.0'	'Astral Stone'	'nicol'	'AstralStone-0.5.0.zip'
'attributerenderinglibrary'	'3.1.5'	'Attribute Rendering Library'	'Craluminum2413 (Dana), Nanotect, BowlSoldier'	'AttributeRenderingLibrary-v3.1.5.zip'
'egocaribautomapmarkers'	'5.0.3'	'Auto Map Markers'	'egocarib'	'Auto Map Markers 5.0.3 - Vintage Story 1.22.zip'
'awearablelight'	'1.2.3-pre.2'	'A Wearable Light'	'Mister Andy Dandy'	'awearablelight-v1.2.3-pre.2.zip'
'baconbaconbacon'	'1.2.2'	'Bacon Bacon Bacon'	'shrinerh'	'baconbaconbacon_1.2.2.zip'
'barkcanoe'	'1223.0.2'	'Bark Canoe'	'Bannta'	'barkcanoemod-1223.0.2.zip'
'betterruins'	'0.6.3'	'BetterRuins'	'NiclAss'	'BetterRuinsv0.6.3.zip'
'biggercellarsrebuilt'	'1.0.0'	'Bigger Cellars Rebuilt'	'_RaptorOne_'	'BiggerCellarsRebuilt0.1.4.zip'
'billposting'	'2.0.2'	'Billposting'	'Moby_'	'billposting_2.0.2.zip'
'bdflower'	'0.1.1'	'Biodiversity: Flowers and Grass'	'Captanredbeard, WhiskeySunshine, VirtusMarik, Sigmadron, Ледяная Соня (WC), CATASTEROID (WC), Gabb (WC)'	'biodiversity_bdflower_0.1.0.zip'
'biodiversity'	'1.1.4'	'Biodiversity: Core'	'Captanredbeard, The Last Thing'	'biodiversity_core_1.1.4.zip'
'botanicalleathers'	'1.3.2'	'Botanical Leathers'	'Laerinok'	'botanicalleathers_1.3.2.zip'
'buildingwands'	'1.0.2'	'Building Wands'	'QPTech'	'Building Wands 1.0.2.zip'
'butchering'	'1.13.5'	'Butchering'	'G3rste, CaptainOats'	'butchering_1.13.5.zip'
'carryonlib'	'1.0.0-pre.4'	'CarryOnLib'	'NerdScurvy'	'CarryOnLib-1.22.0_v1.0.0-pre.4.zip'
'cartwrightscaravan'	'1.9.1'	'Cartwrights Caravan'	'Freakyuser396'	'CartwrightsCaravan_1.9.1.zip'
'commonlibforked'	'2.8.1'	'CommonLib-Forked'	'DArkHekRoMaNT, jsknnr'	'CommonLibForked_VS1.22.0_net10_v2.8.1.zip'
'configlib'	'1.12.0'	'Config lib'	'Maltiez, The Insanity God'	'configlib_1.12.0.zip'
'craftablecharcoal'	'1.0.2'	'Craftable Charcoal'	'Matski'	'craftablecharcoal_matski_1.0.2_vs1.22.0.zip'
'customtableaux'	'1.6.8'	'Custom Tableaux'	'nicol'	'CustomTableaux-1.6.8.zip'
'darkerwalnut'	'1.1.6'	'Darker Walnut'	'Nysilla'	'DarkerWalnut_1.1.6.zip'
'dirtymind'	'1.3.0'	'Dirty Mind'	'TaimatCompany'	'dirtymind_130.zip'
'earlychiseling'	'1.0.1'	'Early Chiseling'	'XurxoMF'	'earlychiseling_1.0.1.zip'
'easybuilding'	'1.2.2'	'Easy Building'	'DUCATISLO'	'Easy Building 1.2.2.zip'
'emotes'	'2.5.1'	'Emotes'	'SiiMeR, W4RD0'	'emotes_2.5.1.zip'
'firewoodtosticks'	'1.0.0'	'Firewood to sticks'	'Akhates'	'firewoodtostick.zip'
'floralworks'	'0.3.8'	'Floral Works'	'Nicolas, Codex'	'FloralWorks-0.3.8.zip'
'foodshelves'	'3.0.4'	'FoodShelves'	'SONZ-INA'	'foodshelves_3.0.4.zip'
'fromgoldencombs'	'2.0.8'	'From Golden Combs'	'Vinter Nacht'	'FromGoldenCombs-1.22-v2.0.8.zip'
'gimmeoneseedplz'	'1.2.1'	'Gimme One Seed Plz'	'Zach2039'	'gimmeoneseedplz_1.2.1.zip'
'herbarium'	'1.4.3'	'Herbarium'	'gabb, pizza2004, CATASTEROID'	'herbarium_1.4.3.zip'
'knapster'	'4.0.0'	'Knapster'	'ApacheTech Solutions'	'Knapster_v4.0.0.zip'
'lightdonjon'	'1.0.0'	'LightDonjon'	'Nicolas R'	'LightDonjon_1.0.0.zip'
'materialneeds'	'1.1.16'	'Material Needs'	'Nephelangelo'	'MaterialNeeds_1.1.16.zip'
'mealrevariation'	'3.1.4'	'Variations on a Meal - Revaried'	'LexicalAnomaly, Echoweaver'	'mealrevariation-3.1.4.zip'
'medievalexpansionpatch'	'1.4.1'	'Medieval Expansion Patch'	'Rhonen, Elocrypt'	'medievalexpansionpatch-1.4.1.zip'
'morepiles'	'3.0.1'	'More Piles'	'Craluminum2413 (Dana)'	'MorePiles-v3.0.1.zip'
'ndlmushroomgrowth'	'2.2.1'	'NDL MushroomGrowth'	'NateDoesLife'	'ndlmushroomgrowth_2.2.1.zip'
'ndltreegrowth'	'2.3.3'	'NDL TreeGrowth'	'NateDoesLife'	'ndltreegrowth_2.3.3.zip'
'ndlwoodentorchholder'	'3.0.2'	'NDL Wooden Torch Holders'	'NateDoesLife'	'ndlwoodentorchholder_3.0.2.zip'
'nomadtents'	'1.1.4'	'Nomad Tents'	'TaimatCompany'	'nomadtents_114.zip'
'opineuponpine'	'1.0.10'	'Opine Upon Pine (Retexture)'	'whomp'	'Opine_Upon_Pine_v1.0.10.zip'
'paintedcanvas'	'0.2.1'	'Painted Canvas'	'nicol'	'PaintedCanvas-0.2.1.zip'
'petai'	'5.1.1'	'Pet AI'	'G3rste'	'petai_v5.1.1.zip'
'physicalmaps'	'0.6.24'	'Physical Maps'	'nicol'	'PhysicalMaps-0.6.24.zip'
'pigroast'	'1.1.1'	'Pig Roast'	'Fleece'	'pigroast_1.1.1.zip'
'placeonslabs'	'1.1.3'	'Place on slabs'	'BeloMaximka'	'placeonslabs_1.1.3.zip'
'playermodellib'	'1.21.11'	'Player Model Library'	'Maltiez, Caliber'	'playermodellib_1.21.11.zip'
'postsandbeams'	'1.5.1'	'Posts and Beams'	'Zach2039'	'postsandbeams_1.5.1.zip'
'primitifglider'	'0.4.5'	'Primitif Glider'	'Nicol'	'PrimitifGlider-0.4.5.zip'
'resinfarmremake'	'1.1.4'	'Resin Farm'	'JohnM666'	'resinfarmremake_1.1.4.zip'
'ridertoolkittest'	'0.1.0-test'	'RiderToolkitTest'	'Hezekhiel, Codex'	'RiderToolkitTest-0.1.0-test.zip'
'shipwright'	'1.4.1'	'Shipwright: Vessels of Distant Shores'	'Freakyuser396, Pal_5000, Rivvion, Shintharo12'	'shipwright_1.4.1.zip'
'tentbagreworked'	'3.2.3'	'TentBag Reworked'	'BillyGalbreath, safwyl, El_Neuman'	'TentBag Reworked v3.2.3.zip'
'terraprety'	'7.10.2'	'Terra Prety'	'Nephelangelo, Darkluke1111, JonR'	'TerraPrety_7.10.2.zip'
'terratagsoundspack'	'0.1.1'	'TerraTag Sounds Pack'	'SaltyWater'	'TerraTagSoundsPack_0.1.1.zip'
'valksfuzzyclouds'	'2.1.3'	'ValksFuzzyClouds'	'SilverValkyrie'	'valksfuzzyclouds_2.1.3.zip'
'vibrantglassquartzed'	'1.0.7'	'Vibrant Glass (Quartz Ed.)'	'ALollipop'	'vibrantglassquartzed.zip'
'vigor'	'122.7.3'	'Vigor'	'chrisunfocused'	'vigor_122.7.3.zip'
'vintagecanvas'	'1.1.1'	'VintageCanvas'	'Tony Murchison'	'vintagecanvas_1.1.1.zip'
'visibleoresandminerals'	'1.3.1'	'Visible Ores and Minerals'	'Skyforger'	'visible-ores-and-minerals-v1.3.1.zip'
'vsairshipmod'	'1.1.4'	'The Airship Mod!'	'Rivvion, TygrysT, DarthSack, Pal-5000 / Hyperion, Freakyuser396'	'vsairshipmod_1.1.4.zip'
'vsaapi'	'0.14.1'	'VSA API'	'JackJJU'	'VSA_API_V0.14.1.zip'
'creative'	'1.22.6'	'Creative Mode'	'Tyron'	'VSCreativeMod.dll'
'survival'	'1.22.6'	'Survival Mode'	'Tyron'	'VSSurvivalMod.dll'
'wenvironmentalstabilitypatch'	'1.0.3'	'Wilderlands Environmental Stability Patch'	'Thalius'	'Wilderlands Environmental Stability Patch 2.0.3.zip'
'xlibfork'	'1.0.21'	'XLib Fork'	'Xandu, El_Neuman'	'XLib Fork v1.0.21.zip'
'apanserbjornstory'	'0.10.2'	'A Panserbjørn Story'	'Sythelux Rikd'	'APanserbjornStory-v0.10.2-1.21.0.zip'
'bdcrop'	'1.0.5'	'Biodiversity: Crops'	'Captanredbeard, WhiskeySunshine, The Last Thing'	'biodiversity_bdcrop_1.0.5.zip'
'bdherb'	'0.1.1'	'Biodiversity: Herbs and Spices'	'Captanredbeard, WhiskeySunshine, VirtusMarik, Sigmadron, Ледяная Соня (WC), CATASTEROID (WC), Gabb (WC)'	'biodiversity_bdherb_0.1.0.zip'
'bdorchard'	'1.0.5'	'Biodiversity: Orchards'	'Captanredbeard, WhiskeySunshine, The Last Thing'	'biodiversity_bdorchard_1.0.5.zip'
'bdshrub'	'0.2.0'	'Biodiversity: Shrubs and Berries'	'Captanredbeard, WhiskeySunshine, The Last Thing'	'biodiversity_bdshrub_0.2.0.zip'
'bdtree'	'1.1.0-pre.2'	'Biodiversity: Trees'	'Captanredbeard, WhiskeySunshine, The Last Thing'	'biodiversity_bdtree_1.1.0-pre.2.zip'
'blushandbins'	'1.3.3'	'Blush and Bins'	'P1nkOblivion'	'BlushAndBins_1.3.3.zip'
'carryon'	'2.0.0-pre.4'	'Carry On'	'copygirl, NerdScurvy'	'CarryOn-1.22.0_v2.0.0-pre.4.zip'
'chariot'	'0.6.3'	'Chariot'	'Nicol'	'Chariot-0.6.3.zip'
'crossbowsfork'	'1.9.14'	'Crossbows'	'Maltiez, Alodh'	'crossbowsfork_1.9.14.zip'
'dingdong'	'0.0.4'	'DingDong'	'Alsair'	'DingDong_0.0.4.zip'
'expandedfoodsfixattempt'	'2.0.2'	'Expanded Foods'	'l33tmaan'	'ExpandedFoods 2.0.2.zip'
'em'	'3.7.0'	'Expanded Matter'	'Tels, Phiwa'	'expanded_matter-3.7.0.zip'
'fulldropunofficial'	'1.0.8'	'Full Drop (Unofficial)'	'Mr1k3, JimmyJTC (Adapted)'	'FullDrop_1.0.8_for_1.22.zip'
'heraldry'	'2.0.0'	'Heraldry'	'Craluminum2413 (Dana), SaltyWater'	'Heraldry-v2.0.0.zip'
'independentvehicles'	'0.3.3'	'Independent Vehicles Prototype'	'nicol, Codex'	'IndependentVehicles-0.3.3.zip'
'lecternworks'	'0.4.35'	'Lectern Works'	'Nicol'	'LecternWorks-0.4.35.zip'
'notenoughsand'	'4.1.0'	'Not Enough Sand'	'ElectroNikkel'	'NotEnoughSand-v4.1.0.zip'
'playercorpseforked'	'1.14.1'	'PlayerCorpse-Forked'	'DArkHekRoMaNT, jsknnr'	'PlayerCorpseForked_VS1.22.0_net10_v1.14.1.zip'
'pnjrpg'	'0.26.1'	'PNJ RPG'	'Nicol'	'PNJRPG-0.26.1.zip'
'pnjrpgwaters'	'0.3.2'	'PNJRPG Decorative Waters - Fixed Decorative Surfaces'	'PNJRPG'	'PNJRPG_DecorativeWaters_0.3.2_FixedSurface.zip'
'quiversfork'	'0.9.27'	'Quivers And Sheaths'	'Maltiez, Alodh'	'quiversfork_0.9.27.zip'
'stonequarryforked'	'3.5.3'	'Stone Quarry Forked'	'DArkHekRoMaNT, Kurallier'	'StoneQuarryForked.zip'
'terrainslabs'	'1.0.16'	'Terrain Slabs'	'BeloMaximka'	'terrainslabs_1.0.16.zip'
'vsareplica'	'0.2.7021'	'VSA Replica'	'JackJJU'	'VSA_REPLICA_V0.2.7021.zip'
'xskillsfork'	'1.0.70'	'xSkills Fork'	'Xandu, El_Neuman'	'xSkills Fork v1.0.70.zip'
'zrustdrops'	'2.1.0'	'Rust Drops'	'Faeldray'	'zrustdrops-2.1.0.zip'
'bricklayers'	'3.2.2'	'Bricklayers'	'Tels, Phiwa'	'bricklayers-3.2.2.zip'
'heraldrybanners'	'2.0.0'	'Heraldry : Banners'	'Craluminum2413 (Dana), SaltyWater'	'HeraldryBanners-v2.0.0.zip'
'capes'	'2.0.0'	'Heraldry : Capes'	'Craluminum2413 (Dana), SaltyWater'	'HeraldryCapes-v2.0.0.zip'
'xskillsgilded'	'1.3.36'	'xSkills Gilded'	'MakhamDev, El_Neuman'	'xSkills Gilded v1.3.36.zip'
'bedrespawnerz1'	'1.0.1'	'bedrespawner'	'Zor1al'	'bedrespawner.zip'
'adventureportals'	'1.2.0'	'Adventure Portals'	'Nicol, OpenAI'	'AdventurePortals_v1.2.0.zip'
17.8.2026 23:10:33 [Notification] [OverhaullibLegacyCompat] Patching EntityPlayer.LightHsv getter for wearable lights.
17.8.2026 23:10:33 [Notification] [P1nksShelvingTweaks] Applied BlushAndBins MBOnPickBlock crash guard.
17.8.2026 23:10:33 [Notification] [P1nksShelvingTweaks] Forced universal item psurface 2x2x2 behavior is active.
17.8.2026 23:10:33 [Notification] [Subclasses] Config loaded successfully
17.8.2026 23:10:33 [Notification] Original system has 0 traits
17.8.2026 23:10:33 [Notification] Found 3 traits files from mods
17.8.2026 23:10:33 [Error] Error loading traits from racialability:config/traits.json: Value cannot be null. (Parameter 'jsonSerializer')
17.8.2026 23:10:33 [Error] Error loading traits from xskills:config/traits.json: Value cannot be null. (Parameter 'jsonSerializer')
17.8.2026 23:10:33 [Notification] Added 0 traits from mods. Total: 0 traits
17.8.2026 23:10:33 [Event] started 'Immersive Fibercraft' mod
17.8.2026 23:10:33 [Notification] Mod Config successfully loaded.
17.8.2026 23:10:34 [Event] started 'Unleaded Windows' mod
17.8.2026 23:10:34 [Event] started 'Arrow Barrels' mod
17.8.2026 23:10:34 [Event] [attributerenderinglibrary] started 'Attribute Rendering Library' mod
17.8.2026 23:10:34 [Notification] [Auto Map Markers] Patched methods: TryMount, OnGettingBroken, OnGettingBroken, TryUnmount, breakMultiBlock
17.8.2026 23:10:34 [Notification] [baconbaconbacon] Bacon Bacon Bacon: Server started
17.8.2026 23:10:34 [Notification] [BarkCanoe] Mod starting...
17.8.2026 23:10:34 [Notification] [BarkCanoe] Harmony patches applied!
17.8.2026 23:10:34 [Notification] [BarkCanoe] Block entities registered!
17.8.2026 23:10:34 [Notification] [BarkCanoe] Mod initialization complete!
17.8.2026 23:10:34 [Notification] [BarkCanoe] Config values are read from entity JSON (speedMultiplier, passengerEffect)
17.8.2026 23:10:34 [Warning] [BiggerCellarsRebuilt] Starting transpiler version.
17.8.2026 23:10:34 [Warning] [BiggerCellarsRebuilt] Loaded successfully.
17.8.2026 23:10:34 [Notification] Billposting loaded
17.8.2026 23:10:34 [Notification] Mod Config successfully loaded.
17.8.2026 23:10:34 [Notification] From Golden Combs existing client config loaded successfully.
17.8.2026 23:10:34 [Notification] From Golden Combs existing server config loaded successfully.
17.8.2026 23:10:34 [Notification] modconfigload
17.8.2026 23:10:34 [Event] Medieval Expansion Mod Patch v1.4.1 loading
17.8.2026 23:10:34 [Notification] Mod Config successfully loaded.
17.8.2026 23:10:34 [Notification] Loaded Posts And Beams!
17.8.2026 23:10:34 [Notification] [WEnvStabilityPatch] Environmental stability patch active – no more ruins/depth penalties
17.8.2026 23:10:34 [Notification] [BlushAndBins.Code] Loaded
17.8.2026 23:10:34 [Event] [heraldry] started 'Heraldry' mod
17.8.2026 23:10:34 [Event] [heraldrybanners] started 'Heraldry : Banners' mod
17.8.2026 23:10:35 [Notification] [Config lib] Configs loaded: 26
17.8.2026 23:10:36 [Notification] Compatibility lib: 9 assets added, 0 assets replaced.
17.8.2026 23:10:37 [Error] Patch 0 in hotcrops:patches/bellpepper.json: File game:blocktypes/plant/crop/bellpepper.json not found
17.8.2026 23:10:37 [Error] Patch 0 in shroomies:patches/mycodiversity/moshruum-stuff.json: File game:blocktypes/plant/mycodiversity-mushroom.json not found
17.8.2026 23:10:37 [Error] Patch 1 in shroomies:patches/mycodiversity/moshruum-stuff.json: File game:blocktypes/plant/mycodiversity-mushroom-side.json not found
17.8.2026 23:10:37 [Error] Patch 2 in shroomies:patches/mycodiversity/moshruum-stuff.json: File game:blocktypes/plant/mycodiversity-mushroom.json not found
17.8.2026 23:10:37 [Error] Patch 3 in shroomies:patches/mycodiversity/moshruum-stuff.json: File game:blocktypes/plant/mycodiversity-mushroom.json not found
17.8.2026 23:10:37 [Error] Patch 4 in shroomies:patches/mycodiversity/moshruum-stuff.json: File game:blocktypes/plant/mycodiversity-mushroom-side.json not found
17.8.2026 23:10:37 [Error] Patch 5 in shroomies:patches/mycodiversity/moshruum-stuff.json: File game:blocktypes/plant/mycodiversity-mushroom-side.json not found
17.8.2026 23:10:37 [Error] Patch 6 in shroomies:patches/mycodiversity/moshruum-stuff.json: File game:blocktypes/plant/mycodiversity-mushroom.json not found
17.8.2026 23:10:37 [Error] Patch 7 in shroomies:patches/mycodiversity/moshruum-stuff.json: File game:blocktypes/plant/mycodiversity-mushroom-side.json not found
17.8.2026 23:10:37 [Error] Patch 32 (target: bdtree:blocktypes/wood/woodtyped/log-section.json) in p1nksstacksizes_biodiversity:patches/compatability/compat-bdtree.json failed because supplied path /maxstacksize is invalid: The json path /maxstacksize was not found. No such element 'maxstacksize' at the root path
17.8.2026 23:10:37 [Error] Patch 33 (target: bdtree:blocktypes/wood/woodtyped/log-withresin.json) in p1nksstacksizes_biodiversity:patches/compatability/compat-bdtree.json failed because supplied path /maxstacksize is invalid: The json path /maxstacksize was not found. No such element 'maxstacksize' at the root path
17.8.2026 23:10:37 [Error] Patch 0 in game:patches/survival-entities-land.json: File game:entities/land/drifter.json not found
17.8.2026 23:10:37 [Error] Patch 1 in game:patches/survival-entities-land.json: File game:entities/land/shiver.json not found
17.8.2026 23:10:37 [Error] Patch 2 in game:patches/survival-entities-land.json: File game:entities/land/bowtorn.json not found
17.8.2026 23:10:37 [Error] Patch 3 in game:patches/survival-entities-land.json: File game:entities/land/drifter.json not found
17.8.2026 23:10:37 [Error] Patch 4 in game:patches/survival-entities-land.json: File game:entities/land/bowtorn.json not found
17.8.2026 23:10:37 [Error] Patch 5 in game:patches/survival-entities-land.json: File game:entities/land/shiver.json not found
17.8.2026 23:10:37 [Error] Patch 6 in game:patches/survival-entities-land.json: File game:entities/land/drifter.json not found
17.8.2026 23:10:37 [Error] Patch 7 in game:patches/survival-entities-land.json: File game:entities/land/bowtorn.json not found
17.8.2026 23:10:37 [Error] Patch 8 in game:patches/survival-entities-land.json: File game:entities/land/shiver.json not found
17.8.2026 23:10:37 [Error] Patch 9 in darkerwalnut:patches/foodshelves.json: File foodshelves:blocktypes/glassware/ceilingjar.json not found
17.8.2026 23:10:37 [Error] Patch 30 in darkerwalnut:patches/foodshelves.json: File foodshelves:blocktypes/unimplemented/glassjar.json not found
17.8.2026 23:10:37 [Error] Patch 0 (target: game:recipes/grid/roofing.json) in materialneeds:patches/fixes-recipes/mn-lightaged-fix-roofing.json failed because supplied path /69/ingredients/P/skipVariants is invalid: The json path /69/ingredients/P/skipVariants was not found. Could traverse until /69/ingredients, but then 'P' does not exist. Full json at this path: {
  "H": {
    "type": "block",
    "code": "slantedroofingridge-bamboo-ns-free"
  }
}
17.8.2026 23:10:37 [Error] Patch 0 (target: game:itemtypes/food/insect.json) in apanserbjornstory:patches/itemtypes/food/insect.json failed because supplied path /behaviors/- is invalid: The json path /behaviors/- was not found. No such element 'behaviors' at the root path
17.8.2026 23:10:37 [Error] Patch 13 in expandedfoods:patches/compatibility/acorns/recipes/malletstuff.json: File expandedfoods:recipes/grid/acorns/fishnugget.json not found
17.8.2026 23:10:37 [Error] Patch 14 in expandedfoods:patches/compatibility/acorns/recipes/malletstuff.json: File expandedfoods:recipes/grid/acorns/fishnugget.json not found
17.8.2026 23:10:37 [Error] Patch 15 in expandedfoods:patches/compatibility/acorns/recipes/malletstuff.json: File expandedfoods:recipes/grid/acorns/fishnugget.json not found
17.8.2026 23:10:37 [Error] Patch 16 in expandedfoods:patches/compatibility/acorns/recipes/malletstuff.json: File expandedfoods:recipes/grid/acorns/fishnugget.json not found
17.8.2026 23:10:37 [Error] Patch 1 in expandedfoods:patches/compatibility/acorns/acornbreadcrumbs.json: File expandedfoods:recipes/grid/acorns/acornbreadcrumbs.json not found
17.8.2026 23:10:37 [Error] Patch 2 in expandedfoods:patches/compatibility/acorns/acornbreadcrumbs.json: File expandedfoods:recipes/grid/acorns/acornbreadcrumbs.json not found
17.8.2026 23:10:37 [Error] Patch 3 in expandedfoods:patches/compatibility/acorns/acornbreadcrumbs.json: File expandedfoods:recipes/grid/acorns/acornbreadcrumbs.json not found
17.8.2026 23:10:37 [Error] Patch 0 in expandedfoods:patches/compatibility/acorns/acorns-shelled.json: File acorns:itemtypes/resource/acorns-shelled.json not found
17.8.2026 23:10:37 [Error] Patch 1 in expandedfoods:patches/compatibility/acorns/acorns-shelled.json: File acorns:itemtypes/resource/acorns-shelled.json not found
17.8.2026 23:10:37 [Error] Patch 0 in expandedfoods:patches/compatibility/acorns/acorntrailmix.json: File expandedfoods:recipes/kneading/acorns/acorntrailmix.json not found
17.8.2026 23:10:37 [Error] Patch 1 in expandedfoods:patches/compatibility/acorns/acorntrailmix.json: File expandedfoods:recipes/kneading/acorns/acorntrailmix.json not found
17.8.2026 23:10:37 [Error] Patch 2 in expandedfoods:patches/compatibility/acorns/acorntrailmix.json: File expandedfoods:recipes/kneading/acorns/acorntrailmix.json not found
17.8.2026 23:10:37 [Error] Patch 3 in expandedfoods:patches/compatibility/acorns/acorntrailmix.json: File expandedfoods:recipes/kneading/acorns/acorntrailmix.json not found
17.8.2026 23:10:37 [Error] Patch 4 in expandedfoods:patches/compatibility/acorns/acorntrailmix.json: File expandedfoods:recipes/kneading/acorns/acorntrailmix.json not found
17.8.2026 23:10:37 [Error] Patch 5 in expandedfoods:patches/compatibility/acorns/acorntrailmix.json: File expandedfoods:recipes/kneading/acorns/acorntrailmix.json not found
17.8.2026 23:10:37 [Error] Patch 6 in expandedfoods:patches/compatibility/acorns/acorntrailmix.json: File expandedfoods:recipes/kneading/acorns/acorntrailmix.json not found
17.8.2026 23:10:37 [Error] Patch 7 in expandedfoods:patches/compatibility/acorns/acorntrailmix.json: File expandedfoods:recipes/kneading/acorns/acorntrailmix.json not found
17.8.2026 23:10:37 [Error] Patch 0 in expandedfoods:patches/compatibility/ancienttools/recipes/saltedmeatnugget.json: File expandedfoods:itemtypes/food/ancienttoolssaltedmeatnugget.json not found
17.8.2026 23:10:37 [Error] Patch 0 in expandedfoods:patches/compatibility/ancienttools/saltedmeat.json: File ancienttools:itemtypes/food/saltedmeat.json not found
17.8.2026 23:10:37 [Error] Patch 1 in expandedfoods:patches/compatibility/ancienttools/saltedmeat.json: File ancienttools:itemtypes/food/saltedmeat.json not found
17.8.2026 23:10:37 [Error] Patch 2 in expandedfoods:patches/compatibility/ancienttools/saltedmeat.json: File ancienttools:itemtypes/food/saltedmeat.json not found
17.8.2026 23:10:37 [Error] Patch 3 in expandedfoods:patches/compatibility/ancienttools/saltedmeat.json: File ancienttools:itemtypes/food/saltedmeat.json not found
17.8.2026 23:10:37 [Error] Patch 4 in expandedfoods:patches/compatibility/ancienttools/saltedmeat.json: File ancienttools:itemtypes/food/saltedmeat.json not found
17.8.2026 23:10:37 [Error] Patch 5 in expandedfoods:patches/compatibility/ancienttools/saltedmeat.json: File ancienttools:itemtypes/food/saltedmeat.json not found
17.8.2026 23:10:37 [Error] Patch 6 in expandedfoods:patches/compatibility/ancienttools/saltedmeat.json: File ancienttools:itemtypes/food/saltedmeat.json not found
17.8.2026 23:10:37 [Error] Patch 7 in expandedfoods:patches/compatibility/ancienttools/saltedmeat.json: File ancienttools:itemtypes/food/saltedmeat.json not found
17.8.2026 23:10:37 [Error] Patch 8 in expandedfoods:patches/compatibility/ancienttools/saltedmeat.json: File ancienttools:itemtypes/food/saltedmeat.json not found
17.8.2026 23:10:37 [Error] Patch 9 in expandedfoods:patches/compatibility/ancienttools/saltedmeat.json: File ancienttools:itemtypes/food/saltedmeat.json not found
17.8.2026 23:10:37 [Error] Patch 10 in expandedfoods:patches/compatibility/ancienttools/saltedmeat.json: File ancienttools:itemtypes/food/saltedmeat.json not found
17.8.2026 23:10:37 [Error] Patch 11 in expandedfoods:patches/compatibility/ancienttools/saltedmeat.json: File ancienttools:itemtypes/food/saltedmeat.json not found
17.8.2026 23:10:37 [Error] Patch 12 in expandedfoods:patches/compatibility/ancienttools/saltedmeat.json: File ancienttools:itemtypes/food/saltedmeat.json not found
17.8.2026 23:10:37 [Error] Patch 13 in expandedfoods:patches/compatibility/ancienttools/saltedmeat.json: File ancienttools:itemtypes/food/saltedmeat.json not found
17.8.2026 23:10:37 [Error] Patch 14 in expandedfoods:patches/compatibility/ancienttools/saltedmeat.json: File ancienttools:itemtypes/food/saltedmeat.json not found
17.8.2026 23:10:37 [Error] Patch 15 in expandedfoods:patches/compatibility/ancienttools/saltedmeat.json: File ancienttools:itemtypes/food/saltedmeat.json not found
17.8.2026 23:10:37 [Error] Patch 16 in expandedfoods:patches/compatibility/ancienttools/saltedmeat.json: File ancienttools:itemtypes/food/saltedmeat.json not found
17.8.2026 23:10:37 [Error] Patch 17 in expandedfoods:patches/compatibility/ancienttools/saltedmeat.json: File ancienttools:itemtypes/food/saltedmeat.json not found
17.8.2026 23:10:37 [Error] Patch 18 in expandedfoods:patches/compatibility/ancienttools/saltedmeat.json: File ancienttools:itemtypes/food/saltedmeat.json not found
17.8.2026 23:10:37 [Error] Patch 19 in expandedfoods:patches/compatibility/ancienttools/saltedmeat.json: File ancienttools:itemtypes/food/saltedmeat.json not found
17.8.2026 23:10:37 [Error] Patch 20 in expandedfoods:patches/compatibility/ancienttools/saltedmeat.json: File ancienttools:itemtypes/food/saltedmeat.json not found
17.8.2026 23:10:37 [Error] Patch 21 in expandedfoods:patches/compatibility/ancienttools/saltedmeat.json: File ancienttools:itemtypes/food/saltedmeat.json not found
17.8.2026 23:10:37 [Error] Patch 22 in expandedfoods:patches/compatibility/ancienttools/saltedmeat.json: File ancienttools:itemtypes/food/saltedmeat.json not found
17.8.2026 23:10:37 [Error] Patch 23 in expandedfoods:patches/compatibility/ancienttools/saltedmeat.json: File ancienttools:itemtypes/food/saltedmeat.json not found
17.8.2026 23:10:37 [Error] Patch 24 in expandedfoods:patches/compatibility/ancienttools/saltedmeat.json: File ancienttools:itemtypes/food/saltedmeat.json not found
17.8.2026 23:10:37 [Error] Patch 25 in expandedfoods:patches/compatibility/ancienttools/saltedmeat.json: File ancienttools:itemtypes/food/saltedmeat.json not found
17.8.2026 23:10:37 [Error] Patch 26 in expandedfoods:patches/compatibility/ancienttools/saltedmeat.json: File ancienttools:itemtypes/food/saltedmeat.json not found
17.8.2026 23:10:37 [Error] Patch 27 in expandedfoods:patches/compatibility/ancienttools/saltedmeat.json: File ancienttools:itemtypes/food/saltedmeat.json not found
17.8.2026 23:10:37 [Error] Patch 28 in expandedfoods:patches/compatibility/ancienttools/saltedmeat.json: File ancienttools:itemtypes/food/saltedmeat.json not found
17.8.2026 23:10:37 [Error] Patch 29 in expandedfoods:patches/compatibility/ancienttools/saltedmeat.json: File ancienttools:itemtypes/food/saltedmeat.json not found
17.8.2026 23:10:37 [Error] Patch 30 in expandedfoods:patches/compatibility/ancienttools/saltedmeat.json: File ancienttools:itemtypes/food/saltedmeat.json not found
17.8.2026 23:10:37 [Error] Patch 31 in expandedfoods:patches/compatibility/ancienttools/saltedmeat.json: File ancienttools:itemtypes/food/saltedmeat.json not found
17.8.2026 23:10:37 [Error] Patch 32 in expandedfoods:patches/compatibility/ancienttools/saltedmeat.json: File ancienttools:itemtypes/food/saltedmeat.json not found
17.8.2026 23:10:37 [Error] Patch 33 in expandedfoods:patches/compatibility/ancienttools/saltedmeat.json: File ancienttools:itemtypes/food/saltedmeat.json not found
17.8.2026 23:10:37 [Error] Patch 34 in expandedfoods:patches/compatibility/ancienttools/saltedmeat.json: File ancienttools:itemtypes/food/saltedmeat.json not found
17.8.2026 23:10:37 [Error] Patch 35 in expandedfoods:patches/compatibility/ancienttools/saltedmeat.json: File ancienttools:itemtypes/food/saltedmeat.json not found
17.8.2026 23:10:37 [Error] Patch 36 in expandedfoods:patches/compatibility/ancienttools/saltedmeat.json: File ancienttools:itemtypes/food/saltedmeat.json not found
17.8.2026 23:10:37 [Error] Patch 37 in expandedfoods:patches/compatibility/ancienttools/saltedmeat.json: File ancienttools:itemtypes/food/saltedmeat.json not found
17.8.2026 23:10:37 [Error] Patch 38 in expandedfoods:patches/compatibility/ancienttools/saltedmeat.json: File ancienttools:itemtypes/food/saltedmeat.json not found
17.8.2026 23:10:37 [Error] Patch 39 in expandedfoods:patches/compatibility/ancienttools/saltedmeat.json: File ancienttools:itemtypes/food/saltedmeat.json not found
17.8.2026 23:10:37 [Error] Patch 0 in expandedfoods:patches/compatibility/moreanimals/egg.json: File moreanimals:itemtypes/egg.json not found
17.8.2026 23:10:37 [Error] Patch 1 in expandedfoods:patches/compatibility/moreanimals/egg.json: File moreanimals:itemtypes/egg.json not found
17.8.2026 23:10:37 [Error] Patch 2 in expandedfoods:patches/compatibility/moreanimals/egg.json: File moreanimals:itemtypes/egg.json not found
17.8.2026 23:10:37 [Error] Patch 3 in expandedfoods:patches/compatibility/moreanimals/egg.json: File moreanimals:itemtypes/egg.json not found
17.8.2026 23:10:37 [Error] Patch 4 in expandedfoods:patches/compatibility/moreanimals/egg.json: File moreanimals:itemtypes/egg.json not found
17.8.2026 23:10:37 [Error] Patch 5 in expandedfoods:patches/compatibility/moreanimals/egg.json: File moreanimals:itemtypes/egg.json not found
17.8.2026 23:10:37 [Error] Patch 6 in expandedfoods:patches/compatibility/moreanimals/egg.json: File moreanimals:itemtypes/egg.json not found
17.8.2026 23:10:37 [Error] Patch 7 in expandedfoods:patches/compatibility/moreanimals/egg.json: File moreanimals:itemtypes/egg.json not found
17.8.2026 23:10:37 [Error] Patch 8 in expandedfoods:patches/compatibility/moreanimals/egg.json: File moreanimals:itemtypes/egg.json not found
17.8.2026 23:10:37 [Error] Patch 9 in expandedfoods:patches/compatibility/moreanimals/egg.json: File moreanimals:itemtypes/egg.json not found
17.8.2026 23:10:37 [Error] Patch 0 (target: game:itemtypes/food/grain.json) in expandedfoods:patches/grain.json failed because supplied path /attributesByType/*-sunflower is invalid: The json path /attributesByType/*-sunflower was not found. No such element 'attributesByType' at the root path
17.8.2026 23:10:37 [Error] Patch 1 (target: game:itemtypes/food/grain.json) in expandedfoods:patches/grain.json failed because supplied path /attributesByType/*-flax/juiceableProperties is invalid: The json path /attributesByType/*-flax/juiceableProperties was not found. No such element 'attributesByType' at the root path
17.8.2026 23:10:37 [Error] Patch 2 (target: game:itemtypes/food/grain.json) in expandedfoods:patches/grain.json failed because supplied path /attributesByType/*-rice/juiceableProperties is invalid: The json path /attributesByType/*-rice/juiceableProperties was not found. No such element 'attributesByType' at the root path
17.8.2026 23:10:37 [Error] Patch 3 (target: game:itemtypes/food/grain.json) in expandedfoods:patches/grain.json failed because supplied path /temp is invalid: The json path /attributesByType/* was not found. No such element 'attributesByType' at the root path
17.8.2026 23:10:37 [Error] Patch 4 (target: game:itemtypes/food/grain.json) in expandedfoods:patches/grain.json failed because supplied path /attributesByType/* is invalid: The json path /temp was not found. No such element 'temp' at the root path
17.8.2026 23:10:37 [Error] Patch 1 in game:patches/bushmeatmeals.json: File game:blocktypes/clay/pot.json not found
17.8.2026 23:10:37 [Error] Patch 2 in game:patches/bushmeatmeals.json: File game:blocktypes/clay/pot.json not found
17.8.2026 23:10:37 [Error] Patch 9 (target: game:itemtypes/food/bread.json) in game:patches/dough.json failed because supplied path /nutritionPropsByType/*-charred/saturation is invalid: The json path /nutritionPropsByType/*-charred/saturation was not found. Could traverse until /nutritionPropsByType/*-charred, but then 'saturation' does not exist. Full json at this path: {
  "satiety": 210,
  "foodcategory": "Grain"
}
17.8.2026 23:10:37 [Error] Patch 10 (target: game:itemtypes/food/bread.json) in game:patches/dough.json failed because supplied path /nutritionPropsByType/*-partbaked/saturation is invalid: The json path /nutritionPropsByType/*-partbaked/saturation was not found. Could traverse until /nutritionPropsByType/*-partbaked, but then 'saturation' does not exist. Full json at this path: {
  "satiety": 150,
  "foodcategory": "Grain"
}
17.8.2026 23:10:37 [Error] Patch 11 (target: game:itemtypes/food/bread.json) in game:patches/dough.json failed because supplied path /nutritionPropsByType/*-perfect/saturation is invalid: The json path /nutritionPropsByType/*-perfect/saturation was not found. Could traverse until /nutritionPropsByType/*-perfect, but then 'saturation' does not exist. Full json at this path: {
  "satiety": 300,
  "foodcategory": "Grain"
}
17.8.2026 23:10:37 [Error] Patch 0 in game:patches/fish.json: File game:itemtypes/food/fish.json not found
17.8.2026 23:10:37 [Error] Patch 1 in game:patches/fish.json: File game:itemtypes/food/fish.json not found
17.8.2026 23:10:37 [Error] Patch 2 in game:patches/fish.json: File game:itemtypes/food/fish.json not found
17.8.2026 23:10:37 [Error] Patch 3 in game:patches/fish.json: File game:itemtypes/food/fish.json not found
17.8.2026 23:10:37 [Error] Patch 4 in game:patches/fish.json: File game:itemtypes/food/fish.json not found
17.8.2026 23:10:37 [Error] Patch 5 in game:patches/fish.json: File game:itemtypes/food/fish.json not found
17.8.2026 23:10:37 [Error] Patch 6 in game:patches/fish.json: File game:itemtypes/food/fish.json not found
17.8.2026 23:10:37 [Error] Patch 7 in game:patches/fish.json: File game:itemtypes/food/fish.json not found
17.8.2026 23:10:37 [Error] Patch 8 in game:patches/fish.json: File game:itemtypes/food/fish.json not found
17.8.2026 23:10:37 [Error] Patch 9 in game:patches/fish.json: File game:itemtypes/food/fish.json not found
17.8.2026 23:10:37 [Error] Patch 10 in game:patches/fish.json: File game:itemtypes/food/fish.json not found
17.8.2026 23:10:37 [Error] Patch 11 in game:patches/fish.json: File game:itemtypes/food/fish.json not found
17.8.2026 23:10:37 [Error] Patch 12 in game:patches/fish.json: File game:itemtypes/food/fish.json not found
17.8.2026 23:10:37 [Error] Patch 13 in game:patches/fish.json: File game:itemtypes/food/fish.json not found
17.8.2026 23:10:37 [Error] Patch 14 in game:patches/fish.json: File game:itemtypes/food/fish.json not found
17.8.2026 23:10:37 [Error] Patch 15 in game:patches/fish.json: File game:itemtypes/food/fish.json not found
17.8.2026 23:10:37 [Error] Patch 16 in game:patches/fish.json: File game:itemtypes/food/fish.json not found
17.8.2026 23:10:37 [Error] Patch 17 in game:patches/fish.json: File game:itemtypes/food/fish.json not found
17.8.2026 23:10:37 [Error] Patch 18 in game:patches/fish.json: File game:itemtypes/food/fish.json not found
17.8.2026 23:10:37 [Error] Patch 19 in game:patches/fish.json: File game:itemtypes/food/fish.json not found
17.8.2026 23:10:37 [Error] Patch 20 in game:patches/fish.json: File game:itemtypes/food/fish.json not found
17.8.2026 23:10:37 [Error] Patch 21 in game:patches/fish.json: File game:itemtypes/food/fish.json not found
17.8.2026 23:10:37 [Error] Patch 0 (target: game:recipes/cooking/glue.json) in game:patches/glue.json failed because supplied path /ingredients/0/portionSizeLitres is invalid: The json path /ingredients/0/portionSizeLitres was not found. No such element 'ingredients' at the root path
17.8.2026 23:10:37 [Error] Patch 0 (target: game:itemtypes/food/insect.json) in game:patches/insect.json failed because supplied path /attributesByType/* is invalid: The json path /attributesByType/* was not found. No such element 'attributesByType' at the root path
17.8.2026 23:10:37 [Error] Patch 1 (target: game:itemtypes/food/insect.json) in game:patches/insect.json failed because supplied path /attributesByType/* is invalid: The json path /attributesByType/* was not found. No such element 'attributesByType' at the root path
17.8.2026 23:10:37 [Error] Patch 0 (target: game:itemtypes/food/pickledvegetable.json) in game:patches/pickledvegetable.json failed because supplied path /fpHandTransformByType/*-cabbage/scale is invalid: The json path /fpHandTransformByType/*-cabbage/scale was not found. No such element 'fpHandTransformByType' at the root path
17.8.2026 23:10:37 [Error] Patch 3 in xskills:patches/container.json: File aculinaryartillery:blocktypes/glassbottle.json not found
17.8.2026 23:10:37 [Error] Patch 4 in xskills:patches/container.json: File aculinaryartillery:blocktypes/claybottle-fired.json not found
17.8.2026 23:10:37 [Notification] JsonPatch Loader: 5430 patches total, successfully applied 5328 patches, missing files on 114 patches, unmet conditions on 3548 patches, had errors on 16 patches
17.8.2026 23:10:37 [Notification] [Immersive Fibercraft] Mod detection - tailorsdelight: False, wool: False
17.8.2026 23:10:37 [Notification] [Immersive Fibercraft] Pattern weaving disabled (requires both tailorsdelight and wool mods)
17.8.2026 23:10:37 [Event] [xlibfork] Initialize skills
17.8.2026 23:10:37 [Event] [xlibfork] Registered 11 skills (0 disabled) and 159 abilities (1 disabled).
17.8.2026 23:10:37 [Event] [xlibfork] Initialize effects
17.8.2026 23:10:37 [Event] [xlibfork] Registered 37 effects and 0 effect triggers.
17.8.2026 23:10:38 [Event] Il se souvient ...
17.8.2026 23:10:38 [Error] Failed registering item game:pressedmash-olive:
17.8.2026 23:10:38 [Error] Exception: Vous avez tenté d'enregistrer un objet avec le code game:pressedmash-olive, mais un objet avec ce code existe déjà. Il doit être unique
   at Vintagestory.Server.ServerMain.RegisterItem(Item item) in VintagestoryLib\Server\ServerMain.cs:line 1980
   at Vintagestory.Server.ServerCoreAPI.RegisterItem(Item item) in VintagestoryLib\Server\API\ServerCoreAPI.cs:line 132
   at Vintagestory.ServerMods.NoObf.ModRegistryObjectTypeLoader.<LoadItems>b__14_0(List`1 variants) in VSEssentials\Loading\RegistryObjectTypeLoader.cs:line 253
17.8.2026 23:10:38 [Error] Failed registering item game:chisel-flint:
17.8.2026 23:10:38 [Error] Exception: Vous avez tenté d'enregistrer un objet avec le code game:chisel-flint, mais un objet avec ce code existe déjà. Il doit être unique
   at Vintagestory.Server.ServerMain.RegisterItem(Item item) in VintagestoryLib\Server\ServerMain.cs:line 1980
   at Vintagestory.Server.ServerCoreAPI.RegisterItem(Item item) in VintagestoryLib\Server\API\ServerCoreAPI.cs:line 132
   at Vintagestory.ServerMods.NoObf.ModRegistryObjectTypeLoader.<LoadItems>b__14_0(List`1 variants) in VSEssentials\Loading\RegistryObjectTypeLoader.cs:line 253
17.8.2026 23:10:40 [Notification] Loaded 13069 unique items
17.8.2026 23:10:40 [Event] Tout ce qui a précédé...
17.8.2026 23:10:42 [Error] Failed registering block game:mushroom-fieldmushroom-harvested
17.8.2026 23:10:42 [Error] Exception: Block must have a unique code ('game:mushroom-fieldmushroom-harvested' is already in use). This is often caused right after a game update when there are old installation files left behind. Try full uninstall and reinstall.
   at Vintagestory.Server.ServerMain.RegisterBlock(Block block) in VintagestoryLib\Server\ServerMain.cs:line 1935
   at Vintagestory.Server.ServerCoreAPI.RegisterBlock(Block block) in VintagestoryLib\Server\API\ServerCoreAPI.cs:line 137
   at Vintagestory.ServerMods.NoObf.ModRegistryObjectTypeLoader.<LoadBlocks>b__15_0(List`1 variants) in VSEssentials\Loading\RegistryObjectTypeLoader.cs:line 277
17.8.2026 23:10:42 [Error] Failed registering block game:mushroom-almondmushroom-harvested
17.8.2026 23:10:42 [Error] Exception: Block must have a unique code ('game:mushroom-almondmushroom-harvested' is already in use). This is often caused right after a game update when there are old installation files left behind. Try full uninstall and reinstall.
   at Vintagestory.Server.ServerMain.RegisterBlock(Block block) in VintagestoryLib\Server\ServerMain.cs:line 1935
   at Vintagestory.Server.ServerCoreAPI.RegisterBlock(Block block) in VintagestoryLib\Server\API\ServerCoreAPI.cs:line 137
   at Vintagestory.ServerMods.NoObf.ModRegistryObjectTypeLoader.<LoadBlocks>b__15_0(List`1 variants) in VSEssentials\Loading\RegistryObjectTypeLoader.cs:line 277
17.8.2026 23:10:42 [Error] Failed registering block game:mushroom-bitterbolete-harvested
17.8.2026 23:10:42 [Error] Exception: Block must have a unique code ('game:mushroom-bitterbolete-harvested' is already in use). This is often caused right after a game update when there are old installation files left behind. Try full uninstall and reinstall.
   at Vintagestory.Server.ServerMain.RegisterBlock(Block block) in VintagestoryLib\Server\ServerMain.cs:line 1935
   at Vintagestory.Server.ServerCoreAPI.RegisterBlock(Block block) in VintagestoryLib\Server\API\ServerCoreAPI.cs:line 137
   at Vintagestory.ServerMods.NoObf.ModRegistryObjectTypeLoader.<LoadBlocks>b__15_0(List`1 variants) in VSEssentials\Loading\RegistryObjectTypeLoader.cs:line 277
17.8.2026 23:10:42 [Error] Failed registering block game:mushroom-blacktrumpet-harvested
17.8.2026 23:10:42 [Error] Exception: Block must have a unique code ('game:mushroom-blacktrumpet-harvested' is already in use). This is often caused right after a game update when there are old installation files left behind. Try full uninstall and reinstall.
   at Vintagestory.Server.ServerMain.RegisterBlock(Block block) in VintagestoryLib\Server\ServerMain.cs:line 1935
   at Vintagestory.Server.ServerCoreAPI.RegisterBlock(Block block) in VintagestoryLib\Server\API\ServerCoreAPI.cs:line 137
   at Vintagestory.ServerMods.NoObf.ModRegistryObjectTypeLoader.<LoadBlocks>b__15_0(List`1 variants) in VSEssentials\Loading\RegistryObjectTypeLoader.cs:line 277
17.8.2026 23:10:42 [Error] Failed registering block game:mushroom-chanterelle-harvested
17.8.2026 23:10:42 [Error] Exception: Block must have a unique code ('game:mushroom-chanterelle-harvested' is already in use). This is often caused right after a game update when there are old installation files left behind. Try full uninstall and reinstall.
   at Vintagestory.Server.ServerMain.RegisterBlock(Block block) in VintagestoryLib\Server\ServerMain.cs:line 1935
   at Vintagestory.Server.ServerCoreAPI.RegisterBlock(Block block) in VintagestoryLib\Server\API\ServerCoreAPI.cs:line 137
   at Vintagestory.ServerMods.NoObf.ModRegistryObjectTypeLoader.<LoadBlocks>b__15_0(List`1 variants) in VSEssentials\Loading\RegistryObjectTypeLoader.cs:line 277
17.8.2026 23:10:42 [Error] Failed registering block game:mushroom-commonmorel-harvested
17.8.2026 23:10:42 [Error] Exception: Block must have a unique code ('game:mushroom-commonmorel-harvested' is already in use). This is often caused right after a game update when there are old installation files left behind. Try full uninstall and reinstall.
   at Vintagestory.Server.ServerMain.RegisterBlock(Block block) in VintagestoryLib\Server\ServerMain.cs:line 1935
   at Vintagestory.Server.ServerCoreAPI.RegisterBlock(Block block) in VintagestoryLib\Server\API\ServerCoreAPI.cs:line 137
   at Vintagestory.ServerMods.NoObf.ModRegistryObjectTypeLoader.<LoadBlocks>b__15_0(List`1 variants) in VSEssentials\Loading\RegistryObjectTypeLoader.cs:line 277
17.8.2026 23:10:42 [Error] Failed registering block game:mushroom-deathcap-harvested
17.8.2026 23:10:42 [Error] Exception: Block must have a unique code ('game:mushroom-deathcap-harvested' is already in use). This is often caused right after a game update when there are old installation files left behind. Try full uninstall and reinstall.
   at Vintagestory.Server.ServerMain.RegisterBlock(Block block) in VintagestoryLib\Server\ServerMain.cs:line 1935
   at Vintagestory.Server.ServerCoreAPI.RegisterBlock(Block block) in VintagestoryLib\Server\API\ServerCoreAPI.cs:line 137
   at Vintagestory.ServerMods.NoObf.ModRegistryObjectTypeLoader.<LoadBlocks>b__15_0(List`1 variants) in VSEssentials\Loading\RegistryObjectTypeLoader.cs:line 277
17.8.2026 23:10:42 [Error] Failed registering block game:mushroom-devilstooth-harvested
17.8.2026 23:10:42 [Error] Exception: Block must have a unique code ('game:mushroom-devilstooth-harvested' is already in use). This is often caused right after a game update when there are old installation files left behind. Try full uninstall and reinstall.
   at Vintagestory.Server.ServerMain.RegisterBlock(Block block) in VintagestoryLib\Server\ServerMain.cs:line 1935
   at Vintagestory.Server.ServerCoreAPI.RegisterBlock(Block block) in VintagestoryLib\Server\API\ServerCoreAPI.cs:line 137
   at Vintagestory.ServerMods.NoObf.ModRegistryObjectTypeLoader.<LoadBlocks>b__15_0(List`1 variants) in VSEssentials\Loading\RegistryObjectTypeLoader.cs:line 277
17.8.2026 23:10:42 [Error] Failed registering block game:mushroom-devilbolete-harvested
17.8.2026 23:10:42 [Error] Exception: Block must have a unique code ('game:mushroom-devilbolete-harvested' is already in use). This is often caused right after a game update when there are old installation files left behind. Try full uninstall and reinstall.
   at Vintagestory.Server.ServerMain.RegisterBlock(Block block) in VintagestoryLib\Server\ServerMain.cs:line 1935
   at Vintagestory.Server.ServerCoreAPI.RegisterBlock(Block block) in VintagestoryLib\Server\API\ServerCoreAPI.cs:line 137
   at Vintagestory.ServerMods.NoObf.ModRegistryObjectTypeLoader.<LoadBlocks>b__15_0(List`1 variants) in VSEssentials\Loading\RegistryObjectTypeLoader.cs:line 277
17.8.2026 23:10:42 [Error] Failed registering block game:mushroom-earthball-harvested
17.8.2026 23:10:42 [Error] Exception: Block must have a unique code ('game:mushroom-earthball-harvested' is already in use). This is often caused right after a game update when there are old installation files left behind. Try full uninstall and reinstall.
   at Vintagestory.Server.ServerMain.RegisterBlock(Block block) in VintagestoryLib\Server\ServerMain.cs:line 1935
   at Vintagestory.Server.ServerCoreAPI.RegisterBlock(Block block) in VintagestoryLib\Server\API\ServerCoreAPI.cs:line 137
   at Vintagestory.ServerMods.NoObf.ModRegistryObjectTypeLoader.<LoadBlocks>b__15_0(List`1 variants) in VSEssentials\Loading\RegistryObjectTypeLoader.cs:line 277
17.8.2026 23:10:42 [Error] Failed registering block game:mushroom-elfinsaddle-harvested
17.8.2026 23:10:42 [Error] Exception: Block must have a unique code ('game:mushroom-elfinsaddle-harvested' is already in use). This is often caused right after a game update when there are old installation files left behind. Try full uninstall and reinstall.
   at Vintagestory.Server.ServerMain.RegisterBlock(Block block) in VintagestoryLib\Server\ServerMain.cs:line 1935
   at Vintagestory.Server.ServerCoreAPI.RegisterBlock(Block block) in VintagestoryLib\Server\API\ServerCoreAPI.cs:line 137
   at Vintagestory.ServerMods.NoObf.ModRegistryObjectTypeLoader.<LoadBlocks>b__15_0(List`1 variants) in VSEssentials\Loading\RegistryObjectTypeLoader.cs:line 277
17.8.2026 23:10:42 [Error] Failed registering block game:mushroom-golddropmilkcap-harvested
17.8.2026 23:10:42 [Error] Exception: Block must have a unique code ('game:mushroom-golddropmilkcap-harvested' is already in use). This is often caused right after a game update when there are old installation files left behind. Try full uninstall and reinstall.
   at Vintagestory.Server.ServerMain.RegisterBlock(Block block) in VintagestoryLib\Server\ServerMain.cs:line 1935
   at Vintagestory.Server.ServerCoreAPI.RegisterBlock(Block block) in VintagestoryLib\Server\API\ServerCoreAPI.cs:line 137
   at Vintagestory.ServerMods.NoObf.ModRegistryObjectTypeLoader.<LoadBlocks>b__15_0(List`1 variants) in VSEssentials\Loading\RegistryObjectTypeLoader.cs:line 277
17.8.2026 23:10:42 [Error] Failed registering block game:mushroom-greencrackedrussula-harvested
17.8.2026 23:10:42 [Error] Exception: Block must have a unique code ('game:mushroom-greencrackedrussula-harvested' is already in use). This is often caused right after a game update when there are old installation files left behind. Try full uninstall and reinstall.
   at Vintagestory.Server.ServerMain.RegisterBlock(Block block) in VintagestoryLib\Server\ServerMain.cs:line 1935
   at Vintagestory.Server.ServerCoreAPI.RegisterBlock(Block block) in VintagestoryLib\Server\API\ServerCoreAPI.cs:line 137
   at Vintagestory.ServerMods.NoObf.ModRegistryObjectTypeLoader.<LoadBlocks>b__15_0(List`1 variants) in VSEssentials\Loading\RegistryObjectTypeLoader.cs:line 277
17.8.2026 23:10:42 [Error] Failed registering block game:mushroom-indigomilkcap-harvested
17.8.2026 23:10:42 [Error] Exception: Block must have a unique code ('game:mushroom-indigomilkcap-harvested' is already in use). This is often caused right after a game update when there are old installation files left behind. Try full uninstall and reinstall.
   at Vintagestory.Server.ServerMain.RegisterBlock(Block block) in VintagestoryLib\Server\ServerMain.cs:line 1935
   at Vintagestory.Server.ServerCoreAPI.RegisterBlock(Block block) in VintagestoryLib\Server\API\ServerCoreAPI.cs:line 137
   at Vintagestory.ServerMods.NoObf.ModRegistryObjectTypeLoader.<LoadBlocks>b__15_0(List`1 variants) in VSEssentials\Loading\RegistryObjectTypeLoader.cs:line 277
17.8.2026 23:10:42 [Error] Failed registering block game:mushroom-jackolantern-harvested
17.8.2026 23:10:42 [Error] Exception: Block must have a unique code ('game:mushroom-jackolantern-harvested' is already in use). This is often caused right after a game update when there are old installation files left behind. Try full uninstall and reinstall.
   at Vintagestory.Server.ServerMain.RegisterBlock(Block block) in VintagestoryLib\Server\ServerMain.cs:line 1935
   at Vintagestory.Server.ServerCoreAPI.RegisterBlock(Block block) in VintagestoryLib\Server\API\ServerCoreAPI.cs:line 137
   at Vintagestory.ServerMods.NoObf.ModRegistryObjectTypeLoader.<LoadBlocks>b__15_0(List`1 variants) in VSEssentials\Loading\RegistryObjectTypeLoader.cs:line 277
17.8.2026 23:10:42 [Error] Failed registering block game:mushroom-kingbolete-harvested
17.8.2026 23:10:42 [Error] Exception: Block must have a unique code ('game:mushroom-kingbolete-harvested' is already in use). This is often caused right after a game update when there are old installation files left behind. Try full uninstall and reinstall.
   at Vintagestory.Server.ServerMain.RegisterBlock(Block block) in VintagestoryLib\Server\ServerMain.cs:line 1935
   at Vintagestory.Server.ServerCoreAPI.RegisterBlock(Block block) in VintagestoryLib\Server\API\ServerCoreAPI.cs:line 137
   at Vintagestory.ServerMods.NoObf.ModRegistryObjectTypeLoader.<LoadBlocks>b__15_0(List`1 variants) in VSEssentials\Loading\RegistryObjectTypeLoader.cs:line 277
17.8.2026 23:10:42 [Error] Failed registering block game:mushroom-lobster-harvested
17.8.2026 23:10:42 [Error] Exception: Block must have a unique code ('game:mushroom-lobster-harvested' is already in use). This is often caused right after a game update when there are old installation files left behind. Try full uninstall and reinstall.
   at Vintagestory.Server.ServerMain.RegisterBlock(Block block) in VintagestoryLib\Server\ServerMain.cs:line 1935
   at Vintagestory.Server.ServerCoreAPI.RegisterBlock(Block block) in VintagestoryLib\Server\API\ServerCoreAPI.cs:line 137
   at Vintagestory.ServerMods.NoObf.ModRegistryObjectTypeLoader.<LoadBlocks>b__15_0(List`1 variants) in VSEssentials\Loading\RegistryObjectTypeLoader.cs:line 277
17.8.2026 23:10:42 [Error] Failed registering block game:mushroom-orangeoakbolete-harvested
17.8.2026 23:10:42 [Error] Exception: Block must have a unique code ('game:mushroom-orangeoakbolete-harvested' is already in use). This is often caused right after a game update when there are old installation files left behind. Try full uninstall and reinstall.
   at Vintagestory.Server.ServerMain.RegisterBlock(Block block) in VintagestoryLib\Server\ServerMain.cs:line 1935
   at Vintagestory.Server.ServerCoreAPI.RegisterBlock(Block block) in VintagestoryLib\Server\API\ServerCoreAPI.cs:line 137
   at Vintagestory.ServerMods.NoObf.ModRegistryObjectTypeLoader.<LoadBlocks>b__15_0(List`1 variants) in VSEssentials\Loading\RegistryObjectTypeLoader.cs:line 277
17.8.2026 23:10:42 [Error] Failed registering block game:mushroom-paddystraw-harvested
17.8.2026 23:10:42 [Error] Exception: Block must have a unique code ('game:mushroom-paddystraw-harvested' is already in use). This is often caused right after a game update when there are old installation files left behind. Try full uninstall and reinstall.
   at Vintagestory.Server.ServerMain.RegisterBlock(Block block) in VintagestoryLib\Server\ServerMain.cs:line 1935
   at Vintagestory.Server.ServerCoreAPI.RegisterBlock(Block block) in VintagestoryLib\Server\API\ServerCoreAPI.cs:line 137
   at Vintagestory.ServerMods.NoObf.ModRegistryObjectTypeLoader.<LoadBlocks>b__15_0(List`1 variants) in VSEssentials\Loading\RegistryObjectTypeLoader.cs:line 277
17.8.2026 23:10:42 [Error] Failed registering block game:mushroom-puffball-harvested
17.8.2026 23:10:42 [Error] Exception: Block must have a unique code ('game:mushroom-puffball-harvested' is already in use). This is often caused right after a game update when there are old installation files left behind. Try full uninstall and reinstall.
   at Vintagestory.Server.ServerMain.RegisterBlock(Block block) in VintagestoryLib\Server\ServerMain.cs:line 1935
   at Vintagestory.Server.ServerCoreAPI.RegisterBlock(Block block) in VintagestoryLib\Server\API\ServerCoreAPI.cs:line 137
   at Vintagestory.ServerMods.NoObf.ModRegistryObjectTypeLoader.<LoadBlocks>b__15_0(List`1 variants) in VSEssentials\Loading\RegistryObjectTypeLoader.cs:line 277
17.8.2026 23:10:42 [Error] Failed registering block game:mushroom-redwinecap-harvested
17.8.2026 23:10:42 [Error] Exception: Block must have a unique code ('game:mushroom-redwinecap-harvested' is already in use). This is often caused right after a game update when there are old installation files left behind. Try full uninstall and reinstall.
   at Vintagestory.Server.ServerMain.RegisterBlock(Block block) in VintagestoryLib\Server\ServerMain.cs:line 1935
   at Vintagestory.Server.ServerCoreAPI.RegisterBlock(Block block) in VintagestoryLib\Server\API\ServerCoreAPI.cs:line 137
   at Vintagestory.ServerMods.NoObf.ModRegistryObjectTypeLoader.<LoadBlocks>b__15_0(List`1 variants) in VSEssentials\Loading\RegistryObjectTypeLoader.cs:line 277
17.8.2026 23:10:42 [Error] Failed registering block game:mushroom-saffronmilkcap-harvested
17.8.2026 23:10:42 [Error] Exception: Block must have a unique code ('game:mushroom-saffronmilkcap-harvested' is already in use). This is often caused right after a game update when there are old installation files left behind. Try full uninstall and reinstall.
   at Vintagestory.Server.ServerMain.RegisterBlock(Block block) in VintagestoryLib\Server\ServerMain.cs:line 1935
   at Vintagestory.Server.ServerCoreAPI.RegisterBlock(Block block) in VintagestoryLib\Server\API\ServerCoreAPI.cs:line 137
   at Vintagestory.ServerMods.NoObf.ModRegistryObjectTypeLoader.<LoadBlocks>b__15_0(List`1 variants) in VSEssentials\Loading\RegistryObjectTypeLoader.cs:line 277
17.8.2026 23:10:42 [Error] Failed registering block game:mushroom-violetwebcap-harvested
17.8.2026 23:10:42 [Error] Exception: Block must have a unique code ('game:mushroom-violetwebcap-harvested' is already in use). This is often caused right after a game update when there are old installation files left behind. Try full uninstall and reinstall.
   at Vintagestory.Server.ServerMain.RegisterBlock(Block block) in VintagestoryLib\Server\ServerMain.cs:line 1935
   at Vintagestory.Server.ServerCoreAPI.RegisterBlock(Block block) in VintagestoryLib\Server\API\ServerCoreAPI.cs:line 137
   at Vintagestory.ServerMods.NoObf.ModRegistryObjectTypeLoader.<LoadBlocks>b__15_0(List`1 variants) in VSEssentials\Loading\RegistryObjectTypeLoader.cs:line 277
17.8.2026 23:10:42 [Error] Failed registering block game:mushroom-witchhat-harvested
17.8.2026 23:10:42 [Error] Exception: Block must have a unique code ('game:mushroom-witchhat-harvested' is already in use). This is often caused right after a game update when there are old installation files left behind. Try full uninstall and reinstall.
   at Vintagestory.Server.ServerMain.RegisterBlock(Block block) in VintagestoryLib\Server\ServerMain.cs:line 1935
   at Vintagestory.Server.ServerCoreAPI.RegisterBlock(Block block) in VintagestoryLib\Server\API\ServerCoreAPI.cs:line 137
   at Vintagestory.ServerMods.NoObf.ModRegistryObjectTypeLoader.<LoadBlocks>b__15_0(List`1 variants) in VSEssentials\Loading\RegistryObjectTypeLoader.cs:line 277
17.8.2026 23:10:45 [Notification] Loaded 55116 unique blocks
17.8.2026 23:10:46 [Notification] Loaded 1337 unique entitiess
17.8.2026 23:10:46 [Notification] BlockLoader: Entities, Blocks and Items loaded
17.8.2026 23:10:46 [Notification] Remapper: No applicable remappings found for this save game, all seems good for now
17.8.2026 23:10:46 [Event] Remapping blocks and items...
17.8.2026 23:10:46 [Warning] Failed resolving a blocks itemdrop or smeltedstack with code primitivesurvival:fishfillet-raw in cooking recipe game:recipes/cooking/porridge.json
17.8.2026 23:10:46 [Warning] Failed resolving a blocks itemdrop or smeltedstack with code primitivesurvival:fishfillet-raw in cooking recipe game:recipes/cooking/augratin.json
17.8.2026 23:10:46 [Warning] Failed resolving a blocks itemdrop or smeltedstack with code primitivesurvival:fishfillet-raw in cooking recipe game:recipes/cooking/augratin.json
17.8.2026 23:10:46 [Warning] Failed resolving a blocks itemdrop or smeltedstack with code primitivesurvival:fishfillet-raw in cooking recipe game:recipes/cooking/pastahot.json
17.8.2026 23:10:46 [Warning] Failed resolving a blocks itemdrop or smeltedstack with code primitivesurvival:fishfillet-raw in cooking recipe game:recipes/cooking/pastahot.json
17.8.2026 23:10:46 [Warning] Failed resolving a blocks itemdrop or smeltedstack with code primitivesurvival:fishfillet-raw in cooking recipe game:recipes/cooking/riceandbeans.json
17.8.2026 23:10:46 [Warning] Failed resolving a blocks itemdrop or smeltedstack with code primitivesurvival:fishfillet-raw in cooking recipe game:recipes/cooking/riceandbeans.json
17.8.2026 23:10:46 [Event] 71 cooking recipes loaded
17.8.2026 23:10:46 [Event] Goût et odeur...
17.8.2026 23:10:46 [Warning] Failed resolving a blocks itemdrop or smeltedstack with code primitivesurvival:fishfillet-partbaked in mixing recipe expandedfoods:recipes/mixing/pastacold.json
17.8.2026 23:10:46 [Warning] Failed resolving a blocks itemdrop or smeltedstack with code primitivesurvival:fishfillet-cooked in mixing recipe expandedfoods:recipes/mixing/pastacold.json
17.8.2026 23:10:46 [Warning] Failed resolving a blocks itemdrop or smeltedstack with code primitivesurvival:fishfillet-charred in mixing recipe expandedfoods:recipes/mixing/pastacold.json
17.8.2026 23:10:46 [Warning] Failed resolving a blocks itemdrop or smeltedstack with code game:fish-partbaked in mixing recipe expandedfoods:recipes/mixing/pastacold.json
17.8.2026 23:10:46 [Warning] Failed resolving a blocks itemdrop or smeltedstack with code game:fish-charred in mixing recipe expandedfoods:recipes/mixing/pastacold.json
17.8.2026 23:10:46 [Warning] Failed resolving a blocks itemdrop or smeltedstack with code game:fish-partbaked in mixing recipe expandedfoods:recipes/mixing/pastacold.json
17.8.2026 23:10:46 [Warning] Failed resolving a blocks itemdrop or smeltedstack with code game:fish-charred in mixing recipe expandedfoods:recipes/mixing/pastacold.json
17.8.2026 23:10:46 [Warning] Failed resolving a blocks itemdrop or smeltedstack with code primitivesurvival:fishfillet-partbaked in mixing recipe expandedfoods:recipes/mixing/pastacold.json
17.8.2026 23:10:46 [Warning] Failed resolving a blocks itemdrop or smeltedstack with code primitivesurvival:fishfillet-cooked in mixing recipe expandedfoods:recipes/mixing/pastacold.json
17.8.2026 23:10:46 [Warning] Failed resolving a blocks itemdrop or smeltedstack with code primitivesurvival:fishfillet-charred in mixing recipe expandedfoods:recipes/mixing/pastacold.json
17.8.2026 23:10:46 [Warning] Failed resolving a blocks itemdrop or smeltedstack with code primitivesurvival:fishfillet-partbaked in mixing recipe expandedfoods:recipes/mixing/salad.json
17.8.2026 23:10:46 [Warning] Failed resolving a blocks itemdrop or smeltedstack with code primitivesurvival:fishfillet-cooked in mixing recipe expandedfoods:recipes/mixing/salad.json
17.8.2026 23:10:46 [Warning] Failed resolving a blocks itemdrop or smeltedstack with code primitivesurvival:fishfillet-charred in mixing recipe expandedfoods:recipes/mixing/salad.json
17.8.2026 23:10:46 [Warning] Failed resolving a blocks itemdrop or smeltedstack with code game:fish-partbaked in mixing recipe expandedfoods:recipes/mixing/salad.json
17.8.2026 23:10:46 [Warning] Failed resolving a blocks itemdrop or smeltedstack with code game:fish-charred in mixing recipe expandedfoods:recipes/mixing/salad.json
17.8.2026 23:10:46 [Warning] Failed resolving a blocks itemdrop or smeltedstack with code expandedfoods:candiedfruit-redapple in mixing recipe expandedfoods:recipes/mixing/yogurtmeal.json
17.8.2026 23:10:46 [Warning] Failed resolving a blocks itemdrop or smeltedstack with code expandedfoods:candiedfruit-yellowapple in mixing recipe expandedfoods:recipes/mixing/yogurtmeal.json
17.8.2026 23:10:46 [Warning] Failed resolving a blocks itemdrop or smeltedstack with code expandedfoods:candiedfruit-pinkapple in mixing recipe expandedfoods:recipes/mixing/yogurtmeal.json
17.8.2026 23:10:46 [Warning] Failed resolving a blocks itemdrop or smeltedstack with code expandedfoods:candiedfruit-redapple in mixing recipe expandedfoods:recipes/mixing/yogurtmeal.json
17.8.2026 23:10:46 [Warning] Failed resolving a blocks itemdrop or smeltedstack with code expandedfoods:candiedfruit-yellowapple in mixing recipe expandedfoods:recipes/mixing/yogurtmeal.json
17.8.2026 23:10:46 [Warning] Failed resolving a blocks itemdrop or smeltedstack with code expandedfoods:candiedfruit-pinkapple in mixing recipe expandedfoods:recipes/mixing/yogurtmeal.json
17.8.2026 23:10:46 [Event] 3 mixing recipes loaded
17.8.2026 23:10:46 [Event] Le chef et l'apprenti...
17.8.2026 23:10:46 [Warning] Failed resolving crafting recipe ingredient with code game:flour-birch in kneading recipe expandedfoods:recipes/kneading/ancienttools/pasta.json
17.8.2026 23:10:46 [Warning] Failed resolving crafting recipe ingredient with code game:flour-pine in kneading recipe expandedfoods:recipes/kneading/ancienttools/pasta.json
17.8.2026 23:10:46 [Warning] Failed resolving crafting recipe ingredient with code game:flour-maple in kneading recipe expandedfoods:recipes/kneading/ancienttools/pasta.json
17.8.2026 23:10:46 [Warning] Failed resolving a blocks itemdrop or smeltedstack with code expandedfoods:yogurt-beautyberry in kneading recipe expandedfoods:recipes/kneading/yogurtfruit.json
17.8.2026 23:10:46 [Warning] Failed resolving a blocks itemdrop or smeltedstack with code expandedfoods:yogurt-blackberry in kneading recipe expandedfoods:recipes/kneading/yogurtfruit.json
17.8.2026 23:10:46 [Warning] Failed resolving a blocks itemdrop or smeltedstack with code expandedfoods:yogurt-cactusfruit in kneading recipe expandedfoods:recipes/kneading/yogurtfruit.json
17.8.2026 23:10:46 [Warning] Failed resolving a blocks itemdrop or smeltedstack with code expandedfoods:yogurt-cloudberry in kneading recipe expandedfoods:recipes/kneading/yogurtfruit.json
17.8.2026 23:10:46 [Warning] Failed resolving a blocks itemdrop or smeltedstack with code expandedfoods:yogurt-gooseberry in kneading recipe expandedfoods:recipes/kneading/yogurtfruit.json
17.8.2026 23:10:46 [Warning] Failed resolving a blocks itemdrop or smeltedstack with code expandedfoods:yogurt-guava in kneading recipe expandedfoods:recipes/kneading/yogurtfruit.json
17.8.2026 23:10:46 [Warning] Failed resolving a blocks itemdrop or smeltedstack with code expandedfoods:yogurt-kumquat in kneading recipe expandedfoods:recipes/kneading/yogurtfruit.json
17.8.2026 23:10:46 [Warning] Failed resolving a blocks itemdrop or smeltedstack with code expandedfoods:yogurt-plumnatal in kneading recipe expandedfoods:recipes/kneading/yogurtfruit.json
17.8.2026 23:10:46 [Warning] Failed resolving a blocks itemdrop or smeltedstack with code expandedfoods:yogurt-raspberry in kneading recipe expandedfoods:recipes/kneading/yogurtfruit.json
17.8.2026 23:10:46 [Warning] Failed resolving a blocks itemdrop or smeltedstack with code expandedfoods:yogurt-strawberry in kneading recipe expandedfoods:recipes/kneading/yogurtfruit.json
17.8.2026 23:10:46 [Event] 1030 kneading recipes loaded
17.8.2026 23:10:46 [Event] Pétrir la pâte, la laisser lever...
17.8.2026 23:10:46 [Warning] Failed resolving crafting recipe ingredient with code expandedfoods:acornpasta-dried in simmer recipe expandedfoods:recipes/simmering/acorns/acornpasta.json
17.8.2026 23:10:46 [Warning] Failed resolving a blocks itemdrop or smeltedstack with code expandedfoods:acornpasta-cooked in simmer recipe expandedfoods:recipes/simmering/acorns/acornpasta.json
17.8.2026 23:10:46 [Warning] Failed resolving crafting recipe ingredient with code expandedfoods:acornpasta-charred in simmer recipe expandedfoods:recipes/simmering/acorns/acornpasta.json
17.8.2026 23:10:46 [Warning] Failed resolving a blocks itemdrop or smeltedstack with code expandedfoods:acornpasta-cooked in simmer recipe expandedfoods:recipes/simmering/acorns/acornpasta.json
17.8.2026 23:10:46 [Warning] Failed resolving crafting recipe ingredient with code game:fish-partbaked in simmer recipe expandedfoods:recipes/simmering/broth.json
17.8.2026 23:10:46 [Warning] Failed resolving crafting recipe ingredient with code expandedfoods:fruitsyrupportion-redapple in simmer recipe expandedfoods:recipes/simmering/candiedfruit.json
17.8.2026 23:10:46 [Warning] Failed resolving a blocks itemdrop or smeltedstack with code expandedfoods:candiedfruit-redapple in simmer recipe expandedfoods:recipes/simmering/candiedfruit.json
17.8.2026 23:10:46 [Warning] Failed resolving crafting recipe ingredient with code expandedfoods:fruitsyrupportion-pinkapple in simmer recipe expandedfoods:recipes/simmering/candiedfruit.json
17.8.2026 23:10:46 [Warning] Failed resolving a blocks itemdrop or smeltedstack with code expandedfoods:candiedfruit-pinkapple in simmer recipe expandedfoods:recipes/simmering/candiedfruit.json
17.8.2026 23:10:46 [Warning] Failed resolving crafting recipe ingredient with code expandedfoods:fruitsyrupportion-yellowapple in simmer recipe expandedfoods:recipes/simmering/candiedfruit.json
17.8.2026 23:10:46 [Warning] Failed resolving a blocks itemdrop or smeltedstack with code expandedfoods:candiedfruit-yellowapple in simmer recipe expandedfoods:recipes/simmering/candiedfruit.json
17.8.2026 23:10:46 [Warning] Failed resolving crafting recipe ingredient with code game:fish-partbaked in simmer recipe expandedfoods:recipes/simmering/fish.json
17.8.2026 23:10:46 [Warning] Failed resolving a blocks itemdrop or smeltedstack with code expandedfoods:gelatin-beautyberry in simmer recipe expandedfoods:recipes/simmering/gelatin.json
17.8.2026 23:10:46 [Warning] Failed resolving a blocks itemdrop or smeltedstack with code expandedfoods:gelatin-blackberry in simmer recipe expandedfoods:recipes/simmering/gelatin.json
17.8.2026 23:10:46 [Warning] Failed resolving a blocks itemdrop or smeltedstack with code expandedfoods:gelatin-cloudberry in simmer recipe expandedfoods:recipes/simmering/gelatin.json
17.8.2026 23:10:46 [Warning] Failed resolving a blocks itemdrop or smeltedstack with code expandedfoods:gelatin-raspberry in simmer recipe expandedfoods:recipes/simmering/gelatin.json
17.8.2026 23:10:46 [Warning] Failed resolving a blocks itemdrop or smeltedstack with code expandedfoods:gelatin-strawberry in simmer recipe expandedfoods:recipes/simmering/gelatin.json
17.8.2026 23:10:46 [Warning] Failed resolving a blocks itemdrop or smeltedstack with code expandedfoods:gelatin-beautyberry in simmer recipe expandedfoods:recipes/simmering/gelatin.json
17.8.2026 23:10:46 [Warning] Failed resolving a blocks itemdrop or smeltedstack with code expandedfoods:gelatin-blackberry in simmer recipe expandedfoods:recipes/simmering/gelatin.json
17.8.2026 23:10:46 [Warning] Failed resolving a blocks itemdrop or smeltedstack with code expandedfoods:gelatin-cactusfruit in simmer recipe expandedfoods:recipes/simmering/gelatin.json
17.8.2026 23:10:46 [Warning] Failed resolving a blocks itemdrop or smeltedstack with code expandedfoods:gelatin-cloudberry in simmer recipe expandedfoods:recipes/simmering/gelatin.json
17.8.2026 23:10:46 [Warning] Failed resolving a blocks itemdrop or smeltedstack with code expandedfoods:gelatin-gooseberry in simmer recipe expandedfoods:recipes/simmering/gelatin.json
17.8.2026 23:10:46 [Warning] Failed resolving a blocks itemdrop or smeltedstack with code expandedfoods:gelatin-guava in simmer recipe expandedfoods:recipes/simmering/gelatin.json
17.8.2026 23:10:46 [Warning] Failed resolving a blocks itemdrop or smeltedstack with code expandedfoods:gelatin-kumquat in simmer recipe expandedfoods:recipes/simmering/gelatin.json
17.8.2026 23:10:46 [Warning] Failed resolving a blocks itemdrop or smeltedstack with code expandedfoods:gelatin-plumnatal in simmer recipe expandedfoods:recipes/simmering/gelatin.json
17.8.2026 23:10:46 [Warning] Failed resolving a blocks itemdrop or smeltedstack with code expandedfoods:gelatin-raspberry in simmer recipe expandedfoods:recipes/simmering/gelatin.json
17.8.2026 23:10:46 [Warning] Failed resolving a blocks itemdrop or smeltedstack with code expandedfoods:gelatin-strawberry in simmer recipe expandedfoods:recipes/simmering/gelatin.json
17.8.2026 23:10:46 [Event] 708 simmer recipes loaded
17.8.2026 23:10:46 [Event] Un doux frémissement, puis une ébullition...
17.8.2026 23:10:46 [Event] 9 metal alloys loaded
17.8.2026 23:10:46 [Event] Des lueurs dans le sol...
17.8.2026 23:10:47 [Warning] Failed resolving crafting recipe ingredient with code game:glasspane-leaded-lightaged-ew in Grid recipe
17.8.2026 23:10:47 [Error] Grid Recipe 'game:recipes/grid/glasspane.json': Output game:glasspane-leaded-lightaged-ew cannot be resolved.
17.8.2026 23:10:47 [Warning] Failed resolving crafting recipe ingredient with code game:glasspane-plain-lightaged-ew in Grid recipe
17.8.2026 23:10:47 [Error] Grid Recipe 'game:recipes/grid/glasspane.json': Output game:glasspane-plain-lightaged-ew cannot be resolved.
17.8.2026 23:10:47 [Warning] Failed resolving crafting recipe ingredient with code game:glasspane-green-lightaged-ew in Grid recipe
17.8.2026 23:10:47 [Error] Grid Recipe 'game:recipes/grid/glasspane.json': Output game:glasspane-green-lightaged-ew cannot be resolved.
17.8.2026 23:10:47 [Warning] Failed resolving crafting recipe ingredient with code game:glasspane-blue-lightaged-ew in Grid recipe
17.8.2026 23:10:47 [Error] Grid Recipe 'game:recipes/grid/glasspane.json': Output game:glasspane-blue-lightaged-ew cannot be resolved.
17.8.2026 23:10:47 [Warning] Failed resolving crafting recipe ingredient with code game:glasspane-violet-lightaged-ew in Grid recipe
17.8.2026 23:10:47 [Error] Grid Recipe 'game:recipes/grid/glasspane.json': Output game:glasspane-violet-lightaged-ew cannot be resolved.
17.8.2026 23:10:47 [Warning] Failed resolving crafting recipe ingredient with code game:glasspane-red-lightaged-ew in Grid recipe
17.8.2026 23:10:47 [Error] Grid Recipe 'game:recipes/grid/glasspane.json': Output game:glasspane-red-lightaged-ew cannot be resolved.
17.8.2026 23:10:47 [Warning] Failed resolving crafting recipe ingredient with code game:glasspane-yellow-lightaged-ew in Grid recipe
17.8.2026 23:10:47 [Error] Grid Recipe 'game:recipes/grid/glasspane.json': Output game:glasspane-yellow-lightaged-ew cannot be resolved.
17.8.2026 23:10:47 [Warning] Failed resolving crafting recipe ingredient with code game:glasspane-brown-lightaged-ew in Grid recipe
17.8.2026 23:10:47 [Error] Grid Recipe 'game:recipes/grid/glasspane.json': Output game:glasspane-brown-lightaged-ew cannot be resolved.
17.8.2026 23:10:47 [Warning] Failed resolving crafting recipe ingredient with code game:glasspane-vintage-lightaged-ew in Grid recipe
17.8.2026 23:10:47 [Error] Grid Recipe 'game:recipes/grid/glasspane.json': Output game:glasspane-vintage-lightaged-ew cannot be resolved.
17.8.2026 23:10:47 [Warning] Failed resolving crafting recipe ingredient with code game:glasspane-smoky-lightaged-ew in Grid recipe
17.8.2026 23:10:47 [Error] Grid Recipe 'game:recipes/grid/glasspane.json': Output game:glasspane-smoky-lightaged-ew cannot be resolved.
17.8.2026 23:10:47 [Warning] Failed resolving crafting recipe ingredient with code game:glasspane-pink-lightaged-ew in Grid recipe
17.8.2026 23:10:47 [Error] Grid Recipe 'game:recipes/grid/glasspane.json': Output game:glasspane-pink-lightaged-ew cannot be resolved.
17.8.2026 23:10:47 [Warning] Failed resolving crafting recipe ingredient with code game:glasspane-quartz-lightaged-ew in Grid recipe
17.8.2026 23:10:47 [Error] Grid Recipe 'game:recipes/grid/glasspane.json': Output game:glasspane-quartz-lightaged-ew cannot be resolved.
17.8.2026 23:10:47 [Warning] Failed resolving crafting recipe ingredient with code game:metalplate-adamant in Grid recipe
17.8.2026 23:10:47 [Error] Grid Recipe with output 'extrachests:labeledchest-east' contains an ingredient that cannot be resolved: Item code game:metalplate-adamant
17.8.2026 23:10:47 [Warning] Failed resolving crafting recipe ingredient with code game:metalplate-aithril in Grid recipe
17.8.2026 23:10:47 [Error] Grid Recipe with output 'extrachests:labeledchest-east' contains an ingredient that cannot be resolved: Item code game:metalplate-aithril
17.8.2026 23:10:47 [Warning] Failed resolving crafting recipe ingredient with code game:metalplate-mithril in Grid recipe
17.8.2026 23:10:47 [Error] Grid Recipe with output 'extrachests:labeledchest-east' contains an ingredient that cannot be resolved: Item code game:metalplate-mithril
17.8.2026 23:10:47 [Warning] Failed resolving crafting recipe ingredient with code game:metalplate-mithril in Grid recipe
17.8.2026 23:10:47 [Error] Grid Recipe with output 'extrachests:labeledchest-east' contains an ingredient that cannot be resolved: Item code game:metalplate-mithril
17.8.2026 23:10:47 [Warning] Failed resolving crafting recipe ingredient with code game:metalplate-orichalcum in Grid recipe
17.8.2026 23:10:47 [Error] Grid Recipe with output 'extrachests:labeledchest-east' contains an ingredient that cannot be resolved: Item code game:metalplate-orichalcum
17.8.2026 23:10:47 [Warning] Failed resolving crafting recipe ingredient with code extrachests:chestupgrade-stainless in Grid recipe
17.8.2026 23:10:47 [Error] Grid Recipe 'extrachests:recipes/grid/upgrades.json': Output extrachests:chestupgrade-stainless cannot be resolved.
17.8.2026 23:10:47 [Warning] Failed resolving crafting recipe ingredient with code medieval:colorlinen-leatherplain-down in Grid recipe
17.8.2026 23:10:47 [Error] Grid Recipe with output 'medieval:clothes-head-medieval-hood-brown' contains an ingredient that cannot be resolved: Block code medieval:colorlinen-leatherplain-down
17.8.2026 23:10:47 [Warning] Failed resolving crafting recipe ingredient with code game:lantern-up in Grid recipe
17.8.2026 23:10:47 [Error] Grid Recipe with output 'medieval:clothes-waist-medieval-large-belt-knife-lantern-on' contains an ingredient that cannot be resolved: Block code game:lantern-up
17.8.2026 23:10:47 [Warning] Failed resolving crafting recipe ingredient with code game:lantern-up in Grid recipe
17.8.2026 23:10:47 [Error] Grid Recipe with output 'medieval:clothes-waist-medieval-large-belt-knife-lantern-on' contains an ingredient that cannot be resolved: Block code game:lantern-up
17.8.2026 23:10:47 [Warning] Failed resolving crafting recipe ingredient with code game:lantern-up in Grid recipe
17.8.2026 23:10:47 [Error] Grid Recipe with output 'medieval:clothes-waist-medieval-large-belt-knife-lantern-on' contains an ingredient that cannot be resolved: Block code game:lantern-up
17.8.2026 23:10:47 [Warning] Failed resolving crafting recipe ingredient with code game:lantern-up in Grid recipe
17.8.2026 23:10:47 [Error] Grid Recipe with output 'medieval:clothes-waist-medieval-large-belt-knife-lantern-on' contains an ingredient that cannot be resolved: Block code game:lantern-up
17.8.2026 23:10:47 [Warning] Failed resolving crafting recipe ingredient with code game:lantern-up in Grid recipe
17.8.2026 23:10:47 [Error] Grid Recipe with output 'medieval:clothes-waist-medieval-large-belt-knife-lantern-on' contains an ingredient that cannot be resolved: Block code game:lantern-up
17.8.2026 23:10:47 [Warning] Failed resolving crafting recipe ingredient with code game:lantern-up in Grid recipe
17.8.2026 23:10:47 [Error] Grid Recipe with output 'medieval:clothes-waist-medieval-large-belt-knife-lantern-on' contains an ingredient that cannot be resolved: Block code game:lantern-up
17.8.2026 23:10:47 [Warning] Failed resolving crafting recipe ingredient with code game:lantern-up in Grid recipe
17.8.2026 23:10:47 [Error] Grid Recipe with output 'medieval:clothes-waist-medieval-large-belt-knife-lantern-on2' contains an ingredient that cannot be resolved: Block code game:lantern-up
17.8.2026 23:10:47 [Warning] Failed resolving crafting recipe ingredient with code game:lantern-up in Grid recipe
17.8.2026 23:10:47 [Error] Grid Recipe with output 'medieval:clothes-waist-medieval-large-belt-knife-lantern-on2' contains an ingredient that cannot be resolved: Block code game:lantern-up
17.8.2026 23:10:47 [Warning] Failed resolving crafting recipe ingredient with code game:lantern-up in Grid recipe
17.8.2026 23:10:47 [Error] Grid Recipe with output 'medieval:clothes-waist-medieval-large-belt-knife-lantern-on2' contains an ingredient that cannot be resolved: Block code game:lantern-up
17.8.2026 23:10:47 [Warning] Failed resolving crafting recipe ingredient with code game:lantern-up in Grid recipe
17.8.2026 23:10:47 [Error] Grid Recipe with output 'medieval:clothes-waist-medieval-large-belt-knife-lantern-on2' contains an ingredient that cannot be resolved: Block code game:lantern-up
17.8.2026 23:10:47 [Warning] Failed resolving crafting recipe ingredient with code game:lantern-up in Grid recipe
17.8.2026 23:10:47 [Error] Grid Recipe with output 'medieval:clothes-waist-medieval-large-belt-knife-lantern-on2' contains an ingredient that cannot be resolved: Block code game:lantern-up
17.8.2026 23:10:47 [Warning] Failed resolving crafting recipe ingredient with code game:lantern-up in Grid recipe
17.8.2026 23:10:47 [Error] Grid Recipe with output 'medieval:clothes-waist-medieval-large-belt-knife-lantern-on2' contains an ingredient that cannot be resolved: Block code game:lantern-up
17.8.2026 23:10:47 [Warning] Failed resolving crafting recipe ingredient with code game:lantern-up in Grid recipe
17.8.2026 23:10:47 [Error] Grid Recipe with output 'medieval:clothes-waist-medieval-large-belt-knife-lantern-on1' contains an ingredient that cannot be resolved: Block code game:lantern-up
17.8.2026 23:10:47 [Warning] Failed resolving crafting recipe ingredient with code game:lantern-up in Grid recipe
17.8.2026 23:10:47 [Error] Grid Recipe with output 'medieval:clothes-waist-medieval-large-belt-knife-lantern-on1' contains an ingredient that cannot be resolved: Block code game:lantern-up
17.8.2026 23:10:47 [Warning] Failed resolving crafting recipe ingredient with code game:lantern-up in Grid recipe
17.8.2026 23:10:47 [Error] Grid Recipe with output 'medieval:clothes-waist-medieval-large-belt-knife-lantern-on1' contains an ingredient that cannot be resolved: Block code game:lantern-up
17.8.2026 23:10:47 [Warning] Failed resolving crafting recipe ingredient with code game:lantern-up in Grid recipe
17.8.2026 23:10:47 [Error] Grid Recipe with output 'medieval:clothes-waist-medieval-large-belt-knife-lantern-on1' contains an ingredient that cannot be resolved: Block code game:lantern-up
17.8.2026 23:10:47 [Warning] Failed resolving crafting recipe ingredient with code game:lantern-up in Grid recipe
17.8.2026 23:10:47 [Error] Grid Recipe with output 'medieval:clothes-waist-medieval-large-belt-knife-lantern-on1' contains an ingredient that cannot be resolved: Block code game:lantern-up
17.8.2026 23:10:47 [Warning] Failed resolving crafting recipe ingredient with code game:lantern-up in Grid recipe
17.8.2026 23:10:47 [Error] Grid Recipe with output 'medieval:clothes-waist-medieval-large-belt-knife-lantern-on1' contains an ingredient that cannot be resolved: Block code game:lantern-up
17.8.2026 23:10:47 [Warning] Failed resolving crafting recipe ingredient with code game:lantern-up in Grid recipe
17.8.2026 23:10:47 [Error] Grid Recipe with output 'medieval:clothes-waist-medieval-large-belt-knife-lantern-on' contains an ingredient that cannot be resolved: Block code game:lantern-up
17.8.2026 23:10:47 [Warning] Failed resolving crafting recipe ingredient with code game:lantern-up in Grid recipe
17.8.2026 23:10:47 [Error] Grid Recipe with output 'medieval:clothes-waist-medieval-large-belt-knife-lantern-on' contains an ingredient that cannot be resolved: Block code game:lantern-up
17.8.2026 23:10:47 [Warning] Failed resolving crafting recipe ingredient with code game:lantern-up in Grid recipe
17.8.2026 23:10:47 [Error] Grid Recipe with output 'medieval:clothes-waist-medieval-large-belt-knife-lantern-on' contains an ingredient that cannot be resolved: Block code game:lantern-up
17.8.2026 23:10:47 [Warning] Failed resolving crafting recipe ingredient with code game:lantern-up in Grid recipe
17.8.2026 23:10:47 [Error] Grid Recipe with output 'medieval:clothes-waist-medieval-large-belt-knife-lantern-on' contains an ingredient that cannot be resolved: Block code game:lantern-up
17.8.2026 23:10:47 [Warning] Failed resolving crafting recipe ingredient with code game:lantern-up in Grid recipe
17.8.2026 23:10:47 [Error] Grid Recipe with output 'medieval:clothes-waist-medieval-large-belt-knife-lantern-on' contains an ingredient that cannot be resolved: Block code game:lantern-up
17.8.2026 23:10:47 [Warning] Failed resolving crafting recipe ingredient with code game:lantern-up in Grid recipe
17.8.2026 23:10:47 [Error] Grid Recipe with output 'medieval:clothes-waist-medieval-large-belt-knife-lantern-on' contains an ingredient that cannot be resolved: Block code game:lantern-up
17.8.2026 23:10:47 [Warning] Failed resolving crafting recipe ingredient with code game:lantern-up in Grid recipe
17.8.2026 23:10:47 [Error] Grid Recipe with output 'medieval:clothes-waist-medieval-large-belt-knife-lantern-on2' contains an ingredient that cannot be resolved: Block code game:lantern-up
17.8.2026 23:10:47 [Warning] Failed resolving crafting recipe ingredient with code game:lantern-up in Grid recipe
17.8.2026 23:10:47 [Error] Grid Recipe with output 'medieval:clothes-waist-medieval-large-belt-knife-lantern-on2' contains an ingredient that cannot be resolved: Block code game:lantern-up
17.8.2026 23:10:47 [Warning] Failed resolving crafting recipe ingredient with code game:lantern-up in Grid recipe
17.8.2026 23:10:47 [Error] Grid Recipe with output 'medieval:clothes-waist-medieval-large-belt-knife-lantern-on2' contains an ingredient that cannot be resolved: Block code game:lantern-up
17.8.2026 23:10:47 [Warning] Failed resolving crafting recipe ingredient with code game:lantern-up in Grid recipe
17.8.2026 23:10:47 [Error] Grid Recipe with output 'medieval:clothes-waist-medieval-large-belt-knife-lantern-on2' contains an ingredient that cannot be resolved: Block code game:lantern-up
17.8.2026 23:10:47 [Warning] Failed resolving crafting recipe ingredient with code game:lantern-up in Grid recipe
17.8.2026 23:10:47 [Error] Grid Recipe with output 'medieval:clothes-waist-medieval-large-belt-knife-lantern-on2' contains an ingredient that cannot be resolved: Block code game:lantern-up
17.8.2026 23:10:47 [Warning] Failed resolving crafting recipe ingredient with code game:lantern-up in Grid recipe
17.8.2026 23:10:47 [Error] Grid Recipe with output 'medieval:clothes-waist-medieval-large-belt-knife-lantern-on2' contains an ingredient that cannot be resolved: Block code game:lantern-up
17.8.2026 23:10:47 [Warning] Failed resolving crafting recipe ingredient with code game:lantern-up in Grid recipe
17.8.2026 23:10:47 [Error] Grid Recipe with output 'medieval:clothes-waist-medieval-large-belt-knife-lantern-on1' contains an ingredient that cannot be resolved: Block code game:lantern-up
17.8.2026 23:10:47 [Warning] Failed resolving crafting recipe ingredient with code game:lantern-up in Grid recipe
17.8.2026 23:10:47 [Error] Grid Recipe with output 'medieval:clothes-waist-medieval-large-belt-knife-lantern-on1' contains an ingredient that cannot be resolved: Block code game:lantern-up
17.8.2026 23:10:47 [Warning] Failed resolving crafting recipe ingredient with code game:lantern-up in Grid recipe
17.8.2026 23:10:47 [Error] Grid Recipe with output 'medieval:clothes-waist-medieval-large-belt-knife-lantern-on1' contains an ingredient that cannot be resolved: Block code game:lantern-up
17.8.2026 23:10:47 [Warning] Failed resolving crafting recipe ingredient with code game:lantern-up in Grid recipe
17.8.2026 23:10:47 [Error] Grid Recipe with output 'medieval:clothes-waist-medieval-large-belt-knife-lantern-on1' contains an ingredient that cannot be resolved: Block code game:lantern-up
17.8.2026 23:10:47 [Warning] Failed resolving crafting recipe ingredient with code game:lantern-up in Grid recipe
17.8.2026 23:10:47 [Error] Grid Recipe with output 'medieval:clothes-waist-medieval-large-belt-knife-lantern-on1' contains an ingredient that cannot be resolved: Block code game:lantern-up
17.8.2026 23:10:47 [Warning] Failed resolving crafting recipe ingredient with code game:lantern-up in Grid recipe
17.8.2026 23:10:47 [Error] Grid Recipe with output 'medieval:clothes-waist-medieval-large-belt-knife-lantern-on1' contains an ingredient that cannot be resolved: Block code game:lantern-up
17.8.2026 23:10:47 [Warning] Failed resolving crafting recipe ingredient with code game:lantern-up in Grid recipe
17.8.2026 23:10:47 [Error] Grid Recipe with output 'medieval:clothes-waist-medieval-large-belt-knife-lantern-on' contains an ingredient that cannot be resolved: Block code game:lantern-up
17.8.2026 23:10:47 [Warning] Failed resolving crafting recipe ingredient with code game:lantern-up in Grid recipe
17.8.2026 23:10:47 [Error] Grid Recipe with output 'medieval:clothes-waist-medieval-large-belt-knife-lantern-on' contains an ingredient that cannot be resolved: Block code game:lantern-up
17.8.2026 23:10:47 [Warning] Failed resolving crafting recipe ingredient with code game:lantern-up in Grid recipe
17.8.2026 23:10:47 [Error] Grid Recipe with output 'medieval:clothes-waist-medieval-large-belt-knife-lantern-on' contains an ingredient that cannot be resolved: Block code game:lantern-up
17.8.2026 23:10:47 [Warning] Failed resolving crafting recipe ingredient with code game:lantern-up in Grid recipe
17.8.2026 23:10:47 [Error] Grid Recipe with output 'medieval:clothes-waist-medieval-large-belt-knife-lantern-on' contains an ingredient that cannot be resolved: Block code game:lantern-up
17.8.2026 23:10:47 [Warning] Failed resolving crafting recipe ingredient with code game:lantern-up in Grid recipe
17.8.2026 23:10:47 [Error] Grid Recipe with output 'medieval:clothes-waist-medieval-large-belt-knife-lantern-on' contains an ingredient that cannot be resolved: Block code game:lantern-up
17.8.2026 23:10:47 [Warning] Failed resolving crafting recipe ingredient with code game:lantern-up in Grid recipe
17.8.2026 23:10:47 [Error] Grid Recipe with output 'medieval:clothes-waist-medieval-large-belt-knife-lantern-on' contains an ingredient that cannot be resolved: Block code game:lantern-up
17.8.2026 23:10:47 [Warning] Failed resolving crafting recipe ingredient with code game:lantern-up in Grid recipe
17.8.2026 23:10:47 [Error] Grid Recipe with output 'medieval:clothes-waist-medieval-large-belt-knife-lantern-on2' contains an ingredient that cannot be resolved: Block code game:lantern-up
17.8.2026 23:10:47 [Warning] Failed resolving crafting recipe ingredient with code game:lantern-up in Grid recipe
17.8.2026 23:10:47 [Error] Grid Recipe with output 'medieval:clothes-waist-medieval-large-belt-knife-lantern-on2' contains an ingredient that cannot be resolved: Block code game:lantern-up
17.8.2026 23:10:47 [Warning] Failed resolving crafting recipe ingredient with code game:lantern-up in Grid recipe
17.8.2026 23:10:47 [Error] Grid Recipe with output 'medieval:clothes-waist-medieval-large-belt-knife-lantern-on2' contains an ingredient that cannot be resolved: Block code game:lantern-up
17.8.2026 23:10:47 [Warning] Failed resolving crafting recipe ingredient with code game:lantern-up in Grid recipe
17.8.2026 23:10:47 [Error] Grid Recipe with output 'medieval:clothes-waist-medieval-large-belt-knife-lantern-on2' contains an ingredient that cannot be resolved: Block code game:lantern-up
17.8.2026 23:10:47 [Warning] Failed resolving crafting recipe ingredient with code game:lantern-up in Grid recipe
17.8.2026 23:10:47 [Error] Grid Recipe with output 'medieval:clothes-waist-medieval-large-belt-knife-lantern-on2' contains an ingredient that cannot be resolved: Block code game:lantern-up
17.8.2026 23:10:47 [Warning] Failed resolving crafting recipe ingredient with code game:lantern-up in Grid recipe
17.8.2026 23:10:47 [Error] Grid Recipe with output 'medieval:clothes-waist-medieval-large-belt-knife-lantern-on2' contains an ingredient that cannot be resolved: Block code game:lantern-up
17.8.2026 23:10:47 [Warning] Failed resolving crafting recipe ingredient with code game:lantern-up in Grid recipe
17.8.2026 23:10:47 [Error] Grid Recipe with output 'medieval:clothes-waist-medieval-large-belt-knife-lantern-on1' contains an ingredient that cannot be resolved: Block code game:lantern-up
17.8.2026 23:10:47 [Warning] Failed resolving crafting recipe ingredient with code game:lantern-up in Grid recipe
17.8.2026 23:10:47 [Error] Grid Recipe with output 'medieval:clothes-waist-medieval-large-belt-knife-lantern-on1' contains an ingredient that cannot be resolved: Block code game:lantern-up
17.8.2026 23:10:47 [Warning] Failed resolving crafting recipe ingredient with code game:lantern-up in Grid recipe
17.8.2026 23:10:47 [Error] Grid Recipe with output 'medieval:clothes-waist-medieval-large-belt-knife-lantern-on1' contains an ingredient that cannot be resolved: Block code game:lantern-up
17.8.2026 23:10:47 [Warning] Failed resolving crafting recipe ingredient with code game:lantern-up in Grid recipe
17.8.2026 23:10:47 [Error] Grid Recipe with output 'medieval:clothes-waist-medieval-large-belt-knife-lantern-on1' contains an ingredient that cannot be resolved: Block code game:lantern-up
17.8.2026 23:10:47 [Warning] Failed resolving crafting recipe ingredient with code game:lantern-up in Grid recipe
17.8.2026 23:10:47 [Error] Grid Recipe with output 'medieval:clothes-waist-medieval-large-belt-knife-lantern-on1' contains an ingredient that cannot be resolved: Block code game:lantern-up
17.8.2026 23:10:47 [Warning] Failed resolving crafting recipe ingredient with code game:lantern-up in Grid recipe
17.8.2026 23:10:47 [Error] Grid Recipe with output 'medieval:clothes-waist-medieval-large-belt-knife-lantern-on1' contains an ingredient that cannot be resolved: Block code game:lantern-up
17.8.2026 23:10:47 [Warning] Failed resolving crafting recipe ingredient with code game:lantern-up in Grid recipe
17.8.2026 23:10:47 [Error] Grid Recipe with output 'medieval:clothes-waist-medieval-large-belt-knife-lantern-on' contains an ingredient that cannot be resolved: Block code game:lantern-up
17.8.2026 23:10:47 [Warning] Failed resolving crafting recipe ingredient with code game:lantern-up in Grid recipe
17.8.2026 23:10:47 [Error] Grid Recipe with output 'medieval:clothes-waist-medieval-large-belt-knife-lantern-on' contains an ingredient that cannot be resolved: Block code game:lantern-up
17.8.2026 23:10:47 [Warning] Failed resolving crafting recipe ingredient with code game:lantern-up in Grid recipe
17.8.2026 23:10:47 [Error] Grid Recipe with output 'medieval:clothes-waist-medieval-large-belt-knife-lantern-on' contains an ingredient that cannot be resolved: Block code game:lantern-up
17.8.2026 23:10:47 [Warning] Failed resolving crafting recipe ingredient with code game:lantern-up in Grid recipe
17.8.2026 23:10:47 [Error] Grid Recipe with output 'medieval:clothes-waist-medieval-large-belt-knife-lantern-on' contains an ingredient that cannot be resolved: Block code game:lantern-up
17.8.2026 23:10:47 [Warning] Failed resolving crafting recipe ingredient with code game:lantern-up in Grid recipe
17.8.2026 23:10:47 [Error] Grid Recipe with output 'medieval:clothes-waist-medieval-large-belt-knife-lantern-on' contains an ingredient that cannot be resolved: Block code game:lantern-up
17.8.2026 23:10:47 [Warning] Failed resolving crafting recipe ingredient with code game:lantern-up in Grid recipe
17.8.2026 23:10:47 [Error] Grid Recipe with output 'medieval:clothes-waist-medieval-large-belt-knife-lantern-on' contains an ingredient that cannot be resolved: Block code game:lantern-up
17.8.2026 23:10:47 [Warning] Failed resolving crafting recipe ingredient with code game:lantern-up in Grid recipe
17.8.2026 23:10:47 [Error] Grid Recipe with output 'medieval:clothes-waist-medieval-large-belt-knife-lantern-on2' contains an ingredient that cannot be resolved: Block code game:lantern-up
17.8.2026 23:10:47 [Warning] Failed resolving crafting recipe ingredient with code game:lantern-up in Grid recipe
17.8.2026 23:10:47 [Error] Grid Recipe with output 'medieval:clothes-waist-medieval-large-belt-knife-lantern-on2' contains an ingredient that cannot be resolved: Block code game:lantern-up
17.8.2026 23:10:47 [Warning] Failed resolving crafting recipe ingredient with code game:lantern-up in Grid recipe
17.8.2026 23:10:47 [Error] Grid Recipe with output 'medieval:clothes-waist-medieval-large-belt-knife-lantern-on2' contains an ingredient that cannot be resolved: Block code game:lantern-up
17.8.2026 23:10:47 [Warning] Failed resolving crafting recipe ingredient with code game:lantern-up in Grid recipe
17.8.2026 23:10:47 [Error] Grid Recipe with output 'medieval:clothes-waist-medieval-large-belt-knife-lantern-on2' contains an ingredient that cannot be resolved: Block code game:lantern-up
17.8.2026 23:10:47 [Warning] Failed resolving crafting recipe ingredient with code game:lantern-up in Grid recipe
17.8.2026 23:10:47 [Error] Grid Recipe with output 'medieval:clothes-waist-medieval-large-belt-knife-lantern-on2' contains an ingredient that cannot be resolved: Block code game:lantern-up
17.8.2026 23:10:47 [Warning] Failed resolving crafting recipe ingredient with code game:lantern-up in Grid recipe
17.8.2026 23:10:47 [Error] Grid Recipe with output 'medieval:clothes-waist-medieval-large-belt-knife-lantern-on2' contains an ingredient that cannot be resolved: Block code game:lantern-up
17.8.2026 23:10:47 [Warning] Failed resolving crafting recipe ingredient with code game:lantern-up in Grid recipe
17.8.2026 23:10:47 [Error] Grid Recipe with output 'medieval:clothes-waist-medieval-large-belt-knife-lantern-on1' contains an ingredient that cannot be resolved: Block code game:lantern-up
17.8.2026 23:10:47 [Warning] Failed resolving crafting recipe ingredient with code game:lantern-up in Grid recipe
17.8.2026 23:10:47 [Error] Grid Recipe with output 'medieval:clothes-waist-medieval-large-belt-knife-lantern-on1' contains an ingredient that cannot be resolved: Block code game:lantern-up
17.8.2026 23:10:47 [Warning] Failed resolving crafting recipe ingredient with code game:lantern-up in Grid recipe
17.8.2026 23:10:47 [Error] Grid Recipe with output 'medieval:clothes-waist-medieval-large-belt-knife-lantern-on1' contains an ingredient that cannot be resolved: Block code game:lantern-up
17.8.2026 23:10:47 [Warning] Failed resolving crafting recipe ingredient with code game:lantern-up in Grid recipe
17.8.2026 23:10:47 [Error] Grid Recipe with output 'medieval:clothes-waist-medieval-large-belt-knife-lantern-on1' contains an ingredient that cannot be resolved: Block code game:lantern-up
17.8.2026 23:10:47 [Warning] Failed resolving crafting recipe ingredient with code game:lantern-up in Grid recipe
17.8.2026 23:10:47 [Error] Grid Recipe with output 'medieval:clothes-waist-medieval-large-belt-knife-lantern-on1' contains an ingredient that cannot be resolved: Block code game:lantern-up
17.8.2026 23:10:47 [Warning] Failed resolving crafting recipe ingredient with code game:lantern-up in Grid recipe
17.8.2026 23:10:47 [Error] Grid Recipe with output 'medieval:clothes-waist-medieval-large-belt-knife-lantern-on1' contains an ingredient that cannot be resolved: Block code game:lantern-up
17.8.2026 23:10:47 [Warning] Failed resolving crafting recipe ingredient with code game:lantern-up in Grid recipe
17.8.2026 23:10:47 [Error] Grid Recipe with output 'medieval:clothes-waist-medieval-large-belt-knife-lantern-on' contains an ingredient that cannot be resolved: Block code game:lantern-up
17.8.2026 23:10:47 [Warning] Failed resolving crafting recipe ingredient with code game:lantern-up in Grid recipe
17.8.2026 23:10:47 [Error] Grid Recipe with output 'medieval:clothes-waist-medieval-large-belt-knife-lantern-on' contains an ingredient that cannot be resolved: Block code game:lantern-up
17.8.2026 23:10:47 [Warning] Failed resolving crafting recipe ingredient with code game:lantern-up in Grid recipe
17.8.2026 23:10:47 [Error] Grid Recipe with output 'medieval:clothes-waist-medieval-large-belt-knife-lantern-on' contains an ingredient that cannot be resolved: Block code game:lantern-up
17.8.2026 23:10:47 [Warning] Failed resolving crafting recipe ingredient with code game:lantern-up in Grid recipe
17.8.2026 23:10:47 [Error] Grid Recipe with output 'medieval:clothes-waist-medieval-large-belt-knife-lantern-on' contains an ingredient that cannot be resolved: Block code game:lantern-up
17.8.2026 23:10:47 [Warning] Failed resolving crafting recipe ingredient with code game:lantern-up in Grid recipe
17.8.2026 23:10:47 [Error] Grid Recipe with output 'medieval:clothes-waist-medieval-large-belt-knife-lantern-on' contains an ingredient that cannot be resolved: Block code game:lantern-up
17.8.2026 23:10:47 [Warning] Failed resolving crafting recipe ingredient with code game:lantern-up in Grid recipe
17.8.2026 23:10:47 [Error] Grid Recipe with output 'medieval:clothes-waist-medieval-large-belt-knife-lantern-on' contains an ingredient that cannot be resolved: Block code game:lantern-up
17.8.2026 23:10:47 [Warning] Failed resolving crafting recipe ingredient with code game:lantern-up in Grid recipe
17.8.2026 23:10:47 [Error] Grid Recipe with output 'medieval:clothes-waist-medieval-large-belt-knife-lantern-on2' contains an ingredient that cannot be resolved: Block code game:lantern-up
17.8.2026 23:10:47 [Warning] Failed resolving crafting recipe ingredient with code game:lantern-up in Grid recipe
17.8.2026 23:10:47 [Error] Grid Recipe with output 'medieval:clothes-waist-medieval-large-belt-knife-lantern-on2' contains an ingredient that cannot be resolved: Block code game:lantern-up
17.8.2026 23:10:47 [Warning] Failed resolving crafting recipe ingredient with code game:lantern-up in Grid recipe
17.8.2026 23:10:47 [Error] Grid Recipe with output 'medieval:clothes-waist-medieval-large-belt-knife-lantern-on2' contains an ingredient that cannot be resolved: Block code game:lantern-up
17.8.2026 23:10:47 [Warning] Failed resolving crafting recipe ingredient with code game:lantern-up in Grid recipe
17.8.2026 23:10:47 [Error] Grid Recipe with output 'medieval:clothes-waist-medieval-large-belt-knife-lantern-on2' contains an ingredient that cannot be resolved: Block code game:lantern-up
17.8.2026 23:10:47 [Warning] Failed resolving crafting recipe ingredient with code game:lantern-up in Grid recipe
17.8.2026 23:10:47 [Error] Grid Recipe with output 'medieval:clothes-waist-medieval-large-belt-knife-lantern-on2' contains an ingredient that cannot be resolved: Block code game:lantern-up
17.8.2026 23:10:47 [Warning] Failed resolving crafting recipe ingredient with code game:lantern-up in Grid recipe
17.8.2026 23:10:47 [Error] Grid Recipe with output 'medieval:clothes-waist-medieval-large-belt-knife-lantern-on2' contains an ingredient that cannot be resolved: Block code game:lantern-up
17.8.2026 23:10:47 [Warning] Failed resolving crafting recipe ingredient with code game:lantern-up in Grid recipe
17.8.2026 23:10:47 [Error] Grid Recipe with output 'medieval:clothes-waist-medieval-large-belt-knife-lantern-on1' contains an ingredient that cannot be resolved: Block code game:lantern-up
17.8.2026 23:10:47 [Warning] Failed resolving crafting recipe ingredient with code game:lantern-up in Grid recipe
17.8.2026 23:10:47 [Error] Grid Recipe with output 'medieval:clothes-waist-medieval-large-belt-knife-lantern-on1' contains an ingredient that cannot be resolved: Block code game:lantern-up
17.8.2026 23:10:47 [Warning] Failed resolving crafting recipe ingredient with code game:lantern-up in Grid recipe
17.8.2026 23:10:47 [Error] Grid Recipe with output 'medieval:clothes-waist-medieval-large-belt-knife-lantern-on1' contains an ingredient that cannot be resolved: Block code game:lantern-up
17.8.2026 23:10:47 [Warning] Failed resolving crafting recipe ingredient with code game:lantern-up in Grid recipe
17.8.2026 23:10:47 [Error] Grid Recipe with output 'medieval:clothes-waist-medieval-large-belt-knife-lantern-on1' contains an ingredient that cannot be resolved: Block code game:lantern-up
17.8.2026 23:10:47 [Warning] Failed resolving crafting recipe ingredient with code game:lantern-up in Grid recipe
17.8.2026 23:10:47 [Error] Grid Recipe with output 'medieval:clothes-waist-medieval-large-belt-knife-lantern-on1' contains an ingredient that cannot be resolved: Block code game:lantern-up
17.8.2026 23:10:47 [Warning] Failed resolving crafting recipe ingredient with code game:lantern-up in Grid recipe
17.8.2026 23:10:47 [Error] Grid Recipe with output 'medieval:clothes-waist-medieval-large-belt-knife-lantern-on1' contains an ingredient that cannot be resolved: Block code game:lantern-up
17.8.2026 23:10:47 [Warning] Failed resolving crafting recipe ingredient with code game:lantern-up in Grid recipe
17.8.2026 23:10:47 [Error] Grid Recipe with output 'medieval:clothes-waist-medieval-large-belt-knife-lantern-on' contains an ingredient that cannot be resolved: Block code game:lantern-up
17.8.2026 23:10:47 [Warning] Failed resolving crafting recipe ingredient with code game:lantern-up in Grid recipe
17.8.2026 23:10:47 [Error] Grid Recipe with output 'medieval:clothes-waist-medieval-large-belt-knife-lantern-on' contains an ingredient that cannot be resolved: Block code game:lantern-up
17.8.2026 23:10:47 [Warning] Failed resolving crafting recipe ingredient with code game:lantern-up in Grid recipe
17.8.2026 23:10:47 [Error] Grid Recipe with output 'medieval:clothes-waist-medieval-large-belt-knife-lantern-on' contains an ingredient that cannot be resolved: Block code game:lantern-up
17.8.2026 23:10:47 [Warning] Failed resolving crafting recipe ingredient with code game:lantern-up in Grid recipe
17.8.2026 23:10:47 [Error] Grid Recipe with output 'medieval:clothes-waist-medieval-large-belt-knife-lantern-on' contains an ingredient that cannot be resolved: Block code game:lantern-up
17.8.2026 23:10:47 [Warning] Failed resolving crafting recipe ingredient with code game:lantern-up in Grid recipe
17.8.2026 23:10:47 [Error] Grid Recipe with output 'medieval:clothes-waist-medieval-large-belt-knife-lantern-on' contains an ingredient that cannot be resolved: Block code game:lantern-up
17.8.2026 23:10:47 [Warning] Failed resolving crafting recipe ingredient with code game:lantern-up in Grid recipe
17.8.2026 23:10:47 [Error] Grid Recipe with output 'medieval:clothes-waist-medieval-large-belt-knife-lantern-on' contains an ingredient that cannot be resolved: Block code game:lantern-up
17.8.2026 23:10:47 [Warning] Failed resolving crafting recipe ingredient with code game:lantern-up in Grid recipe
17.8.2026 23:10:47 [Error] Grid Recipe with output 'medieval:clothes-waist-medieval-large-belt-knife-lantern-on2' contains an ingredient that cannot be resolved: Block code game:lantern-up
17.8.2026 23:10:47 [Warning] Failed resolving crafting recipe ingredient with code game:lantern-up in Grid recipe
17.8.2026 23:10:47 [Error] Grid Recipe with output 'medieval:clothes-waist-medieval-large-belt-knife-lantern-on2' contains an ingredient that cannot be resolved: Block code game:lantern-up
17.8.2026 23:10:47 [Warning] Failed resolving crafting recipe ingredient with code game:lantern-up in Grid recipe
17.8.2026 23:10:47 [Error] Grid Recipe with output 'medieval:clothes-waist-medieval-large-belt-knife-lantern-on2' contains an ingredient that cannot be resolved: Block code game:lantern-up
17.8.2026 23:10:47 [Warning] Failed resolving crafting recipe ingredient with code game:lantern-up in Grid recipe
17.8.2026 23:10:47 [Error] Grid Recipe with output 'medieval:clothes-waist-medieval-large-belt-knife-lantern-on2' contains an ingredient that cannot be resolved: Block code game:lantern-up
17.8.2026 23:10:47 [Warning] Failed resolving crafting recipe ingredient with code game:lantern-up in Grid recipe
17.8.2026 23:10:47 [Error] Grid Recipe with output 'medieval:clothes-waist-medieval-large-belt-knife-lantern-on2' contains an ingredient that cannot be resolved: Block code game:lantern-up
17.8.2026 23:10:47 [Warning] Failed resolving crafting recipe ingredient with code game:lantern-up in Grid recipe
17.8.2026 23:10:47 [Error] Grid Recipe with output 'medieval:clothes-waist-medieval-large-belt-knife-lantern-on2' contains an ingredient that cannot be resolved: Block code game:lantern-up
17.8.2026 23:10:47 [Warning] Failed resolving crafting recipe ingredient with code game:lantern-up in Grid recipe
17.8.2026 23:10:47 [Error] Grid Recipe with output 'medieval:clothes-waist-medieval-large-belt-knife-lantern-on1' contains an ingredient that cannot be resolved: Block code game:lantern-up
17.8.2026 23:10:47 [Warning] Failed resolving crafting recipe ingredient with code game:lantern-up in Grid recipe
17.8.2026 23:10:47 [Error] Grid Recipe with output 'medieval:clothes-waist-medieval-large-belt-knife-lantern-on1' contains an ingredient that cannot be resolved: Block code game:lantern-up
17.8.2026 23:10:47 [Warning] Failed resolving crafting recipe ingredient with code game:lantern-up in Grid recipe
17.8.2026 23:10:47 [Error] Grid Recipe with output 'medieval:clothes-waist-medieval-large-belt-knife-lantern-on1' contains an ingredient that cannot be resolved: Block code game:lantern-up
17.8.2026 23:10:47 [Warning] Failed resolving crafting recipe ingredient with code game:lantern-up in Grid recipe
17.8.2026 23:10:47 [Error] Grid Recipe with output 'medieval:clothes-waist-medieval-large-belt-knife-lantern-on1' contains an ingredient that cannot be resolved: Block code game:lantern-up
17.8.2026 23:10:47 [Warning] Failed resolving crafting recipe ingredient with code game:lantern-up in Grid recipe
17.8.2026 23:10:47 [Error] Grid Recipe with output 'medieval:clothes-waist-medieval-large-belt-knife-lantern-on1' contains an ingredient that cannot be resolved: Block code game:lantern-up
17.8.2026 23:10:47 [Warning] Failed resolving crafting recipe ingredient with code game:lantern-up in Grid recipe
17.8.2026 23:10:47 [Error] Grid Recipe with output 'medieval:clothes-waist-medieval-large-belt-knife-lantern-on1' contains an ingredient that cannot be resolved: Block code game:lantern-up
17.8.2026 23:10:47 [Warning] Failed resolving crafting recipe ingredient with code game:lantern-up in Grid recipe
17.8.2026 23:10:47 [Error] Grid Recipe with output 'medieval:clothes-waist-medieval-large-belt-knife-lantern-on' contains an ingredient that cannot be resolved: Block code game:lantern-up
17.8.2026 23:10:47 [Warning] Failed resolving crafting recipe ingredient with code game:lantern-up in Grid recipe
17.8.2026 23:10:47 [Error] Grid Recipe with output 'medieval:clothes-waist-medieval-large-belt-knife-lantern-on' contains an ingredient that cannot be resolved: Block code game:lantern-up
17.8.2026 23:10:47 [Warning] Failed resolving crafting recipe ingredient with code game:lantern-up in Grid recipe
17.8.2026 23:10:47 [Error] Grid Recipe with output 'medieval:clothes-waist-medieval-large-belt-knife-lantern-on' contains an ingredient that cannot be resolved: Block code game:lantern-up
17.8.2026 23:10:47 [Warning] Failed resolving crafting recipe ingredient with code game:lantern-up in Grid recipe
17.8.2026 23:10:47 [Error] Grid Recipe with output 'medieval:clothes-waist-medieval-large-belt-knife-lantern-on' contains an ingredient that cannot be resolved: Block code game:lantern-up
17.8.2026 23:10:47 [Warning] Failed resolving crafting recipe ingredient with code game:lantern-up in Grid recipe
17.8.2026 23:10:47 [Error] Grid Recipe with output 'medieval:clothes-waist-medieval-large-belt-knife-lantern-on' contains an ingredient that cannot be resolved: Block code game:lantern-up
17.8.2026 23:10:47 [Warning] Failed resolving crafting recipe ingredient with code game:lantern-up in Grid recipe
17.8.2026 23:10:47 [Error] Grid Recipe with output 'medieval:clothes-waist-medieval-large-belt-knife-lantern-on' contains an ingredient that cannot be resolved: Block code game:lantern-up
17.8.2026 23:10:47 [Warning] Failed resolving crafting recipe ingredient with code game:lantern-up in Grid recipe
17.8.2026 23:10:47 [Error] Grid Recipe with output 'medieval:clothes-waist-medieval-large-belt-knife-lantern-on2' contains an ingredient that cannot be resolved: Block code game:lantern-up
17.8.2026 23:10:47 [Warning] Failed resolving crafting recipe ingredient with code game:lantern-up in Grid recipe
17.8.2026 23:10:47 [Error] Grid Recipe with output 'medieval:clothes-waist-medieval-large-belt-knife-lantern-on2' contains an ingredient that cannot be resolved: Block code game:lantern-up
17.8.2026 23:10:47 [Warning] Failed resolving crafting recipe ingredient with code game:lantern-up in Grid recipe
17.8.2026 23:10:47 [Error] Grid Recipe with output 'medieval:clothes-waist-medieval-large-belt-knife-lantern-on2' contains an ingredient that cannot be resolved: Block code game:lantern-up
17.8.2026 23:10:47 [Warning] Failed resolving crafting recipe ingredient with code game:lantern-up in Grid recipe
17.8.2026 23:10:47 [Error] Grid Recipe with output 'medieval:clothes-waist-medieval-large-belt-knife-lantern-on2' contains an ingredient that cannot be resolved: Block code game:lantern-up
17.8.2026 23:10:47 [Warning] Failed resolving crafting recipe ingredient with code game:lantern-up in Grid recipe
17.8.2026 23:10:47 [Error] Grid Recipe with output 'medieval:clothes-waist-medieval-large-belt-knife-lantern-on2' contains an ingredient that cannot be resolved: Block code game:lantern-up
17.8.2026 23:10:47 [Warning] Failed resolving crafting recipe ingredient with code game:lantern-up in Grid recipe
17.8.2026 23:10:47 [Error] Grid Recipe with output 'medieval:clothes-waist-medieval-large-belt-knife-lantern-on2' contains an ingredient that cannot be resolved: Block code game:lantern-up
17.8.2026 23:10:47 [Warning] Failed resolving crafting recipe ingredient with code game:lantern-up in Grid recipe
17.8.2026 23:10:47 [Error] Grid Recipe with output 'medieval:clothes-waist-medieval-large-belt-knife-lantern-on1' contains an ingredient that cannot be resolved: Block code game:lantern-up
17.8.2026 23:10:47 [Warning] Failed resolving crafting recipe ingredient with code game:lantern-up in Grid recipe
17.8.2026 23:10:47 [Error] Grid Recipe with output 'medieval:clothes-waist-medieval-large-belt-knife-lantern-on1' contains an ingredient that cannot be resolved: Block code game:lantern-up
17.8.2026 23:10:47 [Warning] Failed resolving crafting recipe ingredient with code game:lantern-up in Grid recipe
17.8.2026 23:10:47 [Error] Grid Recipe with output 'medieval:clothes-waist-medieval-large-belt-knife-lantern-on1' contains an ingredient that cannot be resolved: Block code game:lantern-up
17.8.2026 23:10:47 [Warning] Failed resolving crafting recipe ingredient with code game:lantern-up in Grid recipe
17.8.2026 23:10:47 [Error] Grid Recipe with output 'medieval:clothes-waist-medieval-large-belt-knife-lantern-on1' contains an ingredient that cannot be resolved: Block code game:lantern-up
17.8.2026 23:10:47 [Warning] Failed resolving crafting recipe ingredient with code game:lantern-up in Grid recipe
17.8.2026 23:10:47 [Error] Grid Recipe with output 'medieval:clothes-waist-medieval-large-belt-knife-lantern-on1' contains an ingredient that cannot be resolved: Block code game:lantern-up
17.8.2026 23:10:47 [Warning] Failed resolving crafting recipe ingredient with code game:lantern-up in Grid recipe
17.8.2026 23:10:47 [Error] Grid Recipe with output 'medieval:clothes-waist-medieval-large-belt-knife-lantern-on1' contains an ingredient that cannot be resolved: Block code game:lantern-up
17.8.2026 23:10:47 [Warning] Failed resolving crafting recipe ingredient with code game:lantern-up in Grid recipe
17.8.2026 23:10:47 [Error] Grid Recipe with output 'medieval:clothes-waist-medieval-large-belt-knife-lantern-on' contains an ingredient that cannot be resolved: Block code game:lantern-up
17.8.2026 23:10:47 [Warning] Failed resolving crafting recipe ingredient with code game:lantern-up in Grid recipe
17.8.2026 23:10:47 [Error] Grid Recipe with output 'medieval:clothes-waist-medieval-large-belt-knife-lantern-on' contains an ingredient that cannot be resolved: Block code game:lantern-up
17.8.2026 23:10:47 [Warning] Failed resolving crafting recipe ingredient with code game:lantern-up in Grid recipe
17.8.2026 23:10:47 [Error] Grid Recipe with output 'medieval:clothes-waist-medieval-large-belt-knife-lantern-on' contains an ingredient that cannot be resolved: Block code game:lantern-up
17.8.2026 23:10:47 [Warning] Failed resolving crafting recipe ingredient with code game:lantern-up in Grid recipe
17.8.2026 23:10:47 [Error] Grid Recipe with output 'medieval:clothes-waist-medieval-large-belt-knife-lantern-on' contains an ingredient that cannot be resolved: Block code game:lantern-up
17.8.2026 23:10:47 [Warning] Failed resolving crafting recipe ingredient with code game:lantern-up in Grid recipe
17.8.2026 23:10:47 [Error] Grid Recipe with output 'medieval:clothes-waist-medieval-large-belt-knife-lantern-on' contains an ingredient that cannot be resolved: Block code game:lantern-up
17.8.2026 23:10:47 [Warning] Failed resolving crafting recipe ingredient with code game:lantern-up in Grid recipe
17.8.2026 23:10:47 [Error] Grid Recipe with output 'medieval:clothes-waist-medieval-large-belt-knife-lantern-on' contains an ingredient that cannot be resolved: Block code game:lantern-up
17.8.2026 23:10:47 [Warning] Failed resolving crafting recipe ingredient with code game:lantern-up in Grid recipe
17.8.2026 23:10:47 [Error] Grid Recipe with output 'medieval:clothes-waist-medieval-large-belt-knife-lantern-on2' contains an ingredient that cannot be resolved: Block code game:lantern-up
17.8.2026 23:10:47 [Warning] Failed resolving crafting recipe ingredient with code game:lantern-up in Grid recipe
17.8.2026 23:10:47 [Error] Grid Recipe with output 'medieval:clothes-waist-medieval-large-belt-knife-lantern-on2' contains an ingredient that cannot be resolved: Block code game:lantern-up
17.8.2026 23:10:47 [Warning] Failed resolving crafting recipe ingredient with code game:lantern-up in Grid recipe
17.8.2026 23:10:47 [Error] Grid Recipe with output 'medieval:clothes-waist-medieval-large-belt-knife-lantern-on2' contains an ingredient that cannot be resolved: Block code game:lantern-up
17.8.2026 23:10:47 [Warning] Failed resolving crafting recipe ingredient with code game:lantern-up in Grid recipe
17.8.2026 23:10:47 [Error] Grid Recipe with output 'medieval:clothes-waist-medieval-large-belt-knife-lantern-on2' contains an ingredient that cannot be resolved: Block code game:lantern-up
17.8.2026 23:10:47 [Warning] Failed resolving crafting recipe ingredient with code game:lantern-up in Grid recipe
17.8.2026 23:10:47 [Error] Grid Recipe with output 'medieval:clothes-waist-medieval-large-belt-knife-lantern-on2' contains an ingredient that cannot be resolved: Block code game:lantern-up
17.8.2026 23:10:47 [Warning] Failed resolving crafting recipe ingredient with code game:lantern-up in Grid recipe
17.8.2026 23:10:47 [Error] Grid Recipe with output 'medieval:clothes-waist-medieval-large-belt-knife-lantern-on2' contains an ingredient that cannot be resolved: Block code game:lantern-up
17.8.2026 23:10:47 [Warning] Failed resolving crafting recipe ingredient with code game:lantern-up in Grid recipe
17.8.2026 23:10:47 [Error] Grid Recipe with output 'medieval:clothes-waist-medieval-large-belt-knife-lantern-on1' contains an ingredient that cannot be resolved: Block code game:lantern-up
17.8.2026 23:10:47 [Warning] Failed resolving crafting recipe ingredient with code game:lantern-up in Grid recipe
17.8.2026 23:10:47 [Error] Grid Recipe with output 'medieval:clothes-waist-medieval-large-belt-knife-lantern-on1' contains an ingredient that cannot be resolved: Block code game:lantern-up
17.8.2026 23:10:47 [Warning] Failed resolving crafting recipe ingredient with code game:lantern-up in Grid recipe
17.8.2026 23:10:47 [Error] Grid Recipe with output 'medieval:clothes-waist-medieval-large-belt-knife-lantern-on1' contains an ingredient that cannot be resolved: Block code game:lantern-up
17.8.2026 23:10:47 [Warning] Failed resolving crafting recipe ingredient with code game:lantern-up in Grid recipe
17.8.2026 23:10:47 [Error] Grid Recipe with output 'medieval:clothes-waist-medieval-large-belt-knife-lantern-on1' contains an ingredient that cannot be resolved: Block code game:lantern-up
17.8.2026 23:10:47 [Warning] Failed resolving crafting recipe ingredient with code game:lantern-up in Grid recipe
17.8.2026 23:10:47 [Error] Grid Recipe with output 'medieval:clothes-waist-medieval-large-belt-knife-lantern-on1' contains an ingredient that cannot be resolved: Block code game:lantern-up
17.8.2026 23:10:47 [Warning] Failed resolving crafting recipe ingredient with code game:lantern-up in Grid recipe
17.8.2026 23:10:47 [Error] Grid Recipe with output 'medieval:clothes-waist-medieval-large-belt-knife-lantern-on1' contains an ingredient that cannot be resolved: Block code game:lantern-up
17.8.2026 23:10:47 [Warning] Failed resolving crafting recipe ingredient with code game:lantern-up in Grid recipe
17.8.2026 23:10:47 [Error] Grid Recipe with output 'medieval:clothes-waist-medieval-large-belt-knife-lantern-on' contains an ingredient that cannot be resolved: Block code game:lantern-up
17.8.2026 23:10:47 [Warning] Failed resolving crafting recipe ingredient with code game:lantern-up in Grid recipe
17.8.2026 23:10:47 [Error] Grid Recipe with output 'medieval:clothes-waist-medieval-large-belt-knife-lantern-on' contains an ingredient that cannot be resolved: Block code game:lantern-up
17.8.2026 23:10:47 [Warning] Failed resolving crafting recipe ingredient with code game:lantern-up in Grid recipe
17.8.2026 23:10:47 [Error] Grid Recipe with output 'medieval:clothes-waist-medieval-large-belt-knife-lantern-on' contains an ingredient that cannot be resolved: Block code game:lantern-up
17.8.2026 23:10:47 [Warning] Failed resolving crafting recipe ingredient with code game:lantern-up in Grid recipe
17.8.2026 23:10:47 [Error] Grid Recipe with output 'medieval:clothes-waist-medieval-large-belt-knife-lantern-on' contains an ingredient that cannot be resolved: Block code game:lantern-up
17.8.2026 23:10:47 [Warning] Failed resolving crafting recipe ingredient with code game:lantern-up in Grid recipe
17.8.2026 23:10:47 [Error] Grid Recipe with output 'medieval:clothes-waist-medieval-large-belt-knife-lantern-on' contains an ingredient that cannot be resolved: Block code game:lantern-up
17.8.2026 23:10:47 [Warning] Failed resolving crafting recipe ingredient with code game:lantern-up in Grid recipe
17.8.2026 23:10:47 [Error] Grid Recipe with output 'medieval:clothes-waist-medieval-large-belt-knife-lantern-on' contains an ingredient that cannot be resolved: Block code game:lantern-up
17.8.2026 23:10:47 [Warning] Failed resolving crafting recipe ingredient with code game:lantern-up in Grid recipe
17.8.2026 23:10:47 [Error] Grid Recipe with output 'medieval:clothes-waist-medieval-large-belt-knife-lantern-on2' contains an ingredient that cannot be resolved: Block code game:lantern-up
17.8.2026 23:10:47 [Warning] Failed resolving crafting recipe ingredient with code game:lantern-up in Grid recipe
17.8.2026 23:10:47 [Error] Grid Recipe with output 'medieval:clothes-waist-medieval-large-belt-knife-lantern-on2' contains an ingredient that cannot be resolved: Block code game:lantern-up
17.8.2026 23:10:47 [Warning] Failed resolving crafting recipe ingredient with code game:lantern-up in Grid recipe
17.8.2026 23:10:47 [Error] Grid Recipe with output 'medieval:clothes-waist-medieval-large-belt-knife-lantern-on2' contains an ingredient that cannot be resolved: Block code game:lantern-up
17.8.2026 23:10:47 [Warning] Failed resolving crafting recipe ingredient with code game:lantern-up in Grid recipe
17.8.2026 23:10:47 [Error] Grid Recipe with output 'medieval:clothes-waist-medieval-large-belt-knife-lantern-on2' contains an ingredient that cannot be resolved: Block code game:lantern-up
17.8.2026 23:10:47 [Warning] Failed resolving crafting recipe ingredient with code game:lantern-up in Grid recipe
17.8.2026 23:10:47 [Error] Grid Recipe with output 'medieval:clothes-waist-medieval-large-belt-knife-lantern-on2' contains an ingredient that cannot be resolved: Block code game:lantern-up
17.8.2026 23:10:47 [Warning] Failed resolving crafting recipe ingredient with code game:lantern-up in Grid recipe
17.8.2026 23:10:47 [Error] Grid Recipe with output 'medieval:clothes-waist-medieval-large-belt-knife-lantern-on2' contains an ingredient that cannot be resolved: Block code game:lantern-up
17.8.2026 23:10:47 [Warning] Failed resolving crafting recipe ingredient with code game:lantern-up in Grid recipe
17.8.2026 23:10:47 [Error] Grid Recipe with output 'medieval:clothes-waist-medieval-large-belt-knife-lantern-on1' contains an ingredient that cannot be resolved: Block code game:lantern-up
17.8.2026 23:10:47 [Warning] Failed resolving crafting recipe ingredient with code game:lantern-up in Grid recipe
17.8.2026 23:10:47 [Error] Grid Recipe with output 'medieval:clothes-waist-medieval-large-belt-knife-lantern-on1' contains an ingredient that cannot be resolved: Block code game:lantern-up
17.8.2026 23:10:47 [Warning] Failed resolving crafting recipe ingredient with code game:lantern-up in Grid recipe
17.8.2026 23:10:47 [Error] Grid Recipe with output 'medieval:clothes-waist-medieval-large-belt-knife-lantern-on1' contains an ingredient that cannot be resolved: Block code game:lantern-up
17.8.2026 23:10:47 [Warning] Failed resolving crafting recipe ingredient with code game:lantern-up in Grid recipe
17.8.2026 23:10:47 [Error] Grid Recipe with output 'medieval:clothes-waist-medieval-large-belt-knife-lantern-on1' contains an ingredient that cannot be resolved: Block code game:lantern-up
17.8.2026 23:10:47 [Warning] Failed resolving crafting recipe ingredient with code game:lantern-up in Grid recipe
17.8.2026 23:10:47 [Error] Grid Recipe with output 'medieval:clothes-waist-medieval-large-belt-knife-lantern-on1' contains an ingredient that cannot be resolved: Block code game:lantern-up
17.8.2026 23:10:47 [Warning] Failed resolving crafting recipe ingredient with code game:lantern-up in Grid recipe
17.8.2026 23:10:47 [Error] Grid Recipe with output 'medieval:clothes-waist-medieval-large-belt-knife-lantern-on1' contains an ingredient that cannot be resolved: Block code game:lantern-up
17.8.2026 23:10:47 [Warning] Failed resolving crafting recipe ingredient with code game:lantern-up in Grid recipe
17.8.2026 23:10:47 [Error] Grid Recipe with output 'medieval:clothes-waist-medieval-large-belt-knife-lantern-on' contains an ingredient that cannot be resolved: Block code game:lantern-up
17.8.2026 23:10:47 [Warning] Failed resolving crafting recipe ingredient with code game:lantern-up in Grid recipe
17.8.2026 23:10:47 [Error] Grid Recipe with output 'medieval:clothes-waist-medieval-large-belt-knife-lantern-on' contains an ingredient that cannot be resolved: Block code game:lantern-up
17.8.2026 23:10:47 [Warning] Failed resolving crafting recipe ingredient with code game:lantern-up in Grid recipe
17.8.2026 23:10:47 [Error] Grid Recipe with output 'medieval:clothes-waist-medieval-large-belt-knife-lantern-on' contains an ingredient that cannot be resolved: Block code game:lantern-up
17.8.2026 23:10:47 [Warning] Failed resolving crafting recipe ingredient with code game:lantern-up in Grid recipe
17.8.2026 23:10:47 [Error] Grid Recipe with output 'medieval:clothes-waist-medieval-large-belt-knife-lantern-on' contains an ingredient that cannot be resolved: Block code game:lantern-up
17.8.2026 23:10:47 [Warning] Failed resolving crafting recipe ingredient with code game:lantern-up in Grid recipe
17.8.2026 23:10:47 [Error] Grid Recipe with output 'medieval:clothes-waist-medieval-large-belt-knife-lantern-on' contains an ingredient that cannot be resolved: Block code game:lantern-up
17.8.2026 23:10:47 [Warning] Failed resolving crafting recipe ingredient with code game:lantern-up in Grid recipe
17.8.2026 23:10:47 [Error] Grid Recipe with output 'medieval:clothes-waist-medieval-large-belt-knife-lantern-on' contains an ingredient that cannot be resolved: Block code game:lantern-up
17.8.2026 23:10:47 [Warning] Failed resolving crafting recipe ingredient with code game:lantern-up in Grid recipe
17.8.2026 23:10:47 [Error] Grid Recipe with output 'medieval:clothes-waist-medieval-large-belt-knife-lantern-on2' contains an ingredient that cannot be resolved: Block code game:lantern-up
17.8.2026 23:10:47 [Warning] Failed resolving crafting recipe ingredient with code game:lantern-up in Grid recipe
17.8.2026 23:10:47 [Error] Grid Recipe with output 'medieval:clothes-waist-medieval-large-belt-knife-lantern-on2' contains an ingredient that cannot be resolved: Block code game:lantern-up
17.8.2026 23:10:47 [Warning] Failed resolving crafting recipe ingredient with code game:lantern-up in Grid recipe
17.8.2026 23:10:47 [Error] Grid Recipe with output 'medieval:clothes-waist-medieval-large-belt-knife-lantern-on2' contains an ingredient that cannot be resolved: Block code game:lantern-up
17.8.2026 23:10:47 [Warning] Failed resolving crafting recipe ingredient with code game:lantern-up in Grid recipe
17.8.2026 23:10:47 [Error] Grid Recipe with output 'medieval:clothes-waist-medieval-large-belt-knife-lantern-on2' contains an ingredient that cannot be resolved: Block code game:lantern-up
17.8.2026 23:10:47 [Warning] Failed resolving crafting recipe ingredient with code game:lantern-up in Grid recipe
17.8.2026 23:10:47 [Error] Grid Recipe with output 'medieval:clothes-waist-medieval-large-belt-knife-lantern-on2' contains an ingredient that cannot be resolved: Block code game:lantern-up
17.8.2026 23:10:47 [Warning] Failed resolving crafting recipe ingredient with code game:lantern-up in Grid recipe
17.8.2026 23:10:47 [Error] Grid Recipe with output 'medieval:clothes-waist-medieval-large-belt-knife-lantern-on2' contains an ingredient that cannot be resolved: Block code game:lantern-up
17.8.2026 23:10:47 [Warning] Failed resolving crafting recipe ingredient with code game:lantern-up in Grid recipe
17.8.2026 23:10:47 [Error] Grid Recipe with output 'medieval:clothes-waist-medieval-large-belt-knife-lantern-on1' contains an ingredient that cannot be resolved: Block code game:lantern-up
17.8.2026 23:10:47 [Warning] Failed resolving crafting recipe ingredient with code game:lantern-up in Grid recipe
17.8.2026 23:10:47 [Error] Grid Recipe with output 'medieval:clothes-waist-medieval-large-belt-knife-lantern-on1' contains an ingredient that cannot be resolved: Block code game:lantern-up
17.8.2026 23:10:47 [Warning] Failed resolving crafting recipe ingredient with code game:lantern-up in Grid recipe
17.8.2026 23:10:47 [Error] Grid Recipe with output 'medieval:clothes-waist-medieval-large-belt-knife-lantern-on1' contains an ingredient that cannot be resolved: Block code game:lantern-up
17.8.2026 23:10:47 [Warning] Failed resolving crafting recipe ingredient with code game:lantern-up in Grid recipe
17.8.2026 23:10:47 [Error] Grid Recipe with output 'medieval:clothes-waist-medieval-large-belt-knife-lantern-on1' contains an ingredient that cannot be resolved: Block code game:lantern-up
17.8.2026 23:10:47 [Warning] Failed resolving crafting recipe ingredient with code game:lantern-up in Grid recipe
17.8.2026 23:10:47 [Error] Grid Recipe with output 'medieval:clothes-waist-medieval-large-belt-knife-lantern-on1' contains an ingredient that cannot be resolved: Block code game:lantern-up
17.8.2026 23:10:47 [Warning] Failed resolving crafting recipe ingredient with code game:lantern-up in Grid recipe
17.8.2026 23:10:47 [Error] Grid Recipe with output 'medieval:clothes-waist-medieval-large-belt-knife-lantern-on1' contains an ingredient that cannot be resolved: Block code game:lantern-up
17.8.2026 23:10:47 [Warning] Failed resolving crafting recipe ingredient with code game:lantern-up in Grid recipe
17.8.2026 23:10:47 [Error] Grid Recipe with output 'medieval:clothes-waist-medieval-large-belt-knife-lantern-on' contains an ingredient that cannot be resolved: Block code game:lantern-up
17.8.2026 23:10:47 [Warning] Failed resolving crafting recipe ingredient with code game:lantern-up in Grid recipe
17.8.2026 23:10:47 [Error] Grid Recipe with output 'medieval:clothes-waist-medieval-large-belt-knife-lantern-on' contains an ingredient that cannot be resolved: Block code game:lantern-up
17.8.2026 23:10:47 [Warning] Failed resolving crafting recipe ingredient with code game:lantern-up in Grid recipe
17.8.2026 23:10:47 [Error] Grid Recipe with output 'medieval:clothes-waist-medieval-large-belt-knife-lantern-on' contains an ingredient that cannot be resolved: Block code game:lantern-up
17.8.2026 23:10:47 [Warning] Failed resolving crafting recipe ingredient with code game:lantern-up in Grid recipe
17.8.2026 23:10:47 [Error] Grid Recipe with output 'medieval:clothes-waist-medieval-large-belt-knife-lantern-on' contains an ingredient that cannot be resolved: Block code game:lantern-up
17.8.2026 23:10:47 [Warning] Failed resolving crafting recipe ingredient with code game:lantern-up in Grid recipe
17.8.2026 23:10:47 [Error] Grid Recipe with output 'medieval:clothes-waist-medieval-large-belt-knife-lantern-on' contains an ingredient that cannot be resolved: Block code game:lantern-up
17.8.2026 23:10:47 [Warning] Failed resolving crafting recipe ingredient with code game:lantern-up in Grid recipe
17.8.2026 23:10:47 [Error] Grid Recipe with output 'medieval:clothes-waist-medieval-large-belt-knife-lantern-on' contains an ingredient that cannot be resolved: Block code game:lantern-up
17.8.2026 23:10:47 [Warning] Failed resolving crafting recipe ingredient with code game:lantern-up in Grid recipe
17.8.2026 23:10:47 [Error] Grid Recipe with output 'medieval:clothes-waist-medieval-large-belt-knife-lantern-on2' contains an ingredient that cannot be resolved: Block code game:lantern-up
17.8.2026 23:10:47 [Warning] Failed resolving crafting recipe ingredient with code game:lantern-up in Grid recipe
17.8.2026 23:10:47 [Error] Grid Recipe with output 'medieval:clothes-waist-medieval-large-belt-knife-lantern-on2' contains an ingredient that cannot be resolved: Block code game:lantern-up
17.8.2026 23:10:47 [Warning] Failed resolving crafting recipe ingredient with code game:lantern-up in Grid recipe
17.8.2026 23:10:47 [Error] Grid Recipe with output 'medieval:clothes-waist-medieval-large-belt-knife-lantern-on2' contains an ingredient that cannot be resolved: Block code game:lantern-up
17.8.2026 23:10:47 [Warning] Failed resolving crafting recipe ingredient with code game:lantern-up in Grid recipe
17.8.2026 23:10:47 [Error] Grid Recipe with output 'medieval:clothes-waist-medieval-large-belt-knife-lantern-on2' contains an ingredient that cannot be resolved: Block code game:lantern-up
17.8.2026 23:10:47 [Warning] Failed resolving crafting recipe ingredient with code game:lantern-up in Grid recipe
17.8.2026 23:10:47 [Error] Grid Recipe with output 'medieval:clothes-waist-medieval-large-belt-knife-lantern-on2' contains an ingredient that cannot be resolved: Block code game:lantern-up
17.8.2026 23:10:47 [Warning] Failed resolving crafting recipe ingredient with code game:lantern-up in Grid recipe
17.8.2026 23:10:47 [Error] Grid Recipe with output 'medieval:clothes-waist-medieval-large-belt-knife-lantern-on2' contains an ingredient that cannot be resolved: Block code game:lantern-up
17.8.2026 23:10:47 [Warning] Failed resolving crafting recipe ingredient with code game:lantern-up in Grid recipe
17.8.2026 23:10:47 [Error] Grid Recipe with output 'medieval:clothes-waist-medieval-large-belt-knife-lantern-on1' contains an ingredient that cannot be resolved: Block code game:lantern-up
17.8.2026 23:10:47 [Warning] Failed resolving crafting recipe ingredient with code game:lantern-up in Grid recipe
17.8.2026 23:10:47 [Error] Grid Recipe with output 'medieval:clothes-waist-medieval-large-belt-knife-lantern-on1' contains an ingredient that cannot be resolved: Block code game:lantern-up
17.8.2026 23:10:47 [Warning] Failed resolving crafting recipe ingredient with code game:lantern-up in Grid recipe
17.8.2026 23:10:47 [Error] Grid Recipe with output 'medieval:clothes-waist-medieval-large-belt-knife-lantern-on1' contains an ingredient that cannot be resolved: Block code game:lantern-up
17.8.2026 23:10:47 [Warning] Failed resolving crafting recipe ingredient with code game:lantern-up in Grid recipe
17.8.2026 23:10:47 [Error] Grid Recipe with output 'medieval:clothes-waist-medieval-large-belt-knife-lantern-on1' contains an ingredient that cannot be resolved: Block code game:lantern-up
17.8.2026 23:10:47 [Warning] Failed resolving crafting recipe ingredient with code game:lantern-up in Grid recipe
17.8.2026 23:10:47 [Error] Grid Recipe with output 'medieval:clothes-waist-medieval-large-belt-knife-lantern-on1' contains an ingredient that cannot be resolved: Block code game:lantern-up
17.8.2026 23:10:47 [Warning] Failed resolving crafting recipe ingredient with code game:lantern-up in Grid recipe
17.8.2026 23:10:47 [Error] Grid Recipe with output 'medieval:clothes-waist-medieval-large-belt-knife-lantern-on1' contains an ingredient that cannot be resolved: Block code game:lantern-up
17.8.2026 23:10:47 [Warning] Failed resolving crafting recipe ingredient with code game:lantern-up in Grid recipe
17.8.2026 23:10:47 [Error] Grid Recipe with output 'medieval:clothes-waist-medieval-large-belt-knife-lantern-on' contains an ingredient that cannot be resolved: Block code game:lantern-up
17.8.2026 23:10:47 [Warning] Failed resolving crafting recipe ingredient with code game:lantern-up in Grid recipe
17.8.2026 23:10:47 [Error] Grid Recipe with output 'medieval:clothes-waist-medieval-large-belt-knife-lantern-on' contains an ingredient that cannot be resolved: Block code game:lantern-up
17.8.2026 23:10:47 [Warning] Failed resolving crafting recipe ingredient with code game:lantern-up in Grid recipe
17.8.2026 23:10:47 [Error] Grid Recipe with output 'medieval:clothes-waist-medieval-large-belt-knife-lantern-on' contains an ingredient that cannot be resolved: Block code game:lantern-up
17.8.2026 23:10:47 [Warning] Failed resolving crafting recipe ingredient with code game:lantern-up in Grid recipe
17.8.2026 23:10:47 [Error] Grid Recipe with output 'medieval:clothes-waist-medieval-large-belt-knife-lantern-on' contains an ingredient that cannot be resolved: Block code game:lantern-up
17.8.2026 23:10:47 [Warning] Failed resolving crafting recipe ingredient with code game:lantern-up in Grid recipe
17.8.2026 23:10:47 [Error] Grid Recipe with output 'medieval:clothes-waist-medieval-large-belt-knife-lantern-on' contains an ingredient that cannot be resolved: Block code game:lantern-up
17.8.2026 23:10:47 [Warning] Failed resolving crafting recipe ingredient with code game:lantern-up in Grid recipe
17.8.2026 23:10:47 [Error] Grid Recipe with output 'medieval:clothes-waist-medieval-large-belt-knife-lantern-on' contains an ingredient that cannot be resolved: Block code game:lantern-up
17.8.2026 23:10:47 [Warning] Failed resolving crafting recipe ingredient with code game:lantern-up in Grid recipe
17.8.2026 23:10:47 [Error] Grid Recipe with output 'medieval:clothes-waist-medieval-large-belt-knife-lantern-on2' contains an ingredient that cannot be resolved: Block code game:lantern-up
17.8.2026 23:10:47 [Warning] Failed resolving crafting recipe ingredient with code game:lantern-up in Grid recipe
17.8.2026 23:10:47 [Error] Grid Recipe with output 'medieval:clothes-waist-medieval-large-belt-knife-lantern-on2' contains an ingredient that cannot be resolved: Block code game:lantern-up
17.8.2026 23:10:47 [Warning] Failed resolving crafting recipe ingredient with code game:lantern-up in Grid recipe
17.8.2026 23:10:47 [Error] Grid Recipe with output 'medieval:clothes-waist-medieval-large-belt-knife-lantern-on2' contains an ingredient that cannot be resolved: Block code game:lantern-up
17.8.2026 23:10:47 [Warning] Failed resolving crafting recipe ingredient with code game:lantern-up in Grid recipe
17.8.2026 23:10:47 [Error] Grid Recipe with output 'medieval:clothes-waist-medieval-large-belt-knife-lantern-on2' contains an ingredient that cannot be resolved: Block code game:lantern-up
17.8.2026 23:10:47 [Warning] Failed resolving crafting recipe ingredient with code game:lantern-up in Grid recipe
17.8.2026 23:10:47 [Error] Grid Recipe with output 'medieval:clothes-waist-medieval-large-belt-knife-lantern-on2' contains an ingredient that cannot be resolved: Block code game:lantern-up
17.8.2026 23:10:47 [Warning] Failed resolving crafting recipe ingredient with code game:lantern-up in Grid recipe
17.8.2026 23:10:47 [Error] Grid Recipe with output 'medieval:clothes-waist-medieval-large-belt-knife-lantern-on2' contains an ingredient that cannot be resolved: Block code game:lantern-up
17.8.2026 23:10:47 [Warning] Failed resolving crafting recipe ingredient with code game:lantern-up in Grid recipe
17.8.2026 23:10:47 [Error] Grid Recipe with output 'medieval:clothes-waist-medieval-large-belt-knife-lantern-on1' contains an ingredient that cannot be resolved: Block code game:lantern-up
17.8.2026 23:10:47 [Warning] Failed resolving crafting recipe ingredient with code game:lantern-up in Grid recipe
17.8.2026 23:10:47 [Error] Grid Recipe with output 'medieval:clothes-waist-medieval-large-belt-knife-lantern-on1' contains an ingredient that cannot be resolved: Block code game:lantern-up
17.8.2026 23:10:47 [Warning] Failed resolving crafting recipe ingredient with code game:lantern-up in Grid recipe
17.8.2026 23:10:47 [Error] Grid Recipe with output 'medieval:clothes-waist-medieval-large-belt-knife-lantern-on1' contains an ingredient that cannot be resolved: Block code game:lantern-up
17.8.2026 23:10:47 [Warning] Failed resolving crafting recipe ingredient with code game:lantern-up in Grid recipe
17.8.2026 23:10:47 [Error] Grid Recipe with output 'medieval:clothes-waist-medieval-large-belt-knife-lantern-on1' contains an ingredient that cannot be resolved: Block code game:lantern-up
17.8.2026 23:10:47 [Warning] Failed resolving crafting recipe ingredient with code game:lantern-up in Grid recipe
17.8.2026 23:10:47 [Error] Grid Recipe with output 'medieval:clothes-waist-medieval-large-belt-knife-lantern-on1' contains an ingredient that cannot be resolved: Block code game:lantern-up
17.8.2026 23:10:47 [Warning] Failed resolving crafting recipe ingredient with code game:lantern-up in Grid recipe
17.8.2026 23:10:47 [Error] Grid Recipe with output 'medieval:clothes-waist-medieval-large-belt-knife-lantern-on1' contains an ingredient that cannot be resolved: Block code game:lantern-up
17.8.2026 23:10:47 [Warning] Failed resolving crafting recipe ingredient with code armory:part-battlehammerhead-steel in Grid recipe
17.8.2026 23:10:47 [Error] Grid Recipe with output 'armory:part-battlehammerhead-steel' contains an ingredient that cannot be resolved: Item code armory:part-battlehammerhead-steel
17.8.2026 23:10:47 [Warning] Failed resolving crafting recipe ingredient with code armory:part-polehammerhead-steel in Grid recipe
17.8.2026 23:10:47 [Error] Grid Recipe with output 'armory:part-polehammerhead-steel' contains an ingredient that cannot be resolved: Item code armory:part-polehammerhead-steel
17.8.2026 23:10:47 [Warning] Failed resolving crafting recipe ingredient with code armory:part-warhammerhead-steel in Grid recipe
17.8.2026 23:10:47 [Error] Grid Recipe with output 'armory:part-warhammerhead-steel' contains an ingredient that cannot be resolved: Item code armory:part-warhammerhead-steel
17.8.2026 23:10:47 [Warning] Failed resolving crafting recipe ingredient with code armory:part-armingsword-iron in Grid recipe
17.8.2026 23:10:47 [Error] Grid Recipe with output 'armory:part-armingsword-iron' contains an ingredient that cannot be resolved: Item code armory:part-armingsword-iron
17.8.2026 23:10:47 [Warning] Failed resolving crafting recipe ingredient with code armory:part-armingsword-meteoriciron in Grid recipe
17.8.2026 23:10:47 [Error] Grid Recipe with output 'armory:part-armingsword-meteoriciron' contains an ingredient that cannot be resolved: Item code armory:part-armingsword-meteoriciron
17.8.2026 23:10:47 [Warning] Failed resolving crafting recipe ingredient with code armory:part-armingsword-steel in Grid recipe
17.8.2026 23:10:47 [Error] Grid Recipe with output 'armory:part-armingsword-steel' contains an ingredient that cannot be resolved: Item code armory:part-armingsword-steel
17.8.2026 23:10:47 [Warning] Failed resolving crafting recipe ingredient with code armory:part-pikehead-iron in Grid recipe
17.8.2026 23:10:47 [Error] Grid Recipe with output 'armory:part-pikehead-iron' contains an ingredient that cannot be resolved: Item code armory:part-pikehead-iron
17.8.2026 23:10:47 [Warning] Failed resolving crafting recipe ingredient with code armory:part-pikehead-meteoriciron in Grid recipe
17.8.2026 23:10:47 [Error] Grid Recipe with output 'armory:part-pikehead-meteoriciron' contains an ingredient that cannot be resolved: Item code armory:part-pikehead-meteoriciron
17.8.2026 23:10:47 [Warning] Failed resolving crafting recipe ingredient with code armory:part-pikehead-steel in Grid recipe
17.8.2026 23:10:47 [Error] Grid Recipe with output 'armory:part-pikehead-steel' contains an ingredient that cannot be resolved: Item code armory:part-pikehead-steel
17.8.2026 23:10:47 [Warning] Failed resolving crafting recipe ingredient with code game:windmillrotor-north in Grid recipe
17.8.2026 23:10:47 [Error] Grid Recipe 'temporaldust:recipes/grid/mechpowerblocks-fat.json': Output game:windmillrotor-north cannot be resolved.
17.8.2026 23:10:47 [Warning] Failed resolving crafting recipe ingredient with code game:windmillrotor-north in Grid recipe
17.8.2026 23:10:47 [Error] Grid Recipe 'temporaldust:recipes/grid/mechpowerblocks-fat.json': Output game:windmillrotor-north cannot be resolved.
17.8.2026 23:10:47 [Warning] Failed resolving crafting recipe ingredient with code game:bowl-fired in Grid recipe
17.8.2026 23:10:47 [Error] Grid Recipe with output 'game:oillamp-up' contains an ingredient that cannot be resolved: Block code game:bowl-fired
17.8.2026 23:10:47 [Warning] Failed resolving crafting recipe ingredient with code game:plank-agedacacia in Grid recipe
17.8.2026 23:10:47 [Error] Grid Recipe with output 'barkcanoe:outrigger-carved-agedacacia' contains an ingredient that cannot be resolved: Item code game:plank-agedacacia
17.8.2026 23:10:47 [Warning] Failed resolving crafting recipe ingredient with code game:plank-agedebony in Grid recipe
17.8.2026 23:10:47 [Error] Grid Recipe with output 'barkcanoe:outrigger-carved-agedebony' contains an ingredient that cannot be resolved: Item code game:plank-agedebony
17.8.2026 23:10:47 [Warning] Failed resolving crafting recipe ingredient with code game:plank-rottenebony in Grid recipe
17.8.2026 23:10:47 [Error] Grid Recipe with output 'barkcanoe:outrigger-carved-rottenebony' contains an ingredient that cannot be resolved: Item code game:plank-rottenebony
17.8.2026 23:10:47 [Warning] Failed resolving crafting recipe ingredient with code game:plank-agedacacia in Grid recipe
17.8.2026 23:10:47 [Error] Grid Recipe with output 'barkcanoe:outrigger-carved-agedacacia' contains an ingredient that cannot be resolved: Item code game:plank-agedacacia
17.8.2026 23:10:47 [Warning] Failed resolving crafting recipe ingredient with code game:plank-agedebony in Grid recipe
17.8.2026 23:10:47 [Error] Grid Recipe with output 'barkcanoe:outrigger-carved-agedebony' contains an ingredient that cannot be resolved: Item code game:plank-agedebony
17.8.2026 23:10:47 [Warning] Failed resolving crafting recipe ingredient with code game:plank-rottenebony in Grid recipe
17.8.2026 23:10:47 [Error] Grid Recipe with output 'barkcanoe:outrigger-carved-rottenebony' contains an ingredient that cannot be resolved: Item code game:plank-rottenebony
17.8.2026 23:10:47 [Warning] Failed resolving crafting recipe ingredient with code game:plank-agedacacia in Grid recipe
17.8.2026 23:10:47 [Error] Grid Recipe with output 'barkcanoe:outrigger-carved-agedacacia' contains an ingredient that cannot be resolved: Item code game:plank-agedacacia
17.8.2026 23:10:47 [Warning] Failed resolving crafting recipe ingredient with code game:plank-agedebony in Grid recipe
17.8.2026 23:10:47 [Error] Grid Recipe with output 'barkcanoe:outrigger-carved-agedebony' contains an ingredient that cannot be resolved: Item code game:plank-agedebony
17.8.2026 23:10:47 [Warning] Failed resolving crafting recipe ingredient with code game:plank-rottenebony in Grid recipe
17.8.2026 23:10:47 [Error] Grid Recipe with output 'barkcanoe:outrigger-carved-rottenebony' contains an ingredient that cannot be resolved: Item code game:plank-rottenebony
17.8.2026 23:10:47 [Warning] Failed resolving crafting recipe ingredient with code game:plank-agedacacia in Grid recipe
17.8.2026 23:10:47 [Error] Grid Recipe with output 'barkcanoe:outrigger-carved-agedacacia' contains an ingredient that cannot be resolved: Item code game:plank-agedacacia
17.8.2026 23:10:47 [Warning] Failed resolving crafting recipe ingredient with code game:plank-agedebony in Grid recipe
17.8.2026 23:10:47 [Error] Grid Recipe with output 'barkcanoe:outrigger-carved-agedebony' contains an ingredient that cannot be resolved: Item code game:plank-agedebony
17.8.2026 23:10:47 [Warning] Failed resolving crafting recipe ingredient with code game:plank-rottenebony in Grid recipe
17.8.2026 23:10:47 [Error] Grid Recipe with output 'barkcanoe:outrigger-carved-rottenebony' contains an ingredient that cannot be resolved: Item code game:plank-rottenebony
17.8.2026 23:10:47 [Warning] Failed resolving crafting recipe ingredient with code game:plank-agedacacia in Grid recipe
17.8.2026 23:10:47 [Error] Grid Recipe with output 'barkcanoe:outrigger-carved-agedacacia' contains an ingredient that cannot be resolved: Item code game:plank-agedacacia
17.8.2026 23:10:47 [Warning] Failed resolving crafting recipe ingredient with code game:plank-agedebony in Grid recipe
17.8.2026 23:10:47 [Error] Grid Recipe with output 'barkcanoe:outrigger-carved-agedebony' contains an ingredient that cannot be resolved: Item code game:plank-agedebony
17.8.2026 23:10:47 [Warning] Failed resolving crafting recipe ingredient with code game:plank-rottenebony in Grid recipe
17.8.2026 23:10:47 [Error] Grid Recipe with output 'barkcanoe:outrigger-carved-rottenebony' contains an ingredient that cannot be resolved: Item code game:plank-rottenebony
17.8.2026 23:10:47 [Warning] Failed resolving crafting recipe ingredient with code game:plank-agedacacia in Grid recipe
17.8.2026 23:10:47 [Error] Grid Recipe with output 'barkcanoe:outrigger-carved-agedacacia' contains an ingredient that cannot be resolved: Item code game:plank-agedacacia
17.8.2026 23:10:47 [Warning] Failed resolving crafting recipe ingredient with code game:plank-agedebony in Grid recipe
17.8.2026 23:10:47 [Error] Grid Recipe with output 'barkcanoe:outrigger-carved-agedebony' contains an ingredient that cannot be resolved: Item code game:plank-agedebony
17.8.2026 23:10:47 [Warning] Failed resolving crafting recipe ingredient with code game:plank-rottenebony in Grid recipe
17.8.2026 23:10:47 [Error] Grid Recipe with output 'barkcanoe:outrigger-carved-rottenebony' contains an ingredient that cannot be resolved: Item code game:plank-rottenebony
17.8.2026 23:10:47 [Warning] Failed resolving crafting recipe ingredient with code game:plank-agedacacia in Grid recipe
17.8.2026 23:10:47 [Error] Grid Recipe with output 'barkcanoe:outrigger-carved-agedacacia' contains an ingredient that cannot be resolved: Item code game:plank-agedacacia
17.8.2026 23:10:47 [Warning] Failed resolving crafting recipe ingredient with code game:plank-agedebony in Grid recipe
17.8.2026 23:10:47 [Error] Grid Recipe with output 'barkcanoe:outrigger-carved-agedebony' contains an ingredient that cannot be resolved: Item code game:plank-agedebony
17.8.2026 23:10:47 [Warning] Failed resolving crafting recipe ingredient with code game:plank-rottenebony in Grid recipe
17.8.2026 23:10:47 [Error] Grid Recipe with output 'barkcanoe:outrigger-carved-rottenebony' contains an ingredient that cannot be resolved: Item code game:plank-rottenebony
17.8.2026 23:10:47 [Warning] Failed resolving crafting recipe ingredient with code game:plank-agedacacia in Grid recipe
17.8.2026 23:10:47 [Error] Grid Recipe with output 'barkcanoe:outrigger-carved-agedacacia' contains an ingredient that cannot be resolved: Item code game:plank-agedacacia
17.8.2026 23:10:47 [Warning] Failed resolving crafting recipe ingredient with code game:plank-agedebony in Grid recipe
17.8.2026 23:10:47 [Error] Grid Recipe with output 'barkcanoe:outrigger-carved-agedebony' contains an ingredient that cannot be resolved: Item code game:plank-agedebony
17.8.2026 23:10:47 [Warning] Failed resolving crafting recipe ingredient with code game:plank-rottenebony in Grid recipe
17.8.2026 23:10:47 [Error] Grid Recipe with output 'barkcanoe:outrigger-carved-rottenebony' contains an ingredient that cannot be resolved: Item code game:plank-rottenebony
17.8.2026 23:10:47 [Warning] Failed resolving crafting recipe ingredient with code game:plank-agedacacia in Grid recipe
17.8.2026 23:10:47 [Error] Grid Recipe with output 'barkcanoe:outrigger-carved-agedacacia' contains an ingredient that cannot be resolved: Item code game:plank-agedacacia
17.8.2026 23:10:47 [Warning] Failed resolving crafting recipe ingredient with code game:plank-agedebony in Grid recipe
17.8.2026 23:10:47 [Error] Grid Recipe with output 'barkcanoe:outrigger-carved-agedebony' contains an ingredient that cannot be resolved: Item code game:plank-agedebony
17.8.2026 23:10:47 [Warning] Failed resolving crafting recipe ingredient with code game:plank-rottenebony in Grid recipe
17.8.2026 23:10:47 [Error] Grid Recipe with output 'barkcanoe:outrigger-carved-rottenebony' contains an ingredient that cannot be resolved: Item code game:plank-rottenebony
17.8.2026 23:10:47 [Warning] Failed resolving crafting recipe ingredient with code game:plank-agedacacia in Grid recipe
17.8.2026 23:10:47 [Error] Grid Recipe with output 'barkcanoe:outrigger-carved-agedacacia' contains an ingredient that cannot be resolved: Item code game:plank-agedacacia
17.8.2026 23:10:47 [Warning] Failed resolving crafting recipe ingredient with code game:plank-agedebony in Grid recipe
17.8.2026 23:10:47 [Error] Grid Recipe with output 'barkcanoe:outrigger-carved-agedebony' contains an ingredient that cannot be resolved: Item code game:plank-agedebony
17.8.2026 23:10:47 [Warning] Failed resolving crafting recipe ingredient with code game:plank-rottenebony in Grid recipe
17.8.2026 23:10:47 [Error] Grid Recipe with output 'barkcanoe:outrigger-carved-rottenebony' contains an ingredient that cannot be resolved: Item code game:plank-rottenebony
17.8.2026 23:10:47 [Warning] Failed resolving crafting recipe ingredient with code game:plank-agedacacia in Grid recipe
17.8.2026 23:10:47 [Error] Grid Recipe with output 'barkcanoe:outrigger-carved-agedacacia' contains an ingredient that cannot be resolved: Item code game:plank-agedacacia
17.8.2026 23:10:47 [Warning] Failed resolving crafting recipe ingredient with code game:plank-agedebony in Grid recipe
17.8.2026 23:10:47 [Error] Grid Recipe with output 'barkcanoe:outrigger-carved-agedebony' contains an ingredient that cannot be resolved: Item code game:plank-agedebony
17.8.2026 23:10:47 [Warning] Failed resolving crafting recipe ingredient with code game:plank-rottenebony in Grid recipe
17.8.2026 23:10:47 [Error] Grid Recipe with output 'barkcanoe:outrigger-carved-rottenebony' contains an ingredient that cannot be resolved: Item code game:plank-rottenebony
17.8.2026 23:10:47 [Warning] Failed resolving crafting recipe ingredient with code game:plank-agedacacia in Grid recipe
17.8.2026 23:10:47 [Error] Grid Recipe with output 'barkcanoe:outrigger-carved-agedacacia' contains an ingredient that cannot be resolved: Item code game:plank-agedacacia
17.8.2026 23:10:47 [Warning] Failed resolving crafting recipe ingredient with code game:plank-agedebony in Grid recipe
17.8.2026 23:10:47 [Error] Grid Recipe with output 'barkcanoe:outrigger-carved-agedebony' contains an ingredient that cannot be resolved: Item code game:plank-agedebony
17.8.2026 23:10:47 [Warning] Failed resolving crafting recipe ingredient with code game:plank-rottenebony in Grid recipe
17.8.2026 23:10:47 [Error] Grid Recipe with output 'barkcanoe:outrigger-carved-rottenebony' contains an ingredient that cannot be resolved: Item code game:plank-rottenebony
17.8.2026 23:10:47 [Warning] Failed resolving crafting recipe ingredient with code game:plank-agedacacia in Grid recipe
17.8.2026 23:10:47 [Error] Grid Recipe with output 'barkcanoe:outrigger-carved-agedacacia' contains an ingredient that cannot be resolved: Item code game:plank-agedacacia
17.8.2026 23:10:47 [Warning] Failed resolving crafting recipe ingredient with code game:plank-agedebony in Grid recipe
17.8.2026 23:10:47 [Error] Grid Recipe with output 'barkcanoe:outrigger-carved-agedebony' contains an ingredient that cannot be resolved: Item code game:plank-agedebony
17.8.2026 23:10:47 [Warning] Failed resolving crafting recipe ingredient with code game:plank-rottenebony in Grid recipe
17.8.2026 23:10:47 [Error] Grid Recipe with output 'barkcanoe:outrigger-carved-rottenebony' contains an ingredient that cannot be resolved: Item code game:plank-rottenebony
17.8.2026 23:10:48 [Warning] Failed resolving crafting recipe ingredient with code expandedfoods:bowl-peat-earthyorange in Grid recipe
17.8.2026 23:10:48 [Error] Grid Recipe 'expandedfoods:recipes/grid/oilitems/bowlpeat.json': Output expandedfoods:bowl-peat-earthyorange cannot be resolved.
17.8.2026 23:10:48 [Warning] Failed resolving crafting recipe ingredient with code game:windmillrotor-north in Grid recipe
17.8.2026 23:10:48 [Error] Grid Recipe 'expandedfoods:recipes/grid/oilitems/mechanicalblocks.json': Output game:windmillrotor-north cannot be resolved.
17.8.2026 23:10:48 [Warning] Failed resolving crafting recipe ingredient with code game:windmillrotor-north in Grid recipe
17.8.2026 23:10:48 [Error] Grid Recipe 'expandedfoods:recipes/grid/oilitems/mechanicalblocks.json': Output game:windmillrotor-north cannot be resolved.
17.8.2026 23:10:48 [Warning] Failed resolving crafting recipe ingredient with code game:windmillrotor-north in Grid recipe
17.8.2026 23:10:48 [Error] Grid Recipe 'expandedfoods:recipes/grid/oilitems/mechanicalblocks.json': Output game:windmillrotor-north cannot be resolved.
17.8.2026 23:10:48 [Warning] Failed resolving crafting recipe ingredient with code game:windmillrotor-north in Grid recipe
17.8.2026 23:10:48 [Error] Grid Recipe 'expandedfoods:recipes/grid/oilitems/mechanicalblocks.json': Output game:windmillrotor-north cannot be resolved.
17.8.2026 23:10:48 [Warning] Failed resolving crafting recipe ingredient with code game:windmillrotor-north in Grid recipe
17.8.2026 23:10:48 [Error] Grid Recipe 'expandedfoods:recipes/grid/oilitems/mechanicalblocks.json': Output game:windmillrotor-north cannot be resolved.
17.8.2026 23:10:48 [Warning] Failed resolving crafting recipe ingredient with code game:windmillrotor-north in Grid recipe
17.8.2026 23:10:48 [Error] Grid Recipe 'expandedfoods:recipes/grid/oilitems/mechanicalblocks.json': Output game:windmillrotor-north cannot be resolved.
17.8.2026 23:10:48 [Warning] Failed resolving crafting recipe ingredient with code game:windmillrotor-north in Grid recipe
17.8.2026 23:10:48 [Error] Grid Recipe 'expandedfoods:recipes/grid/oilitems/mechanicalblocks.json': Output game:windmillrotor-north cannot be resolved.
17.8.2026 23:10:48 [Warning] Failed resolving crafting recipe ingredient with code game:windmillrotor-north in Grid recipe
17.8.2026 23:10:48 [Error] Grid Recipe 'expandedfoods:recipes/grid/oilitems/mechanicalblocks.json': Output game:windmillrotor-north cannot be resolved.
17.8.2026 23:10:48 [Warning] Failed resolving crafting recipe ingredient with code game:windmillrotor-north in Grid recipe
17.8.2026 23:10:48 [Error] Grid Recipe 'expandedfoods:recipes/grid/oilitems/mechanicalblocks.json': Output game:windmillrotor-north cannot be resolved.
17.8.2026 23:10:48 [Warning] Failed resolving crafting recipe ingredient with code game:windmillrotor-north in Grid recipe
17.8.2026 23:10:48 [Error] Grid Recipe 'expandedfoods:recipes/grid/oilitems/mechanicalblocks.json': Output game:windmillrotor-north cannot be resolved.
17.8.2026 23:10:48 [Warning] Failed resolving crafting recipe ingredient with code game:windmillrotor-north in Grid recipe
17.8.2026 23:10:48 [Error] Grid Recipe 'expandedfoods:recipes/grid/oilitems/mechanicalblocks.json': Output game:windmillrotor-north cannot be resolved.
17.8.2026 23:10:48 [Warning] Failed resolving crafting recipe ingredient with code game:windmillrotor-north in Grid recipe
17.8.2026 23:10:48 [Error] Grid Recipe 'expandedfoods:recipes/grid/oilitems/mechanicalblocks.json': Output game:windmillrotor-north cannot be resolved.
17.8.2026 23:10:48 [Warning] Failed resolving crafting recipe ingredient with code game:windmillrotor-north in Grid recipe
17.8.2026 23:10:48 [Error] Grid Recipe 'expandedfoods:recipes/grid/oilitems/mechanicalblocks.json': Output game:windmillrotor-north cannot be resolved.
17.8.2026 23:10:48 [Warning] Failed resolving crafting recipe ingredient with code game:windmillrotor-north in Grid recipe
17.8.2026 23:10:48 [Error] Grid Recipe 'expandedfoods:recipes/grid/oilitems/mechanicalblocks.json': Output game:windmillrotor-north cannot be resolved.
17.8.2026 23:10:48 [Warning] Failed resolving crafting recipe ingredient with code game:windmillrotor-north in Grid recipe
17.8.2026 23:10:48 [Error] Grid Recipe 'expandedfoods:recipes/grid/oilitems/mechanicalblocks.json': Output game:windmillrotor-north cannot be resolved.
17.8.2026 23:10:48 [Warning] Failed resolving crafting recipe ingredient with code game:windmillrotor-north in Grid recipe
17.8.2026 23:10:48 [Error] Grid Recipe 'expandedfoods:recipes/grid/oilitems/mechanicalblocks.json': Output game:windmillrotor-north cannot be resolved.
17.8.2026 23:10:48 [Warning] Failed resolving crafting recipe ingredient with code game:windmillrotor-north in Grid recipe
17.8.2026 23:10:48 [Error] Grid Recipe 'expandedfoods:recipes/grid/oilitems/mechanicalblocks.json': Output game:windmillrotor-north cannot be resolved.
17.8.2026 23:10:48 [Warning] Failed resolving crafting recipe ingredient with code game:windmillrotor-north in Grid recipe
17.8.2026 23:10:48 [Error] Grid Recipe 'expandedfoods:recipes/grid/oilitems/mechanicalblocks.json': Output game:windmillrotor-north cannot be resolved.
17.8.2026 23:10:48 [Warning] Failed resolving crafting recipe ingredient with code game:windmillrotor-north in Grid recipe
17.8.2026 23:10:48 [Error] Grid Recipe 'expandedfoods:recipes/grid/oilitems/mechanicalblocks.json': Output game:windmillrotor-north cannot be resolved.
17.8.2026 23:10:48 [Warning] Failed resolving crafting recipe ingredient with code game:windmillrotor-north in Grid recipe
17.8.2026 23:10:48 [Error] Grid Recipe 'expandedfoods:recipes/grid/oilitems/mechanicalblocks.json': Output game:windmillrotor-north cannot be resolved.
17.8.2026 23:10:48 [Warning] Failed resolving crafting recipe ingredient with code game:windmillrotor-north in Grid recipe
17.8.2026 23:10:48 [Error] Grid Recipe 'expandedfoods:recipes/grid/oilitems/mechanicalblocks.json': Output game:windmillrotor-north cannot be resolved.
17.8.2026 23:10:48 [Warning] Failed resolving crafting recipe ingredient with code game:windmillrotor-north in Grid recipe
17.8.2026 23:10:48 [Error] Grid Recipe 'expandedfoods:recipes/grid/oilitems/mechanicalblocks.json': Output game:windmillrotor-north cannot be resolved.
17.8.2026 23:10:48 [Warning] Failed resolving crafting recipe ingredient with code game:windmillrotor-north in Grid recipe
17.8.2026 23:10:48 [Error] Grid Recipe 'expandedfoods:recipes/grid/oilitems/mechanicalblocks.json': Output game:windmillrotor-north cannot be resolved.
17.8.2026 23:10:48 [Warning] Failed resolving crafting recipe ingredient with code game:windmillrotor-north in Grid recipe
17.8.2026 23:10:48 [Error] Grid Recipe 'expandedfoods:recipes/grid/oilitems/mechanicalblocks.json': Output game:windmillrotor-north cannot be resolved.
17.8.2026 23:10:48 [Warning] Failed resolving crafting recipe ingredient with code game:windmillrotor-north in Grid recipe
17.8.2026 23:10:48 [Error] Grid Recipe 'expandedfoods:recipes/grid/oilitems/mechanicalblocks.json': Output game:windmillrotor-north cannot be resolved.
17.8.2026 23:10:48 [Warning] Failed resolving crafting recipe ingredient with code game:windmillrotor-north in Grid recipe
17.8.2026 23:10:48 [Error] Grid Recipe 'expandedfoods:recipes/grid/oilitems/mechanicalblocks.json': Output game:windmillrotor-north cannot be resolved.
17.8.2026 23:10:48 [Warning] Failed resolving crafting recipe ingredient with code game:windmillrotor-north in Grid recipe
17.8.2026 23:10:48 [Error] Grid Recipe 'expandedfoods:recipes/grid/oilitems/mechanicalblocks.json': Output game:windmillrotor-north cannot be resolved.
17.8.2026 23:10:48 [Warning] Failed resolving crafting recipe ingredient with code game:windmillrotor-north in Grid recipe
17.8.2026 23:10:48 [Error] Grid Recipe 'expandedfoods:recipes/grid/oilitems/mechanicalblocks.json': Output game:windmillrotor-north cannot be resolved.
17.8.2026 23:10:48 [Event] 6862 grid recipes loaded from 1288 files, failed to resolve 315 recipes
17.8.2026 23:10:48 [Event] Grandes inventions...
17.8.2026 23:10:48 [Warning] Smithing recipe with output walkingstick:axehead-shepherds-iron has no code. For 1.23 all smithing recipes need to have a unique, unchanging code
17.8.2026 23:10:48 [Warning] Smithing recipe with output walkingstick:flintlock-mechanism-iron has no code. For 1.23 all smithing recipes need to have a unique, unchanging code
17.8.2026 23:10:48 [Warning] Smithing recipe with output walkingstick:hiddenblade-head-iron has no code. For 1.23 all smithing recipes need to have a unique, unchanging code
17.8.2026 23:10:48 [Warning] Smithing recipe with output chiseltools:doortool-bismuthbronze has no code. For 1.23 all smithing recipes need to have a unique, unchanging code
17.8.2026 23:10:48 [Warning] Smithing recipe with output chiseltools:doortool-blackbronze has no code. For 1.23 all smithing recipes need to have a unique, unchanging code
17.8.2026 23:10:48 [Warning] Smithing recipe with output chiseltools:doortool-iron has no code. For 1.23 all smithing recipes need to have a unique, unchanging code
17.8.2026 23:10:48 [Warning] Smithing recipe with output chiseltools:doortool-meteoriciron has no code. For 1.23 all smithing recipes need to have a unique, unchanging code
17.8.2026 23:10:48 [Warning] Smithing recipe with output chiseltools:doortool-steel has no code. For 1.23 all smithing recipes need to have a unique, unchanging code
17.8.2026 23:10:48 [Warning] Smithing recipe with output chiseltools:doortool-tinbronze has no code. For 1.23 all smithing recipes need to have a unique, unchanging code
17.8.2026 23:10:48 [Warning] Smithing recipe with output chiseltools:handplaner-bismuthbronze has no code. For 1.23 all smithing recipes need to have a unique, unchanging code
17.8.2026 23:10:48 [Warning] Smithing recipe with output chiseltools:handplaner-blackbronze has no code. For 1.23 all smithing recipes need to have a unique, unchanging code
17.8.2026 23:10:48 [Warning] Smithing recipe with output chiseltools:handplaner-copper has no code. For 1.23 all smithing recipes need to have a unique, unchanging code
17.8.2026 23:10:48 [Warning] Smithing recipe with output chiseltools:handplaner-iron has no code. For 1.23 all smithing recipes need to have a unique, unchanging code
17.8.2026 23:10:48 [Warning] Smithing recipe with output chiseltools:handplaner-meteoriciron has no code. For 1.23 all smithing recipes need to have a unique, unchanging code
17.8.2026 23:10:48 [Warning] Smithing recipe with output chiseltools:handplaner-steel has no code. For 1.23 all smithing recipes need to have a unique, unchanging code
17.8.2026 23:10:48 [Warning] Smithing recipe with output chiseltools:handplaner-tinbronze has no code. For 1.23 all smithing recipes need to have a unique, unchanging code
17.8.2026 23:10:48 [Warning] Smithing recipe with output chiseltools:handwedge-bismuthbronze has no code. For 1.23 all smithing recipes need to have a unique, unchanging code
17.8.2026 23:10:48 [Warning] Smithing recipe with output chiseltools:handwedge-blackbronze has no code. For 1.23 all smithing recipes need to have a unique, unchanging code
17.8.2026 23:10:48 [Warning] Smithing recipe with output chiseltools:handwedge-copper has no code. For 1.23 all smithing recipes need to have a unique, unchanging code
17.8.2026 23:10:48 [Warning] Smithing recipe with output chiseltools:handwedge-iron has no code. For 1.23 all smithing recipes need to have a unique, unchanging code
17.8.2026 23:10:48 [Warning] Smithing recipe with output chiseltools:handwedge-meteoriciron has no code. For 1.23 all smithing recipes need to have a unique, unchanging code
17.8.2026 23:10:48 [Warning] Smithing recipe with output chiseltools:handwedge-steel has no code. For 1.23 all smithing recipes need to have a unique, unchanging code
17.8.2026 23:10:48 [Warning] Smithing recipe with output chiseltools:handwedge-tinbronze has no code. For 1.23 all smithing recipes need to have a unique, unchanging code
17.8.2026 23:10:48 [Warning] Smithing recipe with output chiseltools:laddermaker-iron has no code. For 1.23 all smithing recipes need to have a unique, unchanging code
17.8.2026 23:10:48 [Warning] Smithing recipe with output chiseltools:laddermaker-meteoriciron has no code. For 1.23 all smithing recipes need to have a unique, unchanging code
17.8.2026 23:10:48 [Warning] Smithing recipe with output chiseltools:laddermaker-steel has no code. For 1.23 all smithing recipes need to have a unique, unchanging code
17.8.2026 23:10:48 [Warning] Smithing recipe with output chiseltools:locktool-bismuthbronze has no code. For 1.23 all smithing recipes need to have a unique, unchanging code
17.8.2026 23:10:48 [Warning] Smithing recipe with output chiseltools:locktool-blackbronze has no code. For 1.23 all smithing recipes need to have a unique, unchanging code
17.8.2026 23:10:48 [Warning] Smithing recipe with output chiseltools:locktool-iron has no code. For 1.23 all smithing recipes need to have a unique, unchanging code
17.8.2026 23:10:48 [Warning] Smithing recipe with output chiseltools:locktool-meteoriciron has no code. For 1.23 all smithing recipes need to have a unique, unchanging code
17.8.2026 23:10:48 [Warning] Smithing recipe with output chiseltools:locktool-steel has no code. For 1.23 all smithing recipes need to have a unique, unchanging code
17.8.2026 23:10:48 [Warning] Smithing recipe with output chiseltools:locktool-tinbronze has no code. For 1.23 all smithing recipes need to have a unique, unchanging code
17.8.2026 23:10:48 [Warning] Smithing recipe with output chiseltools:paintbrush-iron has no code. For 1.23 all smithing recipes need to have a unique, unchanging code
17.8.2026 23:10:48 [Warning] Smithing recipe with output chiseltools:paintbrush-meteoriciron has no code. For 1.23 all smithing recipes need to have a unique, unchanging code
17.8.2026 23:10:48 [Warning] Smithing recipe with output chiseltools:paintbrush-steel has no code. For 1.23 all smithing recipes need to have a unique, unchanging code
17.8.2026 23:10:48 [Warning] Smithing recipe with output chiseltools:paintscraper-bismuthbronze has no code. For 1.23 all smithing recipes need to have a unique, unchanging code
17.8.2026 23:10:48 [Warning] Smithing recipe with output chiseltools:paintscraper-blackbronze has no code. For 1.23 all smithing recipes need to have a unique, unchanging code
17.8.2026 23:10:48 [Warning] Smithing recipe with output chiseltools:paintscraper-copper has no code. For 1.23 all smithing recipes need to have a unique, unchanging code
17.8.2026 23:10:48 [Warning] Smithing recipe with output chiseltools:paintscraper-iron has no code. For 1.23 all smithing recipes need to have a unique, unchanging code
17.8.2026 23:10:48 [Warning] Smithing recipe with output chiseltools:paintscraper-meteoriciron has no code. For 1.23 all smithing recipes need to have a unique, unchanging code
17.8.2026 23:10:48 [Warning] Smithing recipe with output chiseltools:paintscraper-steel has no code. For 1.23 all smithing recipes need to have a unique, unchanging code
17.8.2026 23:10:48 [Warning] Smithing recipe with output chiseltools:paintscraper-tinbronze has no code. For 1.23 all smithing recipes need to have a unique, unchanging code
17.8.2026 23:10:48 [Warning] Smithing recipe with output chiseltools:pantograph-bismuthbronze has no code. For 1.23 all smithing recipes need to have a unique, unchanging code
17.8.2026 23:10:48 [Warning] Smithing recipe with output chiseltools:pantograph-blackbronze has no code. For 1.23 all smithing recipes need to have a unique, unchanging code
17.8.2026 23:10:48 [Warning] Smithing recipe with output chiseltools:pantograph-iron has no code. For 1.23 all smithing recipes need to have a unique, unchanging code
17.8.2026 23:10:48 [Warning] Smithing recipe with output chiseltools:pantograph-meteoriciron has no code. For 1.23 all smithing recipes need to have a unique, unchanging code
17.8.2026 23:10:48 [Warning] Smithing recipe with output chiseltools:pantograph-steel has no code. For 1.23 all smithing recipes need to have a unique, unchanging code
17.8.2026 23:10:48 [Warning] Smithing recipe with output chiseltools:pantograph-tinbronze has no code. For 1.23 all smithing recipes need to have a unique, unchanging code
17.8.2026 23:10:48 [Warning] Smithing recipe with output chiseltools:pathmaker-bismuthbronze has no code. For 1.23 all smithing recipes need to have a unique, unchanging code
17.8.2026 23:10:48 [Warning] Smithing recipe with output chiseltools:pathmaker-blackbronze has no code. For 1.23 all smithing recipes need to have a unique, unchanging code
17.8.2026 23:10:48 [Warning] Smithing recipe with output chiseltools:pathmaker-iron has no code. For 1.23 all smithing recipes need to have a unique, unchanging code
17.8.2026 23:10:48 [Warning] Smithing recipe with output chiseltools:pathmaker-meteoriciron has no code. For 1.23 all smithing recipes need to have a unique, unchanging code
17.8.2026 23:10:48 [Warning] Smithing recipe with output chiseltools:pathmaker-steel has no code. For 1.23 all smithing recipes need to have a unique, unchanging code
17.8.2026 23:10:48 [Warning] Smithing recipe with output chiseltools:pathmaker-tinbronze has no code. For 1.23 all smithing recipes need to have a unique, unchanging code
17.8.2026 23:10:48 [Warning] Smithing recipe with output chiseltools:simplepantograph-bismuthbronze has no code. For 1.23 all smithing recipes need to have a unique, unchanging code
17.8.2026 23:10:48 [Warning] Smithing recipe with output chiseltools:simplepantograph-blackbronze has no code. For 1.23 all smithing recipes need to have a unique, unchanging code
17.8.2026 23:10:48 [Warning] Smithing recipe with output chiseltools:simplepantograph-copper has no code. For 1.23 all smithing recipes need to have a unique, unchanging code
17.8.2026 23:10:48 [Warning] Smithing recipe with output chiseltools:simplepantograph-iron has no code. For 1.23 all smithing recipes need to have a unique, unchanging code
17.8.2026 23:10:48 [Warning] Smithing recipe with output chiseltools:simplepantograph-meteoriciron has no code. For 1.23 all smithing recipes need to have a unique, unchanging code
17.8.2026 23:10:48 [Warning] Smithing recipe with output chiseltools:simplepantograph-steel has no code. For 1.23 all smithing recipes need to have a unique, unchanging code
17.8.2026 23:10:48 [Warning] Smithing recipe with output chiseltools:simplepantograph-tinbronze has no code. For 1.23 all smithing recipes need to have a unique, unchanging code
17.8.2026 23:10:48 [Warning] Smithing recipe with output medieval:redondo-copper has no code. For 1.23 all smithing recipes need to have a unique, unchanging code
17.8.2026 23:10:48 [Warning] Smithing recipe with output medieval:redondo-iron has no code. For 1.23 all smithing recipes need to have a unique, unchanging code
17.8.2026 23:10:48 [Warning] Smithing recipe with output medieval:redondo-steel has no code. For 1.23 all smithing recipes need to have a unique, unchanging code
17.8.2026 23:10:48 [Warning] Smithing recipe with output medieval:redondo-tinbronze has no code. For 1.23 all smithing recipes need to have a unique, unchanging code
17.8.2026 23:10:48 [Warning] Smithing recipe with output medieval:redondo-copper has no code. For 1.23 all smithing recipes need to have a unique, unchanging code
17.8.2026 23:10:48 [Warning] Smithing recipe with output medieval:redondo-iron has no code. For 1.23 all smithing recipes need to have a unique, unchanging code
17.8.2026 23:10:48 [Warning] Smithing recipe with output medieval:redondo-steel has no code. For 1.23 all smithing recipes need to have a unique, unchanging code
17.8.2026 23:10:48 [Warning] Smithing recipe with output medieval:redondo-tinbronze has no code. For 1.23 all smithing recipes need to have a unique, unchanging code
17.8.2026 23:10:48 [Warning] Failed resolving a blocks itemdrop or smeltedstack with code racialability:slingmetalprojectile-gold in RecipeLoader game:ingot-gold
17.8.2026 23:10:48 [Warning] Failed resolving a blocks itemdrop or smeltedstack with code racialability:slingmetalprojectile-silver in RecipeLoader game:ingot-silver
17.8.2026 23:10:48 [Warning] Failed resolving a blocks itemdrop or smeltedstack with code racialability:slingmetalprojectile-gold in RecipeLoader game:ingot-gold
17.8.2026 23:10:48 [Warning] Failed resolving a blocks itemdrop or smeltedstack with code racialability:slingmetalprojectile-silver in RecipeLoader game:ingot-silver
17.8.2026 23:10:48 [Warning] Smithing recipe with output racialability:explosivecan-empty-brass has no code. For 1.23 all smithing recipes need to have a unique, unchanging code
17.8.2026 23:10:48 [Warning] Smithing recipe with output maltiezcrossbows:parts-lock-bismuthbronze has a code that is already used by another recipe. For 1.23 all smithing recipes need to have a unique, unchanging code
17.8.2026 23:10:48 [Warning] Smithing recipe with output maltiezcrossbows:parts-lock-blackbronze has a code that is already used by another recipe. For 1.23 all smithing recipes need to have a unique, unchanging code
17.8.2026 23:10:48 [Warning] Smithing recipe with output maltiezcrossbows:parts-lock-steel has a code that is already used by another recipe. For 1.23 all smithing recipes need to have a unique, unchanging code
17.8.2026 23:10:48 [Warning] Smithing recipe with output maltiezcrossbows:parts-stirrup-bismuthbronze has a code that is already used by another recipe. For 1.23 all smithing recipes need to have a unique, unchanging code
17.8.2026 23:10:48 [Warning] Smithing recipe with output maltiezcrossbows:parts-stirrup-blackbronze has a code that is already used by another recipe. For 1.23 all smithing recipes need to have a unique, unchanging code
17.8.2026 23:10:48 [Warning] Smithing recipe with output maltiezcrossbows:wallmount-tinbronze-east has a code that is already used by another recipe. For 1.23 all smithing recipes need to have a unique, unchanging code
17.8.2026 23:10:48 [Warning] Smithing recipe with output maltiezcrossbows:wallmount-copper-east has a code that is already used by another recipe. For 1.23 all smithing recipes need to have a unique, unchanging code
17.8.2026 23:10:48 [Warning] Smithing recipe with output maltiezcrossbows:wallmount-steel-east has a code that is already used by another recipe. For 1.23 all smithing recipes need to have a unique, unchanging code
17.8.2026 23:10:48 [Warning] Smithing recipe with output maltiezcrossbows:wallmount-brass-east has a code that is already used by another recipe. For 1.23 all smithing recipes need to have a unique, unchanging code
17.8.2026 23:10:48 [Warning] Smithing recipe with output quiversandsheaths:part-buckle-copper has a code that is already used by another recipe. For 1.23 all smithing recipes need to have a unique, unchanging code
17.8.2026 23:10:48 [Warning] Smithing recipe with output quiversandsheaths:part-buckle-tinbronze has a code that is already used by another recipe. For 1.23 all smithing recipes need to have a unique, unchanging code
17.8.2026 23:10:48 [Warning] Smithing recipe with output quiversandsheaths:part-buckle-bismuthbronze has a code that is already used by another recipe. For 1.23 all smithing recipes need to have a unique, unchanging code
17.8.2026 23:10:48 [Warning] Smithing recipe with output quiversandsheaths:part-buckle-blackbronze has a code that is already used by another recipe. For 1.23 all smithing recipes need to have a unique, unchanging code
17.8.2026 23:10:48 [Warning] Smithing recipe with output quiversandsheaths:part-buckle-gold has a code that is already used by another recipe. For 1.23 all smithing recipes need to have a unique, unchanging code
17.8.2026 23:10:48 [Warning] Smithing recipe with output quiversandsheaths:part-buckle-silver has a code that is already used by another recipe. For 1.23 all smithing recipes need to have a unique, unchanging code
17.8.2026 23:10:48 [Warning] Smithing recipe with output quiversandsheaths:part-buckle-iron has a code that is already used by another recipe. For 1.23 all smithing recipes need to have a unique, unchanging code
17.8.2026 23:10:48 [Warning] Smithing recipe with output quiversandsheaths:part-buckle-meteoriciron has a code that is already used by another recipe. For 1.23 all smithing recipes need to have a unique, unchanging code
17.8.2026 23:10:48 [Warning] Smithing recipe with output quiversandsheaths:part-buckle-steel has a code that is already used by another recipe. For 1.23 all smithing recipes need to have a unique, unchanging code
17.8.2026 23:10:48 [Warning] Smithing recipe with output stonequarryforked:finishingchiselhead-bismuthbronze has no code. For 1.23 all smithing recipes need to have a unique, unchanging code
17.8.2026 23:10:48 [Warning] Smithing recipe with output stonequarryforked:finishingchiselhead-blackbronze has no code. For 1.23 all smithing recipes need to have a unique, unchanging code
17.8.2026 23:10:48 [Warning] Smithing recipe with output stonequarryforked:finishingchiselhead-copper has no code. For 1.23 all smithing recipes need to have a unique, unchanging code
17.8.2026 23:10:48 [Warning] Smithing recipe with output stonequarryforked:finishingchiselhead-gold has no code. For 1.23 all smithing recipes need to have a unique, unchanging code
17.8.2026 23:10:48 [Warning] Smithing recipe with output stonequarryforked:finishingchiselhead-iron has no code. For 1.23 all smithing recipes need to have a unique, unchanging code
17.8.2026 23:10:48 [Warning] Smithing recipe with output stonequarryforked:finishingchiselhead-meteoriciron has no code. For 1.23 all smithing recipes need to have a unique, unchanging code
17.8.2026 23:10:48 [Warning] Smithing recipe with output stonequarryforked:finishingchiselhead-silver has no code. For 1.23 all smithing recipes need to have a unique, unchanging code
17.8.2026 23:10:48 [Warning] Smithing recipe with output stonequarryforked:finishingchiselhead-steel has no code. For 1.23 all smithing recipes need to have a unique, unchanging code
17.8.2026 23:10:48 [Warning] Smithing recipe with output stonequarryforked:finishingchiselhead-tinbronze has no code. For 1.23 all smithing recipes need to have a unique, unchanging code
17.8.2026 23:10:48 [Warning] Smithing recipe with output stonequarryforked:chisel-roughcut-bismuthbronze has no code. For 1.23 all smithing recipes need to have a unique, unchanging code
17.8.2026 23:10:48 [Warning] Smithing recipe with output stonequarryforked:chisel-roughcut-blackbronze has no code. For 1.23 all smithing recipes need to have a unique, unchanging code
17.8.2026 23:10:48 [Warning] Smithing recipe with output stonequarryforked:chisel-roughcut-copper has no code. For 1.23 all smithing recipes need to have a unique, unchanging code
17.8.2026 23:10:48 [Warning] Smithing recipe with output stonequarryforked:chisel-roughcut-gold has no code. For 1.23 all smithing recipes need to have a unique, unchanging code
17.8.2026 23:10:48 [Warning] Smithing recipe with output stonequarryforked:chisel-roughcut-iron has no code. For 1.23 all smithing recipes need to have a unique, unchanging code
17.8.2026 23:10:48 [Warning] Smithing recipe with output stonequarryforked:chisel-roughcut-meteoriciron has no code. For 1.23 all smithing recipes need to have a unique, unchanging code
17.8.2026 23:10:48 [Warning] Smithing recipe with output stonequarryforked:chisel-roughcut-silver has no code. For 1.23 all smithing recipes need to have a unique, unchanging code
17.8.2026 23:10:48 [Warning] Smithing recipe with output stonequarryforked:chisel-roughcut-steel has no code. For 1.23 all smithing recipes need to have a unique, unchanging code
17.8.2026 23:10:48 [Warning] Smithing recipe with output stonequarryforked:chisel-roughcut-tinbronze has no code. For 1.23 all smithing recipes need to have a unique, unchanging code
17.8.2026 23:10:48 [Warning] Smithing recipe with output stonequarryforked:rubblehammerhead-bismuthbronze has no code. For 1.23 all smithing recipes need to have a unique, unchanging code
17.8.2026 23:10:48 [Warning] Smithing recipe with output stonequarryforked:rubblehammerhead-blackbronze has no code. For 1.23 all smithing recipes need to have a unique, unchanging code
17.8.2026 23:10:48 [Warning] Smithing recipe with output stonequarryforked:rubblehammerhead-copper has no code. For 1.23 all smithing recipes need to have a unique, unchanging code
17.8.2026 23:10:48 [Warning] Smithing recipe with output stonequarryforked:rubblehammerhead-gold has no code. For 1.23 all smithing recipes need to have a unique, unchanging code
17.8.2026 23:10:48 [Warning] Smithing recipe with output stonequarryforked:rubblehammerhead-iron has no code. For 1.23 all smithing recipes need to have a unique, unchanging code
17.8.2026 23:10:48 [Warning] Smithing recipe with output stonequarryforked:rubblehammerhead-meteoriciron has no code. For 1.23 all smithing recipes need to have a unique, unchanging code
17.8.2026 23:10:48 [Warning] Smithing recipe with output stonequarryforked:rubblehammerhead-silver has no code. For 1.23 all smithing recipes need to have a unique, unchanging code
17.8.2026 23:10:48 [Warning] Smithing recipe with output stonequarryforked:rubblehammerhead-steel has no code. For 1.23 all smithing recipes need to have a unique, unchanging code
17.8.2026 23:10:48 [Warning] Smithing recipe with output stonequarryforked:rubblehammerhead-tinbronze has no code. For 1.23 all smithing recipes need to have a unique, unchanging code
17.8.2026 23:10:48 [Warning] Smithing recipe with output stonequarryforked:wedgechiselhead-bismuthbronze has no code. For 1.23 all smithing recipes need to have a unique, unchanging code
17.8.2026 23:10:48 [Warning] Smithing recipe with output stonequarryforked:wedgechiselhead-blackbronze has no code. For 1.23 all smithing recipes need to have a unique, unchanging code
17.8.2026 23:10:48 [Warning] Smithing recipe with output stonequarryforked:wedgechiselhead-copper has no code. For 1.23 all smithing recipes need to have a unique, unchanging code
17.8.2026 23:10:48 [Warning] Smithing recipe with output stonequarryforked:wedgechiselhead-gold has no code. For 1.23 all smithing recipes need to have a unique, unchanging code
17.8.2026 23:10:48 [Warning] Smithing recipe with output stonequarryforked:wedgechiselhead-iron has no code. For 1.23 all smithing recipes need to have a unique, unchanging code
17.8.2026 23:10:48 [Warning] Smithing recipe with output stonequarryforked:wedgechiselhead-meteoriciron has no code. For 1.23 all smithing recipes need to have a unique, unchanging code
17.8.2026 23:10:48 [Warning] Smithing recipe with output stonequarryforked:wedgechiselhead-silver has no code. For 1.23 all smithing recipes need to have a unique, unchanging code
17.8.2026 23:10:48 [Warning] Smithing recipe with output stonequarryforked:wedgechiselhead-steel has no code. For 1.23 all smithing recipes need to have a unique, unchanging code
17.8.2026 23:10:48 [Warning] Smithing recipe with output stonequarryforked:wedgechiselhead-tinbronze has no code. For 1.23 all smithing recipes need to have a unique, unchanging code
17.8.2026 23:10:48 [Warning] Smithing recipe with output stonequarryforked:plugandfeather-bismuthbronze-0-down-north has no code. For 1.23 all smithing recipes need to have a unique, unchanging code
17.8.2026 23:10:48 [Warning] Smithing recipe with output stonequarryforked:plugandfeather-blackbronze-0-down-north has no code. For 1.23 all smithing recipes need to have a unique, unchanging code
17.8.2026 23:10:48 [Warning] Smithing recipe with output stonequarryforked:plugandfeather-copper-0-down-north has no code. For 1.23 all smithing recipes need to have a unique, unchanging code
17.8.2026 23:10:48 [Warning] Smithing recipe with output stonequarryforked:plugandfeather-iron-0-down-north has no code. For 1.23 all smithing recipes need to have a unique, unchanging code
17.8.2026 23:10:48 [Warning] Smithing recipe with output stonequarryforked:plugandfeather-meteoriciron-0-down-north has no code. For 1.23 all smithing recipes need to have a unique, unchanging code
17.8.2026 23:10:48 [Warning] Smithing recipe with output stonequarryforked:plugandfeather-steel-0-down-north has no code. For 1.23 all smithing recipes need to have a unique, unchanging code
17.8.2026 23:10:48 [Warning] Smithing recipe with output stonequarryforked:plugandfeather-tinbronze-0-down-north has no code. For 1.23 all smithing recipes need to have a unique, unchanging code
17.8.2026 23:10:48 [Event] 123 smithing recipes loaded from 87 files, failed to resolve 4 recipes
17.8.2026 23:10:48 [Event] Des étincelles brûlantes ...
17.8.2026 23:10:49 [Event] 113 clay forming recipes loaded from 114 files
17.8.2026 23:10:49 [Event] Formes moulées ...
17.8.2026 23:10:49 [Event] 24 knapping recipes loaded from 24 files
17.8.2026 23:10:49 [Event] Outils simples...
17.8.2026 23:10:49 [Warning] Failed resolving a blocks itemdrop or smeltedstack with code fromgoldencombs:langstrothside-veryaged in RecipeLoader
17.8.2026 23:10:49 [Warning] Crafting recipe Item primitivesurvival:psfish-*-raw does not resolve to any collectible. Grid recipe game:recipes/barrel/primitivesurvival/fermentedfish.json will never match.
17.8.2026 23:10:49 [Warning] Crafting recipe Item primitivesurvival:psfish-*-raw does not resolve to any collectible. Grid recipe game:recipes/barrel/primitivesurvival/fermentedfish.json will never match.
17.8.2026 23:10:49 [Warning] Crafting recipe Item primitivesurvival:psfish-*-raw does not resolve to any collectible. Grid recipe game:recipes/barrel/primitivesurvival/fermentedfish.json will never match.
17.8.2026 23:10:49 [Warning] Failed resolving crafting recipe ingredient with code primitivesurvival:fishfillet-raw in RecipeLoader
17.8.2026 23:10:49 [Event] 906 barrel recipe recipes loaded from 192 files, failed to resolve 2 recipes
17.8.2026 23:10:49 [Warning] Failed resolving a blocks itemdrop or smeltedstack with code shroomies:cookeddtmushroom-bluemeanie-charred in Smeltedstack of Block shroomies:dtmushroom-bluemeanie-normal
17.8.2026 23:10:49 [Warning] Failed resolving a blocks itemdrop or smeltedstack with code shroomies:cookeddtmushroom-foolsconecap-charred in Smeltedstack of Block shroomies:dtmushroom-foolsconecap-normal
17.8.2026 23:10:49 [Warning] Failed resolving a blocks itemdrop or smeltedstack with code shroomies:cookeddtmushroom-goldcap-charred in Smeltedstack of Block shroomies:dtmushroom-goldcap-normal
17.8.2026 23:10:49 [Warning] Failed resolving a blocks itemdrop or smeltedstack with code shroomies:cookeddtmushroom-honeymushroom-charred in Smeltedstack of Block shroomies:dtmushroom-honeymushroom-normal
17.8.2026 23:10:49 [Warning] Failed resolving a blocks itemdrop or smeltedstack with code shroomies:cookeddtmushroom-laughingjim-charred in Smeltedstack of Block shroomies:dtmushroom-laughingjim-normal
17.8.2026 23:10:49 [Warning] Failed resolving a blocks itemdrop or smeltedstack with code shroomies:cookeddtmushroom-libertycap-charred in Smeltedstack of Block shroomies:dtmushroom-libertycap-normal
17.8.2026 23:10:49 [Warning] Failed resolving a blocks itemdrop or smeltedstack with code shroomies:cookeddtmushroom-sickener-charred in Smeltedstack of Block shroomies:dtmushroom-sickener-normal
17.8.2026 23:10:49 [Warning] Failed resolving a blocks itemdrop or smeltedstack with code shroomies:cookeddtmushroom-wavycap-charred in Smeltedstack of Block shroomies:dtmushroom-wavycap-normal
17.8.2026 23:10:49 [Warning] Failed resolving a blocks itemdrop or smeltedstack with code shroomies:cookeddtmushroom-bluemeanie-charred in Smeltedstack of Block shroomies:dtmushroom-bluemeanie-harvested
17.8.2026 23:10:49 [Warning] Failed resolving a blocks itemdrop or smeltedstack with code shroomies:cookeddtmushroom-foolsconecap-charred in Smeltedstack of Block shroomies:dtmushroom-foolsconecap-harvested
17.8.2026 23:10:49 [Warning] Failed resolving a blocks itemdrop or smeltedstack with code shroomies:cookeddtmushroom-goldcap-charred in Smeltedstack of Block shroomies:dtmushroom-goldcap-harvested
17.8.2026 23:10:49 [Warning] Failed resolving a blocks itemdrop or smeltedstack with code shroomies:cookeddtmushroom-honeymushroom-charred in Smeltedstack of Block shroomies:dtmushroom-honeymushroom-harvested
17.8.2026 23:10:49 [Warning] Failed resolving a blocks itemdrop or smeltedstack with code shroomies:cookeddtmushroom-laughingjim-charred in Smeltedstack of Block shroomies:dtmushroom-laughingjim-harvested
17.8.2026 23:10:49 [Warning] Failed resolving a blocks itemdrop or smeltedstack with code shroomies:cookeddtmushroom-libertycap-charred in Smeltedstack of Block shroomies:dtmushroom-libertycap-harvested
17.8.2026 23:10:49 [Warning] Failed resolving a blocks itemdrop or smeltedstack with code shroomies:cookeddtmushroom-sickener-charred in Smeltedstack of Block shroomies:dtmushroom-sickener-harvested
17.8.2026 23:10:49 [Warning] Failed resolving a blocks itemdrop or smeltedstack with code shroomies:cookeddtmushroom-wavycap-charred in Smeltedstack of Block shroomies:dtmushroom-wavycap-harvested
17.8.2026 23:10:49 [Warning] Failed resolving a blocks item drop or smeltedstack with code bdflower:drygrass in Block bdflower:tallgrass-veryshort-free
17.8.2026 23:10:49 [Warning] Failed resolving a blocks item drop or smeltedstack with code bdflower:drygrass in Block bdflower:tallgrass-veryshort-free
17.8.2026 23:10:49 [Warning] Failed resolving a blocks item drop or smeltedstack with code bdflower:drygrass in Block bdflower:tallgrass-short-free
17.8.2026 23:10:49 [Warning] Failed resolving a blocks item drop or smeltedstack with code bdflower:drygrass in Block bdflower:tallgrass-short-free
17.8.2026 23:10:49 [Warning] Failed resolving a blocks item drop or smeltedstack with code bdflower:drygrass in Block bdflower:tallgrass-mediumshort-free
17.8.2026 23:10:49 [Warning] Failed resolving a blocks item drop or smeltedstack with code bdflower:drygrass in Block bdflower:tallgrass-mediumshort-free
17.8.2026 23:10:49 [Warning] Failed resolving a blocks item drop or smeltedstack with code bdflower:drygrass in Block bdflower:tallgrass-medium-free
17.8.2026 23:10:49 [Warning] Failed resolving a blocks item drop or smeltedstack with code bdflower:drygrass in Block bdflower:tallgrass-medium-free
17.8.2026 23:10:49 [Warning] Failed resolving a blocks item drop or smeltedstack with code bdflower:drygrass in Block bdflower:tallgrass-tall-free
17.8.2026 23:10:49 [Warning] Failed resolving a blocks item drop or smeltedstack with code bdflower:drygrass in Block bdflower:tallgrass-tall-free
17.8.2026 23:10:49 [Warning] Failed resolving a blocks item drop or smeltedstack with code bdflower:drygrass in Block bdflower:tallgrass-verytall-free
17.8.2026 23:10:49 [Warning] Failed resolving a blocks item drop or smeltedstack with code bdflower:drygrass in Block bdflower:tallgrass-verytall-free
17.8.2026 23:10:49 [Warning] Failed resolving a blocks item drop or smeltedstack with code bdflower:drygrass in Block bdflower:tallgrass-veryshort-snow
17.8.2026 23:10:49 [Warning] Failed resolving a blocks item drop or smeltedstack with code bdflower:drygrass in Block bdflower:tallgrass-veryshort-snow
17.8.2026 23:10:49 [Warning] Failed resolving a blocks item drop or smeltedstack with code bdflower:drygrass in Block bdflower:tallgrass-short-snow
17.8.2026 23:10:49 [Warning] Failed resolving a blocks item drop or smeltedstack with code bdflower:drygrass in Block bdflower:tallgrass-short-snow
17.8.2026 23:10:49 [Warning] Failed resolving a blocks item drop or smeltedstack with code bdflower:drygrass in Block bdflower:tallgrass-mediumshort-snow
17.8.2026 23:10:49 [Warning] Failed resolving a blocks item drop or smeltedstack with code bdflower:drygrass in Block bdflower:tallgrass-mediumshort-snow
17.8.2026 23:10:49 [Warning] Failed resolving a blocks item drop or smeltedstack with code bdflower:drygrass in Block bdflower:tallgrass-medium-snow
17.8.2026 23:10:49 [Warning] Failed resolving a blocks item drop or smeltedstack with code bdflower:drygrass in Block bdflower:tallgrass-medium-snow
17.8.2026 23:10:49 [Warning] Failed resolving a blocks item drop or smeltedstack with code bdflower:drygrass in Block bdflower:tallgrass-tall-snow
17.8.2026 23:10:49 [Warning] Failed resolving a blocks item drop or smeltedstack with code bdflower:drygrass in Block bdflower:tallgrass-tall-snow
17.8.2026 23:10:49 [Warning] Failed resolving a blocks item drop or smeltedstack with code bdflower:drygrass in Block bdflower:tallgrass-verytall-snow
17.8.2026 23:10:49 [Warning] Failed resolving a blocks item drop or smeltedstack with code bdflower:drygrass in Block bdflower:tallgrass-verytall-snow
17.8.2026 23:10:49 [Warning] Failed resolving a blocks item drop or smeltedstack with code bdflower:drygrass in Block bdflower:tallgrass-veryshort-snow2
17.8.2026 23:10:49 [Warning] Failed resolving a blocks item drop or smeltedstack with code bdflower:drygrass in Block bdflower:tallgrass-veryshort-snow2
17.8.2026 23:10:49 [Warning] Failed resolving a blocks item drop or smeltedstack with code bdflower:drygrass in Block bdflower:tallgrass-short-snow2
17.8.2026 23:10:49 [Warning] Failed resolving a blocks item drop or smeltedstack with code bdflower:drygrass in Block bdflower:tallgrass-short-snow2
17.8.2026 23:10:49 [Warning] Failed resolving a blocks item drop or smeltedstack with code bdflower:drygrass in Block bdflower:tallgrass-mediumshort-snow2
17.8.2026 23:10:49 [Warning] Failed resolving a blocks item drop or smeltedstack with code bdflower:drygrass in Block bdflower:tallgrass-mediumshort-snow2
17.8.2026 23:10:49 [Warning] Failed resolving a blocks item drop or smeltedstack with code bdflower:drygrass in Block bdflower:tallgrass-medium-snow2
17.8.2026 23:10:49 [Warning] Failed resolving a blocks item drop or smeltedstack with code bdflower:drygrass in Block bdflower:tallgrass-medium-snow2
17.8.2026 23:10:49 [Warning] Failed resolving a blocks item drop or smeltedstack with code bdflower:drygrass in Block bdflower:tallgrass-tall-snow2
17.8.2026 23:10:49 [Warning] Failed resolving a blocks item drop or smeltedstack with code bdflower:drygrass in Block bdflower:tallgrass-tall-snow2
17.8.2026 23:10:49 [Warning] Failed resolving a blocks item drop or smeltedstack with code bdflower:drygrass in Block bdflower:tallgrass-verytall-snow2
17.8.2026 23:10:49 [Warning] Failed resolving a blocks item drop or smeltedstack with code bdflower:drygrass in Block bdflower:tallgrass-verytall-snow2
17.8.2026 23:10:49 [Warning] Failed resolving a blocks item drop or smeltedstack with code bdflower:drygrass in Block bdflower:tallgrass-veryshort-snow3
17.8.2026 23:10:49 [Warning] Failed resolving a blocks item drop or smeltedstack with code bdflower:drygrass in Block bdflower:tallgrass-veryshort-snow3
17.8.2026 23:10:49 [Warning] Failed resolving a blocks item drop or smeltedstack with code bdflower:drygrass in Block bdflower:tallgrass-short-snow3
17.8.2026 23:10:49 [Warning] Failed resolving a blocks item drop or smeltedstack with code bdflower:drygrass in Block bdflower:tallgrass-short-snow3
17.8.2026 23:10:49 [Warning] Failed resolving a blocks item drop or smeltedstack with code bdflower:drygrass in Block bdflower:tallgrass-mediumshort-snow3
17.8.2026 23:10:49 [Warning] Failed resolving a blocks item drop or smeltedstack with code bdflower:drygrass in Block bdflower:tallgrass-mediumshort-snow3
17.8.2026 23:10:49 [Warning] Failed resolving a blocks item drop or smeltedstack with code bdflower:drygrass in Block bdflower:tallgrass-medium-snow3
17.8.2026 23:10:49 [Warning] Failed resolving a blocks item drop or smeltedstack with code bdflower:drygrass in Block bdflower:tallgrass-medium-snow3
17.8.2026 23:10:49 [Warning] Failed resolving a blocks item drop or smeltedstack with code bdflower:drygrass in Block bdflower:tallgrass-tall-snow3
17.8.2026 23:10:49 [Warning] Failed resolving a blocks item drop or smeltedstack with code bdflower:drygrass in Block bdflower:tallgrass-tall-snow3
17.8.2026 23:10:49 [Warning] Failed resolving a blocks item drop or smeltedstack with code bdflower:drygrass in Block bdflower:tallgrass-verytall-snow3
17.8.2026 23:10:49 [Warning] Failed resolving a blocks item drop or smeltedstack with code bdflower:drygrass in Block bdflower:tallgrass-verytall-snow3
17.8.2026 23:10:49 [Warning] Failed resolving a blocks item drop or smeltedstack with code cartwrightscaravan:cartconstruction-unfinished-basiccart-darkaged in Block cartwrightscaravan:cartcarcass-basiccart-darkaged
17.8.2026 23:10:49 [Warning] Failed resolving a blocks item drop or smeltedstack with code cartwrightscaravan:cartconstruction-unfinished-slimcart-darkaged in Block cartwrightscaravan:cartcarcass-slimcart-darkaged
17.8.2026 23:10:49 [Warning] Failed resolving a blocks item drop or smeltedstack with code cartwrightscaravan:cartconstruction-unfinished-classicstall-darkaged in Block cartwrightscaravan:cartcarcass-classicstall-darkaged
17.8.2026 23:10:49 [Warning] Failed resolving a blocks item drop or smeltedstack with code cartwrightscaravan:cartconstruction-unfinished-slantedstall-darkaged in Block cartwrightscaravan:cartcarcass-slantedstall-darkaged
17.8.2026 23:10:49 [Warning] Failed resolving a blocks item drop or smeltedstack with code cartwrightscaravan:cartconstruction-unfinished-openstall-darkaged in Block cartwrightscaravan:cartcarcass-openstall-darkaged
17.8.2026 23:10:49 [Warning] Failed resolving a blocks item drop or smeltedstack with code cartwrightscaravan:cartconstruction-frame-basicsled-darkaged in Block cartwrightscaravan:cartcarcass-basicsled-darkaged
17.8.2026 23:10:49 [Warning] Failed resolving a blocks item drop or smeltedstack with code cartwrightscaravan:cartconstruction-unfinished-basiccart-lightaged in Block cartwrightscaravan:cartcarcass-basiccart-lightaged
17.8.2026 23:10:49 [Warning] Failed resolving a blocks item drop or smeltedstack with code cartwrightscaravan:cartconstruction-unfinished-slimcart-lightaged in Block cartwrightscaravan:cartcarcass-slimcart-lightaged
17.8.2026 23:10:49 [Warning] Failed resolving a blocks item drop or smeltedstack with code cartwrightscaravan:cartconstruction-unfinished-classicstall-lightaged in Block cartwrightscaravan:cartcarcass-classicstall-lightaged
17.8.2026 23:10:49 [Warning] Failed resolving a blocks item drop or smeltedstack with code cartwrightscaravan:cartconstruction-unfinished-slantedstall-lightaged in Block cartwrightscaravan:cartcarcass-slantedstall-lightaged
17.8.2026 23:10:49 [Warning] Failed resolving a blocks item drop or smeltedstack with code cartwrightscaravan:cartconstruction-unfinished-openstall-lightaged in Block cartwrightscaravan:cartcarcass-openstall-lightaged
17.8.2026 23:10:49 [Warning] Failed resolving a blocks item drop or smeltedstack with code cartwrightscaravan:cartconstruction-frame-basicsled-lightaged in Block cartwrightscaravan:cartcarcass-basicsled-lightaged
17.8.2026 23:10:49 [Warning] Failed resolving a blocks item drop or smeltedstack with code bdherb:seeds-{herbcrops} in Block bdherb:crop-angelica-1
17.8.2026 23:10:49 [Warning] Failed resolving a blocks item drop or smeltedstack with code bdherb:seeds-{herbcrops} in Block bdherb:crop-arnica-1
17.8.2026 23:10:49 [Warning] Failed resolving a blocks item drop or smeltedstack with code bdherb:seeds-{herbcrops} in Block bdherb:crop-arrowhead-1
17.8.2026 23:10:49 [Warning] Failed resolving a blocks item drop or smeltedstack with code bdherb:seeds-{herbcrops} in Block bdherb:crop-bearleek-1
17.8.2026 23:10:49 [Warning] Failed resolving a blocks item drop or smeltedstack with code bdherb:seeds-{herbcrops} in Block bdherb:crop-blackpepper-1
17.8.2026 23:10:49 [Warning] Failed resolving a blocks item drop or smeltedstack with code bdherb:seeds-{herbcrops} in Block bdherb:crop-burdock-1
17.8.2026 23:10:49 [Warning] Failed resolving a blocks item drop or smeltedstack with code bdherb:seeds-{herbcrops} in Block bdherb:crop-burnet-1
17.8.2026 23:10:49 [Warning] Failed resolving a blocks item drop or smeltedstack with code bdherb:seeds-{herbcrops} in Block bdherb:crop-butterbur-1
17.8.2026 23:10:49 [Warning] Failed resolving a blocks item drop or smeltedstack with code bdherb:seeds-{herbcrops} in Block bdherb:crop-celandine-1
17.8.2026 23:10:49 [Warning] Failed resolving a blocks item drop or smeltedstack with code bdherb:seeds-{herbcrops} in Block bdherb:crop-chicory-1
17.8.2026 23:10:49 [Warning] Failed resolving a blocks item drop or smeltedstack with code bdherb:seeds-{herbcrops} in Block bdherb:crop-cicuta-1
17.8.2026 23:10:49 [Warning] Failed resolving a blocks item drop or smeltedstack with code bdherb:seeds-{herbcrops} in Block bdherb:crop-dill-1
17.8.2026 23:10:49 [Warning] Failed resolving a blocks item drop or smeltedstack with code bdherb:seeds-{herbcrops} in Block bdherb:crop-dock-1
17.8.2026 23:10:49 [Warning] Failed resolving a blocks item drop or smeltedstack with code bdherb:seeds-{herbcrops} in Block bdherb:crop-foxglove-1
17.8.2026 23:10:49 [Warning] Failed resolving a blocks item drop or smeltedstack with code bdherb:seeds-{herbcrops} in Block bdherb:crop-ginger-1
17.8.2026 23:10:49 [Warning] Failed resolving a blocks item drop or smeltedstack with code bdherb:seeds-{herbcrops} in Block bdherb:crop-ginseng-1
17.8.2026 23:10:49 [Warning] Failed resolving a blocks item drop or smeltedstack with code bdherb:seeds-{herbcrops} in Block bdherb:crop-holly-1
17.8.2026 23:10:49 [Warning] Failed resolving a blocks item drop or smeltedstack with code bdherb:seeds-{herbcrops} in Block bdherb:crop-horehound-1
17.8.2026 23:10:49 [Warning] Failed resolving a blocks item drop or smeltedstack with code bdherb:seeds-{herbcrops} in Block bdherb:crop-inula-1
17.8.2026 23:10:49 [Warning] Failed resolving a blocks item drop or smeltedstack with code bdherb:seeds-{herbcrops} in Block bdherb:crop-jewelweed-1
17.8.2026 23:10:49 [Warning] Failed resolving a blocks item drop or smeltedstack with code bdherb:seeds-{herbcrops} in Block bdherb:crop-katuk-1
17.8.2026 23:10:49 [Warning] Failed resolving a blocks item drop or smeltedstack with code bdherb:seeds-{herbcrops} in Block bdherb:crop-marigold-1
17.8.2026 23:10:49 [Warning] Failed resolving a blocks item drop or smeltedstack with code bdherb:seeds-{herbcrops} in Block bdherb:crop-marshmallow-1
17.8.2026 23:10:49 [Warning] Failed resolving a blocks item drop or smeltedstack with code bdherb:seeds-{herbcrops} in Block bdherb:crop-minerslettuce-1
17.8.2026 23:10:49 [Warning] Failed resolving a blocks item drop or smeltedstack with code bdherb:seeds-{herbcrops} in Block bdherb:crop-mustard-1
17.8.2026 23:10:49 [Warning] Failed resolving a blocks item drop or smeltedstack with code bdherb:seeds-{herbcrops} in Block bdherb:crop-whitemansfoot-1
17.8.2026 23:10:49 [Warning] Failed resolving a blocks item drop or smeltedstack with code bdherb:seeds-{herbcrops} in Block bdherb:crop-poisonoak-1
17.8.2026 23:10:49 [Warning] Failed resolving a blocks item drop or smeltedstack with code bdherb:seeds-{herbcrops} in Block bdherb:crop-rockrose-1
17.8.2026 23:10:49 [Warning] Failed resolving a blocks item drop or smeltedstack with code bdherb:seeds-{herbcrops} in Block bdherb:crop-rosemary-1
17.8.2026 23:10:49 [Warning] Failed resolving a blocks item drop or smeltedstack with code bdherb:seeds-{herbcrops} in Block bdherb:crop-saltwort-1
17.8.2026 23:10:49 [Warning] Failed resolving a blocks item drop or smeltedstack with code bdherb:seeds-{herbcrops} in Block bdherb:crop-skunkcabbage-1
17.8.2026 23:10:49 [Warning] Failed resolving a blocks item drop or smeltedstack with code bdherb:seeds-{herbcrops} in Block bdherb:crop-stingingnettle-1
17.8.2026 23:10:49 [Warning] Failed resolving a blocks item drop or smeltedstack with code bdherb:seeds-{herbcrops} in Block bdherb:crop-stjohnswort-1
17.8.2026 23:10:49 [Warning] Failed resolving a blocks item drop or smeltedstack with code bdherb:seeds-{herbcrops} in Block bdherb:crop-tansy-1
17.8.2026 23:10:49 [Warning] Failed resolving a blocks item drop or smeltedstack with code bdherb:seeds-{herbcrops} in Block bdherb:crop-woodspurge-1
17.8.2026 23:10:49 [Warning] Failed resolving a blocks item drop or smeltedstack with code bdherb:seeds-{herbcrops} in Block bdherb:crop-yarrow-1
17.8.2026 23:10:49 [Warning] Failed resolving a blocks item drop or smeltedstack with code bdherb:seeds-{herbcrops} in Block bdherb:crop-angelica-2
17.8.2026 23:10:49 [Warning] Failed resolving a blocks item drop or smeltedstack with code bdherb:herb-{herbcrops} in Block bdherb:crop-angelica-2
17.8.2026 23:10:49 [Warning] Failed resolving a blocks item drop or smeltedstack with code bdherb:seeds-{herbcrops} in Block bdherb:crop-arnica-2
17.8.2026 23:10:49 [Warning] Failed resolving a blocks item drop or smeltedstack with code bdherb:herb-{herbcrops} in Block bdherb:crop-arnica-2
17.8.2026 23:10:49 [Warning] Failed resolving a blocks item drop or smeltedstack with code bdherb:seeds-{herbcrops} in Block bdherb:crop-arrowhead-2
17.8.2026 23:10:49 [Warning] Failed resolving a blocks item drop or smeltedstack with code bdherb:herb-{herbcrops} in Block bdherb:crop-arrowhead-2
17.8.2026 23:10:49 [Warning] Failed resolving a blocks item drop or smeltedstack with code bdherb:seeds-{herbcrops} in Block bdherb:crop-bearleek-2
17.8.2026 23:10:49 [Warning] Failed resolving a blocks item drop or smeltedstack with code bdherb:herb-{herbcrops} in Block bdherb:crop-bearleek-2
17.8.2026 23:10:49 [Warning] Failed resolving a blocks item drop or smeltedstack with code bdherb:seeds-{herbcrops} in Block bdherb:crop-blackpepper-2
17.8.2026 23:10:49 [Warning] Failed resolving a blocks item drop or smeltedstack with code bdherb:herb-{herbcrops} in Block bdherb:crop-blackpepper-2
17.8.2026 23:10:49 [Warning] Failed resolving a blocks item drop or smeltedstack with code bdherb:seeds-{herbcrops} in Block bdherb:crop-burdock-2
17.8.2026 23:10:49 [Warning] Failed resolving a blocks item drop or smeltedstack with code bdherb:herb-{herbcrops} in Block bdherb:crop-burdock-2
17.8.2026 23:10:49 [Warning] Failed resolving a blocks item drop or smeltedstack with code bdherb:seeds-{herbcrops} in Block bdherb:crop-burnet-2
17.8.2026 23:10:49 [Warning] Failed resolving a blocks item drop or smeltedstack with code bdherb:herb-{herbcrops} in Block bdherb:crop-burnet-2
17.8.2026 23:10:49 [Warning] Failed resolving a blocks item drop or smeltedstack with code bdherb:seeds-{herbcrops} in Block bdherb:crop-butterbur-2
17.8.2026 23:10:49 [Warning] Failed resolving a blocks item drop or smeltedstack with code bdherb:herb-{herbcrops} in Block bdherb:crop-butterbur-2
17.8.2026 23:10:49 [Warning] Failed resolving a blocks item drop or smeltedstack with code bdherb:seeds-{herbcrops} in Block bdherb:crop-celandine-2
17.8.2026 23:10:49 [Warning] Failed resolving a blocks item drop or smeltedstack with code bdherb:herb-{herbcrops} in Block bdherb:crop-celandine-2
17.8.2026 23:10:49 [Warning] Failed resolving a blocks item drop or smeltedstack with code bdherb:seeds-{herbcrops} in Block bdherb:crop-chicory-2
17.8.2026 23:10:49 [Warning] Failed resolving a blocks item drop or smeltedstack with code bdherb:herb-{herbcrops} in Block bdherb:crop-chicory-2
17.8.2026 23:10:49 [Warning] Failed resolving a blocks item drop or smeltedstack with code bdherb:seeds-{herbcrops} in Block bdherb:crop-cicuta-2
17.8.2026 23:10:49 [Warning] Failed resolving a blocks item drop or smeltedstack with code bdherb:herb-{herbcrops} in Block bdherb:crop-cicuta-2
17.8.2026 23:10:49 [Warning] Failed resolving a blocks item drop or smeltedstack with code bdherb:seeds-{herbcrops} in Block bdherb:crop-dill-2
17.8.2026 23:10:49 [Warning] Failed resolving a blocks item drop or smeltedstack with code bdherb:herb-{herbcrops} in Block bdherb:crop-dill-2
17.8.2026 23:10:49 [Warning] Failed resolving a blocks item drop or smeltedstack with code bdherb:seeds-{herbcrops} in Block bdherb:crop-dock-2
17.8.2026 23:10:49 [Warning] Failed resolving a blocks item drop or smeltedstack with code bdherb:herb-{herbcrops} in Block bdherb:crop-dock-2
17.8.2026 23:10:49 [Warning] Failed resolving a blocks item drop or smeltedstack with code bdherb:seeds-{herbcrops} in Block bdherb:crop-foxglove-2
17.8.2026 23:10:49 [Warning] Failed resolving a blocks item drop or smeltedstack with code bdherb:herb-{herbcrops} in Block bdherb:crop-foxglove-2
17.8.2026 23:10:49 [Warning] Failed resolving a blocks item drop or smeltedstack with code bdherb:seeds-{herbcrops} in Block bdherb:crop-ginger-2
17.8.2026 23:10:49 [Warning] Failed resolving a blocks item drop or smeltedstack with code bdherb:herb-{herbcrops} in Block bdherb:crop-ginger-2
17.8.2026 23:10:49 [Warning] Failed resolving a blocks item drop or smeltedstack with code bdherb:seeds-{herbcrops} in Block bdherb:crop-ginseng-2
17.8.2026 23:10:49 [Warning] Failed resolving a blocks item drop or smeltedstack with code bdherb:herb-{herbcrops} in Block bdherb:crop-ginseng-2
17.8.2026 23:10:49 [Warning] Failed resolving a blocks item drop or smeltedstack with code bdherb:seeds-{herbcrops} in Block bdherb:crop-holly-2
17.8.2026 23:10:49 [Warning] Failed resolving a blocks item drop or smeltedstack with code bdherb:herb-{herbcrops} in Block bdherb:crop-holly-2
17.8.2026 23:10:49 [Warning] Failed resolving a blocks item drop or smeltedstack with code bdherb:seeds-{herbcrops} in Block bdherb:crop-horehound-2
17.8.2026 23:10:49 [Warning] Failed resolving a blocks item drop or smeltedstack with code bdherb:herb-{herbcrops} in Block bdherb:crop-horehound-2
17.8.2026 23:10:49 [Warning] Failed resolving a blocks item drop or smeltedstack with code bdherb:seeds-{herbcrops} in Block bdherb:crop-inula-2
17.8.2026 23:10:49 [Warning] Failed resolving a blocks item drop or smeltedstack with code bdherb:herb-{herbcrops} in Block bdherb:crop-inula-2
17.8.2026 23:10:49 [Warning] Failed resolving a blocks item drop or smeltedstack with code bdherb:seeds-{herbcrops} in Block bdherb:crop-jewelweed-2
17.8.2026 23:10:49 [Warning] Failed resolving a blocks item drop or smeltedstack with code bdherb:herb-{herbcrops} in Block bdherb:crop-jewelweed-2
17.8.2026 23:10:49 [Warning] Failed resolving a blocks item drop or smeltedstack with code bdherb:seeds-{herbcrops} in Block bdherb:crop-katuk-2
17.8.2026 23:10:49 [Warning] Failed resolving a blocks item drop or smeltedstack with code bdherb:herb-{herbcrops} in Block bdherb:crop-katuk-2
17.8.2026 23:10:49 [Warning] Failed resolving a blocks item drop or smeltedstack with code bdherb:seeds-{herbcrops} in Block bdherb:crop-marigold-2
17.8.2026 23:10:49 [Warning] Failed resolving a blocks item drop or smeltedstack with code bdherb:herb-{herbcrops} in Block bdherb:crop-marigold-2
17.8.2026 23:10:49 [Warning] Failed resolving a blocks item drop or smeltedstack with code bdherb:seeds-{herbcrops} in Block bdherb:crop-marshmallow-2
17.8.2026 23:10:49 [Warning] Failed resolving a blocks item drop or smeltedstack with code bdherb:herb-{herbcrops} in Block bdherb:crop-marshmallow-2
17.8.2026 23:10:49 [Warning] Failed resolving a blocks item drop or smeltedstack with code bdherb:seeds-{herbcrops} in Block bdherb:crop-minerslettuce-2
17.8.2026 23:10:49 [Warning] Failed resolving a blocks item drop or smeltedstack with code bdherb:herb-{herbcrops} in Block bdherb:crop-minerslettuce-2
17.8.2026 23:10:49 [Warning] Failed resolving a blocks item drop or smeltedstack with code bdherb:seeds-{herbcrops} in Block bdherb:crop-mustard-2
17.8.2026 23:10:49 [Warning] Failed resolving a blocks item drop or smeltedstack with code bdherb:herb-{herbcrops} in Block bdherb:crop-mustard-2
17.8.2026 23:10:49 [Warning] Failed resolving a blocks item drop or smeltedstack with code bdherb:seeds-{herbcrops} in Block bdherb:crop-whitemansfoot-2
17.8.2026 23:10:49 [Warning] Failed resolving a blocks item drop or smeltedstack with code bdherb:herb-{herbcrops} in Block bdherb:crop-whitemansfoot-2
17.8.2026 23:10:49 [Warning] Failed resolving a blocks item drop or smeltedstack with code bdherb:seeds-{herbcrops} in Block bdherb:crop-poisonoak-2
17.8.2026 23:10:49 [Warning] Failed resolving a blocks item drop or smeltedstack with code bdherb:herb-{herbcrops} in Block bdherb:crop-poisonoak-2
17.8.2026 23:10:49 [Warning] Failed resolving a blocks item drop or smeltedstack with code bdherb:seeds-{herbcrops} in Block bdherb:crop-rockrose-2
17.8.2026 23:10:49 [Warning] Failed resolving a blocks item drop or smeltedstack with code bdherb:herb-{herbcrops} in Block bdherb:crop-rockrose-2
17.8.2026 23:10:49 [Warning] Failed resolving a blocks item drop or smeltedstack with code bdherb:seeds-{herbcrops} in Block bdherb:crop-rosemary-2
17.8.2026 23:10:49 [Warning] Failed resolving a blocks item drop or smeltedstack with code bdherb:herb-{herbcrops} in Block bdherb:crop-rosemary-2
17.8.2026 23:10:49 [Warning] Failed resolving a blocks item drop or smeltedstack with code bdherb:seeds-{herbcrops} in Block bdherb:crop-saltwort-2
17.8.2026 23:10:49 [Warning] Failed resolving a blocks item drop or smeltedstack with code bdherb:herb-{herbcrops} in Block bdherb:crop-saltwort-2
17.8.2026 23:10:49 [Warning] Failed resolving a blocks item drop or smeltedstack with code bdherb:seeds-{herbcrops} in Block bdherb:crop-skunkcabbage-2
17.8.2026 23:10:49 [Warning] Failed resolving a blocks item drop or smeltedstack with code bdherb:herb-{herbcrops} in Block bdherb:crop-skunkcabbage-2
17.8.2026 23:10:49 [Warning] Failed resolving a blocks item drop or smeltedstack with code bdherb:seeds-{herbcrops} in Block bdherb:crop-stingingnettle-2
17.8.2026 23:10:49 [Warning] Failed resolving a blocks item drop or smeltedstack with code bdherb:herb-{herbcrops} in Block bdherb:crop-stingingnettle-2
17.8.2026 23:10:49 [Warning] Failed resolving a blocks item drop or smeltedstack with code bdherb:seeds-{herbcrops} in Block bdherb:crop-stjohnswort-2
17.8.2026 23:10:49 [Warning] Failed resolving a blocks item drop or smeltedstack with code bdherb:herb-{herbcrops} in Block bdherb:crop-stjohnswort-2
17.8.2026 23:10:49 [Warning] Failed resolving a blocks item drop or smeltedstack with code bdherb:seeds-{herbcrops} in Block bdherb:crop-tansy-2
17.8.2026 23:10:49 [Warning] Failed resolving a blocks item drop or smeltedstack with code bdherb:herb-{herbcrops} in Block bdherb:crop-tansy-2
17.8.2026 23:10:49 [Warning] Failed resolving a blocks item drop or smeltedstack with code bdherb:seeds-{herbcrops} in Block bdherb:crop-woodspurge-2
17.8.2026 23:10:49 [Warning] Failed resolving a blocks item drop or smeltedstack with code bdherb:herb-{herbcrops} in Block bdherb:crop-woodspurge-2
17.8.2026 23:10:49 [Warning] Failed resolving a blocks item drop or smeltedstack with code bdherb:seeds-{herbcrops} in Block bdherb:crop-yarrow-2
17.8.2026 23:10:49 [Warning] Failed resolving a blocks item drop or smeltedstack with code bdherb:herb-{herbcrops} in Block bdherb:crop-yarrow-2
17.8.2026 23:10:49 [Warning] Failed resolving a blocks item drop or smeltedstack with code bdherb:seeds-{herbcrops} in Block bdherb:crop-angelica-3
17.8.2026 23:10:49 [Warning] Failed resolving a blocks item drop or smeltedstack with code bdherb:herb-{herbcrops} in Block bdherb:crop-angelica-3
17.8.2026 23:10:49 [Warning] Failed resolving a blocks item drop or smeltedstack with code bdherb:seeds-{herbcrops} in Block bdherb:crop-arnica-3
17.8.2026 23:10:49 [Warning] Failed resolving a blocks item drop or smeltedstack with code bdherb:herb-{herbcrops} in Block bdherb:crop-arnica-3
17.8.2026 23:10:49 [Warning] Failed resolving a blocks item drop or smeltedstack with code bdherb:seeds-{herbcrops} in Block bdherb:crop-arrowhead-3
17.8.2026 23:10:49 [Warning] Failed resolving a blocks item drop or smeltedstack with code bdherb:herb-{herbcrops} in Block bdherb:crop-arrowhead-3
17.8.2026 23:10:49 [Warning] Failed resolving a blocks item drop or smeltedstack with code bdherb:seeds-{herbcrops} in Block bdherb:crop-bearleek-3
17.8.2026 23:10:49 [Warning] Failed resolving a blocks item drop or smeltedstack with code bdherb:herb-{herbcrops} in Block bdherb:crop-bearleek-3
17.8.2026 23:10:49 [Warning] Failed resolving a blocks item drop or smeltedstack with code bdherb:root-{herbcrops} in Block bdherb:crop-bearleek-3
17.8.2026 23:10:49 [Warning] Failed resolving a blocks item drop or smeltedstack with code bdherb:seeds-{herbcrops} in Block bdherb:crop-blackpepper-3
17.8.2026 23:10:49 [Warning] Failed resolving a blocks item drop or smeltedstack with code bdherb:herb-{herbcrops} in Block bdherb:crop-blackpepper-3
17.8.2026 23:10:49 [Warning] Failed resolving a blocks item drop or smeltedstack with code bdherb:seeds-{herbcrops} in Block bdherb:crop-burdock-3
17.8.2026 23:10:49 [Warning] Failed resolving a blocks item drop or smeltedstack with code bdherb:herb-{herbcrops} in Block bdherb:crop-burdock-3
17.8.2026 23:10:49 [Warning] Failed resolving a blocks item drop or smeltedstack with code bdherb:seeds-{herbcrops} in Block bdherb:crop-burnet-3
17.8.2026 23:10:49 [Warning] Failed resolving a blocks item drop or smeltedstack with code bdherb:herb-{herbcrops} in Block bdherb:crop-burnet-3
17.8.2026 23:10:49 [Warning] Failed resolving a blocks item drop or smeltedstack with code bdherb:root-{herbcrops} in Block bdherb:crop-burnet-3
17.8.2026 23:10:49 [Warning] Failed resolving a blocks item drop or smeltedstack with code bdherb:seeds-{herbcrops} in Block bdherb:crop-butterbur-3
17.8.2026 23:10:49 [Warning] Failed resolving a blocks item drop or smeltedstack with code bdherb:herb-{herbcrops} in Block bdherb:crop-butterbur-3
17.8.2026 23:10:49 [Warning] Failed resolving a blocks item drop or smeltedstack with code bdherb:seeds-{herbcrops} in Block bdherb:crop-celandine-3
17.8.2026 23:10:49 [Warning] Failed resolving a blocks item drop or smeltedstack with code bdherb:herb-{herbcrops} in Block bdherb:crop-celandine-3
17.8.2026 23:10:49 [Warning] Failed resolving a blocks item drop or smeltedstack with code bdherb:seeds-{herbcrops} in Block bdherb:crop-chicory-3
17.8.2026 23:10:49 [Warning] Failed resolving a blocks item drop or smeltedstack with code bdherb:herb-{herbcrops} in Block bdherb:crop-chicory-3
17.8.2026 23:10:49 [Warning] Failed resolving a blocks item drop or smeltedstack with code bdherb:root-{herbcrops} in Block bdherb:crop-chicory-3
17.8.2026 23:10:49 [Warning] Failed resolving a blocks item drop or smeltedstack with code bdherb:seeds-{herbcrops} in Block bdherb:crop-cicuta-3
17.8.2026 23:10:49 [Warning] Failed resolving a blocks item drop or smeltedstack with code bdherb:herb-{herbcrops} in Block bdherb:crop-cicuta-3
17.8.2026 23:10:49 [Warning] Failed resolving a blocks item drop or smeltedstack with code bdherb:seeds-{herbcrops} in Block bdherb:crop-dill-3
17.8.2026 23:10:49 [Warning] Failed resolving a blocks item drop or smeltedstack with code bdherb:herb-{herbcrops} in Block bdherb:crop-dill-3
17.8.2026 23:10:49 [Warning] Failed resolving a blocks item drop or smeltedstack with code bdherb:seeds-{herbcrops} in Block bdherb:crop-dock-3
17.8.2026 23:10:49 [Warning] Failed resolving a blocks item drop or smeltedstack with code bdherb:herb-{herbcrops} in Block bdherb:crop-dock-3
17.8.2026 23:10:49 [Warning] Failed resolving a blocks item drop or smeltedstack with code bdherb:seeds-{herbcrops} in Block bdherb:crop-foxglove-3
17.8.2026 23:10:49 [Warning] Failed resolving a blocks item drop or smeltedstack with code bdherb:herb-{herbcrops} in Block bdherb:crop-foxglove-3
17.8.2026 23:10:49 [Warning] Failed resolving a blocks item drop or smeltedstack with code bdherb:seeds-{herbcrops} in Block bdherb:crop-ginger-3
17.8.2026 23:10:49 [Warning] Failed resolving a blocks item drop or smeltedstack with code bdherb:herb-{herbcrops} in Block bdherb:crop-ginger-3
17.8.2026 23:10:49 [Warning] Failed resolving a blocks item drop or smeltedstack with code bdherb:root-{herbcrops} in Block bdherb:crop-ginger-3
17.8.2026 23:10:49 [Warning] Failed resolving a blocks item drop or smeltedstack with code bdherb:seeds-{herbcrops} in Block bdherb:crop-ginseng-3
17.8.2026 23:10:49 [Warning] Failed resolving a blocks item drop or smeltedstack with code bdherb:herb-{herbcrops} in Block bdherb:crop-ginseng-3
17.8.2026 23:10:49 [Warning] Failed resolving a blocks item drop or smeltedstack with code bdherb:root-{herbcrops} in Block bdherb:crop-ginseng-3
17.8.2026 23:10:49 [Warning] Failed resolving a blocks item drop or smeltedstack with code bdherb:seeds-{herbcrops} in Block bdherb:crop-holly-3
17.8.2026 23:10:49 [Warning] Failed resolving a blocks item drop or smeltedstack with code bdherb:herb-{herbcrops} in Block bdherb:crop-holly-3
17.8.2026 23:10:49 [Warning] Failed resolving a blocks item drop or smeltedstack with code bdherb:seeds-{herbcrops} in Block bdherb:crop-horehound-3
17.8.2026 23:10:49 [Warning] Failed resolving a blocks item drop or smeltedstack with code bdherb:herb-{herbcrops} in Block bdherb:crop-horehound-3
17.8.2026 23:10:49 [Warning] Failed resolving a blocks item drop or smeltedstack with code bdherb:seeds-{herbcrops} in Block bdherb:crop-inula-3
17.8.2026 23:10:49 [Warning] Failed resolving a blocks item drop or smeltedstack with code bdherb:herb-{herbcrops} in Block bdherb:crop-inula-3
17.8.2026 23:10:49 [Warning] Failed resolving a blocks item drop or smeltedstack with code bdherb:seeds-{herbcrops} in Block bdherb:crop-jewelweed-3
17.8.2026 23:10:49 [Warning] Failed resolving a blocks item drop or smeltedstack with code bdherb:herb-{herbcrops} in Block bdherb:crop-jewelweed-3
17.8.2026 23:10:49 [Warning] Failed resolving a blocks item drop or smeltedstack with code bdherb:seeds-{herbcrops} in Block bdherb:crop-katuk-3
17.8.2026 23:10:49 [Warning] Failed resolving a blocks item drop or smeltedstack with code bdherb:herb-{herbcrops} in Block bdherb:crop-katuk-3
17.8.2026 23:10:49 [Warning] Failed resolving a blocks item drop or smeltedstack with code bdherb:seeds-{herbcrops} in Block bdherb:crop-marigold-3
17.8.2026 23:10:49 [Warning] Failed resolving a blocks item drop or smeltedstack with code bdherb:herb-{herbcrops} in Block bdherb:crop-marigold-3
17.8.2026 23:10:49 [Warning] Failed resolving a blocks item drop or smeltedstack with code bdherb:seeds-{herbcrops} in Block bdherb:crop-marshmallow-3
17.8.2026 23:10:49 [Warning] Failed resolving a blocks item drop or smeltedstack with code bdherb:herb-{herbcrops} in Block bdherb:crop-marshmallow-3
17.8.2026 23:10:49 [Warning] Failed resolving a blocks item drop or smeltedstack with code bdherb:root-{herbcrops} in Block bdherb:crop-marshmallow-3
17.8.2026 23:10:49 [Warning] Failed resolving a blocks item drop or smeltedstack with code bdherb:seeds-{herbcrops} in Block bdherb:crop-minerslettuce-3
17.8.2026 23:10:49 [Warning] Failed resolving a blocks item drop or smeltedstack with code bdherb:herb-{herbcrops} in Block bdherb:crop-minerslettuce-3
17.8.2026 23:10:49 [Warning] Failed resolving a blocks item drop or smeltedstack with code bdherb:seeds-{herbcrops} in Block bdherb:crop-mustard-3
17.8.2026 23:10:49 [Warning] Failed resolving a blocks item drop or smeltedstack with code bdherb:herb-{herbcrops} in Block bdherb:crop-mustard-3
17.8.2026 23:10:49 [Warning] Failed resolving a blocks item drop or smeltedstack with code bdherb:seeds-{herbcrops} in Block bdherb:crop-whitemansfoot-3
17.8.2026 23:10:49 [Warning] Failed resolving a blocks item drop or smeltedstack with code bdherb:herb-{herbcrops} in Block bdherb:crop-whitemansfoot-3
17.8.2026 23:10:49 [Warning] Failed resolving a blocks item drop or smeltedstack with code bdherb:seeds-{herbcrops} in Block bdherb:crop-poisonoak-3
17.8.2026 23:10:49 [Warning] Failed resolving a blocks item drop or smeltedstack with code bdherb:herb-{herbcrops} in Block bdherb:crop-poisonoak-3
17.8.2026 23:10:49 [Warning] Failed resolving a blocks item drop or smeltedstack with code bdherb:seeds-{herbcrops} in Block bdherb:crop-rockrose-3
17.8.2026 23:10:49 [Warning] Failed resolving a blocks item drop or smeltedstack with code bdherb:herb-{herbcrops} in Block bdherb:crop-rockrose-3
17.8.2026 23:10:49 [Warning] Failed resolving a blocks item drop or smeltedstack with code bdherb:seeds-{herbcrops} in Block bdherb:crop-rosemary-3
17.8.2026 23:10:49 [Warning] Failed resolving a blocks item drop or smeltedstack with code bdherb:herb-{herbcrops} in Block bdherb:crop-rosemary-3
17.8.2026 23:10:49 [Warning] Failed resolving a blocks item drop or smeltedstack with code bdherb:seeds-{herbcrops} in Block bdherb:crop-saltwort-3
17.8.2026 23:10:49 [Warning] Failed resolving a blocks item drop or smeltedstack with code bdherb:herb-{herbcrops} in Block bdherb:crop-saltwort-3
17.8.2026 23:10:49 [Warning] Failed resolving a blocks item drop or smeltedstack with code bdherb:seeds-{herbcrops} in Block bdherb:crop-skunkcabbage-3
17.8.2026 23:10:49 [Warning] Failed resolving a blocks item drop or smeltedstack with code bdherb:herb-{herbcrops} in Block bdherb:crop-skunkcabbage-3
17.8.2026 23:10:49 [Warning] Failed resolving a blocks item drop or smeltedstack with code bdherb:seeds-{herbcrops} in Block bdherb:crop-stingingnettle-3
17.8.2026 23:10:49 [Warning] Failed resolving a blocks item drop or smeltedstack with code bdherb:herb-{herbcrops} in Block bdherb:crop-stingingnettle-3
17.8.2026 23:10:49 [Warning] Failed resolving a blocks item drop or smeltedstack with code bdherb:seeds-{herbcrops} in Block bdherb:crop-stjohnswort-3
17.8.2026 23:10:49 [Warning] Failed resolving a blocks item drop or smeltedstack with code bdherb:herb-{herbcrops} in Block bdherb:crop-stjohnswort-3
17.8.2026 23:10:49 [Warning] Failed resolving a blocks item drop or smeltedstack with code bdherb:seeds-{herbcrops} in Block bdherb:crop-tansy-3
17.8.2026 23:10:49 [Warning] Failed resolving a blocks item drop or smeltedstack with code bdherb:herb-{herbcrops} in Block bdherb:crop-tansy-3
17.8.2026 23:10:49 [Warning] Failed resolving a blocks item drop or smeltedstack with code bdherb:seeds-{herbcrops} in Block bdherb:crop-woodspurge-3
17.8.2026 23:10:49 [Warning] Failed resolving a blocks item drop or smeltedstack with code bdherb:herb-{herbcrops} in Block bdherb:crop-woodspurge-3
17.8.2026 23:10:49 [Warning] Failed resolving a blocks item drop or smeltedstack with code bdherb:seeds-{herbcrops} in Block bdherb:crop-yarrow-3
17.8.2026 23:10:49 [Warning] Failed resolving a blocks item drop or smeltedstack with code bdherb:herb-{herbcrops} in Block bdherb:crop-yarrow-3
17.8.2026 23:10:49 [Warning] Failed resolving a blocks item drop or smeltedstack with code bdherb:skunkcabbage-leafs in Block bdherb:amphibiousplant-skunkcabbage-small-free
17.8.2026 23:10:49 [Warning] Failed resolving a blocks item drop or smeltedstack with code bdherb:skunkcabbage-stem in Block bdherb:amphibiousplant-skunkcabbage-small-free
17.8.2026 23:10:49 [Warning] Failed resolving a blocks item drop or smeltedstack with code bdherb:skunkcabbage-leafs in Block bdherb:amphibiousplant-skunkcabbage-medium-free
17.8.2026 23:10:49 [Warning] Failed resolving a blocks item drop or smeltedstack with code bdherb:skunkcabbage-stem in Block bdherb:amphibiousplant-skunkcabbage-medium-free
17.8.2026 23:10:49 [Warning] Failed resolving a blocks item drop or smeltedstack with code bdherb:skunkcabbage-leafs in Block bdherb:amphibiousplant-skunkcabbage-large-free
17.8.2026 23:10:49 [Warning] Failed resolving a blocks item drop or smeltedstack with code bdherb:skunkcabbage-stem in Block bdherb:amphibiousplant-skunkcabbage-large-free
17.8.2026 23:10:49 [Warning] Failed resolving a blocks item drop or smeltedstack with code bdherb:skunkcabbage-leafs in Block bdherb:amphibiousplant-skunkcabbage-small-snow
17.8.2026 23:10:49 [Warning] Failed resolving a blocks item drop or smeltedstack with code bdherb:skunkcabbage-stem in Block bdherb:amphibiousplant-skunkcabbage-small-snow
17.8.2026 23:10:49 [Warning] Failed resolving a blocks item drop or smeltedstack with code bdherb:skunkcabbage-leafs in Block bdherb:amphibiousplant-skunkcabbage-medium-snow
17.8.2026 23:10:49 [Warning] Failed resolving a blocks item drop or smeltedstack with code bdherb:skunkcabbage-stem in Block bdherb:amphibiousplant-skunkcabbage-medium-snow
17.8.2026 23:10:49 [Warning] Failed resolving a blocks item drop or smeltedstack with code bdherb:skunkcabbage-leafs in Block bdherb:amphibiousplant-skunkcabbage-large-snow
17.8.2026 23:10:49 [Warning] Failed resolving a blocks item drop or smeltedstack with code bdherb:skunkcabbage-stem in Block bdherb:amphibiousplant-skunkcabbage-large-snow
17.8.2026 23:10:49 [Warning] Failed resolving a blocks item drop or smeltedstack with code bdherb:herb-angelica in Block bdherb:annualplant-angelica-normal
17.8.2026 23:10:49 [Warning] Failed resolving a blocks item drop or smeltedstack with code bdherb:herb-arnica in Block bdherb:annualplant-arnica-normal
17.8.2026 23:10:49 [Warning] Failed resolving a blocks item drop or smeltedstack with code bdherb:herb-arrowhead in Block bdherb:annualplant-arrowhead-normal
17.8.2026 23:10:49 [Warning] Failed resolving a blocks item drop or smeltedstack with code bdherb:herb-bearleek in Block bdherb:annualplant-bearleek-normal
17.8.2026 23:10:49 [Warning] Failed resolving a blocks item drop or smeltedstack with code bdherb:herb-blackpepper in Block bdherb:annualplant-blackpepper-normal
17.8.2026 23:10:49 [Warning] Failed resolving a blocks item drop or smeltedstack with code bdherb:herb-burdock in Block bdherb:annualplant-burdock-normal
17.8.2026 23:10:49 [Warning] Failed resolving a blocks item drop or smeltedstack with code bdherb:herb-burnet in Block bdherb:annualplant-burnet-normal
17.8.2026 23:10:49 [Warning] Failed resolving a blocks item drop or smeltedstack with code bdherb:herb-butterbur in Block bdherb:annualplant-butterbur-normal
17.8.2026 23:10:49 [Warning] Failed resolving a blocks item drop or smeltedstack with code bdherb:herb-celandine in Block bdherb:annualplant-celandine-normal
17.8.2026 23:10:49 [Warning] Failed resolving a blocks item drop or smeltedstack with code bdherb:herb-chicory in Block bdherb:annualplant-chicory-normal
17.8.2026 23:10:49 [Warning] Failed resolving a blocks item drop or smeltedstack with code bdherb:herb-cicuta in Block bdherb:annualplant-cicuta-normal
17.8.2026 23:10:49 [Warning] Failed resolving a blocks item drop or smeltedstack with code bdherb:herb-dill in Block bdherb:annualplant-dill-normal
17.8.2026 23:10:49 [Warning] Failed resolving a blocks item drop or smeltedstack with code bdherb:herb-dock in Block bdherb:annualplant-dock-normal
17.8.2026 23:10:49 [Warning] Failed resolving a blocks item drop or smeltedstack with code bdherb:herb-foxglove in Block bdherb:annualplant-foxglove-normal
17.8.2026 23:10:49 [Warning] Failed resolving a blocks item drop or smeltedstack with code bdherb:herb-ginger in Block bdherb:annualplant-ginger-normal
17.8.2026 23:10:49 [Warning] Failed resolving a blocks item drop or smeltedstack with code bdherb:herb-ginseng in Block bdherb:annualplant-ginseng-normal
17.8.2026 23:10:49 [Warning] Failed resolving a blocks item drop or smeltedstack with code bdherb:herb-holly in Block bdherb:annualplant-holly-normal
17.8.2026 23:10:49 [Warning] Failed resolving a blocks item drop or smeltedstack with code bdherb:herb-horehound in Block bdherb:annualplant-horehound-normal
17.8.2026 23:10:49 [Warning] Failed resolving a blocks item drop or smeltedstack with code bdherb:herb-inula in Block bdherb:annualplant-inula-normal
17.8.2026 23:10:49 [Warning] Failed resolving a blocks item drop or smeltedstack with code bdherb:herb-jewelweed in Block bdherb:annualplant-jewelweed-normal
17.8.2026 23:10:49 [Warning] Failed resolving a blocks item drop or smeltedstack with code bdherb:herb-katuk in Block bdherb:annualplant-katuk-normal
17.8.2026 23:10:49 [Warning] Failed resolving a blocks item drop or smeltedstack with code bdherb:herb-marigold in Block bdherb:annualplant-marigold-normal
17.8.2026 23:10:49 [Warning] Failed resolving a blocks item drop or smeltedstack with code bdherb:herb-marshmallow in Block bdherb:annualplant-marshmallow-normal
17.8.2026 23:10:49 [Warning] Failed resolving a blocks item drop or smeltedstack with code bdherb:herb-minerslettuce in Block bdherb:annualplant-minerslettuce-normal
17.8.2026 23:10:49 [Warning] Failed resolving a blocks item drop or smeltedstack with code bdherb:herb-mustard in Block bdherb:annualplant-mustard-normal
17.8.2026 23:10:49 [Warning] Failed resolving a blocks item drop or smeltedstack with code bdherb:herb-whitemansfoot in Block bdherb:annualplant-whitemansfoot-normal
17.8.2026 23:10:49 [Warning] Failed resolving a blocks item drop or smeltedstack with code bdherb:herb-poisonoak in Block bdherb:annualplant-poisonoak-normal
17.8.2026 23:10:49 [Warning] Failed resolving a blocks item drop or smeltedstack with code bdherb:herb-rockrose in Block bdherb:annualplant-rockrose-normal
17.8.2026 23:10:49 [Warning] Failed resolving a blocks item drop or smeltedstack with code bdherb:herb-rosemary in Block bdherb:annualplant-rosemary-normal
17.8.2026 23:10:49 [Warning] Failed resolving a blocks item drop or smeltedstack with code bdherb:herb-saltwort in Block bdherb:annualplant-saltwort-normal
17.8.2026 23:10:49 [Warning] Failed resolving a blocks item drop or smeltedstack with code bdherb:herb-skunkcabbage in Block bdherb:annualplant-skunkcabbage-normal
17.8.2026 23:10:49 [Warning] Failed resolving a blocks item drop or smeltedstack with code bdherb:herb-stingingnettle in Block bdherb:annualplant-stingingnettle-normal
17.8.2026 23:10:49 [Warning] Failed resolving a blocks item drop or smeltedstack with code bdherb:herb-stjohnswort in Block bdherb:annualplant-stjohnswort-normal
17.8.2026 23:10:49 [Warning] Failed resolving a blocks item drop or smeltedstack with code bdherb:herb-tansy in Block bdherb:annualplant-tansy-normal
17.8.2026 23:10:49 [Warning] Failed resolving a blocks item drop or smeltedstack with code bdherb:herb-woodspurge in Block bdherb:annualplant-woodspurge-normal
17.8.2026 23:10:49 [Warning] Failed resolving a blocks item drop or smeltedstack with code bdherb:herb-yarrow in Block bdherb:annualplant-yarrow-normal
17.8.2026 23:10:49 [Warning] Failed resolving a blocks item drop or smeltedstack with code bdherb:herb-arrowhead in Block bdherb:arrowhead-arrowhead-normal
17.8.2026 23:10:49 [Warning] Failed resolving a blocks item drop or smeltedstack with code bdherb:herb-butterbur in Block bdherb:leafyperennialplant-butterbur-normal
17.8.2026 23:10:49 [Warning] Failed resolving a blocks item drop or smeltedstack with code bdherb:herb-rhubarb in Block bdherb:leafyperennialplant-rhubarb-normal
17.8.2026 23:10:49 [Warning] Failed resolving a blocks item drop or smeltedstack with code bdherb:herb-lavender in Block bdherb:evergreenplant-lavender-normal
17.8.2026 23:10:49 [Warning] Failed resolving a blocks item drop or smeltedstack with code bdherb:herb-rosemary in Block bdherb:evergreenplant-rosemary-normal
17.8.2026 23:10:49 [Warning] Failed resolving a blocks item drop or smeltedstack with code bdherb:herb-thyme in Block bdherb:evergreenplant-thyme-normal
17.8.2026 23:10:49 [Warning] Failed resolving a blocks item drop or smeltedstack with code bdherb:herb-holly in Block bdherb:evergreenplant-holly-normal
17.8.2026 23:10:49 [Warning] Failed resolving a blocks item drop or smeltedstack with code bdherb:herb-poisonoak in Block bdherb:evergreenplant-poisonoak-normal
17.8.2026 23:10:49 [Warning] Failed resolving a blocks item drop or smeltedstack with code bdherb:herb-bearleek in Block bdherb:perennialplant-bearleek-normal
17.8.2026 23:10:49 [Warning] Failed resolving a blocks item drop or smeltedstack with code bdherb:herb-marjoram in Block bdherb:perennialplant-marjoram-normal
17.8.2026 23:10:49 [Warning] Failed resolving a blocks item drop or smeltedstack with code bdherb:herb-sage in Block bdherb:perennialplant-sage-normal
17.8.2026 23:10:49 [Warning] Failed resolving a blocks item drop or smeltedstack with code bdherb:herb-marshmallow in Block bdherb:perennialplant-marshmallow-normal
17.8.2026 23:10:49 [Warning] Failed resolving a blocks item drop or smeltedstack with code bdherb:herb-mint in Block bdherb:perennialplant-mint-normal
17.8.2026 23:10:49 [Warning] Failed resolving a blocks item drop or smeltedstack with code bdherb:herb-saffron in Block bdherb:perennialplant-saffron-normal
17.8.2026 23:10:49 [Warning] Failed resolving a blocks item drop or smeltedstack with code bdherb:herb-stjohnswort in Block bdherb:perennialplant-stjohnswort-normal
17.8.2026 23:10:49 [Warning] Failed resolving a blocks item drop or smeltedstack with code bdherb:herb-inula in Block bdherb:perennialplant-inula-normal
17.8.2026 23:10:49 [Warning] Failed resolving a blocks item drop or smeltedstack with code bdherb:herb-celandine in Block bdherb:perennialplant-celandine-normal
17.8.2026 23:10:49 [Warning] Failed resolving a blocks item drop or smeltedstack with code bdherb:herb-leek in Block bdherb:perennialplant-leek-normal
17.8.2026 23:10:49 [Warning] Failed resolving a blocks item drop or smeltedstack with code bdherb:herb-whitemansfoot in Block bdherb:perennialplant-whitemansfoot-normal
17.8.2026 23:10:49 [Warning] Failed resolving a blocks item drop or smeltedstack with code bdherb:herb-yarrow in Block bdherb:perennialplant-yarrow-normal
17.8.2026 23:10:49 [Warning] Failed resolving a blocks item drop or smeltedstack with code bdherb:herb-foxglove in Block bdherb:perennialplant-foxglove-normal
17.8.2026 23:10:49 [Warning] Failed resolving a blocks item drop or smeltedstack with code bdherb:herb-angelica in Block bdherb:perennialplant-angelica-normal
17.8.2026 23:10:49 [Warning] Failed resolving a blocks item drop or smeltedstack with code bdherb:herb-rockrose in Block bdherb:perennialplant-rockrose-normal
17.8.2026 23:10:49 [Warning] Failed resolving a blocks item drop or smeltedstack with code bdherb:herb-horehound in Block bdherb:perennialplant-horehound-normal
17.8.2026 23:10:49 [Warning] Failed resolving a blocks item drop or smeltedstack with code bdherb:herb-ginger in Block bdherb:perennialplant-ginger-normal
17.8.2026 23:10:49 [Warning] Failed resolving a blocks item drop or smeltedstack with code bdherb:herb-burnet in Block bdherb:perennialplant-burnet-normal
17.8.2026 23:10:49 [Warning] Failed resolving a blocks item drop or smeltedstack with code bdherb:herb-arnica in Block bdherb:perennialplant-arnica-normal
17.8.2026 23:10:49 [Warning] Failed resolving a blocks item drop or smeltedstack with code bdherb:herb-cicuta in Block bdherb:perennialplant-cicuta-normal
17.8.2026 23:10:49 [Warning] Failed resolving a blocks item drop or smeltedstack with code bdherb:herb-tansy in Block bdherb:perennialplant-tansy-normal
17.8.2026 23:10:49 [Warning] Failed resolving a blocks item drop or smeltedstack with code bdherb:herb-ginseng in Block bdherb:perennialplant-ginseng-normal
17.8.2026 23:10:49 [Warning] Failed resolving a blocks item drop or smeltedstack with code bdherb:herb-katuk in Block bdherb:perennialplant-katuk-normal
17.8.2026 23:10:49 [Warning] Failed resolving a blocks item drop or smeltedstack with code bdherb:herb-minerslettuce in Block bdherb:smallannualplant-minerslettuce-normal
17.8.2026 23:10:49 [Warning] Failed resolving a blocks item drop or smeltedstack with code bdherb:herb-woodspurge in Block bdherb:smallannualplant-woodspurge-normal
17.8.2026 23:10:49 [Warning] Failed resolving a blocks block drop or smeltedstack with code game:leavesbranchy-placed-bluespruce in Block bdtree:leavesbranchy-placed-bluespruce
17.8.2026 23:10:49 [Warning] Failed resolving a blocks block drop or smeltedstack with code game:leavesbranchy-placed-bluespruce in Block bdtree:leavesbranchy-placed-bluespruce
17.8.2026 23:10:49 [Warning] Failed resolving a blocks block drop or smeltedstack with code game:leavesbranchy-placed-wiliwili in Block bdtree:leavesbranchy-placed-wiliwili
17.8.2026 23:10:49 [Warning] Failed resolving a blocks block drop or smeltedstack with code game:leavesbranchy-placed-wiliwili in Block bdtree:leavesbranchy-placed-wiliwili
17.8.2026 23:10:49 [Warning] Failed resolving a blocks block drop or smeltedstack with code game:leavesbranchy-placed-crownofthorns in Block bdtree:leavesbranchy-placed-crownofthorns
17.8.2026 23:10:49 [Warning] Failed resolving a blocks block drop or smeltedstack with code game:leavesbranchy-placed-crownofthorns in Block bdtree:leavesbranchy-placed-crownofthorns
17.8.2026 23:10:49 [Warning] Failed resolving a blocks block drop or smeltedstack with code game:leavesbranchy-placed-brideinwhite in Block bdtree:leavesbranchy-placed-brideinwhite
17.8.2026 23:10:49 [Warning] Failed resolving a blocks block drop or smeltedstack with code game:leavesbranchy-placed-brideinwhite in Block bdtree:leavesbranchy-placed-brideinwhite
17.8.2026 23:10:49 [Warning] Failed resolving a blocks block drop or smeltedstack with code game:leavesbranchy-placed-alder in Block bdtree:leavesbranchy-placed-alder
17.8.2026 23:10:49 [Warning] Failed resolving a blocks block drop or smeltedstack with code game:leavesbranchy-placed-alder in Block bdtree:leavesbranchy-placed-alder
17.8.2026 23:10:49 [Warning] Failed resolving a blocks block drop or smeltedstack with code game:leavesbranchy-placed-weepingwillow in Block bdtree:leavesbranchy-placed-weepingwillow
17.8.2026 23:10:49 [Warning] Failed resolving a blocks block drop or smeltedstack with code game:leavesbranchy-placed-weepingwillow in Block bdtree:leavesbranchy-placed-weepingwillow
17.8.2026 23:10:49 [Warning] Failed resolving a blocks block drop or smeltedstack with code game:leavesbranchy-placed-redwillow in Block bdtree:leavesbranchy-placed-redwillow
17.8.2026 23:10:49 [Warning] Failed resolving a blocks block drop or smeltedstack with code game:leavesbranchy-placed-redwillow in Block bdtree:leavesbranchy-placed-redwillow
17.8.2026 23:10:49 [Warning] Failed resolving a blocks block drop or smeltedstack with code game:leavesbranchy-placed-pyramidalpoplar in Block bdtree:leavesbranchy-placed-pyramidalpoplar
17.8.2026 23:10:49 [Warning] Failed resolving a blocks block drop or smeltedstack with code game:leavesbranchy-placed-pyramidalpoplar in Block bdtree:leavesbranchy-placed-pyramidalpoplar
17.8.2026 23:10:49 [Warning] Failed resolving a blocks block drop or smeltedstack with code game:leavesbranchy-placed-aspen in Block bdtree:leavesbranchy-placed-aspen
17.8.2026 23:10:49 [Warning] Failed resolving a blocks block drop or smeltedstack with code game:leavesbranchy-placed-aspen in Block bdtree:leavesbranchy-placed-aspen
17.8.2026 23:10:49 [Warning] Failed resolving a blocks block drop or smeltedstack with code game:leavesbranchy-placed-heather in Block bdtree:leavesbranchy-placed-heather
17.8.2026 23:10:49 [Warning] Failed resolving a blocks block drop or smeltedstack with code game:leavesbranchy-placed-heather in Block bdtree:leavesbranchy-placed-heather
17.8.2026 23:10:49 [Warning] Failed resolving a blocks block drop or smeltedstack with code game:leavesbranchy-placed-sourwood in Block bdtree:leavesbranchy-placed-sourwood
17.8.2026 23:10:49 [Warning] Failed resolving a blocks block drop or smeltedstack with code game:leavesbranchy-placed-sourwood in Block bdtree:leavesbranchy-placed-sourwood
17.8.2026 23:10:49 [Warning] Failed resolving a blocks block drop or smeltedstack with code game:leavesbranchy-placed-mousetrap in Block bdtree:leavesbranchy-placed-mousetrap
17.8.2026 23:10:49 [Warning] Failed resolving a blocks block drop or smeltedstack with code game:leavesbranchy-placed-mousetrap in Block bdtree:leavesbranchy-placed-mousetrap
17.8.2026 23:10:49 [Warning] Failed resolving a blocks block drop or smeltedstack with code game:leavesbranchy-placed-ash in Block bdtree:leavesbranchy-placed-ash
17.8.2026 23:10:49 [Warning] Failed resolving a blocks block drop or smeltedstack with code game:leavesbranchy-placed-ash in Block bdtree:leavesbranchy-placed-ash
17.8.2026 23:10:49 [Warning] Failed resolving a blocks block drop or smeltedstack with code game:leavesbranchy-placed-azobe in Block bdtree:leavesbranchy-placed-azobe
17.8.2026 23:10:49 [Warning] Failed resolving a blocks block drop or smeltedstack with code game:leavesbranchy-placed-azobe in Block bdtree:leavesbranchy-placed-azobe
17.8.2026 23:10:49 [Warning] Failed resolving a blocks block drop or smeltedstack with code game:leavesbranchy-placed-banyan in Block bdtree:leavesbranchy-placed-banyan
17.8.2026 23:10:49 [Warning] Failed resolving a blocks block drop or smeltedstack with code game:leavesbranchy-placed-banyan in Block bdtree:leavesbranchy-placed-banyan
17.8.2026 23:10:49 [Warning] Failed resolving a blocks block drop or smeltedstack with code game:leavesbranchy-placed-beech in Block bdtree:leavesbranchy-placed-beech
17.8.2026 23:10:49 [Warning] Failed resolving a blocks block drop or smeltedstack with code game:leavesbranchy-placed-beech in Block bdtree:leavesbranchy-placed-beech
17.8.2026 23:10:49 [Warning] Failed resolving a blocks block drop or smeltedstack with code game:leavesbranchy-placed-bearnut in Block bdtree:leavesbranchy-placed-bearnut
17.8.2026 23:10:49 [Warning] Failed resolving a blocks block drop or smeltedstack with code game:leavesbranchy-placed-bearnut in Block bdtree:leavesbranchy-placed-bearnut
17.8.2026 23:10:49 [Warning] Failed resolving a blocks block drop or smeltedstack with code game:leavesbranchy-placed-bluemahoe in Block bdtree:leavesbranchy-placed-bluemahoe
17.8.2026 23:10:49 [Warning] Failed resolving a blocks block drop or smeltedstack with code game:leavesbranchy-placed-bluemahoe in Block bdtree:leavesbranchy-placed-bluemahoe
17.8.2026 23:10:49 [Warning] Failed resolving a blocks block drop or smeltedstack with code game:leavesbranchy-placed-catalpa in Block bdtree:leavesbranchy-placed-catalpa
17.8.2026 23:10:49 [Warning] Failed resolving a blocks block drop or smeltedstack with code game:leavesbranchy-placed-catalpa in Block bdtree:leavesbranchy-placed-catalpa
17.8.2026 23:10:49 [Warning] Failed resolving a blocks block drop or smeltedstack with code game:leavesbranchy-placed-cedar in Block bdtree:leavesbranchy-placed-cedar
17.8.2026 23:10:49 [Warning] Failed resolving a blocks block drop or smeltedstack with code game:leavesbranchy-placed-cedar in Block bdtree:leavesbranchy-placed-cedar
17.8.2026 23:10:49 [Warning] Failed resolving a blocks block drop or smeltedstack with code game:leavesbranchy-placed-dalbergia in Block bdtree:leavesbranchy-placed-dalbergia
17.8.2026 23:10:49 [Warning] Failed resolving a blocks block drop or smeltedstack with code game:leavesbranchy-placed-dalbergia in Block bdtree:leavesbranchy-placed-dalbergia
17.8.2026 23:10:49 [Warning] Failed resolving a blocks block drop or smeltedstack with code game:leavesbranchy-placed-douglasfir in Block bdtree:leavesbranchy-placed-douglasfir
17.8.2026 23:10:49 [Warning] Failed resolving a blocks block drop or smeltedstack with code game:leavesbranchy-placed-douglasfir in Block bdtree:leavesbranchy-placed-douglasfir
17.8.2026 23:10:49 [Warning] Failed resolving a blocks block drop or smeltedstack with code game:leavesbranchy-placed-elm in Block bdtree:leavesbranchy-placed-elm
17.8.2026 23:10:49 [Warning] Failed resolving a blocks block drop or smeltedstack with code game:leavesbranchy-placed-elm in Block bdtree:leavesbranchy-placed-elm
17.8.2026 23:10:49 [Warning] Failed resolving a blocks block drop or smeltedstack with code game:leavesbranchy-placed-empresstree in Block bdtree:leavesbranchy-placed-empresstree
17.8.2026 23:10:49 [Warning] Failed resolving a blocks block drop or smeltedstack with code game:leavesbranchy-placed-empresstree in Block bdtree:leavesbranchy-placed-empresstree
17.8.2026 23:10:49 [Warning] Failed resolving a blocks block drop or smeltedstack with code game:leavesbranchy-placed-eucalyptus in Block bdtree:leavesbranchy-placed-eucalyptus
17.8.2026 23:10:49 [Warning] Failed resolving a blocks block drop or smeltedstack with code game:leavesbranchy-placed-eucalyptus in Block bdtree:leavesbranchy-placed-eucalyptus
17.8.2026 23:10:49 [Warning] Failed resolving a blocks block drop or smeltedstack with code game:leavesbranchy-placed-fir in Block bdtree:leavesbranchy-placed-fir
17.8.2026 23:10:49 [Warning] Failed resolving a blocks block drop or smeltedstack with code game:leavesbranchy-placed-fir in Block bdtree:leavesbranchy-placed-fir
17.8.2026 23:10:49 [Warning] Failed resolving a blocks block drop or smeltedstack with code game:leavesbranchy-placed-ghostgum in Block bdtree:leavesbranchy-placed-ghostgum
17.8.2026 23:10:49 [Warning] Failed resolving a blocks block drop or smeltedstack with code game:leavesbranchy-placed-ghostgum in Block bdtree:leavesbranchy-placed-ghostgum
17.8.2026 23:10:49 [Warning] Failed resolving a blocks block drop or smeltedstack with code game:leavesbranchy-placed-ginkgo in Block bdtree:leavesbranchy-placed-ginkgo
17.8.2026 23:10:49 [Warning] Failed resolving a blocks block drop or smeltedstack with code game:leavesbranchy-placed-ginkgo in Block bdtree:leavesbranchy-placed-ginkgo
17.8.2026 23:10:49 [Warning] Failed resolving a blocks block drop or smeltedstack with code game:leavesbranchy-placed-guajacum in Block bdtree:leavesbranchy-placed-guajacum
17.8.2026 23:10:49 [Warning] Failed resolving a blocks block drop or smeltedstack with code game:leavesbranchy-placed-guajacum in Block bdtree:leavesbranchy-placed-guajacum
17.8.2026 23:10:49 [Warning] Failed resolving a blocks block drop or smeltedstack with code game:leavesbranchy-placed-honeylocust in Block bdtree:leavesbranchy-placed-honeylocust
17.8.2026 23:10:49 [Warning] Failed resolving a blocks block drop or smeltedstack with code game:leavesbranchy-placed-honeylocust in Block bdtree:leavesbranchy-placed-honeylocust
17.8.2026 23:10:49 [Warning] Failed resolving a blocks block drop or smeltedstack with code game:leavesbranchy-placed-horsechestnut in Block bdtree:leavesbranchy-placed-horsechestnut
17.8.2026 23:10:49 [Warning] Failed resolving a blocks block drop or smeltedstack with code game:leavesbranchy-placed-horsechestnut in Block bdtree:leavesbranchy-placed-horsechestnut
17.8.2026 23:10:49 [Warning] Failed resolving a blocks block drop or smeltedstack with code game:leavesbranchy-placed-rosewood in Block bdtree:leavesbranchy-placed-rosewood
17.8.2026 23:10:49 [Warning] Failed resolving a blocks block drop or smeltedstack with code game:leavesbranchy-placed-rosewood in Block bdtree:leavesbranchy-placed-rosewood
17.8.2026 23:10:49 [Warning] Failed resolving a blocks block drop or smeltedstack with code game:leavesbranchy-placed-kauri in Block bdtree:leavesbranchy-placed-kauri
17.8.2026 23:10:49 [Warning] Failed resolving a blocks block drop or smeltedstack with code game:leavesbranchy-placed-kauri in Block bdtree:leavesbranchy-placed-kauri
17.8.2026 23:10:49 [Warning] Failed resolving a blocks block drop or smeltedstack with code game:leavesbranchy-placed-leadwood in Block bdtree:leavesbranchy-placed-leadwood
17.8.2026 23:10:49 [Warning] Failed resolving a blocks block drop or smeltedstack with code game:leavesbranchy-placed-leadwood in Block bdtree:leavesbranchy-placed-leadwood
17.8.2026 23:10:49 [Warning] Failed resolving a blocks block drop or smeltedstack with code game:leavesbranchy-placed-linden in Block bdtree:leavesbranchy-placed-linden
17.8.2026 23:10:49 [Warning] Failed resolving a blocks block drop or smeltedstack with code game:leavesbranchy-placed-linden in Block bdtree:leavesbranchy-placed-linden
17.8.2026 23:10:49 [Warning] Failed resolving a blocks block drop or smeltedstack with code game:leavesbranchy-placed-mahogany in Block bdtree:leavesbranchy-placed-mahogany
17.8.2026 23:10:49 [Warning] Failed resolving a blocks block drop or smeltedstack with code game:leavesbranchy-placed-mahogany in Block bdtree:leavesbranchy-placed-mahogany
17.8.2026 23:10:49 [Warning] Failed resolving a blocks block drop or smeltedstack with code game:leavesbranchy-placed-mangrove in Block bdtree:leavesbranchy-placed-mangrove
17.8.2026 23:10:49 [Warning] Failed resolving a blocks block drop or smeltedstack with code game:leavesbranchy-placed-mangrove in Block bdtree:leavesbranchy-placed-mangrove
17.8.2026 23:10:49 [Warning] Failed resolving a blocks block drop or smeltedstack with code game:leavesbranchy-placed-ohia in Block bdtree:leavesbranchy-placed-ohia
17.8.2026 23:10:49 [Warning] Failed resolving a blocks block drop or smeltedstack with code game:leavesbranchy-placed-ohia in Block bdtree:leavesbranchy-placed-ohia
17.8.2026 23:10:49 [Warning] Failed resolving a blocks block drop or smeltedstack with code game:leavesbranchy-placed-poplar in Block bdtree:leavesbranchy-placed-poplar
17.8.2026 23:10:49 [Warning] Failed resolving a blocks block drop or smeltedstack with code game:leavesbranchy-placed-poplar in Block bdtree:leavesbranchy-placed-poplar
17.8.2026 23:10:49 [Warning] Failed resolving a blocks block drop or smeltedstack with code game:leavesbranchy-placed-redcedar in Block bdtree:leavesbranchy-placed-redcedar
17.8.2026 23:10:49 [Warning] Failed resolving a blocks block drop or smeltedstack with code game:leavesbranchy-placed-redcedar in Block bdtree:leavesbranchy-placed-redcedar
17.8.2026 23:10:49 [Warning] Failed resolving a blocks block drop or smeltedstack with code game:leavesbranchy-placed-sal in Block bdtree:leavesbranchy-placed-sal
17.8.2026 23:10:49 [Warning] Failed resolving a blocks block drop or smeltedstack with code game:leavesbranchy-placed-sal in Block bdtree:leavesbranchy-placed-sal
17.8.2026 23:10:49 [Warning] Failed resolving a blocks block drop or smeltedstack with code game:leavesbranchy-placed-sapele in Block bdtree:leavesbranchy-placed-sapele
17.8.2026 23:10:49 [Warning] Failed resolving a blocks block drop or smeltedstack with code game:leavesbranchy-placed-sapele in Block bdtree:leavesbranchy-placed-sapele
17.8.2026 23:10:49 [Warning] Failed resolving a blocks block drop or smeltedstack with code game:leavesbranchy-placed-satinash in Block bdtree:leavesbranchy-placed-satinash
17.8.2026 23:10:49 [Warning] Failed resolving a blocks block drop or smeltedstack with code game:leavesbranchy-placed-satinash in Block bdtree:leavesbranchy-placed-satinash
17.8.2026 23:10:49 [Warning] Failed resolving a blocks block drop or smeltedstack with code game:leavesbranchy-placed-saxaul in Block bdtree:leavesbranchy-placed-saxaul
17.8.2026 23:10:49 [Warning] Failed resolving a blocks block drop or smeltedstack with code game:leavesbranchy-placed-saxaul in Block bdtree:leavesbranchy-placed-saxaul
17.8.2026 23:10:49 [Warning] Failed resolving a blocks block drop or smeltedstack with code game:leavesbranchy-placed-spruce in Block bdtree:leavesbranchy-placed-spruce
17.8.2026 23:10:49 [Warning] Failed resolving a blocks block drop or smeltedstack with code game:leavesbranchy-placed-spruce in Block bdtree:leavesbranchy-placed-spruce
17.8.2026 23:10:49 [Warning] Failed resolving a blocks block drop or smeltedstack with code game:leavesbranchy-placed-spurgetree in Block bdtree:leavesbranchy-placed-spurgetree
17.8.2026 23:10:49 [Warning] Failed resolving a blocks block drop or smeltedstack with code game:leavesbranchy-placed-spurgetree in Block bdtree:leavesbranchy-placed-spurgetree
17.8.2026 23:10:49 [Warning] Failed resolving a blocks block drop or smeltedstack with code game:leavesbranchy-placed-sycamore in Block bdtree:leavesbranchy-placed-sycamore
17.8.2026 23:10:49 [Warning] Failed resolving a blocks block drop or smeltedstack with code game:leavesbranchy-placed-sycamore in Block bdtree:leavesbranchy-placed-sycamore
17.8.2026 23:10:49 [Warning] Failed resolving a blocks block drop or smeltedstack with code game:leavesbranchy-placed-tamanu in Block bdtree:leavesbranchy-placed-tamanu
17.8.2026 23:10:49 [Warning] Failed resolving a blocks block drop or smeltedstack with code game:leavesbranchy-placed-tamanu in Block bdtree:leavesbranchy-placed-tamanu
17.8.2026 23:10:49 [Warning] Failed resolving a blocks block drop or smeltedstack with code game:leavesbranchy-placed-tigerwood in Block bdtree:leavesbranchy-placed-tigerwood
17.8.2026 23:10:49 [Warning] Failed resolving a blocks block drop or smeltedstack with code game:leavesbranchy-placed-tigerwood in Block bdtree:leavesbranchy-placed-tigerwood
17.8.2026 23:10:49 [Warning] Failed resolving a blocks block drop or smeltedstack with code game:leavesbranchy-placed-tuja in Block bdtree:leavesbranchy-placed-tuja
17.8.2026 23:10:49 [Warning] Failed resolving a blocks block drop or smeltedstack with code game:leavesbranchy-placed-tuja in Block bdtree:leavesbranchy-placed-tuja
17.8.2026 23:10:49 [Warning] Failed resolving a blocks block drop or smeltedstack with code game:leavesbranchy-placed-umnini in Block bdtree:leavesbranchy-placed-umnini
17.8.2026 23:10:49 [Warning] Failed resolving a blocks block drop or smeltedstack with code game:leavesbranchy-placed-umnini in Block bdtree:leavesbranchy-placed-umnini
17.8.2026 23:10:49 [Warning] Failed resolving a blocks block drop or smeltedstack with code game:leavesbranchy-placed-willow in Block bdtree:leavesbranchy-placed-willow
17.8.2026 23:10:49 [Warning] Failed resolving a blocks block drop or smeltedstack with code game:leavesbranchy-placed-willow in Block bdtree:leavesbranchy-placed-willow
17.8.2026 23:10:49 [Warning] Failed resolving a blocks block drop or smeltedstack with code game:leavesbranchy-placed-yew in Block bdtree:leavesbranchy-placed-yew
17.8.2026 23:10:49 [Warning] Failed resolving a blocks block drop or smeltedstack with code game:leavesbranchy-placed-yew in Block bdtree:leavesbranchy-placed-yew
17.8.2026 23:10:49 [Warning] Failed resolving a blocks block drop or smeltedstack with code game:leaves-placed-bluespruce in Block bdtree:leaves-placed-bluespruce
17.8.2026 23:10:49 [Warning] Failed resolving a blocks block drop or smeltedstack with code game:leaves-placed-bluespruce in Block bdtree:leaves-placed-bluespruce
17.8.2026 23:10:49 [Warning] Failed resolving a blocks block drop or smeltedstack with code game:leaves-placed-wiliwili in Block bdtree:leaves-placed-wiliwili
17.8.2026 23:10:49 [Warning] Failed resolving a blocks block drop or smeltedstack with code game:leaves-placed-wiliwili in Block bdtree:leaves-placed-wiliwili
17.8.2026 23:10:49 [Warning] Failed resolving a blocks block drop or smeltedstack with code game:leaves-placed-crownofthorns in Block bdtree:leaves-placed-crownofthorns
17.8.2026 23:10:49 [Warning] Failed resolving a blocks block drop or smeltedstack with code game:leaves-placed-crownofthorns in Block bdtree:leaves-placed-crownofthorns
17.8.2026 23:10:49 [Warning] Failed resolving a blocks block drop or smeltedstack with code game:leaves-placed-brideinwhite in Block bdtree:leaves-placed-brideinwhite
17.8.2026 23:10:49 [Warning] Failed resolving a blocks block drop or smeltedstack with code game:leaves-placed-brideinwhite in Block bdtree:leaves-placed-brideinwhite
17.8.2026 23:10:49 [Warning] Failed resolving a blocks block drop or smeltedstack with code game:leaves-placed-alder in Block bdtree:leaves-placed-alder
17.8.2026 23:10:49 [Warning] Failed resolving a blocks block drop or smeltedstack with code game:leaves-placed-alder in Block bdtree:leaves-placed-alder
17.8.2026 23:10:49 [Warning] Failed resolving a blocks block drop or smeltedstack with code game:leaves-placed-weepingwillow in Block bdtree:leaves-placed-weepingwillow
17.8.2026 23:10:49 [Warning] Failed resolving a blocks block drop or smeltedstack with code game:leaves-placed-weepingwillow in Block bdtree:leaves-placed-weepingwillow
17.8.2026 23:10:49 [Warning] Failed resolving a blocks block drop or smeltedstack with code game:leaves-placed-redwillow in Block bdtree:leaves-placed-redwillow
17.8.2026 23:10:49 [Warning] Failed resolving a blocks block drop or smeltedstack with code game:leaves-placed-redwillow in Block bdtree:leaves-placed-redwillow
17.8.2026 23:10:49 [Warning] Failed resolving a blocks block drop or smeltedstack with code game:leaves-placed-pyramidalpoplar in Block bdtree:leaves-placed-pyramidalpoplar
17.8.2026 23:10:49 [Warning] Failed resolving a blocks block drop or smeltedstack with code game:leaves-placed-pyramidalpoplar in Block bdtree:leaves-placed-pyramidalpoplar
17.8.2026 23:10:49 [Warning] Failed resolving a blocks block drop or smeltedstack with code game:leaves-placed-aspen in Block bdtree:leaves-placed-aspen
17.8.2026 23:10:49 [Warning] Failed resolving a blocks block drop or smeltedstack with code game:leaves-placed-aspen in Block bdtree:leaves-placed-aspen
17.8.2026 23:10:49 [Warning] Failed resolving a blocks block drop or smeltedstack with code game:leaves-placed-heather in Block bdtree:leaves-placed-heather
17.8.2026 23:10:49 [Warning] Failed resolving a blocks block drop or smeltedstack with code game:leaves-placed-heather in Block bdtree:leaves-placed-heather
17.8.2026 23:10:49 [Warning] Failed resolving a blocks block drop or smeltedstack with code game:leaves-placed-sourwood in Block bdtree:leaves-placed-sourwood
17.8.2026 23:10:49 [Warning] Failed resolving a blocks block drop or smeltedstack with code game:leaves-placed-sourwood in Block bdtree:leaves-placed-sourwood
17.8.2026 23:10:49 [Warning] Failed resolving a blocks block drop or smeltedstack with code game:leaves-placed-mousetrap in Block bdtree:leaves-placed-mousetrap
17.8.2026 23:10:49 [Warning] Failed resolving a blocks block drop or smeltedstack with code game:leaves-placed-mousetrap in Block bdtree:leaves-placed-mousetrap
17.8.2026 23:10:49 [Warning] Failed resolving a blocks block drop or smeltedstack with code game:leaves-placed-ash in Block bdtree:leaves-placed-ash
17.8.2026 23:10:49 [Warning] Failed resolving a blocks block drop or smeltedstack with code game:leaves-placed-ash in Block bdtree:leaves-placed-ash
17.8.2026 23:10:49 [Warning] Failed resolving a blocks block drop or smeltedstack with code game:leaves-placed-azobe in Block bdtree:leaves-placed-azobe
17.8.2026 23:10:49 [Warning] Failed resolving a blocks block drop or smeltedstack with code game:leaves-placed-azobe in Block bdtree:leaves-placed-azobe
17.8.2026 23:10:49 [Warning] Failed resolving a blocks block drop or smeltedstack with code game:leaves-placed-banyan in Block bdtree:leaves-placed-banyan
17.8.2026 23:10:49 [Warning] Failed resolving a blocks block drop or smeltedstack with code game:leaves-placed-banyan in Block bdtree:leaves-placed-banyan
17.8.2026 23:10:49 [Warning] Failed resolving a blocks block drop or smeltedstack with code game:leaves-placed-beech in Block bdtree:leaves-placed-beech
17.8.2026 23:10:49 [Warning] Failed resolving a blocks block drop or smeltedstack with code game:leaves-placed-beech in Block bdtree:leaves-placed-beech
17.8.2026 23:10:49 [Warning] Failed resolving a blocks block drop or smeltedstack with code game:leaves-placed-bearnut in Block bdtree:leaves-placed-bearnut
17.8.2026 23:10:49 [Warning] Failed resolving a blocks block drop or smeltedstack with code game:leaves-placed-bearnut in Block bdtree:leaves-placed-bearnut
17.8.2026 23:10:49 [Warning] Failed resolving a blocks block drop or smeltedstack with code game:leaves-placed-bluemahoe in Block bdtree:leaves-placed-bluemahoe
17.8.2026 23:10:49 [Warning] Failed resolving a blocks block drop or smeltedstack with code game:leaves-placed-bluemahoe in Block bdtree:leaves-placed-bluemahoe
17.8.2026 23:10:49 [Warning] Failed resolving a blocks block drop or smeltedstack with code game:leaves-placed-catalpa in Block bdtree:leaves-placed-catalpa
17.8.2026 23:10:49 [Warning] Failed resolving a blocks block drop or smeltedstack with code game:leaves-placed-catalpa in Block bdtree:leaves-placed-catalpa
17.8.2026 23:10:49 [Warning] Failed resolving a blocks block drop or smeltedstack with code game:leaves-placed-cedar in Block bdtree:leaves-placed-cedar
17.8.2026 23:10:49 [Warning] Failed resolving a blocks block drop or smeltedstack with code game:leaves-placed-cedar in Block bdtree:leaves-placed-cedar
17.8.2026 23:10:49 [Warning] Failed resolving a blocks block drop or smeltedstack with code game:leaves-placed-dalbergia in Block bdtree:leaves-placed-dalbergia
17.8.2026 23:10:49 [Warning] Failed resolving a blocks block drop or smeltedstack with code game:leaves-placed-dalbergia in Block bdtree:leaves-placed-dalbergia
17.8.2026 23:10:49 [Warning] Failed resolving a blocks block drop or smeltedstack with code game:leaves-placed-douglasfir in Block bdtree:leaves-placed-douglasfir
17.8.2026 23:10:49 [Warning] Failed resolving a blocks block drop or smeltedstack with code game:leaves-placed-douglasfir in Block bdtree:leaves-placed-douglasfir
17.8.2026 23:10:49 [Warning] Failed resolving a blocks block drop or smeltedstack with code game:leaves-placed-elm in Block bdtree:leaves-placed-elm
17.8.2026 23:10:49 [Warning] Failed resolving a blocks block drop or smeltedstack with code game:leaves-placed-elm in Block bdtree:leaves-placed-elm
17.8.2026 23:10:49 [Warning] Failed resolving a blocks block drop or smeltedstack with code game:leaves-placed-empresstree in Block bdtree:leaves-placed-empresstree
17.8.2026 23:10:49 [Warning] Failed resolving a blocks block drop or smeltedstack with code game:leaves-placed-empresstree in Block bdtree:leaves-placed-empresstree
17.8.2026 23:10:49 [Warning] Failed resolving a blocks block drop or smeltedstack with code game:leaves-placed-eucalyptus in Block bdtree:leaves-placed-eucalyptus
17.8.2026 23:10:49 [Warning] Failed resolving a blocks block drop or smeltedstack with code game:leaves-placed-eucalyptus in Block bdtree:leaves-placed-eucalyptus
17.8.2026 23:10:49 [Warning] Failed resolving a blocks block drop or smeltedstack with code game:leaves-placed-fir in Block bdtree:leaves-placed-fir
17.8.2026 23:10:49 [Warning] Failed resolving a blocks block drop or smeltedstack with code game:leaves-placed-fir in Block bdtree:leaves-placed-fir
17.8.2026 23:10:49 [Warning] Failed resolving a blocks block drop or smeltedstack with code game:leaves-placed-ghostgum in Block bdtree:leaves-placed-ghostgum
17.8.2026 23:10:49 [Warning] Failed resolving a blocks block drop or smeltedstack with code game:leaves-placed-ghostgum in Block bdtree:leaves-placed-ghostgum
17.8.2026 23:10:49 [Warning] Failed resolving a blocks block drop or smeltedstack with code game:leaves-placed-ginkgo in Block bdtree:leaves-placed-ginkgo
17.8.2026 23:10:49 [Warning] Failed resolving a blocks block drop or smeltedstack with code game:leaves-placed-ginkgo in Block bdtree:leaves-placed-ginkgo
17.8.2026 23:10:49 [Warning] Failed resolving a blocks block drop or smeltedstack with code game:leaves-placed-guajacum in Block bdtree:leaves-placed-guajacum
17.8.2026 23:10:49 [Warning] Failed resolving a blocks block drop or smeltedstack with code game:leaves-placed-guajacum in Block bdtree:leaves-placed-guajacum
17.8.2026 23:10:49 [Warning] Failed resolving a blocks block drop or smeltedstack with code game:leaves-placed-honeylocust in Block bdtree:leaves-placed-honeylocust
17.8.2026 23:10:49 [Warning] Failed resolving a blocks block drop or smeltedstack with code game:leaves-placed-honeylocust in Block bdtree:leaves-placed-honeylocust
17.8.2026 23:10:49 [Warning] Failed resolving a blocks block drop or smeltedstack with code game:leaves-placed-horsechestnut in Block bdtree:leaves-placed-horsechestnut
17.8.2026 23:10:49 [Warning] Failed resolving a blocks block drop or smeltedstack with code game:leaves-placed-horsechestnut in Block bdtree:leaves-placed-horsechestnut
17.8.2026 23:10:49 [Warning] Failed resolving a blocks block drop or smeltedstack with code game:leaves-placed-rosewood in Block bdtree:leaves-placed-rosewood
17.8.2026 23:10:49 [Warning] Failed resolving a blocks block drop or smeltedstack with code game:leaves-placed-rosewood in Block bdtree:leaves-placed-rosewood
17.8.2026 23:10:49 [Warning] Failed resolving a blocks block drop or smeltedstack with code game:leaves-placed-kauri in Block bdtree:leaves-placed-kauri
17.8.2026 23:10:49 [Warning] Failed resolving a blocks block drop or smeltedstack with code game:leaves-placed-kauri in Block bdtree:leaves-placed-kauri
17.8.2026 23:10:49 [Warning] Failed resolving a blocks block drop or smeltedstack with code game:leaves-placed-leadwood in Block bdtree:leaves-placed-leadwood
17.8.2026 23:10:49 [Warning] Failed resolving a blocks block drop or smeltedstack with code game:leaves-placed-leadwood in Block bdtree:leaves-placed-leadwood
17.8.2026 23:10:49 [Warning] Failed resolving a blocks block drop or smeltedstack with code game:leaves-placed-linden in Block bdtree:leaves-placed-linden
17.8.2026 23:10:49 [Warning] Failed resolving a blocks block drop or smeltedstack with code game:leaves-placed-linden in Block bdtree:leaves-placed-linden
17.8.2026 23:10:49 [Warning] Failed resolving a blocks block drop or smeltedstack with code game:leaves-placed-mahogany in Block bdtree:leaves-placed-mahogany
17.8.2026 23:10:49 [Warning] Failed resolving a blocks block drop or smeltedstack with code game:leaves-placed-mahogany in Block bdtree:leaves-placed-mahogany
17.8.2026 23:10:49 [Warning] Failed resolving a blocks block drop or smeltedstack with code game:leaves-placed-mangrove in Block bdtree:leaves-placed-mangrove
17.8.2026 23:10:49 [Warning] Failed resolving a blocks block drop or smeltedstack with code game:leaves-placed-mangrove in Block bdtree:leaves-placed-mangrove
17.8.2026 23:10:49 [Warning] Failed resolving a blocks block drop or smeltedstack with code game:leaves-placed-ohia in Block bdtree:leaves-placed-ohia
17.8.2026 23:10:49 [Warning] Failed resolving a blocks block drop or smeltedstack with code game:leaves-placed-ohia in Block bdtree:leaves-placed-ohia
17.8.2026 23:10:49 [Warning] Failed resolving a blocks block drop or smeltedstack with code game:leaves-placed-poplar in Block bdtree:leaves-placed-poplar
17.8.2026 23:10:49 [Warning] Failed resolving a blocks block drop or smeltedstack with code game:leaves-placed-poplar in Block bdtree:leaves-placed-poplar
17.8.2026 23:10:49 [Warning] Failed resolving a blocks block drop or smeltedstack with code game:leaves-placed-redcedar in Block bdtree:leaves-placed-redcedar
17.8.2026 23:10:49 [Warning] Failed resolving a blocks block drop or smeltedstack with code game:leaves-placed-redcedar in Block bdtree:leaves-placed-redcedar
17.8.2026 23:10:49 [Warning] Failed resolving a blocks block drop or smeltedstack with code game:leaves-placed-sal in Block bdtree:leaves-placed-sal
17.8.2026 23:10:49 [Warning] Failed resolving a blocks block drop or smeltedstack with code game:leaves-placed-sal in Block bdtree:leaves-placed-sal
17.8.2026 23:10:49 [Warning] Failed resolving a blocks block drop or smeltedstack with code game:leaves-placed-sapele in Block bdtree:leaves-placed-sapele
17.8.2026 23:10:49 [Warning] Failed resolving a blocks block drop or smeltedstack with code game:leaves-placed-sapele in Block bdtree:leaves-placed-sapele
17.8.2026 23:10:49 [Warning] Failed resolving a blocks block drop or smeltedstack with code game:leaves-placed-satinash in Block bdtree:leaves-placed-satinash
17.8.2026 23:10:49 [Warning] Failed resolving a blocks block drop or smeltedstack with code game:leaves-placed-satinash in Block bdtree:leaves-placed-satinash
17.8.2026 23:10:49 [Warning] Failed resolving a blocks block drop or smeltedstack with code game:leaves-placed-saxaul in Block bdtree:leaves-placed-saxaul
17.8.2026 23:10:49 [Warning] Failed resolving a blocks block drop or smeltedstack with code game:leaves-placed-saxaul in Block bdtree:leaves-placed-saxaul
17.8.2026 23:10:49 [Warning] Failed resolving a blocks block drop or smeltedstack with code game:leaves-placed-spruce in Block bdtree:leaves-placed-spruce
17.8.2026 23:10:49 [Warning] Failed resolving a blocks block drop or smeltedstack with code game:leaves-placed-spruce in Block bdtree:leaves-placed-spruce
17.8.2026 23:10:49 [Warning] Failed resolving a blocks block drop or smeltedstack with code game:leaves-placed-spurgetree in Block bdtree:leaves-placed-spurgetree
17.8.2026 23:10:49 [Warning] Failed resolving a blocks block drop or smeltedstack with code game:leaves-placed-spurgetree in Block bdtree:leaves-placed-spurgetree
17.8.2026 23:10:49 [Warning] Failed resolving a blocks block drop or smeltedstack with code game:leaves-placed-sycamore in Block bdtree:leaves-placed-sycamore
17.8.2026 23:10:49 [Warning] Failed resolving a blocks block drop or smeltedstack with code game:leaves-placed-sycamore in Block bdtree:leaves-placed-sycamore
17.8.2026 23:10:49 [Warning] Failed resolving a blocks block drop or smeltedstack with code game:leaves-placed-tamanu in Block bdtree:leaves-placed-tamanu
17.8.2026 23:10:49 [Warning] Failed resolving a blocks block drop or smeltedstack with code game:leaves-placed-tamanu in Block bdtree:leaves-placed-tamanu
17.8.2026 23:10:49 [Warning] Failed resolving a blocks block drop or smeltedstack with code game:leaves-placed-tigerwood in Block bdtree:leaves-placed-tigerwood
17.8.2026 23:10:49 [Warning] Failed resolving a blocks block drop or smeltedstack with code game:leaves-placed-tigerwood in Block bdtree:leaves-placed-tigerwood
17.8.2026 23:10:49 [Warning] Failed resolving a blocks block drop or smeltedstack with code game:leaves-placed-tuja in Block bdtree:leaves-placed-tuja
17.8.2026 23:10:49 [Warning] Failed resolving a blocks block drop or smeltedstack with code game:leaves-placed-tuja in Block bdtree:leaves-placed-tuja
17.8.2026 23:10:49 [Warning] Failed resolving a blocks block drop or smeltedstack with code game:leaves-placed-umnini in Block bdtree:leaves-placed-umnini
17.8.2026 23:10:49 [Warning] Failed resolving a blocks block drop or smeltedstack with code game:leaves-placed-umnini in Block bdtree:leaves-placed-umnini
17.8.2026 23:10:49 [Warning] Failed resolving a blocks block drop or smeltedstack with code game:leaves-placed-willow in Block bdtree:leaves-placed-willow
17.8.2026 23:10:49 [Warning] Failed resolving a blocks block drop or smeltedstack with code game:leaves-placed-willow in Block bdtree:leaves-placed-willow
17.8.2026 23:10:49 [Warning] Failed resolving a blocks block drop or smeltedstack with code game:leaves-placed-yew in Block bdtree:leaves-placed-yew
17.8.2026 23:10:49 [Warning] Failed resolving a blocks block drop or smeltedstack with code game:leaves-placed-yew in Block bdtree:leaves-placed-yew
17.8.2026 23:10:49 [Notification] Tags registry was locked.
17.8.2026 23:10:49 [Notification] Entering runphase AssetsFinalize
17.8.2026 23:10:49 [Notification] [OverhaullibLegacyCompat] Enabled vanilla grinding wheel sharpening for 157 weapon items; added Buffable to 75 missing items.
17.8.2026 23:10:49 [Notification] [Immersive Fibercraft] Patched game:flaxfibers storage flags: General -> General, Offhand
17.8.2026 23:10:49 [Notification] [Immersive Fibercraft] Patched pemmican:algae-fiber storage flags: General -> General, Offhand
17.8.2026 23:10:49 [Notification] [Immersive Fibercraft] Patched pemmican:papyrus-fiber storage flags: General -> General, Offhand
17.8.2026 23:10:49 [Notification] [Immersive Fibercraft] Successfully patched 3 spinnable items for offhand compatibility
17.8.2026 23:10:49 [Notification] [Immersive Fibercraft] Found vanilla flax twine recipe: game:recipes/grid/twine.json -> Ficelle de lin
17.8.2026 23:10:49 [Notification] [Immersive Fibercraft] Found pemmican twine recipe: pemmican:recipes/grid/algae.json -> Ficelle de lin
17.8.2026 23:10:49 [Notification] [Immersive Fibercraft] Found pemmican twine recipe: pemmican:recipes/grid/papyrus-fiber.json -> Ficelle de lin
17.8.2026 23:10:49 [Notification] [Immersive Fibercraft] Successfully disabled 3 twine recipes
17.8.2026 23:10:49 [Notification] [Immersive Fibercraft] Found 3 total spinnable items
17.8.2026 23:10:49 [Notification] [Immersive Fibercraft] Patched spinning properties for 2 items based on config
17.8.2026 23:10:49 [Notification] [Immersive Fibercraft] Found 1 total weavable items
17.8.2026 23:10:49 [Notification] [Immersive Fibercraft] Patched weaving properties for 1 items based on config
17.8.2026 23:10:50 [Event] [morepiles] started 'More Piles' mod (586 ms)
17.8.2026 23:10:50 [Notification] [BlushAndBins.Code] Enabled priority block interaction for 161 block variants.
17.8.2026 23:10:50 [Notification] [BlushAndBins.Code] CarryOn compatibility enabled for 20 carryable and 20 interaction block variants.
17.8.2026 23:10:51 [Warning] [PlayerModelLib] [CustomModelsSystem] (racialequality:dwarf) Model icon by path 'game:textures/.png' does not exists
17.8.2026 23:10:51 [Warning] [PlayerModelLib] [CustomModelsSystem] (racialequality:elf) Model icon by path 'game:textures/.png' does not exists
17.8.2026 23:10:51 [Warning] [PlayerModelLib] [CustomModelsSystem] (racialequality:goblin) Model icon by path 'game:textures/.png' does not exists
17.8.2026 23:10:51 [Warning] [PlayerModelLib] [CustomModelsSystem] (racialequality:human) Model icon by path 'game:textures/.png' does not exists
17.8.2026 23:10:51 [Warning] [PlayerModelLib] [CustomModelsSystem] (racialequality:ork) Model icon by path 'game:textures/.png' does not exists
17.8.2026 23:10:51 [Event] Server assets loaded, parsed, registered and finalized
17.8.2026 23:10:51 [Event] Initialising systems...
17.8.2026 23:10:51 [Notification] Entering runphase LoadGamePre
17.8.2026 23:10:51 [Notification] [HydrothermalDistrict] Loaded config: hydrothermal-cold (cold)
17.8.2026 23:10:51 [Notification] [HydrothermalDistrict] Loaded config: magmatic-felsic-shallow (felsic-shallow)
17.8.2026 23:10:51 [Notification] [HydrothermalDistrict] Loaded config: magmatic-granitic-deep (granitic-deep)
17.8.2026 23:10:51 [Notification] [HydrothermalDistrict] Loaded config: magmatic-mafic-shallow (mafic-shallow)
17.8.2026 23:10:51 [Notification] [HydrothermalDistrict] Loaded 4 config(s). Lazy generation active.
17.8.2026 23:10:51 [Notification] [Subclasses] Config loaded successfully
17.8.2026 23:10:51 [Notification] Reloaded 19 weather patterns, 5 wind patterns and 5 weather events
17.8.2026 23:10:51 [Notification] [ArthursJournal] SQLite Database opened at C:\Users\nicol\AppData\Roaming\VintagestoryData\ModData\arthursjournal\journals.db
17.8.2026 23:10:51 [Notification] [CustomTableaux] Registered block variants: legacy=16, legacyCreative=0, wood=448, woodCreative=112, recipes=98
17.8.2026 23:10:51 [Notification] Applied patch to VintageStory's ItemAxe.OnBlockBrokenWith from Gimme One Seed Plz!
17.8.2026 23:10:51 [Notification] Loaded Gimme One Seed Plz!
17.8.2026 23:10:51 [Notification] NDLTorchholders: Removed 40 recipes
17.8.2026 23:10:51 [Notification] [vigor] [vigor] Server stamina synchronization ready.
17.8.2026 23:10:52 [Notification] Started 263 systems on Server:
17.8.2026 23:10:52 [Notification]     Mod 'Knapster_v4.0.0.zip' (knapster):
17.8.2026 23:10:52 [Notification]         Knapster.Program
17.8.2026 23:10:52 [Notification]         Knapster.Features.ModMenu.Systems.KnapsterAdminModMenu
17.8.2026 23:10:52 [Notification]         Knapster.Features.EasyTilling.Systems.EasyTillingServer
17.8.2026 23:10:52 [Notification]         Knapster.Features.EasySmithing.Systems.EasySmithingServer
17.8.2026 23:10:52 [Notification]         Knapster.Features.EasyPressing.Systems.EasyPressingServer
17.8.2026 23:10:52 [Notification]         Knapster.Features.EasyPanning.Systems.EasyPanningServer
17.8.2026 23:10:52 [Notification]         Knapster.Features.EasyMixingBowl.Systems.EasyMixingBowlServer
17.8.2026 23:10:52 [Notification]         Knapster.Features.EasyKnapping.Systems.EasyKnappingServer
17.8.2026 23:10:52 [Notification]         Knapster.Features.EasyHarvesting.Systems.EasyHarvestingServer
17.8.2026 23:10:52 [Notification]         Knapster.Features.EasyGrinding.Systems.EasyGrindingServer
17.8.2026 23:10:52 [Notification]         Knapster.Features.EasyClayForming.Systems.EasyClayFormingServer
17.8.2026 23:10:52 [Notification]     Mod 'overhaullib_2.0.9.zip' (overhaullib):
17.8.2026 23:10:52 [Notification]         OverhaulLib.OverhaulLibSystem
17.8.2026 23:10:52 [Notification]         OverhaulLib.Utils.ProtoBufSupport.OpenTKProtoBufSupportSystem
17.8.2026 23:10:52 [Notification]     Mod 'VSEssentials.dll' (game):
17.8.2026 23:10:52 [Notification]         Vintagestory.ServerMods.Core
17.8.2026 23:10:52 [Notification]         Vintagestory.ServerMods.GenTerra
17.8.2026 23:10:52 [Notification]         Vintagestory.ServerMods.GenSnowLayer
17.8.2026 23:10:52 [Notification]         Vintagestory.GameContent.EntityPartitioning
17.8.2026 23:10:52 [Notification]         Vintagestory.GameContent.ErrorReporter
17.8.2026 23:10:52 [Notification]         Vintagestory.ServerMods.GenTerraPostProcess
17.8.2026 23:10:52 [Notification]         Vintagestory.ServerMods.ModCompatiblityUtil
17.8.2026 23:10:52 [Notification]         Vintagestory.ServerMods.NoObf.ModJsonPatchLoader
17.8.2026 23:10:52 [Notification]         FluffyClouds.FluffyCloudsModSystem
17.8.2026 23:10:52 [Notification]         Vintagestory.Systems.ModSystemTfEditFromAttributes
17.8.2026 23:10:52 [Notification]         Vintagestory.Essentials.PathfindSystem
17.8.2026 23:10:52 [Notification]         Vintagestory.Essentials.PathFindDebug
17.8.2026 23:10:52 [Notification]         Vintagestory.Essentials.PathfindingAsync
17.8.2026 23:10:52 [Notification]         Vintagestory.ServerMods.JsonExport
17.8.2026 23:10:52 [Notification]         Vintagestory.ServerMods.ModBasicBlocksLoader
17.8.2026 23:10:52 [Notification]         Vintagestory.ServerMods.GenMaps
17.8.2026 23:10:52 [Notification]         Vintagestory.ServerMods.GenRockStrataNew
17.8.2026 23:10:52 [Notification]         Vintagestory.ServerMods.GenHotSprings
17.8.2026 23:10:52 [Notification]         Vintagestory.ServerMods.GenCreatures
17.8.2026 23:10:52 [Notification]         Vintagestory.ServerMods.ModSystemWorldGenStructures
17.8.2026 23:10:52 [Notification]         Vintagestory.GameContent.ModSystemItemRendererOptimizer
17.8.2026 23:10:52 [Notification]         Vintagestory.GameContent.AiRuntimeConfig
17.8.2026 23:10:52 [Notification]         Vintagestory.GameContent.ModSystemSyncHarvestableDropsToClient
17.8.2026 23:10:52 [Notification]         Vintagestory.GameContent.ModSystemEmotes
17.8.2026 23:10:52 [Notification]         Vintagestory.GameContent.LeafBlockDecay
17.8.2026 23:10:52 [Notification]         Vintagestory.GameContent.POIRegistry
17.8.2026 23:10:52 [Notification]         Vintagestory.GameContent.RoomRegistry
17.8.2026 23:10:52 [Notification]         Vintagestory.GameContent.WeatherSystemCommands
17.8.2026 23:10:52 [Notification]         Vintagestory.GameContent.WeatherSystemServer
17.8.2026 23:10:52 [Notification]         Vintagestory.GameContent.SystemRemotePlayerTracking
17.8.2026 23:10:52 [Notification]         Vintagestory.GameContent.WorldMapManager
17.8.2026 23:10:52 [Notification]         Vintagestory.ServerMods.GenDeposits
17.8.2026 23:10:52 [Notification]         Vintagestory.ServerMods.NoObf.ModRegistryObjectTypeLoader
17.8.2026 23:10:52 [Notification]         Vintagestory.ServerMods.LoadColorMaps
17.8.2026 23:10:52 [Notification]         Vintagestory.ServerMods.GenCaves
17.8.2026 23:10:52 [Notification]         Vintagestory.ServerMods.GenStructures
17.8.2026 23:10:52 [Notification]         Vintagestory.ServerMods.WgenCommands
17.8.2026 23:10:52 [Notification]         Vintagestory.ServerMods.GenBlockLayers
17.8.2026 23:10:52 [Notification]         Vintagestory.ServerMods.GenPonds
17.8.2026 23:10:52 [Notification]         Vintagestory.GameContent.ClothManager
17.8.2026 23:10:52 [Notification]         Vintagestory.ServerMods.GenStructuresPosPass
17.8.2026 23:10:52 [Notification]         Vintagestory.ServerMods.GenVegetationAndPatches
17.8.2026 23:10:52 [Notification]         Vintagestory.ServerMods.GenRivulets
17.8.2026 23:10:52 [Notification]         Vintagestory.ServerMods.GenLightSurvival
17.8.2026 23:10:52 [Notification]         Vintagestory.GameContent.CollectibleBuffDebug
17.8.2026 23:10:52 [Notification]     Mod 'VSA_API_V0.14.1.zip' (vsaapi):
17.8.2026 23:10:52 [Notification]         VSA.Api.VSAApiModSystem
17.8.2026 23:10:52 [Notification]     Mod 'VSSurvivalMod.dll' (survival):
17.8.2026 23:10:52 [Notification]         Vintagestory.GameContent.ModSystemControlPoints
17.8.2026 23:10:52 [Notification]         Vintagestory.GameContent.SurvivalCoreSystem
17.8.2026 23:10:52 [Notification]         Vintagestory.Systems.StoryLockableDoor
17.8.2026 23:10:52 [Notification]         Vintagestory.Client.NoObf.StoryGenFailedSystem
17.8.2026 23:10:52 [Notification]         Vintagestory.ServerMods.UpgradeTasks
17.8.2026 23:10:52 [Notification]         Vintagestory.ServerMods.ChiselBlockBulkSetMaterial
17.8.2026 23:10:52 [Notification]         Vintagestory.ServerMods.ModSystemDetailModeSync
17.8.2026 23:10:52 [Notification]         Vintagestory.ServerMods.NpcControl
17.8.2026 23:10:52 [Notification]         Vintagestory.ServerMods.ModSystemTiledDungeons
17.8.2026 23:10:52 [Notification]         Vintagestory.GameContent.ModSystemExplosionAffectedStability
17.8.2026 23:10:52 [Notification]         Vintagestory.GameContent.MyceliumSystem
17.8.2026 23:10:52 [Notification]         Vintagestory.GameContent.ModsystemButterflySpawnCondsExtra
17.8.2026 23:10:52 [Notification]         Vintagestory.GameContent.ModSystemFishInstaFlee
17.8.2026 23:10:52 [Notification]         Vintagestory.GameContent.ModSystemCatchCreature
17.8.2026 23:10:52 [Notification]         Vintagestory.GameContent.FishingSupportModSystem
17.8.2026 23:10:52 [Notification]         Vintagestory.GameContent.ModSystemGliding
17.8.2026 23:10:52 [Notification]         Vintagestory.GameContent.ModSystemSnowShoveling
17.8.2026 23:10:52 [Notification]         Vintagestory.GameContent.ModSystemSubTongsDurability
17.8.2026 23:10:52 [Notification]         Vintagestory.GameContent.ModSystemSwoopDev
17.8.2026 23:10:52 [Notification]         Vintagestory.GameContent.Timeswitch
17.8.2026 23:10:52 [Notification]         Vintagestory.GameContent.ClutterBookshelfUtil
17.8.2026 23:10:52 [Notification]         Vintagestory.GameContent.ScreenshakeToClientModSystem
17.8.2026 23:10:52 [Notification]         Vintagestory.GameContent.ModSystemResoArchiveCommands
17.8.2026 23:10:52 [Notification]         Vintagestory.GameContent.StoryStructuresSpawnConditions
17.8.2026 23:10:52 [Notification]         Vintagestory.GameContent.ModSystemNPCHairStyling
17.8.2026 23:10:52 [Notification]         Vintagestory.GameContent.ModSystemSkinnableAdditions
17.8.2026 23:10:52 [Notification]         Vintagestory.GameContent.ModSystemVillagerDebug
17.8.2026 23:10:52 [Notification]         Vintagestory.GameContent.ModSystemAuction
17.8.2026 23:10:52 [Notification]         Vintagestory.GameContent.ModSystemBlockReinforcement
17.8.2026 23:10:52 [Notification]         Vintagestory.GameContent.Core
17.8.2026 23:10:52 [Notification]         Vintagestory.GameContent.ModSystemBoatingSoundAndRatlineStamina
17.8.2026 23:10:52 [Notification]         Vintagestory.GameContent.CharacterSystem
17.8.2026 23:10:52 [Notification]         Vintagestory.GameContent.CustomSpawnConditions
17.8.2026 23:10:52 [Notification]         Vintagestory.GameContent.VariablesModSystem
17.8.2026 23:10:52 [Notification]         Vintagestory.GameContent.ModsystemElevator
17.8.2026 23:10:52 [Notification]         Vintagestory.GameContent.ActivityModSystem
17.8.2026 23:10:52 [Notification]         Vintagestory.GameContent.ActivityEditorSystem
17.8.2026 23:10:52 [Notification]         Vintagestory.GameContent.ModSystemFarming
17.8.2026 23:10:52 [Notification]         Vintagestory.GameContent.ModSystemCommandHandbook
17.8.2026 23:10:52 [Notification]         Vintagestory.GameContent.ModSystemTutorial
17.8.2026 23:10:52 [Notification]         Vintagestory.GameContent.HeldItemMouseInputHandler
17.8.2026 23:10:52 [Notification]         Vintagestory.GameContent.ModSystemCorpseReturnTeleporter
17.8.2026 23:10:52 [Notification]         Vintagestory.GameContent.ModSystemNightVision
17.8.2026 23:10:52 [Notification]         Vintagestory.GameContent.TobiasTeleporter
17.8.2026 23:10:52 [Notification]         Vintagestory.GameContent.ModJournal
17.8.2026 23:10:52 [Notification]         Vintagestory.GameContent.LiquidItemStackRenderer
17.8.2026 23:10:52 [Notification]         Vintagestory.GameContent.ModSystemStructureLocator
17.8.2026 23:10:52 [Notification]         Vintagestory.GameContent.ModLootRandomizer
17.8.2026 23:10:52 [Notification]         Vintagestory.GameContent.ModSystemEntityOwnership
17.8.2026 23:10:52 [Notification]         Vintagestory.GameContent.ModSystemRifts
17.8.2026 23:10:52 [Notification]         Vintagestory.GameContent.ModSystemRiftWeather
17.8.2026 23:10:52 [Notification]         Vintagestory.GameContent.ModSleeping
17.8.2026 23:10:52 [Notification]         Vintagestory.GameContent.ModSystemSupportBeamPlacer
17.8.2026 23:10:52 [Notification]         Vintagestory.GameContent.TeleporterManager
17.8.2026 23:10:52 [Notification]         Vintagestory.GameContent.ModTemperature
17.8.2026 23:10:52 [Notification]         Vintagestory.GameContent.SystemTemporalStability
17.8.2026 23:10:52 [Notification]         Vintagestory.GameContent.TemporalStabilityEffects
17.8.2026 23:10:52 [Notification]         Vintagestory.GameContent.ModSystemClimateSpecificTraderTypes
17.8.2026 23:10:52 [Notification]         Vintagestory.GameContent.ModSystemWearableStats
17.8.2026 23:10:52 [Notification]         Vintagestory.GameContent.ModSystemEditableBook
17.8.2026 23:10:52 [Notification]         Vintagestory.GameContent.Mechanics.ModSystemWindTurbulence
17.8.2026 23:10:52 [Notification]         Vintagestory.GameContent.Mechanics.MechanicalPowerMod
17.8.2026 23:10:52 [Notification]         Vintagestory.ServerMods.GenDungeons
17.8.2026 23:10:52 [Notification]         Vintagestory.GameContent.GenStoryStructures
17.8.2026 23:10:52 [Notification]         Vintagestory.ServerMods.WgenCommandsExt
17.8.2026 23:10:52 [Notification]         Vintagestory.ServerMods.GenDevastationLayer
17.8.2026 23:10:52 [Notification]         Vintagestory.GameContent.RecipeRegistrySystem
17.8.2026 23:10:52 [Notification]         Vintagestory.ServerMods.RecipeLoader
17.8.2026 23:10:52 [Notification]         Vintagestory.GameContent.ModSystemFishDepletion
17.8.2026 23:10:52 [Notification]         Vintagestory.GameContent.ModSystemWormGrunting
17.8.2026 23:10:52 [Notification]         Vintagestory.GameContent.ModSystemFireFromLightning
17.8.2026 23:10:52 [Notification]         Vintagestory.GameContent.ModSystemOreMap
17.8.2026 23:10:52 [Notification]         Vintagestory.GameContent.ModSystemSnowballs
17.8.2026 23:10:52 [Notification]         Vintagestory.GameContent.HumanoidOutfits
17.8.2026 23:10:52 [Notification]         Vintagestory.GameContent.ModSystemDevastationEffects
17.8.2026 23:10:52 [Notification]         Vintagestory.GameContent.DisableRecipeRegisteringSystem
17.8.2026 23:10:52 [Notification]     Mod 'CommonLibForked_VS1.22.0_net10_v2.8.1.zip' (commonlibforked):
17.8.2026 23:10:52 [Notification]         CommonLib.Config.ConfigManager
17.8.2026 23:10:52 [Notification]         CommonLib.Core
17.8.2026 23:10:52 [Notification]     Mod 'VSCreativeMod.dll' (creative):
17.8.2026 23:10:52 [Notification]         Vintagestory.ServerMods.Core
17.8.2026 23:10:52 [Notification]         Vintagestory.ServerMods.WorldEdit.WorldEdit
17.8.2026 23:10:52 [Notification]         Vintagestory.ServerMods.GenBlockLayersFlat
17.8.2026 23:10:52 [Notification]         Vintagestory.ServerMods.GenLightCreative
17.8.2026 23:10:52 [Notification]     Mod 'configlib_1.12.0.zip' (configlib):
17.8.2026 23:10:52 [Notification]         ConfigLib.ConfigLibModSystem
17.8.2026 23:10:52 [Notification]     Mod 'jsonpatcheslib_1.5.3.zip' (jsonpatcheslib):
17.8.2026 23:10:52 [Notification]         JsonPatchLib.JsonPatchLibSystem
17.8.2026 23:10:52 [Notification]     Mod 'adventurers-walking-stick-net10_3.0.9.zip' (walkingstick):
17.8.2026 23:10:52 [Notification]         WalkingStick.WalkingStickModSystem
17.8.2026 23:10:52 [Notification]         WalkingStick.WalkingStick
17.8.2026 23:10:52 [Notification]     Mod 'ChiselTools1.17.3.zip' (chiseltools):
17.8.2026 23:10:52 [Notification]         chisel.src.ChiselToolLoader
17.8.2026 23:10:52 [Notification]     Mod 'containersbundle_1.3.1.zip' (containersbundle):
17.8.2026 23:10:52 [Notification]         ContainersBundle.ContainersBundleModSystem
17.8.2026 23:10:52 [Notification]     Mod 'ExtraChests - Fantasy Edition v3.0.0.zip' (extrachestsfantasyedition):
17.8.2026 23:10:52 [Notification]         ExtraChests.ExtraChests
17.8.2026 23:10:52 [Notification]     Mod 'InterestingOreGen-v2.3.8.zip' (interestingoregen):
17.8.2026 23:10:52 [Notification]         InterestingOreGen.IOGCore
17.8.2026 23:10:52 [Notification]         InterestingOreGen.Generators.HydrothermalDistrictSystem
17.8.2026 23:10:52 [Notification]     Mod 'overhaulliblegacycompat_1.1.55.zip' (overhaulliblegacycompat):
17.8.2026 23:10:52 [Notification]         CombatOverhaul.FueledItemSystem
17.8.2026 23:10:52 [Notification]         CombatOverhaul.LogStuff
17.8.2026 23:10:52 [Notification]         CombatOverhaul.CombatOverhaulSystem
17.8.2026 23:10:52 [Notification]         CombatOverhaul.CombatOverhaulAnimationsSystem
17.8.2026 23:10:52 [Notification]         CombatOverhaul.WeaponBuffs.WeaponBuffSystem
17.8.2026 23:10:52 [Notification]         CombatOverhaul.Compatibility.PlayerModelLibCompatibilitySystem
17.8.2026 23:10:52 [Notification]     Mod 'P1nksShelvingTweaks_1.0.8.zip' (p1nksshelvingtweaks):
17.8.2026 23:10:52 [Notification]         P1nksShelvingTweaks.P1nksShelvingTweaksSystem
17.8.2026 23:10:52 [Notification]     Mod 'primitivesurvival_5.0.6.zip' (primitivesurvival):
17.8.2026 23:10:52 [Notification]         PrimitiveSurvival.ModSystem.PrimitiveSurvivalSystem
17.8.2026 23:10:52 [Notification]         PrimitiveSurvival.ModSystem.TreeHollows
17.8.2026 23:10:52 [Notification]     Mod 'racialability_0.2.7.zip' (racialability):
17.8.2026 23:10:52 [Notification]         Subclasses.ConfigurationSynchronization
17.8.2026 23:10:52 [Notification]         Subclasses.SubclassesModSystem
17.8.2026 23:10:52 [Notification]         Subclasses.CharacterSystem
17.8.2026 23:10:52 [Notification]         racialability.RacialAbilityModSystem
17.8.2026 23:10:52 [Notification]     Mod 'spinningwheel_1.2.12.zip' (spinningwheel):
17.8.2026 23:10:52 [Notification]         SpinningWheel.ModSystem.SpinningWheelModSystem
17.8.2026 23:10:52 [Notification]     Mod 'Stoneworks_1.0.2.zip' (meapineapplestone):
17.8.2026 23:10:52 [Notification]         Stoneworks.StoneworksModSystem
17.8.2026 23:10:52 [Notification]     Mod 'TemporalVessels_1.0.3.zip' (temporalvessels):
17.8.2026 23:10:52 [Notification]         TemporalVesselsCodex.TemporalVesselsModSystem
17.8.2026 23:10:52 [Notification]     Mod 'TerraTag_0.5.0.zip' (terratag):
17.8.2026 23:10:52 [Notification]         TerraTag.TerraTagModSystem
17.8.2026 23:10:52 [Notification]     Mod 'ToolBelt_0.3.5.zip' (toolbelt):
17.8.2026 23:10:52 [Notification]         Toolbelt.ToolbeltModSystem
17.8.2026 23:10:52 [Notification]     Mod 'VintageTimelapse-0.1.0.zip' (vintagetimelapse):
17.8.2026 23:10:52 [Notification]         VintageTimelapse.VintageTimelapseModSystem
17.8.2026 23:10:52 [Notification]     Mod 'wanderers-sketchbook-net10-2.0.5.zip' (arthursjournal):
17.8.2026 23:10:52 [Notification]         ArthursJournal.ArthursJournalModSystem
17.8.2026 23:10:52 [Notification]     Mod 'ACulinaryArtillery 2.0.0-dev.21.zip' (aculinaryartillery):
17.8.2026 23:10:52 [Notification]         ACulinaryArtillery.ACulinaryArtillery
17.8.2026 23:10:52 [Notification]         ACulinaryArtillery.ACARecipeRegistrySystem
17.8.2026 23:10:52 [Notification]     Mod 'alchemy_2.1.0-rc.76.zip' (alchemy):
17.8.2026 23:10:52 [Notification]         Alchemy.AlchemyMod
17.8.2026 23:10:52 [Notification]         Alchemy.LiquidMigrationCommands
17.8.2026 23:10:52 [Notification]     Mod 'animationslib_0.0.2.zip' (animationslib):
17.8.2026 23:10:52 [Notification]         AnimationsLib.AnimationsLibSystem
17.8.2026 23:10:52 [Notification]     Mod 'apewindows-v1.22.0-1..0.zip' (apewindows):
17.8.2026 23:10:52 [Notification]         apewindows.UnleadedModSystem
17.8.2026 23:10:52 [Notification]     Mod 'arrowbarrels-V1.22.0-1.5.0.zip' (arrowbarrels):
17.8.2026 23:10:52 [Notification]         arrowbarrels.Core
17.8.2026 23:10:52 [Notification]     Mod 'AstralStone-0.5.0.zip' (astralstone):
17.8.2026 23:10:52 [Notification]         AstralStone.AstralStoneModSystem
17.8.2026 23:10:52 [Notification]     Mod 'AttributeRenderingLibrary-v3.1.5.zip' (attributerenderinglibrary):
17.8.2026 23:10:52 [Notification]         AttributeRenderingLibrary.Core
17.8.2026 23:10:52 [Notification]         AttributeRenderingLibrary.Systems.BehaviorPrioritySystem
17.8.2026 23:10:52 [Notification]         AttributeRenderingLibrary.Systems.CollectibleAttributeCache
17.8.2026 23:10:52 [Notification]         AttributeRenderingLibrary.Systems.Creativestacks.VariantLoader
17.8.2026 23:10:52 [Notification]     Mod 'Auto Map Markers 5.0.3 - Vintage Story 1.22.zip' (egocaribautomapmarkers):
17.8.2026 23:10:52 [Notification]         Egocarib.AutoMapMarkers.MapMarkerMod
17.8.2026 23:10:52 [Notification]     Mod 'awearablelight-v1.2.3-pre.2.zip' (awearablelight):
17.8.2026 23:10:52 [Notification]         AWearableLight.AWearableLightCore
17.8.2026 23:10:52 [Notification]         AWearableLight.System.NetworkHandler
17.8.2026 23:10:52 [Notification]         AWearableLight.System.OnGameTick
17.8.2026 23:10:52 [Notification]     Mod 'baconbaconbacon_1.2.2.zip' (baconbaconbacon):
17.8.2026 23:10:52 [Notification]         baconbaconbacon.baconbaconbaconModSystem
17.8.2026 23:10:52 [Notification]     Mod 'barkcanoemod-1223.0.2.zip' (barkcanoe):
17.8.2026 23:10:52 [Notification]         BarkCanoe.BarkCanoeModSystem
17.8.2026 23:10:52 [Notification]         BarkCanoe.BarkCanoeOwnershipMod
17.8.2026 23:10:52 [Notification]         BarkCanoe.Utility.RegisterConfig
17.8.2026 23:10:52 [Notification]     Mod 'BiggerCellarsRebuilt0.1.4.zip' (biggercellarsrebuilt):
17.8.2026 23:10:52 [Notification]         BiggerCellarsRebuilt.BiggerCellarsRebuiltModSystem
17.8.2026 23:10:52 [Notification]     Mod 'billposting_2.0.2.zip' (billposting):
17.8.2026 23:10:52 [Notification]         billposting.billpostingModSystem
17.8.2026 23:10:52 [Notification]     Mod 'biodiversity_core_1.1.4.zip' (biodiversity):
17.8.2026 23:10:52 [Notification]         biodiversity.biodiversityModSystem
17.8.2026 23:10:52 [Notification]         biodiversity.src.System.bdWelcomeSystem
17.8.2026 23:10:52 [Notification]         biodiversity.src.System.TreeGenCommands
17.8.2026 23:10:52 [Notification]     Mod 'Building Wands 1.0.2.zip' (buildingwands):
17.8.2026 23:10:52 [Notification]         buildingwands.buildingwandsModSystem
17.8.2026 23:10:52 [Notification]     Mod 'butchering_1.13.5.zip' (butchering):
17.8.2026 23:10:52 [Notification]         Butchering.src.system.ButcheringSystem
17.8.2026 23:10:52 [Notification]         Butchering.src.system.XSkillsCompatibilitySystem
17.8.2026 23:10:52 [Notification]     Mod 'CarryOnLib-1.22.0_v1.0.0-pre.4.zip' (carryonlib):
17.8.2026 23:10:52 [Notification]         CarryOn.CarryOnLib.Core
17.8.2026 23:10:52 [Notification]     Mod 'CustomTableaux-1.6.8.zip' (customtableaux):
17.8.2026 23:10:52 [Notification]         CustomTableaux.CustomTableauxModSystem
17.8.2026 23:10:52 [Notification]     Mod 'emotes_2.5.1.zip' (emotes):
17.8.2026 23:10:52 [Notification]         Emotes.EmotesModSystem
17.8.2026 23:10:52 [Notification]     Mod 'FloralWorks-0.3.8.zip' (floralworks):
17.8.2026 23:10:52 [Notification]         FloralWorks.FloralWorksModSystem
17.8.2026 23:10:52 [Notification]     Mod 'foodshelves_3.0.4.zip' (foodshelves):
17.8.2026 23:10:52 [Notification]         FoodShelves.Core
17.8.2026 23:10:52 [Notification]     Mod 'FromGoldenCombs-1.22-v2.0.8.zip' (fromgoldencombs):
17.8.2026 23:10:52 [Notification]         FromGoldenCombs.FromGoldenCombs
17.8.2026 23:10:52 [Notification]         FromGoldenCombs.Util.HarmonyPatches.FGCHarmonySystem
17.8.2026 23:10:52 [Notification]     Mod 'gimmeoneseedplz_1.2.1.zip' (gimmeoneseedplz):
17.8.2026 23:10:52 [Notification]         GimmeOneSeedPlz.GimmeOneSeedPlzModSystem
17.8.2026 23:10:52 [Notification]     Mod 'herbarium_1.4.3.zip' (herbarium):
17.8.2026 23:10:52 [Notification]         herbarium.Herbarium
17.8.2026 23:10:52 [Notification]     Mod 'medievalexpansionpatch-1.4.1.zip' (medievalexpansionpatch):
17.8.2026 23:10:52 [Notification]         medievalexpansion.src.busineslogic.FeatureToggleSystem
17.8.2026 23:10:52 [Notification]         gates.src.MedievalExpansionMod
17.8.2026 23:10:52 [Notification]     Mod 'MorePiles-v3.0.1.zip' (morepiles):
17.8.2026 23:10:52 [Notification]         MorePiles.Core
17.8.2026 23:10:52 [Notification]     Mod 'ndlmushroomgrowth_2.2.1.zip' (ndlmushroomgrowth):
17.8.2026 23:10:52 [Notification]         ndlmushroomgrowth.ndlmushroomgrowthModSystem
17.8.2026 23:10:52 [Notification]     Mod 'ndltreegrowth_2.3.3.zip' (ndltreegrowth):
17.8.2026 23:10:52 [Notification]         ndltreegrowth.ndltreegrowthModSystem
17.8.2026 23:10:52 [Notification]     Mod 'ndlwoodentorchholder_3.0.2.zip' (ndlwoodentorchholder):
17.8.2026 23:10:52 [Notification]         ndlwoodentorchholder.ndlwoodentorchholderModSystem
17.8.2026 23:10:52 [Notification]     Mod 'PaintedCanvas-0.2.1.zip' (paintedcanvas):
17.8.2026 23:10:52 [Notification]         PaintedCanvas.PaintedCanvasModSystem
17.8.2026 23:10:52 [Notification]     Mod 'petai_v5.1.1.zip' (petai):
17.8.2026 23:10:52 [Notification]         PetAI.PetAI
17.8.2026 23:10:52 [Notification]     Mod 'PhysicalMaps-0.6.24.zip' (physicalmaps):
17.8.2026 23:10:52 [Notification]         PhysicalMaps.PhysicalMapsModSystem
17.8.2026 23:10:52 [Notification]     Mod 'placeonslabs_1.1.3.zip' (placeonslabs):
17.8.2026 23:10:52 [Notification]         PlaceOnSlabs.Source.Systems.ConfigSystem
17.8.2026 23:10:52 [Notification]         PlaceOnSlabs.Source.Systems.MainSystem
17.8.2026 23:10:52 [Notification]     Mod 'playermodellib_1.21.11.zip' (playermodellib):
17.8.2026 23:10:52 [Notification]         PlayerModelLib.PlayerModelModSystem
17.8.2026 23:10:52 [Notification]         PlayerModelLib.CustomModelsSystem
17.8.2026 23:10:52 [Notification]         PlayerModelLib.LatePlayerModelModSystem
17.8.2026 23:10:52 [Notification]     Mod 'postsandbeams_1.5.1.zip' (postsandbeams):
17.8.2026 23:10:52 [Notification]         PostsAndBeams.PostsAndBeamsCore
17.8.2026 23:10:52 [Notification]     Mod 'PrimitifGlider-0.4.5.zip' (primitifglider):
17.8.2026 23:10:52 [Notification]         PrimitifGlider.PrimitifGliderModSystem
17.8.2026 23:10:52 [Notification]     Mod 'resinfarmremake_1.1.4.zip' (resinfarmremake):
17.8.2026 23:10:52 [Notification]         ResinFarm.ResinFarmMod
17.8.2026 23:10:52 [Notification]     Mod 'RiderToolkitTest-0.1.0-test.zip' (ridertoolkittest):
17.8.2026 23:10:52 [Notification]         RiderToolkitTest.RiderToolkitTestModSystem
17.8.2026 23:10:52 [Notification]     Mod 'shipwright_1.4.1.zip' (shipwright):
17.8.2026 23:10:52 [Notification]         shipwright.ModSystemShipwrightSoundsAndStamina
17.8.2026 23:10:52 [Notification]         shipwright.ModSystemShipwrightCommands
17.8.2026 23:10:52 [Notification]         shipwright.ModSystemSailSwap
17.8.2026 23:10:52 [Notification]         shipwright.shipwrightCore
17.8.2026 23:10:52 [Notification]     Mod 'TentBag Reworked v3.2.3.zip' (tentbagreworked):
17.8.2026 23:10:52 [Notification]         TentBagReworked.TentBagReworkedModSystem
17.8.2026 23:10:52 [Notification]     Mod 'TerraPrety_7.10.2.zip' (terraprety):
17.8.2026 23:10:52 [Notification]         TerraPrety.TerraPretyModSystem
17.8.2026 23:10:52 [Notification]     Mod 'vigor_122.7.3.zip' (vigor):
17.8.2026 23:10:52 [Notification]         Vigor.VigorModSystem
17.8.2026 23:10:52 [Notification]     Mod 'vintagecanvas_1.1.1.zip' (vintagecanvas):
17.8.2026 23:10:52 [Notification]         VintageCanvas.VintageCanvasModSystem
17.8.2026 23:10:52 [Notification]     Mod 'vsairshipmod_1.1.4.zip' (vsairshipmod):
17.8.2026 23:10:52 [Notification]         VSAirshipmod.ModSystemAirshipSounds
17.8.2026 23:10:52 [Notification]         VSAirshipmod.VSAirshipmodModSystem
17.8.2026 23:10:52 [Notification]     Mod 'Wilderlands Environmental Stability Patch 2.0.3.zip' (wenvironmentalstabilitypatch):
17.8.2026 23:10:52 [Notification]         wenvironmentalstabilitypatch.EnvironmentalStabilityPatchSystem
17.8.2026 23:10:52 [Notification]     Mod 'APanserbjornStory-v0.10.2-1.21.0.zip' (apanserbjornstory):
17.8.2026 23:10:52 [Notification]         APanserbjornStory.APanserbjornStoryModSystem
17.8.2026 23:10:52 [Notification]     Mod 'BlushAndBins_1.3.3.zip' (blushandbins):
17.8.2026 23:10:52 [Notification]         BlushAndBins.Core.CoreModSystem
17.8.2026 23:10:52 [Notification]     Mod 'CarryOn-1.22.0_v2.0.0-pre.4.zip' (carryon):
17.8.2026 23:10:52 [Notification]         CarryOn.CarrySystem
17.8.2026 23:10:52 [Notification]     Mod 'Chariot-0.6.3.zip' (chariot):
17.8.2026 23:10:52 [Notification]         Chariot.ChariotModSystem
17.8.2026 23:10:52 [Notification]     Mod 'crossbowsfork_1.9.14.zip' (crossbowsfork):
17.8.2026 23:10:52 [Notification]         Crossbows.CrossbowsModSystem
17.8.2026 23:10:52 [Notification]     Mod 'DingDong_0.0.4.zip' (dingdong):
17.8.2026 23:10:52 [Notification]         DingDong.DingDongModSystem
17.8.2026 23:10:52 [Notification]     Mod 'Heraldry-v2.0.0.zip' (heraldry):
17.8.2026 23:10:52 [Notification]         Heraldry.Core
17.8.2026 23:10:52 [Notification]     Mod 'IndependentVehicles-0.3.3.zip' (independentvehicles):
17.8.2026 23:10:52 [Notification]         IndependentVehicles.IndependentVehiclesSystem
17.8.2026 23:10:52 [Notification]     Mod 'LecternWorks-0.4.35.zip' (lecternworks):
17.8.2026 23:10:52 [Notification]         LecternWorks.LecternWorksModSystem
17.8.2026 23:10:52 [Notification]     Mod 'PlayerCorpseForked_VS1.22.0_net10_v1.14.1.zip' (playercorpseforked):
17.8.2026 23:10:52 [Notification]         PlayerCorpse.Core
17.8.2026 23:10:52 [Notification]         PlayerCorpse.Systems.Commands
17.8.2026 23:10:52 [Notification]         PlayerCorpse.Systems.DeathContentManager
17.8.2026 23:10:52 [Notification]     Mod 'PNJRPG-0.26.1.zip' (pnjrpg):
17.8.2026 23:10:52 [Notification]         PnjRpg.ModSystemPnjRpg
17.8.2026 23:10:52 [Notification]     Mod 'quiversfork_0.9.27.zip' (quiversfork):
17.8.2026 23:10:52 [Notification]         QuiversAndSheaths.QuiversAndSheathsSystem
17.8.2026 23:10:52 [Notification]     Mod 'StoneQuarryForked.zip' (stonequarryforked):
17.8.2026 23:10:52 [Notification]         StoneQuarry.Core
17.8.2026 23:10:52 [Notification]         StoneQuarry.RockManager
17.8.2026 23:10:52 [Notification]     Mod 'terrainslabs_1.0.16.zip' (terrainslabs):
17.8.2026 23:10:52 [Notification]         TerrainSlabs.Source.Systems.ConfigSystem
17.8.2026 23:10:52 [Notification]         TerrainSlabs.Source.Systems.MainSystem
17.8.2026 23:10:52 [Notification]     Mod 'VSA_REPLICA_V0.2.7021.zip' (vsareplica):
17.8.2026 23:10:52 [Notification]         VSA.VSAReplicaModSystem
17.8.2026 23:10:52 [Notification]     Mod 'HeraldryBanners-v2.0.0.zip' (heraldrybanners):
17.8.2026 23:10:52 [Notification]         HeraldryBanners.Core
17.8.2026 23:10:52 [Notification]     Mod 'bedrespawner.zip' (bedrespawnerz1):
17.8.2026 23:10:52 [Notification]         BedRespawner.BedRespawnerModSystem
17.8.2026 23:10:52 [Notification]     Mod 'AdventurePortals_v1.2.0.zip' (adventureportals):
17.8.2026 23:10:52 [Notification]         AdventurePortals.AdventurePortalsSystem
17.8.2026 23:10:52 [Notification]     Mod 'XLib Fork v1.0.21.zip' (xlibfork):
17.8.2026 23:10:52 [Notification]         XLib.XLeveling.XLeveling
17.8.2026 23:10:52 [Notification]         XLib.XEffects.XEffectsSystem
17.8.2026 23:10:52 [Notification]     Mod 'xSkills Fork v1.0.70.zip' (xskillsfork):
17.8.2026 23:10:52 [Notification]         XSkills.FarmingAutoPatchSystem
17.8.2026 23:10:52 [Notification]         XSkills.XSkills
17.8.2026 23:10:52 [Notification]     Mod 'pigroast_1.1.1.zip' (pigroast):
17.8.2026 23:10:52 [Notification]         PigRoast.PigRoastModSystem
17.8.2026 23:10:52 [Event] 181 traits loaded from 3 files
17.8.2026 23:10:52 [Event] 28 classes loaded from 2 files
17.8.2026 23:10:52 [Error] Entity shape for entity racialability:boulder not found or errored, was supposed to be at racialability:shapes/item/boulder.json. Entity will be invisible!
17.8.2026 23:10:53 [Notification] [P1nksShelvingTweaks] Forced psurface for p1nksshelvingtweaks:ceilingsurface at y=15,68 (256 slots).
17.8.2026 23:10:53 [Notification] [P1nksShelvingTweaks] Forced psurface for p1nksshelvingtweaks:groundsurface at y=0,32 (256 slots).
17.8.2026 23:10:54 [Warning] 'ItemWearable' class is obsolete. Please, replace it with 'Wearable' behavior for medieval:clothes-arm-medieval-pouch instead
17.8.2026 23:10:54 [Warning] 'ItemWearable' class is obsolete. Please, replace it with 'Wearable' behavior for medieval:clothes-arm-esclava instead
17.8.2026 23:10:54 [Warning] 'ItemWearable' class is obsolete. Please, replace it with 'Wearable' behavior for medieval:armormedieval-head-chain-copper instead
17.8.2026 23:10:54 [Warning] 'ItemWearable' class is obsolete. Please, replace it with 'Wearable' behavior for medieval:armormedieval-body-chain-copper instead
17.8.2026 23:10:54 [Warning] 'ItemWearable' class is obsolete. Please, replace it with 'Wearable' behavior for medieval:armormedieval-legs-chain-copper instead
17.8.2026 23:10:54 [Warning] 'ItemWearable' class is obsolete. Please, replace it with 'Wearable' behavior for medieval:armormedieval-head-scale-copper instead
17.8.2026 23:10:54 [Warning] 'ItemWearable' class is obsolete. Please, replace it with 'Wearable' behavior for medieval:armormedieval-body-scale-copper instead
17.8.2026 23:10:54 [Warning] 'ItemWearable' class is obsolete. Please, replace it with 'Wearable' behavior for medieval:armormedieval-legs-scale-copper instead
17.8.2026 23:10:54 [Warning] 'ItemWearable' class is obsolete. Please, replace it with 'Wearable' behavior for medieval:armormedieval-head-plate-copper instead
17.8.2026 23:10:54 [Warning] 'ItemWearable' class is obsolete. Please, replace it with 'Wearable' behavior for medieval:armormedieval-body-plate-copper instead
17.8.2026 23:10:54 [Warning] 'ItemWearable' class is obsolete. Please, replace it with 'Wearable' behavior for medieval:armormedieval-legs-plate-copper instead
17.8.2026 23:10:54 [Warning] 'ItemWearable' class is obsolete. Please, replace it with 'Wearable' behavior for medieval:armormedieval-head-chain-tinbronze instead
17.8.2026 23:10:54 [Warning] 'ItemWearable' class is obsolete. Please, replace it with 'Wearable' behavior for medieval:armormedieval-body-chain-tinbronze instead
17.8.2026 23:10:54 [Warning] 'ItemWearable' class is obsolete. Please, replace it with 'Wearable' behavior for medieval:armormedieval-legs-chain-tinbronze instead
17.8.2026 23:10:54 [Warning] 'ItemWearable' class is obsolete. Please, replace it with 'Wearable' behavior for medieval:armormedieval-head-scale-tinbronze instead
17.8.2026 23:10:54 [Warning] 'ItemWearable' class is obsolete. Please, replace it with 'Wearable' behavior for medieval:armormedieval-body-scale-tinbronze instead
17.8.2026 23:10:54 [Warning] 'ItemWearable' class is obsolete. Please, replace it with 'Wearable' behavior for medieval:armormedieval-legs-scale-tinbronze instead
17.8.2026 23:10:54 [Warning] 'ItemWearable' class is obsolete. Please, replace it with 'Wearable' behavior for medieval:armormedieval-head-plate-tinbronze instead
17.8.2026 23:10:54 [Warning] 'ItemWearable' class is obsolete. Please, replace it with 'Wearable' behavior for medieval:armormedieval-body-plate-tinbronze instead
17.8.2026 23:10:54 [Warning] 'ItemWearable' class is obsolete. Please, replace it with 'Wearable' behavior for medieval:armormedieval-legs-plate-tinbronze instead
17.8.2026 23:10:54 [Warning] 'ItemWearable' class is obsolete. Please, replace it with 'Wearable' behavior for medieval:armormedieval-head-chain-bismuthbronze instead
17.8.2026 23:10:54 [Warning] 'ItemWearable' class is obsolete. Please, replace it with 'Wearable' behavior for medieval:armormedieval-body-chain-bismuthbronze instead
17.8.2026 23:10:54 [Warning] 'ItemWearable' class is obsolete. Please, replace it with 'Wearable' behavior for medieval:armormedieval-legs-chain-bismuthbronze instead
17.8.2026 23:10:54 [Warning] 'ItemWearable' class is obsolete. Please, replace it with 'Wearable' behavior for medieval:armormedieval-head-scale-bismuthbronze instead
17.8.2026 23:10:54 [Warning] 'ItemWearable' class is obsolete. Please, replace it with 'Wearable' behavior for medieval:armormedieval-body-scale-bismuthbronze instead
17.8.2026 23:10:54 [Warning] 'ItemWearable' class is obsolete. Please, replace it with 'Wearable' behavior for medieval:armormedieval-legs-scale-bismuthbronze instead
17.8.2026 23:10:54 [Warning] 'ItemWearable' class is obsolete. Please, replace it with 'Wearable' behavior for medieval:armormedieval-head-plate-bismuthbronze instead
17.8.2026 23:10:54 [Warning] 'ItemWearable' class is obsolete. Please, replace it with 'Wearable' behavior for medieval:armormedieval-body-plate-bismuthbronze instead
17.8.2026 23:10:54 [Warning] 'ItemWearable' class is obsolete. Please, replace it with 'Wearable' behavior for medieval:armormedieval-legs-plate-bismuthbronze instead
17.8.2026 23:10:54 [Warning] 'ItemWearable' class is obsolete. Please, replace it with 'Wearable' behavior for medieval:armormedieval-head-chain-blackbronze instead
17.8.2026 23:10:54 [Warning] 'ItemWearable' class is obsolete. Please, replace it with 'Wearable' behavior for medieval:armormedieval-body-chain-blackbronze instead
17.8.2026 23:10:54 [Warning] 'ItemWearable' class is obsolete. Please, replace it with 'Wearable' behavior for medieval:armormedieval-legs-chain-blackbronze instead
17.8.2026 23:10:54 [Warning] 'ItemWearable' class is obsolete. Please, replace it with 'Wearable' behavior for medieval:armormedieval-head-scale-blackbronze instead
17.8.2026 23:10:54 [Warning] 'ItemWearable' class is obsolete. Please, replace it with 'Wearable' behavior for medieval:armormedieval-body-scale-blackbronze instead
17.8.2026 23:10:54 [Warning] 'ItemWearable' class is obsolete. Please, replace it with 'Wearable' behavior for medieval:armormedieval-legs-scale-blackbronze instead
17.8.2026 23:10:54 [Warning] 'ItemWearable' class is obsolete. Please, replace it with 'Wearable' behavior for medieval:armormedieval-head-plate-blackbronze instead
17.8.2026 23:10:54 [Warning] 'ItemWearable' class is obsolete. Please, replace it with 'Wearable' behavior for medieval:armormedieval-body-plate-blackbronze instead
17.8.2026 23:10:54 [Warning] 'ItemWearable' class is obsolete. Please, replace it with 'Wearable' behavior for medieval:armormedieval-legs-plate-blackbronze instead
17.8.2026 23:10:54 [Warning] 'ItemWearable' class is obsolete. Please, replace it with 'Wearable' behavior for medieval:armormedieval-head-chain-iron instead
17.8.2026 23:10:54 [Warning] 'ItemWearable' class is obsolete. Please, replace it with 'Wearable' behavior for medieval:armormedieval-body-chain-iron instead
17.8.2026 23:10:54 [Warning] 'ItemWearable' class is obsolete. Please, replace it with 'Wearable' behavior for medieval:armormedieval-legs-chain-iron instead
17.8.2026 23:10:54 [Warning] 'ItemWearable' class is obsolete. Please, replace it with 'Wearable' behavior for medieval:armormedieval-head-scale-iron instead
17.8.2026 23:10:54 [Warning] 'ItemWearable' class is obsolete. Please, replace it with 'Wearable' behavior for medieval:armormedieval-body-scale-iron instead
17.8.2026 23:10:54 [Warning] 'ItemWearable' class is obsolete. Please, replace it with 'Wearable' behavior for medieval:armormedieval-legs-scale-iron instead
17.8.2026 23:10:54 [Warning] 'ItemWearable' class is obsolete. Please, replace it with 'Wearable' behavior for medieval:armormedieval-head-plate-iron instead
17.8.2026 23:10:54 [Warning] 'ItemWearable' class is obsolete. Please, replace it with 'Wearable' behavior for medieval:armormedieval-body-plate-iron instead
17.8.2026 23:10:54 [Warning] 'ItemWearable' class is obsolete. Please, replace it with 'Wearable' behavior for medieval:armormedieval-legs-plate-iron instead
17.8.2026 23:10:54 [Warning] 'ItemWearable' class is obsolete. Please, replace it with 'Wearable' behavior for medieval:armormedieval-head-chain-meteoriciron instead
17.8.2026 23:10:54 [Warning] 'ItemWearable' class is obsolete. Please, replace it with 'Wearable' behavior for medieval:armormedieval-body-chain-meteoriciron instead
17.8.2026 23:10:54 [Warning] 'ItemWearable' class is obsolete. Please, replace it with 'Wearable' behavior for medieval:armormedieval-legs-chain-meteoriciron instead
17.8.2026 23:10:54 [Warning] 'ItemWearable' class is obsolete. Please, replace it with 'Wearable' behavior for medieval:armormedieval-head-scale-meteoriciron instead
17.8.2026 23:10:54 [Warning] 'ItemWearable' class is obsolete. Please, replace it with 'Wearable' behavior for medieval:armormedieval-body-scale-meteoriciron instead
17.8.2026 23:10:54 [Warning] 'ItemWearable' class is obsolete. Please, replace it with 'Wearable' behavior for medieval:armormedieval-legs-scale-meteoriciron instead
17.8.2026 23:10:54 [Warning] 'ItemWearable' class is obsolete. Please, replace it with 'Wearable' behavior for medieval:armormedieval-head-plate-meteoriciron instead
17.8.2026 23:10:54 [Warning] 'ItemWearable' class is obsolete. Please, replace it with 'Wearable' behavior for medieval:armormedieval-body-plate-meteoriciron instead
17.8.2026 23:10:54 [Warning] 'ItemWearable' class is obsolete. Please, replace it with 'Wearable' behavior for medieval:armormedieval-legs-plate-meteoriciron instead
17.8.2026 23:10:54 [Warning] 'ItemWearable' class is obsolete. Please, replace it with 'Wearable' behavior for medieval:armormedieval-head-chain-steel instead
17.8.2026 23:10:54 [Warning] 'ItemWearable' class is obsolete. Please, replace it with 'Wearable' behavior for medieval:armormedieval-body-chain-steel instead
17.8.2026 23:10:54 [Warning] 'ItemWearable' class is obsolete. Please, replace it with 'Wearable' behavior for medieval:armormedieval-legs-chain-steel instead
17.8.2026 23:10:54 [Warning] 'ItemWearable' class is obsolete. Please, replace it with 'Wearable' behavior for medieval:armormedieval-head-scale-steel instead
17.8.2026 23:10:54 [Warning] 'ItemWearable' class is obsolete. Please, replace it with 'Wearable' behavior for medieval:armormedieval-body-scale-steel instead
17.8.2026 23:10:54 [Warning] 'ItemWearable' class is obsolete. Please, replace it with 'Wearable' behavior for medieval:armormedieval-legs-scale-steel instead
17.8.2026 23:10:54 [Warning] 'ItemWearable' class is obsolete. Please, replace it with 'Wearable' behavior for medieval:armormedieval-head-plate-steel instead
17.8.2026 23:10:54 [Warning] 'ItemWearable' class is obsolete. Please, replace it with 'Wearable' behavior for medieval:armormedieval-body-plate-steel instead
17.8.2026 23:10:54 [Warning] 'ItemWearable' class is obsolete. Please, replace it with 'Wearable' behavior for medieval:armormedieval-legs-plate-steel instead
17.8.2026 23:10:54 [Warning] 'ItemWearable' class is obsolete. Please, replace it with 'Wearable' behavior for medieval:armormedievalc-head-cloth-black instead
17.8.2026 23:10:54 [Warning] 'ItemWearable' class is obsolete. Please, replace it with 'Wearable' behavior for medieval:armormedievalc-body-cloth-black instead
17.8.2026 23:10:54 [Warning] 'ItemWearable' class is obsolete. Please, replace it with 'Wearable' behavior for medieval:armormedievalc-legs-cloth-black instead
17.8.2026 23:10:54 [Warning] 'ItemWearable' class is obsolete. Please, replace it with 'Wearable' behavior for medieval:armormedievalc-head-cloth-blackred instead
17.8.2026 23:10:54 [Warning] 'ItemWearable' class is obsolete. Please, replace it with 'Wearable' behavior for medieval:armormedievalc-body-cloth-blackred instead
17.8.2026 23:10:54 [Warning] 'ItemWearable' class is obsolete. Please, replace it with 'Wearable' behavior for medieval:armormedievalc-legs-cloth-blackred instead
17.8.2026 23:10:54 [Warning] 'ItemWearable' class is obsolete. Please, replace it with 'Wearable' behavior for medieval:armormedievalc-head-cloth-blackpurple instead
17.8.2026 23:10:54 [Warning] 'ItemWearable' class is obsolete. Please, replace it with 'Wearable' behavior for medieval:armormedievalc-body-cloth-blackpurple instead
17.8.2026 23:10:54 [Warning] 'ItemWearable' class is obsolete. Please, replace it with 'Wearable' behavior for medieval:armormedievalc-legs-cloth-blackpurple instead
17.8.2026 23:10:54 [Warning] 'ItemWearable' class is obsolete. Please, replace it with 'Wearable' behavior for medieval:armormedievalc-head-cloth-black2 instead
17.8.2026 23:10:54 [Warning] 'ItemWearable' class is obsolete. Please, replace it with 'Wearable' behavior for medieval:armormedievalc-body-cloth-black2 instead
17.8.2026 23:10:54 [Warning] 'ItemWearable' class is obsolete. Please, replace it with 'Wearable' behavior for medieval:armormedievalc-legs-cloth-black2 instead
17.8.2026 23:10:54 [Warning] 'ItemWearable' class is obsolete. Please, replace it with 'Wearable' behavior for medieval:armormedievalc-head-cloth-blue instead
17.8.2026 23:10:54 [Warning] 'ItemWearable' class is obsolete. Please, replace it with 'Wearable' behavior for medieval:armormedievalc-body-cloth-blue instead
17.8.2026 23:10:54 [Warning] 'ItemWearable' class is obsolete. Please, replace it with 'Wearable' behavior for medieval:armormedievalc-legs-cloth-blue instead
17.8.2026 23:10:54 [Warning] 'ItemWearable' class is obsolete. Please, replace it with 'Wearable' behavior for medieval:armormedievalc-head-cloth-darkpurple instead
17.8.2026 23:10:54 [Warning] 'ItemWearable' class is obsolete. Please, replace it with 'Wearable' behavior for medieval:armormedievalc-body-cloth-darkpurple instead
17.8.2026 23:10:54 [Warning] 'ItemWearable' class is obsolete. Please, replace it with 'Wearable' behavior for medieval:armormedievalc-legs-cloth-darkpurple instead
17.8.2026 23:10:54 [Warning] 'ItemWearable' class is obsolete. Please, replace it with 'Wearable' behavior for medieval:armormedievalc-head-cloth-red instead
17.8.2026 23:10:54 [Warning] 'ItemWearable' class is obsolete. Please, replace it with 'Wearable' behavior for medieval:armormedievalc-body-cloth-red instead
17.8.2026 23:10:54 [Warning] 'ItemWearable' class is obsolete. Please, replace it with 'Wearable' behavior for medieval:armormedievalc-legs-cloth-red instead
17.8.2026 23:10:54 [Warning] 'ItemWearable' class is obsolete. Please, replace it with 'Wearable' behavior for medieval:armormedievalc-head-cloth-red2 instead
17.8.2026 23:10:54 [Warning] 'ItemWearable' class is obsolete. Please, replace it with 'Wearable' behavior for medieval:armormedievalc-body-cloth-red2 instead
17.8.2026 23:10:54 [Warning] 'ItemWearable' class is obsolete. Please, replace it with 'Wearable' behavior for medieval:armormedievalc-legs-cloth-red2 instead
17.8.2026 23:10:54 [Warning] 'ItemWearable' class is obsolete. Please, replace it with 'Wearable' behavior for medieval:armormedievalc-head-cloth-red3 instead
17.8.2026 23:10:54 [Warning] 'ItemWearable' class is obsolete. Please, replace it with 'Wearable' behavior for medieval:armormedievalc-body-cloth-red3 instead
17.8.2026 23:10:54 [Warning] 'ItemWearable' class is obsolete. Please, replace it with 'Wearable' behavior for medieval:armormedievalc-legs-cloth-red3 instead
17.8.2026 23:10:54 [Warning] 'ItemWearable' class is obsolete. Please, replace it with 'Wearable' behavior for medieval:armormedievalc-head-cloth-infa1 instead
17.8.2026 23:10:54 [Warning] 'ItemWearable' class is obsolete. Please, replace it with 'Wearable' behavior for medieval:armormedievalc-body-cloth-infa1 instead
17.8.2026 23:10:54 [Warning] 'ItemWearable' class is obsolete. Please, replace it with 'Wearable' behavior for medieval:armormedievalc-legs-cloth-infa1 instead
17.8.2026 23:10:54 [Warning] 'ItemWearable' class is obsolete. Please, replace it with 'Wearable' behavior for medieval:armormedievalc-head-cloth-infa2 instead
17.8.2026 23:10:54 [Warning] 'ItemWearable' class is obsolete. Please, replace it with 'Wearable' behavior for medieval:armormedievalc-body-cloth-infa2 instead
17.8.2026 23:10:54 [Warning] 'ItemWearable' class is obsolete. Please, replace it with 'Wearable' behavior for medieval:armormedievalc-legs-cloth-infa2 instead
17.8.2026 23:10:54 [Warning] 'ItemWearable' class is obsolete. Please, replace it with 'Wearable' behavior for medieval:armormedievalc-head-cloth-infa3 instead
17.8.2026 23:10:54 [Warning] 'ItemWearable' class is obsolete. Please, replace it with 'Wearable' behavior for medieval:armormedievalc-body-cloth-infa3 instead
17.8.2026 23:10:54 [Warning] 'ItemWearable' class is obsolete. Please, replace it with 'Wearable' behavior for medieval:armormedievalc-legs-cloth-infa3 instead
17.8.2026 23:10:54 [Warning] 'ItemWearable' class is obsolete. Please, replace it with 'Wearable' behavior for medieval:armormedievalc-head-cloth-caba1 instead
17.8.2026 23:10:54 [Warning] 'ItemWearable' class is obsolete. Please, replace it with 'Wearable' behavior for medieval:armormedievalc-body-cloth-caba1 instead
17.8.2026 23:10:54 [Warning] 'ItemWearable' class is obsolete. Please, replace it with 'Wearable' behavior for medieval:armormedievalc-legs-cloth-caba1 instead
17.8.2026 23:10:54 [Warning] 'ItemWearable' class is obsolete. Please, replace it with 'Wearable' behavior for medieval:armormedievalc-head-cloth-caba2 instead
17.8.2026 23:10:54 [Warning] 'ItemWearable' class is obsolete. Please, replace it with 'Wearable' behavior for medieval:armormedievalc-body-cloth-caba2 instead
17.8.2026 23:10:54 [Warning] 'ItemWearable' class is obsolete. Please, replace it with 'Wearable' behavior for medieval:armormedievalc-legs-cloth-caba2 instead
17.8.2026 23:10:54 [Warning] 'ItemWearable' class is obsolete. Please, replace it with 'Wearable' behavior for medieval:armormedievalc-head-cloth-caba3 instead
17.8.2026 23:10:54 [Warning] 'ItemWearable' class is obsolete. Please, replace it with 'Wearable' behavior for medieval:armormedievalc-body-cloth-caba3 instead
17.8.2026 23:10:54 [Warning] 'ItemWearable' class is obsolete. Please, replace it with 'Wearable' behavior for medieval:armormedievalc-legs-cloth-caba3 instead
17.8.2026 23:10:54 [Warning] 'ItemWearable' class is obsolete. Please, replace it with 'Wearable' behavior for medieval:armormedievalc-head-cloth-templar instead
17.8.2026 23:10:54 [Warning] 'ItemWearable' class is obsolete. Please, replace it with 'Wearable' behavior for medieval:armormedievalc-body-cloth-templar instead
17.8.2026 23:10:54 [Warning] 'ItemWearable' class is obsolete. Please, replace it with 'Wearable' behavior for medieval:armormedievalc-legs-cloth-templar instead
17.8.2026 23:10:54 [Warning] 'ItemWearable' class is obsolete. Please, replace it with 'Wearable' behavior for medieval:armormedievalc-head-cloth-viking1 instead
17.8.2026 23:10:54 [Warning] 'ItemWearable' class is obsolete. Please, replace it with 'Wearable' behavior for medieval:armormedievalc-body-cloth-viking1 instead
17.8.2026 23:10:54 [Warning] 'ItemWearable' class is obsolete. Please, replace it with 'Wearable' behavior for medieval:armormedievalc-legs-cloth-viking1 instead
17.8.2026 23:10:54 [Warning] 'ItemWearable' class is obsolete. Please, replace it with 'Wearable' behavior for medieval:armormedievalc-head-cloth-viking2 instead
17.8.2026 23:10:54 [Warning] 'ItemWearable' class is obsolete. Please, replace it with 'Wearable' behavior for medieval:armormedievalc-body-cloth-viking2 instead
17.8.2026 23:10:54 [Warning] 'ItemWearable' class is obsolete. Please, replace it with 'Wearable' behavior for medieval:armormedievalc-legs-cloth-viking2 instead
17.8.2026 23:10:54 [Warning] 'ItemWearable' class is obsolete. Please, replace it with 'Wearable' behavior for medieval:armormedievalc-head-cloth-lamin instead
17.8.2026 23:10:54 [Warning] 'ItemWearable' class is obsolete. Please, replace it with 'Wearable' behavior for medieval:armormedievalc-body-cloth-lamin instead
17.8.2026 23:10:54 [Warning] 'ItemWearable' class is obsolete. Please, replace it with 'Wearable' behavior for medieval:armormedievalc-legs-cloth-lamin instead
17.8.2026 23:10:54 [Warning] 'ItemWearable' class is obsolete. Please, replace it with 'Wearable' behavior for medieval:armormedievalc-head-cloth-skull instead
17.8.2026 23:10:54 [Warning] 'ItemWearable' class is obsolete. Please, replace it with 'Wearable' behavior for medieval:armormedievall-head-leather-leather instead
17.8.2026 23:10:54 [Warning] 'ItemWearable' class is obsolete. Please, replace it with 'Wearable' behavior for medieval:armormedievall-body-leather-leather instead
17.8.2026 23:10:54 [Warning] 'ItemWearable' class is obsolete. Please, replace it with 'Wearable' behavior for medieval:armormedievall-legs-leather-leather instead
17.8.2026 23:10:54 [Warning] 'ItemWearable' class is obsolete. Please, replace it with 'Wearable' behavior for medieval:armormedievall-head-leatherc-plain instead
17.8.2026 23:10:54 [Warning] 'ItemWearable' class is obsolete. Please, replace it with 'Wearable' behavior for medieval:armormedievall-body-leatherc-plain instead
17.8.2026 23:10:54 [Warning] 'ItemWearable' class is obsolete. Please, replace it with 'Wearable' behavior for medieval:armormedievall-legs-leatherc-plain instead
17.8.2026 23:10:54 [Warning] 'ItemWearable' class is obsolete. Please, replace it with 'Wearable' behavior for medieval:armormedievall-head-leatherc-black instead
17.8.2026 23:10:54 [Warning] 'ItemWearable' class is obsolete. Please, replace it with 'Wearable' behavior for medieval:armormedievall-body-leatherc-black instead
17.8.2026 23:10:54 [Warning] 'ItemWearable' class is obsolete. Please, replace it with 'Wearable' behavior for medieval:armormedievall-legs-leatherc-black instead
17.8.2026 23:10:54 [Warning] 'ItemWearable' class is obsolete. Please, replace it with 'Wearable' behavior for medieval:armormedievall-head-leatherc-blue instead
17.8.2026 23:10:54 [Warning] 'ItemWearable' class is obsolete. Please, replace it with 'Wearable' behavior for medieval:armormedievall-body-leatherc-blue instead
17.8.2026 23:10:54 [Warning] 'ItemWearable' class is obsolete. Please, replace it with 'Wearable' behavior for medieval:armormedievall-legs-leatherc-blue instead
17.8.2026 23:10:54 [Warning] 'ItemWearable' class is obsolete. Please, replace it with 'Wearable' behavior for medieval:armormedievall-head-leatherc-brown instead
17.8.2026 23:10:54 [Warning] 'ItemWearable' class is obsolete. Please, replace it with 'Wearable' behavior for medieval:armormedievall-body-leatherc-brown instead
17.8.2026 23:10:54 [Warning] 'ItemWearable' class is obsolete. Please, replace it with 'Wearable' behavior for medieval:armormedievall-legs-leatherc-brown instead
17.8.2026 23:10:54 [Warning] 'ItemWearable' class is obsolete. Please, replace it with 'Wearable' behavior for medieval:armormedievall-head-leatherc-gray instead
17.8.2026 23:10:54 [Warning] 'ItemWearable' class is obsolete. Please, replace it with 'Wearable' behavior for medieval:armormedievall-body-leatherc-gray instead
17.8.2026 23:10:54 [Warning] 'ItemWearable' class is obsolete. Please, replace it with 'Wearable' behavior for medieval:armormedievall-legs-leatherc-gray instead
17.8.2026 23:10:54 [Warning] 'ItemWearable' class is obsolete. Please, replace it with 'Wearable' behavior for medieval:armormedievall-head-leatherc-green instead
17.8.2026 23:10:54 [Warning] 'ItemWearable' class is obsolete. Please, replace it with 'Wearable' behavior for medieval:armormedievall-body-leatherc-green instead
17.8.2026 23:10:54 [Warning] 'ItemWearable' class is obsolete. Please, replace it with 'Wearable' behavior for medieval:armormedievall-legs-leatherc-green instead
17.8.2026 23:10:54 [Warning] 'ItemWearable' class is obsolete. Please, replace it with 'Wearable' behavior for medieval:armormedievall-head-leatherc-orange instead
17.8.2026 23:10:54 [Warning] 'ItemWearable' class is obsolete. Please, replace it with 'Wearable' behavior for medieval:armormedievall-body-leatherc-orange instead
17.8.2026 23:10:54 [Warning] 'ItemWearable' class is obsolete. Please, replace it with 'Wearable' behavior for medieval:armormedievall-legs-leatherc-orange instead
17.8.2026 23:10:54 [Warning] 'ItemWearable' class is obsolete. Please, replace it with 'Wearable' behavior for medieval:armormedievall-head-leatherc-pink instead
17.8.2026 23:10:54 [Warning] 'ItemWearable' class is obsolete. Please, replace it with 'Wearable' behavior for medieval:armormedievall-body-leatherc-pink instead
17.8.2026 23:10:54 [Warning] 'ItemWearable' class is obsolete. Please, replace it with 'Wearable' behavior for medieval:armormedievall-legs-leatherc-pink instead
17.8.2026 23:10:54 [Warning] 'ItemWearable' class is obsolete. Please, replace it with 'Wearable' behavior for medieval:armormedievall-head-leatherc-purple instead
17.8.2026 23:10:54 [Warning] 'ItemWearable' class is obsolete. Please, replace it with 'Wearable' behavior for medieval:armormedievall-body-leatherc-purple instead
17.8.2026 23:10:54 [Warning] 'ItemWearable' class is obsolete. Please, replace it with 'Wearable' behavior for medieval:armormedievall-legs-leatherc-purple instead
17.8.2026 23:10:54 [Warning] 'ItemWearable' class is obsolete. Please, replace it with 'Wearable' behavior for medieval:armormedievall-head-leatherc-red instead
17.8.2026 23:10:54 [Warning] 'ItemWearable' class is obsolete. Please, replace it with 'Wearable' behavior for medieval:armormedievall-body-leatherc-red instead
17.8.2026 23:10:54 [Warning] 'ItemWearable' class is obsolete. Please, replace it with 'Wearable' behavior for medieval:armormedievall-legs-leatherc-red instead
17.8.2026 23:10:54 [Warning] 'ItemWearable' class is obsolete. Please, replace it with 'Wearable' behavior for medieval:armormedievall-head-leatherc-yellow instead
17.8.2026 23:10:54 [Warning] 'ItemWearable' class is obsolete. Please, replace it with 'Wearable' behavior for medieval:armormedievall-body-leatherc-yellow instead
17.8.2026 23:10:54 [Warning] 'ItemWearable' class is obsolete. Please, replace it with 'Wearable' behavior for medieval:armormedievall-legs-leatherc-yellow instead
17.8.2026 23:10:54 [Warning] 'ItemWearable' class is obsolete. Please, replace it with 'Wearable' behavior for medieval:armormedievall-head-leatherc-guindo instead
17.8.2026 23:10:54 [Warning] 'ItemWearable' class is obsolete. Please, replace it with 'Wearable' behavior for medieval:armormedievall-body-leatherc-guindo instead
17.8.2026 23:10:54 [Warning] 'ItemWearable' class is obsolete. Please, replace it with 'Wearable' behavior for medieval:armormedievall-legs-leatherc-guindo instead
17.8.2026 23:10:54 [Warning] 'ItemWearable' class is obsolete. Please, replace it with 'Wearable' behavior for medieval:clothes-emblem-whitebrown-fur-coat2 instead
17.8.2026 23:10:54 [Warning] 'ItemWearable' class is obsolete. Please, replace it with 'Wearable' behavior for medieval:clothes-emblem-whitebrown-fur-coat1 instead
17.8.2026 23:10:54 [Warning] 'ItemWearable' class is obsolete. Please, replace it with 'Wearable' behavior for medieval:clothes-emblem-white-fur-coat2 instead
17.8.2026 23:10:54 [Warning] 'ItemWearable' class is obsolete. Please, replace it with 'Wearable' behavior for medieval:clothes-emblem-white-fur-coat1 instead
17.8.2026 23:10:54 [Warning] 'ItemWearable' class is obsolete. Please, replace it with 'Wearable' behavior for medieval:clothes-emblem-red-fur-coat10 instead
17.8.2026 23:10:54 [Warning] 'ItemWearable' class is obsolete. Please, replace it with 'Wearable' behavior for medieval:clothes-emblem-red-fur-coat instead
17.8.2026 23:10:54 [Warning] 'ItemWearable' class is obsolete. Please, replace it with 'Wearable' behavior for medieval:clothes-emblem-emperador-yellow instead
17.8.2026 23:10:54 [Warning] 'ItemWearable' class is obsolete. Please, replace it with 'Wearable' behavior for medieval:clothes-emblem-emperador-white instead
17.8.2026 23:10:54 [Warning] 'ItemWearable' class is obsolete. Please, replace it with 'Wearable' behavior for medieval:clothes-emblem-emperador-red instead
17.8.2026 23:10:54 [Warning] 'ItemWearable' class is obsolete. Please, replace it with 'Wearable' behavior for medieval:clothes-emblem-emperador-purple instead
17.8.2026 23:10:54 [Warning] 'ItemWearable' class is obsolete. Please, replace it with 'Wearable' behavior for medieval:clothes-emblem-emperador-pink instead
17.8.2026 23:10:54 [Warning] 'ItemWearable' class is obsolete. Please, replace it with 'Wearable' behavior for medieval:clothes-emblem-emperador-orange instead
17.8.2026 23:10:54 [Warning] 'ItemWearable' class is obsolete. Please, replace it with 'Wearable' behavior for medieval:clothes-emblem-emperador-green instead
17.8.2026 23:10:54 [Warning] 'ItemWearable' class is obsolete. Please, replace it with 'Wearable' behavior for medieval:clothes-emblem-emperador-gray instead
17.8.2026 23:10:54 [Warning] 'ItemWearable' class is obsolete. Please, replace it with 'Wearable' behavior for medieval:clothes-emblem-emperador-brown instead
17.8.2026 23:10:54 [Warning] 'ItemWearable' class is obsolete. Please, replace it with 'Wearable' behavior for medieval:clothes-emblem-emperador-blue instead
17.8.2026 23:10:54 [Warning] 'ItemWearable' class is obsolete. Please, replace it with 'Wearable' behavior for medieval:clothes-emblem-emperador-black instead
17.8.2026 23:10:54 [Warning] 'ItemWearable' class is obsolete. Please, replace it with 'Wearable' behavior for medieval:clothes-emblem-emperador instead
17.8.2026 23:10:54 [Warning] 'ItemWearable' class is obsolete. Please, replace it with 'Wearable' behavior for medieval:clothes-emblem-brown-fur-coat instead
17.8.2026 23:10:54 [Warning] 'ItemWearable' class is obsolete. Please, replace it with 'Wearable' behavior for medieval:clothes-emblem-bearblack instead
17.8.2026 23:10:54 [Warning] 'ItemWearable' class is obsolete. Please, replace it with 'Wearable' behavior for medieval:clothes-emblem-bear instead
17.8.2026 23:10:54 [Warning] 'ItemWearable' class is obsolete. Please, replace it with 'Wearable' behavior for medieval:clothes-emblem-vikingarmor instead
17.8.2026 23:10:54 [Warning] 'ItemWearable' class is obsolete. Please, replace it with 'Wearable' behavior for medieval:clothes-emblem-capapurple instead
17.8.2026 23:10:54 [Warning] 'ItemWearable' class is obsolete. Please, replace it with 'Wearable' behavior for medieval:clothes-emblem-capablue instead
17.8.2026 23:10:54 [Warning] 'ItemWearable' class is obsolete. Please, replace it with 'Wearable' behavior for medieval:clothes-emblem-capagreen instead
17.8.2026 23:10:54 [Warning] 'ItemWearable' class is obsolete. Please, replace it with 'Wearable' behavior for medieval:clothes-emblem-capared instead
17.8.2026 23:10:54 [Warning] 'ItemWearable' class is obsolete. Please, replace it with 'Wearable' behavior for medieval:clothes-emblem-capa instead
17.8.2026 23:10:54 [Warning] 'ItemWearable' class is obsolete. Please, replace it with 'Wearable' behavior for medieval:clothes-emblem-ladyarmortop instead
17.8.2026 23:10:54 [Warning] 'ItemWearable' class is obsolete. Please, replace it with 'Wearable' behavior for medieval:clothes-emblem-leathersquare3 instead
17.8.2026 23:10:54 [Warning] 'ItemWearable' class is obsolete. Please, replace it with 'Wearable' behavior for medieval:clothes-emblem-leathersquare2 instead
17.8.2026 23:10:54 [Warning] 'ItemWearable' class is obsolete. Please, replace it with 'Wearable' behavior for medieval:clothes-emblem-guard instead
17.8.2026 23:10:54 [Warning] 'ItemWearable' class is obsolete. Please, replace it with 'Wearable' behavior for medieval:clothes-emblem-black1 instead
17.8.2026 23:10:54 [Warning] 'ItemWearable' class is obsolete. Please, replace it with 'Wearable' behavior for medieval:clothes-emblem-leathersquarem instead
17.8.2026 23:10:54 [Warning] 'ItemWearable' class is obsolete. Please, replace it with 'Wearable' behavior for medieval:clothes-emblem-leathersquare instead
17.8.2026 23:10:54 [Warning] 'ItemWearable' class is obsolete. Please, replace it with 'Wearable' behavior for medieval:clothes-emblem-leathercross instead
17.8.2026 23:10:54 [Warning] 'ItemWearable' class is obsolete. Please, replace it with 'Wearable' behavior for medieval:clothes-emblem-chain instead
17.8.2026 23:10:54 [Warning] 'ItemWearable' class is obsolete. Please, replace it with 'Wearable' behavior for medieval:clothes-face-snow instead
17.8.2026 23:10:54 [Warning] 'ItemWearable' class is obsolete. Please, replace it with 'Wearable' behavior for medieval:clothes-face-medievalglassesgold instead
17.8.2026 23:10:54 [Warning] 'ItemWearable' class is obsolete. Please, replace it with 'Wearable' behavior for medieval:clothes-face-medievalglasses instead
17.8.2026 23:10:54 [Warning] 'ItemWearable' class is obsolete. Please, replace it with 'Wearable' behavior for medieval:clothes-face-devilmask instead
17.8.2026 23:10:54 [Warning] 'ItemWearable' class is obsolete. Please, replace it with 'Wearable' behavior for medieval:clothes-face-skullmask instead
17.8.2026 23:10:54 [Warning] 'ItemWearable' class is obsolete. Please, replace it with 'Wearable' behavior for medieval:clothes-face-leather-maskwhite instead
17.8.2026 23:10:54 [Warning] 'ItemWearable' class is obsolete. Please, replace it with 'Wearable' behavior for medieval:clothes-face-leather-maskred instead
17.8.2026 23:10:54 [Warning] 'ItemWearable' class is obsolete. Please, replace it with 'Wearable' behavior for medieval:clothes-face-leather-mask instead
17.8.2026 23:10:54 [Warning] 'ItemWearable' class is obsolete. Please, replace it with 'Wearable' behavior for medieval:clothes-foot-vikingboots instead
17.8.2026 23:10:54 [Warning] 'ItemWearable' class is obsolete. Please, replace it with 'Wearable' behavior for medieval:clothes-foot-chainmail-boots instead
17.8.2026 23:10:54 [Warning] 'ItemWearable' class is obsolete. Please, replace it with 'Wearable' behavior for medieval:clothes-foot-sandalias instead
17.8.2026 23:10:54 [Warning] 'ItemWearable' class is obsolete. Please, replace it with 'Wearable' behavior for medieval:clothes-foot-medieval-boots-short instead
17.8.2026 23:10:54 [Warning] 'ItemWearable' class is obsolete. Please, replace it with 'Wearable' behavior for medieval:clothes-foot-hunter instead
17.8.2026 23:10:54 [Warning] 'ItemWearable' class is obsolete. Please, replace it with 'Wearable' behavior for medieval:clothes-foot-medieval-woman-shoes-white instead
17.8.2026 23:10:54 [Warning] 'ItemWearable' class is obsolete. Please, replace it with 'Wearable' behavior for medieval:clothes-foot-medieval-woman-shoes-red instead
17.8.2026 23:10:54 [Warning] 'ItemWearable' class is obsolete. Please, replace it with 'Wearable' behavior for medieval:clothes-foot-medieval-woman-shoes-green instead
17.8.2026 23:10:54 [Warning] 'ItemWearable' class is obsolete. Please, replace it with 'Wearable' behavior for medieval:clothes-foot-medieval-woman-shoes-gray instead
17.8.2026 23:10:54 [Warning] 'ItemWearable' class is obsolete. Please, replace it with 'Wearable' behavior for medieval:clothes-foot-medieval-woman-shoes-blue instead
17.8.2026 23:10:54 [Warning] 'ItemWearable' class is obsolete. Please, replace it with 'Wearable' behavior for medieval:clothes-foot-medieval-woman-shoes-black instead
17.8.2026 23:10:54 [Warning] 'ItemWearable' class is obsolete. Please, replace it with 'Wearable' behavior for medieval:clothes-foot-medieval-woman-shoes instead
17.8.2026 23:10:54 [Warning] 'ItemWearable' class is obsolete. Please, replace it with 'Wearable' behavior for medieval:clothes-foot-medieval-boots-white instead
17.8.2026 23:10:54 [Warning] 'ItemWearable' class is obsolete. Please, replace it with 'Wearable' behavior for medieval:clothes-foot-medieval-boots-red instead
17.8.2026 23:10:54 [Warning] 'ItemWearable' class is obsolete. Please, replace it with 'Wearable' behavior for medieval:clothes-foot-medieval-boots-green instead
17.8.2026 23:10:54 [Warning] 'ItemWearable' class is obsolete. Please, replace it with 'Wearable' behavior for medieval:clothes-foot-medieval-boots-gray instead
17.8.2026 23:10:54 [Warning] 'ItemWearable' class is obsolete. Please, replace it with 'Wearable' behavior for medieval:clothes-foot-medieval-boots-blue instead
17.8.2026 23:10:54 [Warning] 'ItemWearable' class is obsolete. Please, replace it with 'Wearable' behavior for medieval:clothes-foot-medieval-boots-black instead
17.8.2026 23:10:54 [Warning] 'ItemWearable' class is obsolete. Please, replace it with 'Wearable' behavior for medieval:clothes-foot-medieval-boots-large3 instead
17.8.2026 23:10:54 [Warning] 'ItemWearable' class is obsolete. Please, replace it with 'Wearable' behavior for medieval:clothes-foot-medieval-boots-large2 instead
17.8.2026 23:10:54 [Warning] 'ItemWearable' class is obsolete. Please, replace it with 'Wearable' behavior for medieval:clothes-foot-medieval-boots-large instead
17.8.2026 23:10:54 [Warning] 'ItemWearable' class is obsolete. Please, replace it with 'Wearable' behavior for medieval:clothes-foot-medieval-boots instead
17.8.2026 23:10:54 [Warning] 'ItemWearable' class is obsolete. Please, replace it with 'Wearable' behavior for medieval:clothes-foot-medieval-high-boots-knife-whitebrown instead
17.8.2026 23:10:54 [Warning] 'ItemWearable' class is obsolete. Please, replace it with 'Wearable' behavior for medieval:clothes-foot-medieval-high-boots-knife-white instead
17.8.2026 23:10:54 [Warning] 'ItemWearable' class is obsolete. Please, replace it with 'Wearable' behavior for medieval:clothes-foot-medieval-high-boots-knife-red instead
17.8.2026 23:10:54 [Warning] 'ItemWearable' class is obsolete. Please, replace it with 'Wearable' behavior for medieval:clothes-foot-medieval-high-boots-knife-green instead
17.8.2026 23:10:54 [Warning] 'ItemWearable' class is obsolete. Please, replace it with 'Wearable' behavior for medieval:clothes-foot-medieval-high-boots-knife-gray instead
17.8.2026 23:10:54 [Warning] 'ItemWearable' class is obsolete. Please, replace it with 'Wearable' behavior for medieval:clothes-foot-medieval-high-boots-knife-blue instead
17.8.2026 23:10:54 [Warning] 'ItemWearable' class is obsolete. Please, replace it with 'Wearable' behavior for medieval:clothes-foot-medieval-high-boots-knife-black instead
17.8.2026 23:10:54 [Warning] 'ItemWearable' class is obsolete. Please, replace it with 'Wearable' behavior for medieval:clothes-foot-medieval-high-boots-knife instead
17.8.2026 23:10:54 [Warning] 'ItemWearable' class is obsolete. Please, replace it with 'Wearable' behavior for medieval:clothes-foot-medieval-high-boots-white instead
17.8.2026 23:10:54 [Warning] 'ItemWearable' class is obsolete. Please, replace it with 'Wearable' behavior for medieval:clothes-foot-medieval-high-boots-red instead
17.8.2026 23:10:54 [Warning] 'ItemWearable' class is obsolete. Please, replace it with 'Wearable' behavior for medieval:clothes-foot-medieval-high-boots-green instead
17.8.2026 23:10:54 [Warning] 'ItemWearable' class is obsolete. Please, replace it with 'Wearable' behavior for medieval:clothes-foot-medieval-high-boots-gray instead
17.8.2026 23:10:54 [Warning] 'ItemWearable' class is obsolete. Please, replace it with 'Wearable' behavior for medieval:clothes-foot-medieval-high-boots-blue instead
17.8.2026 23:10:54 [Warning] 'ItemWearable' class is obsolete. Please, replace it with 'Wearable' behavior for medieval:clothes-foot-medieval-high-boots-black instead
17.8.2026 23:10:54 [Warning] 'ItemWearable' class is obsolete. Please, replace it with 'Wearable' behavior for medieval:clothes-foot-medieval-high-boots instead
17.8.2026 23:10:54 [Warning] 'ItemWearable' class is obsolete. Please, replace it with 'Wearable' behavior for medieval:clothes-foot-medieval-warm-bearblack-boots instead
17.8.2026 23:10:54 [Warning] 'ItemWearable' class is obsolete. Please, replace it with 'Wearable' behavior for medieval:clothes-foot-medieval-warm-bear-boots instead
17.8.2026 23:10:54 [Warning] 'ItemWearable' class is obsolete. Please, replace it with 'Wearable' behavior for medieval:clothes-foot-medieval-warm-high-bootsred instead
17.8.2026 23:10:54 [Warning] 'ItemWearable' class is obsolete. Please, replace it with 'Wearable' behavior for medieval:clothes-foot-medieval-warm-high-boots instead
17.8.2026 23:10:54 [Warning] 'ItemWearable' class is obsolete. Please, replace it with 'Wearable' behavior for medieval:clothes-foot-medieval-great-steppe-boots instead
17.8.2026 23:10:54 [Warning] 'ItemWearable' class is obsolete. Please, replace it with 'Wearable' behavior for medieval:clothes-foot-medieval-great-steppe-woman-boots instead
17.8.2026 23:10:54 [Warning] 'ItemWearable' class is obsolete. Please, replace it with 'Wearable' behavior for medieval:clothes-foot-medieval-great-steppe-womans-boots instead
17.8.2026 23:10:54 [Warning] 'ItemWearable' class is obsolete. Please, replace it with 'Wearable' behavior for medieval:clothes-hand-guantesbrown instead
17.8.2026 23:10:54 [Warning] 'ItemWearable' class is obsolete. Please, replace it with 'Wearable' behavior for medieval:clothes-hand-gloves-plain-lux instead
17.8.2026 23:10:54 [Warning] 'ItemWearable' class is obsolete. Please, replace it with 'Wearable' behavior for medieval:clothes-hand-gloves-whitebrown-lux instead
17.8.2026 23:10:54 [Warning] 'ItemWearable' class is obsolete. Please, replace it with 'Wearable' behavior for medieval:clothes-hand-gloves-white-lux instead
17.8.2026 23:10:54 [Warning] 'ItemWearable' class is obsolete. Please, replace it with 'Wearable' behavior for medieval:clothes-hand-gloves-guindos-lux instead
17.8.2026 23:10:54 [Warning] 'ItemWearable' class is obsolete. Please, replace it with 'Wearable' behavior for medieval:clothes-hand-gloves-black-lux instead
17.8.2026 23:10:54 [Warning] 'ItemWearable' class is obsolete. Please, replace it with 'Wearable' behavior for medieval:clothes-hand-miner instead
17.8.2026 23:10:54 [Warning] 'ItemWearable' class is obsolete. Please, replace it with 'Wearable' behavior for medieval:clothes-hand-winter-gloves1 instead
17.8.2026 23:10:54 [Warning] 'ItemWearable' class is obsolete. Please, replace it with 'Wearable' behavior for medieval:clothes-hand-medieval-gloves instead
17.8.2026 23:10:54 [Warning] 'ItemWearable' class is obsolete. Please, replace it with 'Wearable' behavior for medieval:clothes-hand-medieval-gloves-black instead
17.8.2026 23:10:54 [Warning] 'ItemWearable' class is obsolete. Please, replace it with 'Wearable' behavior for medieval:clothes-hand-medieval-gloves-white instead
17.8.2026 23:10:54 [Warning] 'ItemWearable' class is obsolete. Please, replace it with 'Wearable' behavior for medieval:clothes-head-neckcover1rojo instead
17.8.2026 23:10:54 [Warning] 'ItemWearable' class is obsolete. Please, replace it with 'Wearable' behavior for medieval:clothes-head-neckcoverrojo instead
17.8.2026 23:10:54 [Warning] 'ItemWearable' class is obsolete. Please, replace it with 'Wearable' behavior for medieval:clothes-head-neckcover1purple instead
17.8.2026 23:10:54 [Warning] 'ItemWearable' class is obsolete. Please, replace it with 'Wearable' behavior for medieval:clothes-head-neckcoverpurple instead
17.8.2026 23:10:54 [Warning] 'ItemWearable' class is obsolete. Please, replace it with 'Wearable' behavior for medieval:clothes-head-neckcover1green instead
17.8.2026 23:10:54 [Warning] 'ItemWearable' class is obsolete. Please, replace it with 'Wearable' behavior for medieval:clothes-head-neckcovergreen instead
17.8.2026 23:10:54 [Warning] 'ItemWearable' class is obsolete. Please, replace it with 'Wearable' behavior for medieval:clothes-head-neckcover1blue instead
17.8.2026 23:10:54 [Warning] 'ItemWearable' class is obsolete. Please, replace it with 'Wearable' behavior for medieval:clothes-head-neckcoverblue instead
17.8.2026 23:10:54 [Warning] 'ItemWearable' class is obsolete. Please, replace it with 'Wearable' behavior for medieval:clothes-head-neckcover1white instead
17.8.2026 23:10:54 [Warning] 'ItemWearable' class is obsolete. Please, replace it with 'Wearable' behavior for medieval:clothes-head-neckcoverwhite instead
17.8.2026 23:10:54 [Warning] 'ItemWearable' class is obsolete. Please, replace it with 'Wearable' behavior for medieval:clothes-head-neckcover1red instead
17.8.2026 23:10:54 [Warning] 'ItemWearable' class is obsolete. Please, replace it with 'Wearable' behavior for medieval:clothes-head-neckcoverred instead
17.8.2026 23:10:54 [Warning] 'ItemWearable' class is obsolete. Please, replace it with 'Wearable' behavior for medieval:clothes-head-leatherhat2 instead
17.8.2026 23:10:54 [Warning] 'ItemWearable' class is obsolete. Please, replace it with 'Wearable' behavior for medieval:clothes-head-leatherhat1 instead
17.8.2026 23:10:54 [Warning] 'ItemWearable' class is obsolete. Please, replace it with 'Wearable' behavior for medieval:clothes-head-leatherhat instead
17.8.2026 23:10:54 [Warning] 'ItemWearable' class is obsolete. Please, replace it with 'Wearable' behavior for medieval:clothes-head-lad instead
17.8.2026 23:10:54 [Warning] 'ItemWearable' class is obsolete. Please, replace it with 'Wearable' behavior for medieval:clothes-head-turbantewhite instead
17.8.2026 23:10:54 [Warning] 'ItemWearable' class is obsolete. Please, replace it with 'Wearable' behavior for medieval:clothes-head-turbantered instead
17.8.2026 23:10:54 [Warning] 'ItemWearable' class is obsolete. Please, replace it with 'Wearable' behavior for medieval:clothes-head-turbantepurple instead
17.8.2026 23:10:54 [Warning] 'ItemWearable' class is obsolete. Please, replace it with 'Wearable' behavior for medieval:clothes-head-turbanteblue instead
17.8.2026 23:10:54 [Warning] 'ItemWearable' class is obsolete. Please, replace it with 'Wearable' behavior for medieval:clothes-head-turbante instead
17.8.2026 23:10:54 [Warning] 'ItemWearable' class is obsolete. Please, replace it with 'Wearable' behavior for medieval:clothes-head-hunter instead
17.8.2026 23:10:54 [Warning] 'ItemWearable' class is obsolete. Please, replace it with 'Wearable' behavior for medieval:clothes-head-medieval-woman-coat-head1 instead
17.8.2026 23:10:54 [Warning] 'ItemWearable' class is obsolete. Please, replace it with 'Wearable' behavior for medieval:clothes-head-medieval-hood instead
17.8.2026 23:10:54 [Warning] 'ItemWearable' class is obsolete. Please, replace it with 'Wearable' behavior for medieval:clothes-head-medieval-hood-black instead
17.8.2026 23:10:54 [Warning] 'ItemWearable' class is obsolete. Please, replace it with 'Wearable' behavior for medieval:clothes-head-medieval-hood-brown instead
17.8.2026 23:10:54 [Warning] 'ItemWearable' class is obsolete. Please, replace it with 'Wearable' behavior for medieval:clothes-head-medieval-hood-white instead
17.8.2026 23:10:54 [Warning] 'ItemWearable' class is obsolete. Please, replace it with 'Wearable' behavior for medieval:clothes-lowerbody-vikingpants instead
17.8.2026 23:10:54 [Warning] 'ItemWearable' class is obsolete. Please, replace it with 'Wearable' behavior for medieval:clothes-lowerbody-miner instead
17.8.2026 23:10:54 [Warning] 'ItemWearable' class is obsolete. Please, replace it with 'Wearable' behavior for medieval:clothes-lowerbody-lad instead
17.8.2026 23:10:54 [Warning] 'ItemWearable' class is obsolete. Please, replace it with 'Wearable' behavior for medieval:clothes-lowerbody-hunter instead
17.8.2026 23:10:54 [Warning] 'ItemWearable' class is obsolete. Please, replace it with 'Wearable' behavior for medieval:clothes-lowerbody-manga instead
17.8.2026 23:10:54 [Warning] 'ItemWearable' class is obsolete. Please, replace it with 'Wearable' behavior for medieval:clothes-lowerbody-armor-leather-chain-pants instead
17.8.2026 23:10:54 [Warning] 'ItemWearable' class is obsolete. Please, replace it with 'Wearable' behavior for medieval:clothes-lowerbody-dress-leather1 instead
17.8.2026 23:10:54 [Warning] 'ItemWearable' class is obsolete. Please, replace it with 'Wearable' behavior for medieval:clothes-lowerbody-dress-leather instead
17.8.2026 23:10:54 [Warning] 'ItemWearable' class is obsolete. Please, replace it with 'Wearable' behavior for medieval:clothes-lowerbody-reds1 instead
17.8.2026 23:10:54 [Warning] 'ItemWearable' class is obsolete. Please, replace it with 'Wearable' behavior for medieval:clothes-lowerbody-reds instead
17.8.2026 23:10:54 [Warning] 'ItemWearable' class is obsolete. Please, replace it with 'Wearable' behavior for medieval:clothes-lowerbody-whites instead
17.8.2026 23:10:54 [Warning] 'ItemWearable' class is obsolete. Please, replace it with 'Wearable' behavior for medieval:clothes-lowerbody-blackred instead
17.8.2026 23:10:54 [Warning] 'ItemWearable' class is obsolete. Please, replace it with 'Wearable' behavior for medieval:clothes-lowerbody-ambar instead
17.8.2026 23:10:54 [Warning] 'ItemWearable' class is obsolete. Please, replace it with 'Wearable' behavior for medieval:clothes-lowerbody-black instead
17.8.2026 23:10:54 [Warning] 'ItemWearable' class is obsolete. Please, replace it with 'Wearable' behavior for medieval:clothes-lowerbody-fur-pantsbearblack instead
17.8.2026 23:10:54 [Warning] 'ItemWearable' class is obsolete. Please, replace it with 'Wearable' behavior for medieval:clothes-lowerbody-fur-pantsbear instead
17.8.2026 23:10:54 [Warning] 'ItemWearable' class is obsolete. Please, replace it with 'Wearable' behavior for medieval:clothes-lowerbody-fur-pants instead
17.8.2026 23:10:54 [Warning] 'ItemWearable' class is obsolete. Please, replace it with 'Wearable' behavior for medieval:clothes-lowerbody-medieval-woman-coat-bottom instead
17.8.2026 23:10:54 [Warning] 'ItemWearable' class is obsolete. Please, replace it with 'Wearable' behavior for medieval:clothes-lowerbody-medieval-dress-brown-bottom instead
17.8.2026 23:10:54 [Warning] 'ItemWearable' class is obsolete. Please, replace it with 'Wearable' behavior for medieval:clothes-lowerbody-medieval-dress-blue-bottom instead
17.8.2026 23:10:54 [Warning] 'ItemWearable' class is obsolete. Please, replace it with 'Wearable' behavior for medieval:clothes-lowerbody-medieval-dress-bottom instead
17.8.2026 23:10:54 [Warning] 'ItemWearable' class is obsolete. Please, replace it with 'Wearable' behavior for medieval:clothes-lowerbody-medieval-skirt-orange instead
17.8.2026 23:10:54 [Warning] 'ItemWearable' class is obsolete. Please, replace it with 'Wearable' behavior for medieval:clothes-lowerbody-medieval-skirt-yellow instead
17.8.2026 23:10:54 [Warning] 'ItemWearable' class is obsolete. Please, replace it with 'Wearable' behavior for medieval:clothes-lowerbody-medieval-skirt-white instead
17.8.2026 23:10:54 [Warning] 'ItemWearable' class is obsolete. Please, replace it with 'Wearable' behavior for medieval:clothes-lowerbody-medieval-skirt-red instead
17.8.2026 23:10:54 [Warning] 'ItemWearable' class is obsolete. Please, replace it with 'Wearable' behavior for medieval:clothes-lowerbody-medieval-skirt-green instead
17.8.2026 23:10:54 [Warning] 'ItemWearable' class is obsolete. Please, replace it with 'Wearable' behavior for medieval:clothes-lowerbody-medieval-skirt-gray instead
17.8.2026 23:10:54 [Warning] 'ItemWearable' class is obsolete. Please, replace it with 'Wearable' behavior for medieval:clothes-lowerbody-medieval-skirt-brown instead
17.8.2026 23:10:54 [Warning] 'ItemWearable' class is obsolete. Please, replace it with 'Wearable' behavior for medieval:clothes-lowerbody-medieval-skirt-blue instead
17.8.2026 23:10:54 [Warning] 'ItemWearable' class is obsolete. Please, replace it with 'Wearable' behavior for medieval:clothes-lowerbody-medieval-skirt-black instead
17.8.2026 23:10:54 [Warning] 'ItemWearable' class is obsolete. Please, replace it with 'Wearable' behavior for medieval:clothes-lowerbody-dress-red-es-large instead
17.8.2026 23:10:54 [Warning] 'ItemWearable' class is obsolete. Please, replace it with 'Wearable' behavior for medieval:clothes-lowerbody-dress-red-es-short instead
17.8.2026 23:10:54 [Warning] 'ItemWearable' class is obsolete. Please, replace it with 'Wearable' behavior for medieval:clothes-lowerbody-dress-red-es-extrashort instead
17.8.2026 23:10:54 [Warning] 'ItemWearable' class is obsolete. Please, replace it with 'Wearable' behavior for medieval:clothes-lowerbody-dress-red-es-medium instead
17.8.2026 23:10:54 [Warning] 'ItemWearable' class is obsolete. Please, replace it with 'Wearable' behavior for medieval:clothes-lowerbody-dress-red-extrashort instead
17.8.2026 23:10:54 [Warning] 'ItemWearable' class is obsolete. Please, replace it with 'Wearable' behavior for medieval:clothes-lowerbody-dress-red-short instead
17.8.2026 23:10:54 [Warning] 'ItemWearable' class is obsolete. Please, replace it with 'Wearable' behavior for medieval:clothes-lowerbody-dress-red-medium instead
17.8.2026 23:10:54 [Warning] 'ItemWearable' class is obsolete. Please, replace it with 'Wearable' behavior for medieval:clothes-lowerbody-dress-red-large instead
17.8.2026 23:10:54 [Warning] 'ItemWearable' class is obsolete. Please, replace it with 'Wearable' behavior for medieval:clothes-lowerbody-dress-plain-extrashort instead
17.8.2026 23:10:54 [Warning] 'ItemWearable' class is obsolete. Please, replace it with 'Wearable' behavior for medieval:clothes-lowerbody-dress-plain-short instead
17.8.2026 23:10:54 [Warning] 'ItemWearable' class is obsolete. Please, replace it with 'Wearable' behavior for medieval:clothes-lowerbody-dress-plain-medium instead
17.8.2026 23:10:54 [Warning] 'ItemWearable' class is obsolete. Please, replace it with 'Wearable' behavior for medieval:clothes-lowerbody-dress-plain-large instead
17.8.2026 23:10:54 [Warning] 'ItemWearable' class is obsolete. Please, replace it with 'Wearable' behavior for medieval:clothes-lowerbody-medieval-leather-pants-white instead
17.8.2026 23:10:54 [Warning] 'ItemWearable' class is obsolete. Please, replace it with 'Wearable' behavior for medieval:clothes-lowerbody-medieval-leather-pants-red instead
17.8.2026 23:10:54 [Warning] 'ItemWearable' class is obsolete. Please, replace it with 'Wearable' behavior for medieval:clothes-lowerbody-medieval-leather-pants-green instead
17.8.2026 23:10:54 [Warning] 'ItemWearable' class is obsolete. Please, replace it with 'Wearable' behavior for medieval:clothes-lowerbody-medieval-leather-pants-gray instead
17.8.2026 23:10:54 [Warning] 'ItemWearable' class is obsolete. Please, replace it with 'Wearable' behavior for medieval:clothes-lowerbody-medieval-leather-pants-blue instead
17.8.2026 23:10:54 [Warning] 'ItemWearable' class is obsolete. Please, replace it with 'Wearable' behavior for medieval:clothes-lowerbody-medieval-leather-pants-black instead
17.8.2026 23:10:54 [Warning] 'ItemWearable' class is obsolete. Please, replace it with 'Wearable' behavior for medieval:clothes-lowerbody-medieval-leather-pants instead
17.8.2026 23:10:54 [Warning] 'ItemWearable' class is obsolete. Please, replace it with 'Wearable' behavior for medieval:clothes-lowerbody-medieval-pants-white instead
17.8.2026 23:10:54 [Warning] 'ItemWearable' class is obsolete. Please, replace it with 'Wearable' behavior for medieval:clothes-lowerbody-medieval-pants-red instead
17.8.2026 23:10:54 [Warning] 'ItemWearable' class is obsolete. Please, replace it with 'Wearable' behavior for medieval:clothes-lowerbody-medieval-pants-green instead
17.8.2026 23:10:54 [Warning] 'ItemWearable' class is obsolete. Please, replace it with 'Wearable' behavior for medieval:clothes-lowerbody-medieval-pants-gray instead
17.8.2026 23:10:54 [Warning] 'ItemWearable' class is obsolete. Please, replace it with 'Wearable' behavior for medieval:clothes-lowerbody-medieval-pants-brown instead
17.8.2026 23:10:54 [Warning] 'ItemWearable' class is obsolete. Please, replace it with 'Wearable' behavior for medieval:clothes-lowerbody-medieval-pants-blue instead
17.8.2026 23:10:54 [Warning] 'ItemWearable' class is obsolete. Please, replace it with 'Wearable' behavior for medieval:clothes-lowerbody-medieval-pants instead
17.8.2026 23:10:54 [Warning] 'ItemWearable' class is obsolete. Please, replace it with 'Wearable' behavior for medieval:clothes-neck-skullleather instead
17.8.2026 23:10:54 [Warning] 'ItemWearable' class is obsolete. Please, replace it with 'Wearable' behavior for medieval:clothes-neck-pearl instead
17.8.2026 23:10:54 [Warning] 'ItemWearable' class is obsolete. Please, replace it with 'Wearable' behavior for medieval:clothes-neck-goldenskull instead
17.8.2026 23:10:54 [Warning] 'ItemWearable' class is obsolete. Please, replace it with 'Wearable' behavior for medieval:clothes-neck-footrabbit-amulet instead
17.8.2026 23:10:54 [Warning] 'ItemWearable' class is obsolete. Please, replace it with 'Wearable' behavior for medieval:clothes-neck-tatoo instead
17.8.2026 23:10:54 [Warning] 'ItemWearable' class is obsolete. Please, replace it with 'Wearable' behavior for medieval:clothes-neck-gold-sylvite instead
17.8.2026 23:10:54 [Warning] 'ItemWearable' class is obsolete. Please, replace it with 'Wearable' behavior for medieval:clothes-neck-gold-smokyquartz instead
17.8.2026 23:10:54 [Warning] 'ItemWearable' class is obsolete. Please, replace it with 'Wearable' behavior for medieval:clothes-neck-gold-rosyquartz instead
17.8.2026 23:10:54 [Warning] 'ItemWearable' class is obsolete. Please, replace it with 'Wearable' behavior for medieval:clothes-neck-gold-olivine-p instead
17.8.2026 23:10:54 [Warning] 'ItemWearable' class is obsolete. Please, replace it with 'Wearable' behavior for medieval:clothes-neck-gold-olivine instead
17.8.2026 23:10:54 [Warning] 'ItemWearable' class is obsolete. Please, replace it with 'Wearable' behavior for medieval:clothes-neck-gold-lapislazuli instead
17.8.2026 23:10:54 [Warning] 'ItemWearable' class is obsolete. Please, replace it with 'Wearable' behavior for medieval:clothes-neck-gold-emerald instead
17.8.2026 23:10:54 [Warning] 'ItemWearable' class is obsolete. Please, replace it with 'Wearable' behavior for medieval:clothes-neck-gold-diamond instead
17.8.2026 23:10:54 [Warning] 'ItemWearable' class is obsolete. Please, replace it with 'Wearable' behavior for medieval:clothes-neck-gold-cinnabar instead
17.8.2026 23:10:54 [Warning] 'ItemWearable' class is obsolete. Please, replace it with 'Wearable' behavior for medieval:clothes-neck-gold-charcoal instead
17.8.2026 23:10:54 [Warning] 'ItemWearable' class is obsolete. Please, replace it with 'Wearable' behavior for medieval:clothes-neck-gold-amethyst instead
17.8.2026 23:10:54 [Warning] 'ItemWearable' class is obsolete. Please, replace it with 'Wearable' behavior for medieval:clothes-neck-gold instead
17.8.2026 23:10:54 [Warning] 'ItemWearable' class is obsolete. Please, replace it with 'Wearable' behavior for medieval:clothes-neck-gold-amulet instead
17.8.2026 23:10:54 [Warning] 'ItemWearable' class is obsolete. Please, replace it with 'Wearable' behavior for medieval:clothes-neck-silver-amulet instead
17.8.2026 23:10:54 [Warning] 'ItemWearable' class is obsolete. Please, replace it with 'Wearable' behavior for medieval:clothes-neck-fang3-amulet instead
17.8.2026 23:10:54 [Warning] 'ItemWearable' class is obsolete. Please, replace it with 'Wearable' behavior for medieval:clothes-neck-fang2-amulet instead
17.8.2026 23:10:54 [Warning] 'ItemWearable' class is obsolete. Please, replace it with 'Wearable' behavior for medieval:clothes-neck-fang-amulet instead
17.8.2026 23:10:54 [Warning] 'ItemWearable' class is obsolete. Please, replace it with 'Wearable' behavior for medieval:clothes-neck-diamond-amulet instead
17.8.2026 23:10:54 [Warning] 'ItemWearable' class is obsolete. Please, replace it with 'Wearable' behavior for medieval:clothes-shoulder-capacubiertaneg instead
17.8.2026 23:10:54 [Warning] 'ItemWearable' class is obsolete. Please, replace it with 'Wearable' behavior for medieval:clothes-shoulder-capacubierta instead
17.8.2026 23:10:54 [Warning] 'ItemWearable' class is obsolete. Please, replace it with 'Wearable' behavior for medieval:clothes-shoulder-tunicapoorbrown instead
17.8.2026 23:10:54 [Warning] 'ItemWearable' class is obsolete. Please, replace it with 'Wearable' behavior for medieval:clothes-shoulder-tunicapoorblack instead
17.8.2026 23:10:54 [Warning] 'ItemWearable' class is obsolete. Please, replace it with 'Wearable' behavior for medieval:clothes-shoulder-tunicapoorblue instead
17.8.2026 23:10:54 [Warning] 'ItemWearable' class is obsolete. Please, replace it with 'Wearable' behavior for medieval:clothes-shoulder-tunicapoorred instead
17.8.2026 23:10:54 [Warning] 'ItemWearable' class is obsolete. Please, replace it with 'Wearable' behavior for medieval:clothes-shoulder-tunicapoororange instead
17.8.2026 23:10:54 [Warning] 'ItemWearable' class is obsolete. Please, replace it with 'Wearable' behavior for medieval:clothes-shoulder-tunicapoorgreen instead
17.8.2026 23:10:54 [Warning] 'ItemWearable' class is obsolete. Please, replace it with 'Wearable' behavior for medieval:clothes-shoulder-tunicapoor instead
17.8.2026 23:10:54 [Warning] 'ItemWearable' class is obsolete. Please, replace it with 'Wearable' behavior for medieval:clothes-shoulder-piel instead
17.8.2026 23:10:54 [Warning] 'ItemWearable' class is obsolete. Please, replace it with 'Wearable' behavior for medieval:clothes-shoulder-yellow instead
17.8.2026 23:10:54 [Warning] 'ItemWearable' class is obsolete. Please, replace it with 'Wearable' behavior for medieval:clothes-shoulder-red instead
17.8.2026 23:10:54 [Warning] 'ItemWearable' class is obsolete. Please, replace it with 'Wearable' behavior for medieval:clothes-shoulder-plain1 instead
17.8.2026 23:10:54 [Warning] 'ItemWearable' class is obsolete. Please, replace it with 'Wearable' behavior for medieval:clothes-shoulder-plain instead
17.8.2026 23:10:54 [Warning] 'ItemWearable' class is obsolete. Please, replace it with 'Wearable' behavior for medieval:clothes-shoulder-orange1 instead
17.8.2026 23:10:54 [Warning] 'ItemWearable' class is obsolete. Please, replace it with 'Wearable' behavior for medieval:clothes-shoulder-orange instead
17.8.2026 23:10:54 [Warning] 'ItemWearable' class is obsolete. Please, replace it with 'Wearable' behavior for medieval:clothes-shoulder-green1 instead
17.8.2026 23:10:54 [Warning] 'ItemWearable' class is obsolete. Please, replace it with 'Wearable' behavior for medieval:clothes-shoulder-green instead
17.8.2026 23:10:54 [Warning] 'ItemWearable' class is obsolete. Please, replace it with 'Wearable' behavior for medieval:clothes-shoulder-brown instead
17.8.2026 23:10:54 [Warning] 'ItemWearable' class is obsolete. Please, replace it with 'Wearable' behavior for medieval:clothes-shoulder-blue instead
17.8.2026 23:10:54 [Warning] 'ItemWearable' class is obsolete. Please, replace it with 'Wearable' behavior for medieval:clothes-shoulder-fox instead
17.8.2026 23:10:54 [Warning] 'ItemWearable' class is obsolete. Please, replace it with 'Wearable' behavior for medieval:clothes-shoulder-neckcover instead
17.8.2026 23:10:54 [Warning] 'ItemWearable' class is obsolete. Please, replace it with 'Wearable' behavior for medieval:clothes-shoulder-kitchener instead
17.8.2026 23:10:54 [Warning] 'ItemWearable' class is obsolete. Please, replace it with 'Wearable' behavior for medieval:clothes-shoulder-butcher instead
17.8.2026 23:10:54 [Warning] 'ItemWearable' class is obsolete. Please, replace it with 'Wearable' behavior for medieval:clothes-shoulder-miner instead
17.8.2026 23:10:54 [Warning] 'ItemWearable' class is obsolete. Please, replace it with 'Wearable' behavior for medieval:clothes-shoulder-shawl-green instead
17.8.2026 23:10:54 [Warning] 'ItemWearable' class is obsolete. Please, replace it with 'Wearable' behavior for medieval:clothes-shoulder-mason instead
17.8.2026 23:10:54 [Warning] 'ItemWearable' class is obsolete. Please, replace it with 'Wearable' behavior for medieval:clothes-shoulder-delantal instead
17.8.2026 23:10:54 [Warning] 'ItemWearable' class is obsolete. Please, replace it with 'Wearable' behavior for medieval:clothes-shoulder-chaleco instead
17.8.2026 23:10:54 [Warning] 'ItemWearable' class is obsolete. Please, replace it with 'Wearable' behavior for medieval:clothes-shoulder-medieval-woman-coat-shoulder instead
17.8.2026 23:10:54 [Warning] 'ItemWearable' class is obsolete. Please, replace it with 'Wearable' behavior for medieval:clothes-shoulder-medieval-scarf instead
17.8.2026 23:10:54 [Warning] 'ItemWearable' class is obsolete. Please, replace it with 'Wearable' behavior for medieval:clothes-shoulder-medieval-leather-poncho-black instead
17.8.2026 23:10:54 [Warning] 'ItemWearable' class is obsolete. Please, replace it with 'Wearable' behavior for medieval:clothes-shoulder-medieval-leather-poncho instead
17.8.2026 23:10:54 [Warning] 'ItemWearable' class is obsolete. Please, replace it with 'Wearable' behavior for medieval:clothes-shoulder-medieval-hide-robe instead
17.8.2026 23:10:54 [Warning] 'ItemWearable' class is obsolete. Please, replace it with 'Wearable' behavior for medieval:clothes-shoulder-medieval-cape instead
17.8.2026 23:10:54 [Warning] 'ItemWearable' class is obsolete. Please, replace it with 'Wearable' behavior for medieval:clothes-upperbody-shirt-yellow instead
17.8.2026 23:10:54 [Warning] 'ItemWearable' class is obsolete. Please, replace it with 'Wearable' behavior for medieval:clothes-upperbody-shirt-red instead
17.8.2026 23:10:54 [Warning] 'ItemWearable' class is obsolete. Please, replace it with 'Wearable' behavior for medieval:clothes-upperbody-shirt-purple instead
17.8.2026 23:10:54 [Warning] 'ItemWearable' class is obsolete. Please, replace it with 'Wearable' behavior for medieval:clothes-upperbody-shirt-orange instead
17.8.2026 23:10:54 [Warning] 'ItemWearable' class is obsolete. Please, replace it with 'Wearable' behavior for medieval:clothes-upperbody-shirt-green instead
17.8.2026 23:10:54 [Warning] 'ItemWearable' class is obsolete. Please, replace it with 'Wearable' behavior for medieval:clothes-upperbody-shirt-gray instead
17.8.2026 23:10:54 [Warning] 'ItemWearable' class is obsolete. Please, replace it with 'Wearable' behavior for medieval:clothes-upperbody-shirt-brown instead
17.8.2026 23:10:54 [Warning] 'ItemWearable' class is obsolete. Please, replace it with 'Wearable' behavior for medieval:clothes-upperbody-shirt-blue instead
17.8.2026 23:10:54 [Warning] 'ItemWearable' class is obsolete. Please, replace it with 'Wearable' behavior for medieval:clothes-upperbody-shirt-black instead
17.8.2026 23:10:54 [Warning] 'ItemWearable' class is obsolete. Please, replace it with 'Wearable' behavior for medieval:clothes-upperbody-leon2 instead
17.8.2026 23:10:54 [Warning] 'ItemWearable' class is obsolete. Please, replace it with 'Wearable' behavior for medieval:clothes-upperbody-leon instead
17.8.2026 23:10:54 [Warning] 'ItemWearable' class is obsolete. Please, replace it with 'Wearable' behavior for medieval:clothes-upperbody-ruddis-cloth-guindo instead
17.8.2026 23:10:54 [Warning] 'ItemWearable' class is obsolete. Please, replace it with 'Wearable' behavior for medieval:clothes-upperbody-ruddis-cloth-yellow instead
17.8.2026 23:10:54 [Warning] 'ItemWearable' class is obsolete. Please, replace it with 'Wearable' behavior for medieval:clothes-upperbody-ruddis-cloth-white instead
17.8.2026 23:10:54 [Warning] 'ItemWearable' class is obsolete. Please, replace it with 'Wearable' behavior for medieval:clothes-upperbody-ruddis-cloth-red instead
17.8.2026 23:10:54 [Warning] 'ItemWearable' class is obsolete. Please, replace it with 'Wearable' behavior for medieval:clothes-upperbody-ruddis-cloth-purple instead
17.8.2026 23:10:54 [Warning] 'ItemWearable' class is obsolete. Please, replace it with 'Wearable' behavior for medieval:clothes-upperbody-ruddis-cloth-pink instead
17.8.2026 23:10:54 [Warning] 'ItemWearable' class is obsolete. Please, replace it with 'Wearable' behavior for medieval:clothes-upperbody-ruddis-cloth-orange instead
17.8.2026 23:10:54 [Warning] 'ItemWearable' class is obsolete. Please, replace it with 'Wearable' behavior for medieval:clothes-upperbody-ruddis-cloth-green instead
17.8.2026 23:10:54 [Warning] 'ItemWearable' class is obsolete. Please, replace it with 'Wearable' behavior for medieval:clothes-upperbody-ruddis-cloth-gray instead
17.8.2026 23:10:54 [Warning] 'ItemWearable' class is obsolete. Please, replace it with 'Wearable' behavior for medieval:clothes-upperbody-ruddis-cloth-brown instead
17.8.2026 23:10:54 [Warning] 'ItemWearable' class is obsolete. Please, replace it with 'Wearable' behavior for medieval:clothes-upperbody-ruddis-cloth-blue instead
17.8.2026 23:10:54 [Warning] 'ItemWearable' class is obsolete. Please, replace it with 'Wearable' behavior for medieval:clothes-upperbody-ruddis-cloth-black instead
17.8.2026 23:10:54 [Warning] 'ItemWearable' class is obsolete. Please, replace it with 'Wearable' behavior for medieval:clothes-upperbody-vikingshirt instead
17.8.2026 23:10:54 [Warning] 'ItemWearable' class is obsolete. Please, replace it with 'Wearable' behavior for medieval:clothes-upperbody-hunter instead
17.8.2026 23:10:54 [Warning] 'ItemWearable' class is obsolete. Please, replace it with 'Wearable' behavior for medieval:clothes-upperbody-miner instead
17.8.2026 23:10:54 [Warning] 'ItemWearable' class is obsolete. Please, replace it with 'Wearable' behavior for medieval:clothes-upperbody-medieval-short-red-neck instead
17.8.2026 23:10:54 [Warning] 'ItemWearable' class is obsolete. Please, replace it with 'Wearable' behavior for medieval:clothes-upperbody-medieval-short-red instead
17.8.2026 23:10:54 [Warning] 'ItemWearable' class is obsolete. Please, replace it with 'Wearable' behavior for medieval:clothes-upperbody-medieval-short-brown-neck instead
17.8.2026 23:10:54 [Warning] 'ItemWearable' class is obsolete. Please, replace it with 'Wearable' behavior for medieval:clothes-upperbody-medieval-short-brown instead
17.8.2026 23:10:54 [Warning] 'ItemWearable' class is obsolete. Please, replace it with 'Wearable' behavior for medieval:clothes-upperbody-medieval-short-black-neck instead
17.8.2026 23:10:54 [Warning] 'ItemWearable' class is obsolete. Please, replace it with 'Wearable' behavior for medieval:clothes-upperbody-medieval-short-black instead
17.8.2026 23:10:54 [Warning] 'ItemWearable' class is obsolete. Please, replace it with 'Wearable' behavior for medieval:clothes-upperbody-manga instead
17.8.2026 23:10:54 [Warning] 'ItemWearable' class is obsolete. Please, replace it with 'Wearable' behavior for medieval:clothes-upperbody-gris instead
17.8.2026 23:10:54 [Warning] 'ItemWearable' class is obsolete. Please, replace it with 'Wearable' behavior for medieval:clothes-upperbody-medieval-lux-leather-shirt instead
17.8.2026 23:10:54 [Warning] 'ItemWearable' class is obsolete. Please, replace it with 'Wearable' behavior for medieval:clothes-upperbody-camisita-yellow instead
17.8.2026 23:10:54 [Warning] 'ItemWearable' class is obsolete. Please, replace it with 'Wearable' behavior for medieval:clothes-upperbody-camisita-red instead
17.8.2026 23:10:54 [Warning] 'ItemWearable' class is obsolete. Please, replace it with 'Wearable' behavior for medieval:clothes-upperbody-camisita-orange instead
17.8.2026 23:10:54 [Warning] 'ItemWearable' class is obsolete. Please, replace it with 'Wearable' behavior for medieval:clothes-upperbody-camisita-green instead
17.8.2026 23:10:54 [Warning] 'ItemWearable' class is obsolete. Please, replace it with 'Wearable' behavior for medieval:clothes-upperbody-camisita-gray instead
17.8.2026 23:10:54 [Warning] 'ItemWearable' class is obsolete. Please, replace it with 'Wearable' behavior for medieval:clothes-upperbody-camisita-brown instead
17.8.2026 23:10:54 [Warning] 'ItemWearable' class is obsolete. Please, replace it with 'Wearable' behavior for medieval:clothes-upperbody-camisita-blue instead
17.8.2026 23:10:54 [Warning] 'ItemWearable' class is obsolete. Please, replace it with 'Wearable' behavior for medieval:clothes-upperbody-camisita-black instead
17.8.2026 23:10:54 [Warning] 'ItemWearable' class is obsolete. Please, replace it with 'Wearable' behavior for medieval:clothes-upperbody-ambar instead
17.8.2026 23:10:54 [Warning] 'ItemWearable' class is obsolete. Please, replace it with 'Wearable' behavior for medieval:clothes-upperbody-blackred instead
17.8.2026 23:10:54 [Warning] 'ItemWearable' class is obsolete. Please, replace it with 'Wearable' behavior for medieval:clothes-upperbody-black instead
17.8.2026 23:10:54 [Warning] 'ItemWearable' class is obsolete. Please, replace it with 'Wearable' behavior for medieval:clothes-upperbody-medieval-squire-tunic instead
17.8.2026 23:10:54 [Warning] 'ItemWearable' class is obsolete. Please, replace it with 'Wearable' behavior for medieval:clothes-upperbody-medieval-knight-tunic-gray instead
17.8.2026 23:10:54 [Warning] 'ItemWearable' class is obsolete. Please, replace it with 'Wearable' behavior for medieval:clothes-upperbody-medieval-knight-tunic-red instead
17.8.2026 23:10:54 [Warning] 'ItemWearable' class is obsolete. Please, replace it with 'Wearable' behavior for medieval:clothes-upperbody-medieval-knight-tunic-brown instead
17.8.2026 23:10:54 [Warning] 'ItemWearable' class is obsolete. Please, replace it with 'Wearable' behavior for medieval:clothes-upperbody-medieval-woman-coat-top instead
17.8.2026 23:10:54 [Warning] 'ItemWearable' class is obsolete. Please, replace it with 'Wearable' behavior for medieval:clothes-upperbody-medieval-dress-blue-top instead
17.8.2026 23:10:54 [Warning] 'ItemWearable' class is obsolete. Please, replace it with 'Wearable' behavior for medieval:clothes-upperbody-medieval-dress-brown-top instead
17.8.2026 23:10:54 [Warning] 'ItemWearable' class is obsolete. Please, replace it with 'Wearable' behavior for medieval:clothes-upperbody-medieval-dress-top instead
17.8.2026 23:10:54 [Warning] 'ItemWearable' class is obsolete. Please, replace it with 'Wearable' behavior for medieval:clothes-upperbody-medieval-blouse-yellow instead
17.8.2026 23:10:54 [Warning] 'ItemWearable' class is obsolete. Please, replace it with 'Wearable' behavior for medieval:clothes-upperbody-medieval-blouse-white instead
17.8.2026 23:10:54 [Warning] 'ItemWearable' class is obsolete. Please, replace it with 'Wearable' behavior for medieval:clothes-upperbody-medieval-blouse-red instead
17.8.2026 23:10:54 [Warning] 'ItemWearable' class is obsolete. Please, replace it with 'Wearable' behavior for medieval:clothes-upperbody-medieval-blouse-purple instead
17.8.2026 23:10:54 [Warning] 'ItemWearable' class is obsolete. Please, replace it with 'Wearable' behavior for medieval:clothes-upperbody-medieval-blouse-pink instead
17.8.2026 23:10:54 [Warning] 'ItemWearable' class is obsolete. Please, replace it with 'Wearable' behavior for medieval:clothes-upperbody-medieval-blouse-orange instead
17.8.2026 23:10:54 [Warning] 'ItemWearable' class is obsolete. Please, replace it with 'Wearable' behavior for medieval:clothes-upperbody-medieval-blouse-green instead
17.8.2026 23:10:54 [Warning] 'ItemWearable' class is obsolete. Please, replace it with 'Wearable' behavior for medieval:clothes-upperbody-medieval-blouse-gray instead
17.8.2026 23:10:54 [Warning] 'ItemWearable' class is obsolete. Please, replace it with 'Wearable' behavior for medieval:clothes-upperbody-medieval-blouse-brown instead
17.8.2026 23:10:54 [Warning] 'ItemWearable' class is obsolete. Please, replace it with 'Wearable' behavior for medieval:clothes-upperbody-medieval-blouse-blue instead
17.8.2026 23:10:54 [Warning] 'ItemWearable' class is obsolete. Please, replace it with 'Wearable' behavior for medieval:clothes-upperbody-medieval-blouse-black instead
17.8.2026 23:10:54 [Warning] 'ItemWearable' class is obsolete. Please, replace it with 'Wearable' behavior for medieval:clothes-upperbody-medieval-blouse instead
17.8.2026 23:10:54 [Warning] 'ItemWearable' class is obsolete. Please, replace it with 'Wearable' behavior for medieval:clothes-upperbody-medieval-large-white-w instead
17.8.2026 23:10:54 [Warning] 'ItemWearable' class is obsolete. Please, replace it with 'Wearable' behavior for medieval:clothes-upperbody-medieval-large-purple-w instead
17.8.2026 23:10:54 [Warning] 'ItemWearable' class is obsolete. Please, replace it with 'Wearable' behavior for medieval:clothes-upperbody-medieval-large-pink-w instead
17.8.2026 23:10:54 [Warning] 'ItemWearable' class is obsolete. Please, replace it with 'Wearable' behavior for medieval:clothes-upperbody-medieval-large-red-w instead
17.8.2026 23:10:54 [Warning] 'ItemWearable' class is obsolete. Please, replace it with 'Wearable' behavior for medieval:clothes-upperbody-medieval-large-red-robe instead
17.8.2026 23:10:54 [Warning] 'ItemWearable' class is obsolete. Please, replace it with 'Wearable' behavior for medieval:clothes-upperbody-medieval-large-red-neck instead
17.8.2026 23:10:54 [Warning] 'ItemWearable' class is obsolete. Please, replace it with 'Wearable' behavior for medieval:clothes-upperbody-medieval-large-black-robe instead
17.8.2026 23:10:54 [Warning] 'ItemWearable' class is obsolete. Please, replace it with 'Wearable' behavior for medieval:clothes-upperbody-medieval-large-black-neck instead
17.8.2026 23:10:54 [Warning] 'ItemWearable' class is obsolete. Please, replace it with 'Wearable' behavior for medieval:clothes-upperbody-medieval-large-yellow-w instead
17.8.2026 23:10:54 [Warning] 'ItemWearable' class is obsolete. Please, replace it with 'Wearable' behavior for medieval:clothes-upperbody-medieval-large-yellow-robe instead
17.8.2026 23:10:54 [Warning] 'ItemWearable' class is obsolete. Please, replace it with 'Wearable' behavior for medieval:clothes-upperbody-medieval-large-yellow-neck instead
17.8.2026 23:10:54 [Warning] 'ItemWearable' class is obsolete. Please, replace it with 'Wearable' behavior for medieval:clothes-upperbody-medieval-large-orange-w instead
17.8.2026 23:10:54 [Warning] 'ItemWearable' class is obsolete. Please, replace it with 'Wearable' behavior for medieval:clothes-upperbody-medieval-large-orange-robe instead
17.8.2026 23:10:54 [Warning] 'ItemWearable' class is obsolete. Please, replace it with 'Wearable' behavior for medieval:clothes-upperbody-medieval-large-orange-neck instead
17.8.2026 23:10:54 [Warning] 'ItemWearable' class is obsolete. Please, replace it with 'Wearable' behavior for medieval:clothes-upperbody-medieval-large-green-w instead
17.8.2026 23:10:54 [Warning] 'ItemWearable' class is obsolete. Please, replace it with 'Wearable' behavior for medieval:clothes-upperbody-medieval-large-green-robe instead
17.8.2026 23:10:54 [Warning] 'ItemWearable' class is obsolete. Please, replace it with 'Wearable' behavior for medieval:clothes-upperbody-medieval-large-green-neck instead
17.8.2026 23:10:54 [Warning] 'ItemWearable' class is obsolete. Please, replace it with 'Wearable' behavior for medieval:clothes-upperbody-medieval-large-gray-w instead
17.8.2026 23:10:54 [Warning] 'ItemWearable' class is obsolete. Please, replace it with 'Wearable' behavior for medieval:clothes-upperbody-medieval-large-gray-robe instead
17.8.2026 23:10:54 [Warning] 'ItemWearable' class is obsolete. Please, replace it with 'Wearable' behavior for medieval:clothes-upperbody-medieval-large-gray-neck instead
17.8.2026 23:10:54 [Warning] 'ItemWearable' class is obsolete. Please, replace it with 'Wearable' behavior for medieval:clothes-upperbody-medieval-large-brown-w instead
17.8.2026 23:10:54 [Warning] 'ItemWearable' class is obsolete. Please, replace it with 'Wearable' behavior for medieval:clothes-upperbody-medieval-large-brown-robe instead
17.8.2026 23:10:54 [Warning] 'ItemWearable' class is obsolete. Please, replace it with 'Wearable' behavior for medieval:clothes-upperbody-medieval-large-brown-neck instead
17.8.2026 23:10:54 [Warning] 'ItemWearable' class is obsolete. Please, replace it with 'Wearable' behavior for medieval:clothes-upperbody-medieval-large-blue-w instead
17.8.2026 23:10:54 [Warning] 'ItemWearable' class is obsolete. Please, replace it with 'Wearable' behavior for medieval:clothes-upperbody-medieval-large-blue-robe instead
17.8.2026 23:10:54 [Warning] 'ItemWearable' class is obsolete. Please, replace it with 'Wearable' behavior for medieval:clothes-upperbody-medieval-large-blue-neck instead
17.8.2026 23:10:54 [Warning] 'ItemWearable' class is obsolete. Please, replace it with 'Wearable' behavior for medieval:clothes-upperbody-large-yellow-luxurious-medieval-tunic instead
17.8.2026 23:10:54 [Warning] 'ItemWearable' class is obsolete. Please, replace it with 'Wearable' behavior for medieval:clothes-upperbody-large-red-luxurious-medieval-tunic instead
17.8.2026 23:10:54 [Warning] 'ItemWearable' class is obsolete. Please, replace it with 'Wearable' behavior for medieval:clothes-upperbody-large-orange-luxurious-medieval-tunic instead
17.8.2026 23:10:54 [Warning] 'ItemWearable' class is obsolete. Please, replace it with 'Wearable' behavior for medieval:clothes-upperbody-large-green-luxurious-medieval-tunic instead
17.8.2026 23:10:54 [Warning] 'ItemWearable' class is obsolete. Please, replace it with 'Wearable' behavior for medieval:clothes-upperbody-large-gray-luxurious-medieval-tunic instead
17.8.2026 23:10:54 [Warning] 'ItemWearable' class is obsolete. Please, replace it with 'Wearable' behavior for medieval:clothes-upperbody-large-blue-luxurious-medieval-tunic instead
17.8.2026 23:10:54 [Warning] 'ItemWearable' class is obsolete. Please, replace it with 'Wearable' behavior for medieval:clothes-upperbody-medieval-shirt instead
17.8.2026 23:10:54 [Warning] 'ItemWearable' class is obsolete. Please, replace it with 'Wearable' behavior for medieval:clothes-upperbody-medieval-leather-shirt-white instead
17.8.2026 23:10:54 [Warning] 'ItemWearable' class is obsolete. Please, replace it with 'Wearable' behavior for medieval:clothes-upperbody-medieval-leather-shirt-red instead
17.8.2026 23:10:54 [Warning] 'ItemWearable' class is obsolete. Please, replace it with 'Wearable' behavior for medieval:clothes-upperbody-medieval-leather-shirt-green instead
17.8.2026 23:10:54 [Warning] 'ItemWearable' class is obsolete. Please, replace it with 'Wearable' behavior for medieval:clothes-upperbody-medieval-leather-shirt-gray instead
17.8.2026 23:10:54 [Warning] 'ItemWearable' class is obsolete. Please, replace it with 'Wearable' behavior for medieval:clothes-upperbody-medieval-leather-shirt-blue instead
17.8.2026 23:10:54 [Warning] 'ItemWearable' class is obsolete. Please, replace it with 'Wearable' behavior for medieval:clothes-upperbody-medieval-leather-shirt-black instead
17.8.2026 23:10:54 [Warning] 'ItemWearable' class is obsolete. Please, replace it with 'Wearable' behavior for medieval:clothes-upperbody-medieval-leather-shirt instead
17.8.2026 23:10:54 [Warning] 'ItemWearable' class is obsolete. Please, replace it with 'Wearable' behavior for medieval:clothes-upperbody-linen-tunic-yellow instead
17.8.2026 23:10:54 [Warning] 'ItemWearable' class is obsolete. Please, replace it with 'Wearable' behavior for medieval:clothes-upperbody-linen-tunic-white instead
17.8.2026 23:10:54 [Warning] 'ItemWearable' class is obsolete. Please, replace it with 'Wearable' behavior for medieval:clothes-upperbody-linen-tunic-red instead
17.8.2026 23:10:54 [Warning] 'ItemWearable' class is obsolete. Please, replace it with 'Wearable' behavior for medieval:clothes-upperbody-linen-tunic-purple instead
17.8.2026 23:10:54 [Warning] 'ItemWearable' class is obsolete. Please, replace it with 'Wearable' behavior for medieval:clothes-upperbody-linen-tunic-orange instead
17.8.2026 23:10:54 [Warning] 'ItemWearable' class is obsolete. Please, replace it with 'Wearable' behavior for medieval:clothes-upperbody-linen-tunic-green instead
17.8.2026 23:10:54 [Warning] 'ItemWearable' class is obsolete. Please, replace it with 'Wearable' behavior for medieval:clothes-upperbody-linen-tunic-gray instead
17.8.2026 23:10:54 [Warning] 'ItemWearable' class is obsolete. Please, replace it with 'Wearable' behavior for medieval:clothes-upperbody-linen-tunic-brown instead
17.8.2026 23:10:54 [Warning] 'ItemWearable' class is obsolete. Please, replace it with 'Wearable' behavior for medieval:clothes-upperbody-linen-tunic-blue instead
17.8.2026 23:10:54 [Warning] 'ItemWearable' class is obsolete. Please, replace it with 'Wearable' behavior for medieval:clothes-upperbody-linen-tunic-pink instead
17.8.2026 23:10:54 [Warning] 'ItemWearable' class is obsolete. Please, replace it with 'Wearable' behavior for medieval:clothes-upperbody-linen-tunic-black instead
17.8.2026 23:10:54 [Warning] 'ItemWearable' class is obsolete. Please, replace it with 'Wearable' behavior for medieval:clothes-upperbody-steel-embroidered-shirt instead
17.8.2026 23:10:54 [Warning] 'ItemWearable' class is obsolete. Please, replace it with 'Wearable' behavior for medieval:clothes-upperbody-turquoise-embroidered-shirt instead
17.8.2026 23:10:54 [Warning] 'ItemWearable' class is obsolete. Please, replace it with 'Wearable' behavior for medieval:clothes-upperbody-camel-embroidered-shirt instead
17.8.2026 23:10:54 [Warning] 'ItemWearable' class is obsolete. Please, replace it with 'Wearable' behavior for medieval:clothes-upperbody-crimson-embroidered-shirt instead
17.8.2026 23:10:54 [Warning] 'ItemWearable' class is obsolete. Please, replace it with 'Wearable' behavior for medieval:clothes-upperbodyover-guindo instead
17.8.2026 23:10:54 [Warning] 'ItemWearable' class is obsolete. Please, replace it with 'Wearable' behavior for medieval:clothes-upperbodyover-olivo instead
17.8.2026 23:10:54 [Warning] 'ItemWearable' class is obsolete. Please, replace it with 'Wearable' behavior for medieval:clothes-upperbodyover-duende instead
17.8.2026 23:10:54 [Warning] 'ItemWearable' class is obsolete. Please, replace it with 'Wearable' behavior for medieval:clothes-upperbodyover-lux instead
17.8.2026 23:10:54 [Warning] 'ItemWearable' class is obsolete. Please, replace it with 'Wearable' behavior for medieval:clothes-upperbodyover-savage instead
17.8.2026 23:10:54 [Warning] 'ItemWearable' class is obsolete. Please, replace it with 'Wearable' behavior for medieval:clothes-upperbodyover-navajo instead
17.8.2026 23:10:54 [Warning] 'ItemWearable' class is obsolete. Please, replace it with 'Wearable' behavior for medieval:clothes-upperbodyover-lion instead
17.8.2026 23:10:54 [Warning] 'ItemWearable' class is obsolete. Please, replace it with 'Wearable' behavior for medieval:clothes-upperbodyover-jungle instead
17.8.2026 23:10:54 [Warning] 'ItemWearable' class is obsolete. Please, replace it with 'Wearable' behavior for medieval:clothes-upperbodyover-gentilred instead
17.8.2026 23:10:54 [Warning] 'ItemWearable' class is obsolete. Please, replace it with 'Wearable' behavior for medieval:clothes-upperbodyover-gentil instead
17.8.2026 23:10:54 [Warning] 'ItemWearable' class is obsolete. Please, replace it with 'Wearable' behavior for medieval:clothes-upperbodyover-elegante instead
17.8.2026 23:10:54 [Warning] 'ItemWearable' class is obsolete. Please, replace it with 'Wearable' behavior for medieval:clothes-upperbodyover-eagle instead
17.8.2026 23:10:54 [Warning] 'ItemWearable' class is obsolete. Please, replace it with 'Wearable' behavior for medieval:clothes-upperbodyover-diamond instead
17.8.2026 23:10:54 [Warning] 'ItemWearable' class is obsolete. Please, replace it with 'Wearable' behavior for medieval:clothes-upperbodyover-calavera instead
17.8.2026 23:10:54 [Warning] 'ItemWearable' class is obsolete. Please, replace it with 'Wearable' behavior for medieval:clothes-upperbodyover-bosque2 instead
17.8.2026 23:10:54 [Warning] 'ItemWearable' class is obsolete. Please, replace it with 'Wearable' behavior for medieval:clothes-upperbodyover-blackgold instead
17.8.2026 23:10:54 [Warning] 'ItemWearable' class is obsolete. Please, replace it with 'Wearable' behavior for medieval:clothes-upperbodyover-blackgray instead
17.8.2026 23:10:54 [Warning] 'ItemWearable' class is obsolete. Please, replace it with 'Wearable' behavior for medieval:clothes-upperbodyover-reli2 instead
17.8.2026 23:10:54 [Warning] 'ItemWearable' class is obsolete. Please, replace it with 'Wearable' behavior for medieval:clothes-upperbodyover-reli instead
17.8.2026 23:10:54 [Warning] 'ItemWearable' class is obsolete. Please, replace it with 'Wearable' behavior for medieval:clothes-upperbodyover-hunterwhite instead
17.8.2026 23:10:54 [Warning] 'ItemWearable' class is obsolete. Please, replace it with 'Wearable' behavior for medieval:clothes-upperbodyover-hunterred instead
17.8.2026 23:10:54 [Warning] 'ItemWearable' class is obsolete. Please, replace it with 'Wearable' behavior for medieval:clothes-upperbodyover-medieval-robes instead
17.8.2026 23:10:54 [Warning] 'ItemWearable' class is obsolete. Please, replace it with 'Wearable' behavior for medieval:clothes-upperbodyover-medieval-robes-red instead
17.8.2026 23:10:54 [Warning] 'ItemWearable' class is obsolete. Please, replace it with 'Wearable' behavior for medieval:clothes-upperbodyover-medieval-robes-green instead
17.8.2026 23:10:54 [Warning] 'ItemWearable' class is obsolete. Please, replace it with 'Wearable' behavior for medieval:clothes-upperbodyover-medieval-robes-brown instead
17.8.2026 23:10:54 [Warning] 'ItemWearable' class is obsolete. Please, replace it with 'Wearable' behavior for medieval:clothes-upperbodyover-medieval-large-brown-faldita instead
17.8.2026 23:10:54 [Warning] 'ItemWearable' class is obsolete. Please, replace it with 'Wearable' behavior for medieval:clothes-upperbodyover-medieval-large-black-faldita instead
17.8.2026 23:10:54 [Warning] 'ItemWearable' class is obsolete. Please, replace it with 'Wearable' behavior for medieval:clothes-upperbodyover-medieval-large-yellowblue-faldita instead
17.8.2026 23:10:54 [Warning] 'ItemWearable' class is obsolete. Please, replace it with 'Wearable' behavior for medieval:clothes-upperbodyover-medieval-large-redyellow-faldita instead
17.8.2026 23:10:54 [Warning] 'ItemWearable' class is obsolete. Please, replace it with 'Wearable' behavior for medieval:clothes-upperbodyover-medieval-large-red-faldita instead
17.8.2026 23:10:54 [Warning] 'ItemWearable' class is obsolete. Please, replace it with 'Wearable' behavior for medieval:clothes-upperbodyover-medieval-large-redblue-faldita instead
17.8.2026 23:10:54 [Warning] 'ItemWearable' class is obsolete. Please, replace it with 'Wearable' behavior for medieval:clothes-upperbodyover-medieval-large-purple-faldita instead
17.8.2026 23:10:54 [Warning] 'ItemWearable' class is obsolete. Please, replace it with 'Wearable' behavior for medieval:clothes-upperbodyover-medieval-large-pink-faldita instead
17.8.2026 23:10:54 [Warning] 'ItemWearable' class is obsolete. Please, replace it with 'Wearable' behavior for medieval:clothes-upperbodyover-medieval-large-orangebrown-faldita instead
17.8.2026 23:10:54 [Warning] 'ItemWearable' class is obsolete. Please, replace it with 'Wearable' behavior for medieval:clothes-upperbodyover-medieval-large-green-faldita instead
17.8.2026 23:10:54 [Warning] 'ItemWearable' class is obsolete. Please, replace it with 'Wearable' behavior for medieval:clothes-upperbodyover-medieval-large-blues-faldita instead
17.8.2026 23:10:54 [Warning] 'ItemWearable' class is obsolete. Please, replace it with 'Wearable' behavior for medieval:clothes-upperbodyover-medieval-large-bluegreen-faldita instead
17.8.2026 23:10:54 [Warning] 'ItemWearable' class is obsolete. Please, replace it with 'Wearable' behavior for medieval:clothes-upperbodyover-medieval-large-blue-faldita instead
17.8.2026 23:10:54 [Warning] 'ItemWearable' class is obsolete. Please, replace it with 'Wearable' behavior for medieval:clothes-upperbodyover-medieval-large-beige-faldita instead
17.8.2026 23:10:54 [Warning] 'ItemWearable' class is obsolete. Please, replace it with 'Wearable' behavior for medieval:clothes-upperbodyover-vikingcoat instead
17.8.2026 23:10:54 [Warning] 'ItemWearable' class is obsolete. Please, replace it with 'Wearable' behavior for medieval:clothes-upperbodyover-lad instead
17.8.2026 23:10:54 [Warning] 'ItemWearable' class is obsolete. Please, replace it with 'Wearable' behavior for medieval:clothes-upperbodyover-leonwhite instead
17.8.2026 23:10:54 [Warning] 'ItemWearable' class is obsolete. Please, replace it with 'Wearable' behavior for medieval:clothes-upperbodyover-leon instead
17.8.2026 23:10:54 [Warning] 'ItemWearable' class is obsolete. Please, replace it with 'Wearable' behavior for medieval:clothes-upperbodyover-yellow-shirt instead
17.8.2026 23:10:54 [Warning] 'ItemWearable' class is obsolete. Please, replace it with 'Wearable' behavior for medieval:clothes-upperbodyover-warrior instead
17.8.2026 23:10:54 [Warning] 'ItemWearable' class is obsolete. Please, replace it with 'Wearable' behavior for medieval:clothes-upperbodyover-single-coat instead
17.8.2026 23:10:54 [Warning] 'ItemWearable' class is obsolete. Please, replace it with 'Wearable' behavior for medieval:clothes-upperbodyover-reds-shirt instead
17.8.2026 23:10:54 [Warning] 'ItemWearable' class is obsolete. Please, replace it with 'Wearable' behavior for medieval:clothes-upperbodyover-red-shirt instead
17.8.2026 23:10:54 [Warning] 'ItemWearable' class is obsolete. Please, replace it with 'Wearable' behavior for medieval:clothes-upperbodyover-red-coat instead
17.8.2026 23:10:54 [Warning] 'ItemWearable' class is obsolete. Please, replace it with 'Wearable' behavior for medieval:clothes-upperbodyover-red-civil instead
17.8.2026 23:10:54 [Warning] 'ItemWearable' class is obsolete. Please, replace it with 'Wearable' behavior for medieval:clothes-upperbodyover-purple-coat-short instead
17.8.2026 23:10:54 [Warning] 'ItemWearable' class is obsolete. Please, replace it with 'Wearable' behavior for medieval:clothes-upperbodyover-poor instead
17.8.2026 23:10:54 [Warning] 'ItemWearable' class is obsolete. Please, replace it with 'Wearable' behavior for medieval:clothes-upperbodyover-medieval-civilr instead
17.8.2026 23:10:54 [Warning] 'ItemWearable' class is obsolete. Please, replace it with 'Wearable' behavior for medieval:clothes-upperbodyover-medieval-civilp instead
17.8.2026 23:10:54 [Warning] 'ItemWearable' class is obsolete. Please, replace it with 'Wearable' behavior for medieval:clothes-upperbodyover-medieval-civilb instead
17.8.2026 23:10:54 [Warning] 'ItemWearable' class is obsolete. Please, replace it with 'Wearable' behavior for medieval:clothes-upperbodyover-lightbrown-leather-coat instead
17.8.2026 23:10:54 [Warning] 'ItemWearable' class is obsolete. Please, replace it with 'Wearable' behavior for medieval:clothes-upperbodyover-yelloww-shirt instead
17.8.2026 23:10:54 [Warning] 'ItemWearable' class is obsolete. Please, replace it with 'Wearable' behavior for medieval:clothes-upperbodyover-redd-shirt instead
17.8.2026 23:10:54 [Warning] 'ItemWearable' class is obsolete. Please, replace it with 'Wearable' behavior for medieval:clothes-upperbodyover-purple-shirt instead
17.8.2026 23:10:54 [Warning] 'ItemWearable' class is obsolete. Please, replace it with 'Wearable' behavior for medieval:clothes-upperbodyover-brownn-shirt instead
17.8.2026 23:10:54 [Warning] 'ItemWearable' class is obsolete. Please, replace it with 'Wearable' behavior for medieval:clothes-upperbodyover-blue-shirt instead
17.8.2026 23:10:54 [Warning] 'ItemWearable' class is obsolete. Please, replace it with 'Wearable' behavior for medieval:clothes-upperbodyover-green-shirt instead
17.8.2026 23:10:54 [Warning] 'ItemWearable' class is obsolete. Please, replace it with 'Wearable' behavior for medieval:clothes-upperbodyover-hunter instead
17.8.2026 23:10:54 [Warning] 'ItemWearable' class is obsolete. Please, replace it with 'Wearable' behavior for medieval:clothes-upperbodyover-farmer instead
17.8.2026 23:10:54 [Warning] 'ItemWearable' class is obsolete. Please, replace it with 'Wearable' behavior for medieval:clothes-upperbodyover-brown-shirt instead
17.8.2026 23:10:54 [Warning] 'ItemWearable' class is obsolete. Please, replace it with 'Wearable' behavior for medieval:clothes-upperbodyover-brown-leather-coat instead
17.8.2026 23:10:54 [Warning] 'ItemWearable' class is obsolete. Please, replace it with 'Wearable' behavior for medieval:clothes-upperbodyover-blue-civil instead
17.8.2026 23:10:54 [Warning] 'ItemWearable' class is obsolete. Please, replace it with 'Wearable' behavior for medieval:clothes-upperbodyover-black-short-coat instead
17.8.2026 23:10:54 [Warning] 'ItemWearable' class is obsolete. Please, replace it with 'Wearable' behavior for medieval:clothes-upperbodyover-red-coattt instead
17.8.2026 23:10:54 [Warning] 'ItemWearable' class is obsolete. Please, replace it with 'Wearable' behavior for medieval:clothes-upperbodyover-black-coat instead
17.8.2026 23:10:54 [Warning] 'ItemWearable' class is obsolete. Please, replace it with 'Wearable' behavior for medieval:clothes-upperbodyover-black-cape instead
17.8.2026 23:10:54 [Warning] 'ItemWearable' class is obsolete. Please, replace it with 'Wearable' behavior for medieval:clothes-upperbodyover-assassin instead
17.8.2026 23:10:54 [Warning] 'ItemWearable' class is obsolete. Please, replace it with 'Wearable' behavior for medieval:clothes-upperbodyover-miner instead
17.8.2026 23:10:54 [Warning] 'ItemWearable' class is obsolete. Please, replace it with 'Wearable' behavior for medieval:clothes-upperbodyover-large-hunter-coat instead
17.8.2026 23:10:54 [Warning] 'ItemWearable' class is obsolete. Please, replace it with 'Wearable' behavior for medieval:clothes-upperbodyover-medieval-travelers-earthrobe instead
17.8.2026 23:10:54 [Warning] 'ItemWearable' class is obsolete. Please, replace it with 'Wearable' behavior for medieval:clothes-waist-medieval-tailor-belt instead
17.8.2026 23:10:54 [Warning] 'ItemWearable' class is obsolete. Please, replace it with 'Wearable' behavior for medieval:clothes-waist-rope-linen instead
17.8.2026 23:10:54 [Warning] 'ItemWearable' class is obsolete. Please, replace it with 'Wearable' behavior for medieval:clothes-waist-bone instead
17.8.2026 23:10:54 [Warning] 'ItemWearable' class is obsolete. Please, replace it with 'Wearable' behavior for medieval:clothes-waist-medieval-wide-belt-knife-ex instead
17.8.2026 23:10:54 [Warning] 'ItemWearable' class is obsolete. Please, replace it with 'Wearable' behavior for medieval:clothes-waist-medieval-wide-belt-knife instead
17.8.2026 23:10:54 [Warning] 'ItemWearable' class is obsolete. Please, replace it with 'Wearable' behavior for medieval:clothes-waist-medieval-wide-belt instead
17.8.2026 23:10:54 [Warning] 'ItemWearable' class is obsolete. Please, replace it with 'Wearable' behavior for medieval:clothes-waist-medieval-large-belt-knife-ex instead
17.8.2026 23:10:54 [Warning] 'ItemWearable' class is obsolete. Please, replace it with 'Wearable' behavior for medieval:clothes-waist-medieval-large-belt-knife instead
17.8.2026 23:10:54 [Warning] 'ItemWearable' class is obsolete. Please, replace it with 'Wearable' behavior for medieval:clothes-waist-medieval-large-belt instead
17.8.2026 23:10:54 [Warning] 'ItemWearable' class is obsolete. Please, replace it with 'Wearable' behavior for medieval:clothes-waist-medieval-large-belt-knife-lantern-on2 instead
17.8.2026 23:10:54 [Warning] 'ItemWearable' class is obsolete. Please, replace it with 'Wearable' behavior for medieval:clothes-waist-medieval-large-belt-knife-lantern-on1 instead
17.8.2026 23:10:54 [Warning] 'ItemWearable' class is obsolete. Please, replace it with 'Wearable' behavior for medieval:clothes-waist-medieval-large-belt-knife-lantern-on instead
17.8.2026 23:10:54 [Notification] Server map set
17.8.2026 23:10:54 [Event] Un monde intact...
17.8.2026 23:10:54 [Notification] Entering runphase GameReady
17.8.2026 23:10:54 [Notification] Entering runphase WorldReady
17.8.2026 23:10:54 [Event] Le centre se déploie...
17.8.2026 23:10:54 [Event] Starting world generators...
17.8.2026 23:10:54 [Notification] Reloaded 104 tree generators
17.8.2026 23:10:54 [Event] Loading 7x7x8 spawn chunks...
17.8.2026 23:10:54 [Event] 0% (49 in queue)
17.8.2026 23:10:54 [Event] Les montagnes découpées...
17.8.2026 23:10:54 [Event] Begin game ticking...
17.8.2026 23:10:54 [Event] ... tout cela vous appelle
17.8.2026 23:10:54 [Notification] Entering runphase RunGame
17.8.2026 23:10:54 [Notification] Successfully loaded 0 waypoints
17.8.2026 23:10:54 [Notification] Starting server threads
17.8.2026 23:10:54 [Event] Serveur en mode solo now running!
17.8.2026 23:10:54 [Event] Revenir encore.
17.8.2026 23:10:57 [Notification] Sending server identification. Server control privilege is True
17.8.2026 23:11:06 [Warning] Server overloaded. A tick took 1921ms to complete.
17.8.2026 23:11:12 [Notification] A Client attempts connecting via Dummy connection on 127.0.0.1:0, assigning client id 1
17.8.2026 23:11:16 [Notification] Client 1 uid 7FQvGKefJELzl1NEEwqgPdJP attempting identification. Name: Hezekhiel
17.8.2026 23:11:16 [Notification] Upped server view distance to: 544, because player is in singleplayer
17.8.2026 23:11:16 [Notification] Delayed join, need to load one spawn chunk first.
17.8.2026 23:11:16 [Notification] Placing Hezekhiel at 511954,83489990234 4 512015,0822753906
17.8.2026 23:11:20 [Notification] [Subclasses] Re-applied 1 traits for Hezekhiel (subclass: commoner)
17.8.2026 23:11:26 [Event] Hezekhiel 127.0.0.1:0 joins.
17.8.2026 23:11:26 [Notification] A client reconnected, resuming game calendar.
17.8.2026 23:11:40 [Warning] [bdflower] Is a Content mod, but .cs or .dll files were found. These will be ignored.
17.8.2026 23:11:40 [Error] [usefulstuff17] An exception was thrown when trying to load assembly:
17.8.2026 23:11:40 [Error] [usefulstuff17] Exception: Could not load file or assembly 'Newtonsoft.Json, Version=13.0.0.0, Culture=neutral, PublicKeyToken=30ad4fe6b2a6aeed'. Assembly with same name is already loaded
   at System.Runtime.Loader.AssemblyLoadContext.LoadFromAssemblyPath(String assemblyPath)
   at Vintagestory.Common.ModAssemblyLoader.LoadFrom(String path) in VintagestoryLib\Common\API\ModAssemblyLoader.cs:line 36
   at Vintagestory.Common.ModContainer.<>c__DisplayClass38_0.<LoadAssembly>b__0(String path) in VintagestoryLib\Common\API\ModContainer.cs:line 607
   at System.Linq.Enumerable.ListSelectIterator`2.MoveNext()
   at System.Linq.Enumerable.IEnumerableWhereIterator`1.ToList()
   at Vintagestory.Common.ModContainer.LoadAssembly(ModCompilationContext compilationContext, ModAssemblyLoader loader) in VintagestoryLib\Common\API\ModContainer.cs:line 606
17.8.2026 23:11:40 [Warning] [bdcrop] Is a Content mod, but .cs or .dll files were found. These will be ignored.
17.8.2026 23:11:40 [Warning] [bdherb] Is a Content mod, but .cs or .dll files were found. These will be ignored.
17.8.2026 23:11:40 [Warning] [bdorchard] Is a Content mod, but .cs or .dll files were found. These will be ignored.
17.8.2026 23:11:40 [Warning] [bdshrub] Is a Content mod, but .cs or .dll files were found. These will be ignored.
17.8.2026 23:11:40 [Warning] [bdtree] Is a Content mod, but .cs or .dll files were found. These will be ignored.
17.8.2026 23:11:40 [Warning] [haybales] Mod 'haybales (haybales-V1.1.2.zip)' has no authors specified in mod info.
17.8.2026 23:11:40 [Warning] [attributerenderinglibrary] Possibly uncaught attribute due to stack simulation failure for VSA.Api.Precision.VSAOrientResolver.TryRead, failure reason: System.NotSupportedException: Instruction 'stobj VSA.Api.Precision.VSAOrientSpec' is not supported by stack emulator
   at AttributeRenderingLibrary.Utility.HarmonyTools.StackSimulator.UpdateStack() in C:\Users\dana_\Source\Repos\AttributeRenderingLibrary\AttributeRenderingLibrary\Utility\HarmonyTools\StackSimulator.cs:line 503
   at AttributeRenderingLibrary.Utility.HarmonyTools.StackSimulator.Simulate() in C:\Users\dana_\Source\Repos\AttributeRenderingLibrary\AttributeRenderingLibrary\Utility\HarmonyTools\StackSimulator.cs:line 197
   at AttributeRenderingLibrary.HarmonyPatches.AttributeRedirectionPatch.Transpiler(IEnumerable`1 instructions, ILGenerator generator, MethodBase __originalMethod) in C:\Users\dana_\Source\Repos\AttributeRenderingLibrary\AttributeRenderingLibrary\HarmonyPatches\AttributeRedirectionPatch.cs:line 88
17.8.2026 23:11:40 [Warning] [attributerenderinglibrary] Possibly uncaught attribute due to stack simulation failure for VSA.Api.Precision.VSARotationalResolver.TryRead, failure reason: System.NotSupportedException: Instruction 'stobj VSA.Api.Precision.VSARotationalSpec' is not supported by stack emulator
   at AttributeRenderingLibrary.Utility.HarmonyTools.StackSimulator.UpdateStack() in C:\Users\dana_\Source\Repos\AttributeRenderingLibrary\AttributeRenderingLibrary\Utility\HarmonyTools\StackSimulator.cs:line 503
   at AttributeRenderingLibrary.Utility.HarmonyTools.StackSimulator.Simulate() in C:\Users\dana_\Source\Repos\AttributeRenderingLibrary\AttributeRenderingLibrary\Utility\HarmonyTools\StackSimulator.cs:line 197
   at AttributeRenderingLibrary.HarmonyPatches.AttributeRedirectionPatch.Transpiler(IEnumerable`1 instructions, ILGenerator generator, MethodBase __originalMethod) in C:\Users\dana_\Source\Repos\AttributeRenderingLibrary\AttributeRenderingLibrary\HarmonyPatches\AttributeRedirectionPatch.cs:line 88
17.8.2026 23:11:40 [Warning] [haybales] Mod 'haybales (haybales-V1.1.2.zip)' has no authors specified in mod info.
17.8.2026 23:11:40 [Error] Error loading traits from racialability:config/traits.json: Value cannot be null. (Parameter 'jsonSerializer')
17.8.2026 23:11:40 [Error] Error loading traits from xskills:config/traits.json: Value cannot be null. (Parameter 'jsonSerializer')
17.8.2026 23:11:40 [Warning] [BiggerCellarsRebuilt] Starting transpiler version.
17.8.2026 23:11:40 [Warning] [BiggerCellarsRebuilt] Loaded successfully.
17.8.2026 23:11:40 [Error] Patch 0 in hotcrops:patches/bellpepper.json: File game:blocktypes/plant/crop/bellpepper.json not found
17.8.2026 23:11:40 [Error] Patch 0 in shroomies:patches/mycodiversity/moshruum-stuff.json: File game:blocktypes/plant/mycodiversity-mushroom.json not found
17.8.2026 23:11:40 [Error] Patch 1 in shroomies:patches/mycodiversity/moshruum-stuff.json: File game:blocktypes/plant/mycodiversity-mushroom-side.json not found
17.8.2026 23:11:40 [Error] Patch 2 in shroomies:patches/mycodiversity/moshruum-stuff.json: File game:blocktypes/plant/mycodiversity-mushroom.json not found
17.8.2026 23:11:40 [Error] Patch 3 in shroomies:patches/mycodiversity/moshruum-stuff.json: File game:blocktypes/plant/mycodiversity-mushroom.json not found
17.8.2026 23:11:40 [Error] Patch 4 in shroomies:patches/mycodiversity/moshruum-stuff.json: File game:blocktypes/plant/mycodiversity-mushroom-side.json not found
17.8.2026 23:11:40 [Error] Patch 5 in shroomies:patches/mycodiversity/moshruum-stuff.json: File game:blocktypes/plant/mycodiversity-mushroom-side.json not found
17.8.2026 23:11:40 [Error] Patch 6 in shroomies:patches/mycodiversity/moshruum-stuff.json: File game:blocktypes/plant/mycodiversity-mushroom.json not found
17.8.2026 23:11:40 [Error] Patch 7 in shroomies:patches/mycodiversity/moshruum-stuff.json: File game:blocktypes/plant/mycodiversity-mushroom-side.json not found
17.8.2026 23:11:40 [Error] Patch 32 (target: bdtree:blocktypes/wood/woodtyped/log-section.json) in p1nksstacksizes_biodiversity:patches/compatability/compat-bdtree.json failed because supplied path /maxstacksize is invalid: The json path /maxstacksize was not found. No such element 'maxstacksize' at the root path
17.8.2026 23:11:40 [Error] Patch 33 (target: bdtree:blocktypes/wood/woodtyped/log-withresin.json) in p1nksstacksizes_biodiversity:patches/compatability/compat-bdtree.json failed because supplied path /maxstacksize is invalid: The json path /maxstacksize was not found. No such element 'maxstacksize' at the root path
17.8.2026 23:11:40 [Error] Patch 0 in game:patches/survival-entities-land.json: File game:entities/land/drifter.json not found
17.8.2026 23:11:40 [Error] Patch 1 in game:patches/survival-entities-land.json: File game:entities/land/shiver.json not found
17.8.2026 23:11:40 [Error] Patch 2 in game:patches/survival-entities-land.json: File game:entities/land/bowtorn.json not found
17.8.2026 23:11:40 [Error] Patch 3 in game:patches/survival-entities-land.json: File game:entities/land/drifter.json not found
17.8.2026 23:11:40 [Error] Patch 4 in game:patches/survival-entities-land.json: File game:entities/land/bowtorn.json not found
17.8.2026 23:11:40 [Error] Patch 5 in game:patches/survival-entities-land.json: File game:entities/land/shiver.json not found
17.8.2026 23:11:40 [Error] Patch 6 in game:patches/survival-entities-land.json: File game:entities/land/drifter.json not found
17.8.2026 23:11:40 [Error] Patch 7 in game:patches/survival-entities-land.json: File game:entities/land/bowtorn.json not found
17.8.2026 23:11:40 [Error] Patch 8 in game:patches/survival-entities-land.json: File game:entities/land/shiver.json not found
17.8.2026 23:11:40 [Error] Patch 9 in darkerwalnut:patches/foodshelves.json: File foodshelves:blocktypes/glassware/ceilingjar.json not found
17.8.2026 23:11:40 [Error] Patch 30 in darkerwalnut:patches/foodshelves.json: File foodshelves:blocktypes/unimplemented/glassjar.json not found
17.8.2026 23:11:40 [Error] Patch 0 (target: game:recipes/grid/roofing.json) in materialneeds:patches/fixes-recipes/mn-lightaged-fix-roofing.json failed because supplied path /69/ingredients/P/skipVariants is invalid: The json path /69/ingredients/P/skipVariants was not found. Could traverse until /69/ingredients, but then 'P' does not exist. Full json at this path: {
  "H": {
    "type": "block",
    "code": "slantedroofingridge-bamboo-ns-free"
  }
}
17.8.2026 23:11:40 [Error] Patch 0 (target: game:itemtypes/food/insect.json) in apanserbjornstory:patches/itemtypes/food/insect.json failed because supplied path /behaviors/- is invalid: The json path /behaviors/- was not found. No such element 'behaviors' at the root path
17.8.2026 23:11:40 [Error] Patch 13 in expandedfoods:patches/compatibility/acorns/recipes/malletstuff.json: File expandedfoods:recipes/grid/acorns/fishnugget.json not found
17.8.2026 23:11:40 [Error] Patch 14 in expandedfoods:patches/compatibility/acorns/recipes/malletstuff.json: File expandedfoods:recipes/grid/acorns/fishnugget.json not found
17.8.2026 23:11:40 [Error] Patch 15 in expandedfoods:patches/compatibility/acorns/recipes/malletstuff.json: File expandedfoods:recipes/grid/acorns/fishnugget.json not found
17.8.2026 23:11:40 [Error] Patch 16 in expandedfoods:patches/compatibility/acorns/recipes/malletstuff.json: File expandedfoods:recipes/grid/acorns/fishnugget.json not found
17.8.2026 23:11:40 [Error] Patch 1 in expandedfoods:patches/compatibility/acorns/acornbreadcrumbs.json: File expandedfoods:recipes/grid/acorns/acornbreadcrumbs.json not found
17.8.2026 23:11:40 [Error] Patch 2 in expandedfoods:patches/compatibility/acorns/acornbreadcrumbs.json: File expandedfoods:recipes/grid/acorns/acornbreadcrumbs.json not found
17.8.2026 23:11:40 [Error] Patch 3 in expandedfoods:patches/compatibility/acorns/acornbreadcrumbs.json: File expandedfoods:recipes/grid/acorns/acornbreadcrumbs.json not found
17.8.2026 23:11:40 [Error] Patch 0 in expandedfoods:patches/compatibility/acorns/acorns-shelled.json: File acorns:itemtypes/resource/acorns-shelled.json not found
17.8.2026 23:11:40 [Error] Patch 1 in expandedfoods:patches/compatibility/acorns/acorns-shelled.json: File acorns:itemtypes/resource/acorns-shelled.json not found
17.8.2026 23:11:40 [Error] Patch 0 in expandedfoods:patches/compatibility/acorns/acorntrailmix.json: File expandedfoods:recipes/kneading/acorns/acorntrailmix.json not found
17.8.2026 23:11:40 [Error] Patch 1 in expandedfoods:patches/compatibility/acorns/acorntrailmix.json: File expandedfoods:recipes/kneading/acorns/acorntrailmix.json not found
17.8.2026 23:11:40 [Error] Patch 2 in expandedfoods:patches/compatibility/acorns/acorntrailmix.json: File expandedfoods:recipes/kneading/acorns/acorntrailmix.json not found
17.8.2026 23:11:40 [Error] Patch 3 in expandedfoods:patches/compatibility/acorns/acorntrailmix.json: File expandedfoods:recipes/kneading/acorns/acorntrailmix.json not found
17.8.2026 23:11:40 [Error] Patch 4 in expandedfoods:patches/compatibility/acorns/acorntrailmix.json: File expandedfoods:recipes/kneading/acorns/acorntrailmix.json not found
17.8.2026 23:11:40 [Error] Patch 5 in expandedfoods:patches/compatibility/acorns/acorntrailmix.json: File expandedfoods:recipes/kneading/acorns/acorntrailmix.json not found
17.8.2026 23:11:40 [Error] Patch 6 in expandedfoods:patches/compatibility/acorns/acorntrailmix.json: File expandedfoods:recipes/kneading/acorns/acorntrailmix.json not found
17.8.2026 23:11:40 [Error] Patch 7 in expandedfoods:patches/compatibility/acorns/acorntrailmix.json: File expandedfoods:recipes/kneading/acorns/acorntrailmix.json not found
17.8.2026 23:11:40 [Error] Patch 0 in expandedfoods:patches/compatibility/ancienttools/recipes/saltedmeatnugget.json: File expandedfoods:itemtypes/food/ancienttoolssaltedmeatnugget.json not found
17.8.2026 23:11:40 [Error] Patch 0 in expandedfoods:patches/compatibility/ancienttools/saltedmeat.json: File ancienttools:itemtypes/food/saltedmeat.json not found
17.8.2026 23:11:40 [Error] Patch 1 in expandedfoods:patches/compatibility/ancienttools/saltedmeat.json: File ancienttools:itemtypes/food/saltedmeat.json not found
17.8.2026 23:11:40 [Error] Patch 2 in expandedfoods:patches/compatibility/ancienttools/saltedmeat.json: File ancienttools:itemtypes/food/saltedmeat.json not found
17.8.2026 23:11:40 [Error] Patch 3 in expandedfoods:patches/compatibility/ancienttools/saltedmeat.json: File ancienttools:itemtypes/food/saltedmeat.json not found
17.8.2026 23:11:40 [Error] Patch 4 in expandedfoods:patches/compatibility/ancienttools/saltedmeat.json: File ancienttools:itemtypes/food/saltedmeat.json not found
17.8.2026 23:11:40 [Error] Patch 5 in expandedfoods:patches/compatibility/ancienttools/saltedmeat.json: File ancienttools:itemtypes/food/saltedmeat.json not found
17.8.2026 23:11:40 [Error] Patch 6 in expandedfoods:patches/compatibility/ancienttools/saltedmeat.json: File ancienttools:itemtypes/food/saltedmeat.json not found
17.8.2026 23:11:40 [Error] Patch 7 in expandedfoods:patches/compatibility/ancienttools/saltedmeat.json: File ancienttools:itemtypes/food/saltedmeat.json not found
17.8.2026 23:11:40 [Error] Patch 8 in expandedfoods:patches/compatibility/ancienttools/saltedmeat.json: File ancienttools:itemtypes/food/saltedmeat.json not found
17.8.2026 23:11:40 [Error] Patch 9 in expandedfoods:patches/compatibility/ancienttools/saltedmeat.json: File ancienttools:itemtypes/food/saltedmeat.json not found
17.8.2026 23:11:40 [Error] Patch 10 in expandedfoods:patches/compatibility/ancienttools/saltedmeat.json: File ancienttools:itemtypes/food/saltedmeat.json not found
17.8.2026 23:11:40 [Error] Patch 11 in expandedfoods:patches/compatibility/ancienttools/saltedmeat.json: File ancienttools:itemtypes/food/saltedmeat.json not found
17.8.2026 23:11:40 [Error] Patch 12 in expandedfoods:patches/compatibility/ancienttools/saltedmeat.json: File ancienttools:itemtypes/food/saltedmeat.json not found
17.8.2026 23:11:40 [Error] Patch 13 in expandedfoods:patches/compatibility/ancienttools/saltedmeat.json: File ancienttools:itemtypes/food/saltedmeat.json not found
17.8.2026 23:11:40 [Error] Patch 14 in expandedfoods:patches/compatibility/ancienttools/saltedmeat.json: File ancienttools:itemtypes/food/saltedmeat.json not found
17.8.2026 23:11:40 [Error] Patch 15 in expandedfoods:patches/compatibility/ancienttools/saltedmeat.json: File ancienttools:itemtypes/food/saltedmeat.json not found
17.8.2026 23:11:40 [Error] Patch 16 in expandedfoods:patches/compatibility/ancienttools/saltedmeat.json: File ancienttools:itemtypes/food/saltedmeat.json not found
17.8.2026 23:11:40 [Error] Patch 17 in expandedfoods:patches/compatibility/ancienttools/saltedmeat.json: File ancienttools:itemtypes/food/saltedmeat.json not found
17.8.2026 23:11:40 [Error] Patch 18 in expandedfoods:patches/compatibility/ancienttools/saltedmeat.json: File ancienttools:itemtypes/food/saltedmeat.json not found
17.8.2026 23:11:40 [Error] Patch 19 in expandedfoods:patches/compatibility/ancienttools/saltedmeat.json: File ancienttools:itemtypes/food/saltedmeat.json not found
17.8.2026 23:11:40 [Error] Patch 20 in expandedfoods:patches/compatibility/ancienttools/saltedmeat.json: File ancienttools:itemtypes/food/saltedmeat.json not found
17.8.2026 23:11:40 [Error] Patch 21 in expandedfoods:patches/compatibility/ancienttools/saltedmeat.json: File ancienttools:itemtypes/food/saltedmeat.json not found
17.8.2026 23:11:40 [Error] Patch 22 in expandedfoods:patches/compatibility/ancienttools/saltedmeat.json: File ancienttools:itemtypes/food/saltedmeat.json not found
17.8.2026 23:11:40 [Error] Patch 23 in expandedfoods:patches/compatibility/ancienttools/saltedmeat.json: File ancienttools:itemtypes/food/saltedmeat.json not found
17.8.2026 23:11:40 [Error] Patch 24 in expandedfoods:patches/compatibility/ancienttools/saltedmeat.json: File ancienttools:itemtypes/food/saltedmeat.json not found
17.8.2026 23:11:40 [Error] Patch 25 in expandedfoods:patches/compatibility/ancienttools/saltedmeat.json: File ancienttools:itemtypes/food/saltedmeat.json not found
17.8.2026 23:11:40 [Error] Patch 26 in expandedfoods:patches/compatibility/ancienttools/saltedmeat.json: File ancienttools:itemtypes/food/saltedmeat.json not found
17.8.2026 23:11:40 [Error] Patch 27 in expandedfoods:patches/compatibility/ancienttools/saltedmeat.json: File ancienttools:itemtypes/food/saltedmeat.json not found
17.8.2026 23:11:40 [Error] Patch 28 in expandedfoods:patches/compatibility/ancienttools/saltedmeat.json: File ancienttools:itemtypes/food/saltedmeat.json not found
17.8.2026 23:11:40 [Error] Patch 29 in expandedfoods:patches/compatibility/ancienttools/saltedmeat.json: File ancienttools:itemtypes/food/saltedmeat.json not found
17.8.2026 23:11:40 [Error] Patch 30 in expandedfoods:patches/compatibility/ancienttools/saltedmeat.json: File ancienttools:itemtypes/food/saltedmeat.json not found
17.8.2026 23:11:40 [Error] Patch 31 in expandedfoods:patches/compatibility/ancienttools/saltedmeat.json: File ancienttools:itemtypes/food/saltedmeat.json not found
17.8.2026 23:11:40 [Error] Patch 32 in expandedfoods:patches/compatibility/ancienttools/saltedmeat.json: File ancienttools:itemtypes/food/saltedmeat.json not found
17.8.2026 23:11:40 [Error] Patch 33 in expandedfoods:patches/compatibility/ancienttools/saltedmeat.json: File ancienttools:itemtypes/food/saltedmeat.json not found
17.8.2026 23:11:40 [Error] Patch 34 in expandedfoods:patches/compatibility/ancienttools/saltedmeat.json: File ancienttools:itemtypes/food/saltedmeat.json not found
17.8.2026 23:11:40 [Error] Patch 35 in expandedfoods:patches/compatibility/ancienttools/saltedmeat.json: File ancienttools:itemtypes/food/saltedmeat.json not found
17.8.2026 23:11:40 [Error] Patch 36 in expandedfoods:patches/compatibility/ancienttools/saltedmeat.json: File ancienttools:itemtypes/food/saltedmeat.json not found
17.8.2026 23:11:40 [Error] Patch 37 in expandedfoods:patches/compatibility/ancienttools/saltedmeat.json: File ancienttools:itemtypes/food/saltedmeat.json not found
17.8.2026 23:11:40 [Error] Patch 38 in expandedfoods:patches/compatibility/ancienttools/saltedmeat.json: File ancienttools:itemtypes/food/saltedmeat.json not found
17.8.2026 23:11:40 [Error] Patch 39 in expandedfoods:patches/compatibility/ancienttools/saltedmeat.json: File ancienttools:itemtypes/food/saltedmeat.json not found
17.8.2026 23:11:40 [Error] Patch 0 in expandedfoods:patches/compatibility/moreanimals/egg.json: File moreanimals:itemtypes/egg.json not found
17.8.2026 23:11:40 [Error] Patch 1 in expandedfoods:patches/compatibility/moreanimals/egg.json: File moreanimals:itemtypes/egg.json not found
17.8.2026 23:11:40 [Error] Patch 2 in expandedfoods:patches/compatibility/moreanimals/egg.json: File moreanimals:itemtypes/egg.json not found
17.8.2026 23:11:40 [Error] Patch 3 in expandedfoods:patches/compatibility/moreanimals/egg.json: File moreanimals:itemtypes/egg.json not found
17.8.2026 23:11:40 [Error] Patch 4 in expandedfoods:patches/compatibility/moreanimals/egg.json: File moreanimals:itemtypes/egg.json not found
17.8.2026 23:11:40 [Error] Patch 5 in expandedfoods:patches/compatibility/moreanimals/egg.json: File moreanimals:itemtypes/egg.json not found
17.8.2026 23:11:40 [Error] Patch 6 in expandedfoods:patches/compatibility/moreanimals/egg.json: File moreanimals:itemtypes/egg.json not found
17.8.2026 23:11:40 [Error] Patch 7 in expandedfoods:patches/compatibility/moreanimals/egg.json: File moreanimals:itemtypes/egg.json not found
17.8.2026 23:11:40 [Error] Patch 8 in expandedfoods:patches/compatibility/moreanimals/egg.json: File moreanimals:itemtypes/egg.json not found
17.8.2026 23:11:40 [Error] Patch 9 in expandedfoods:patches/compatibility/moreanimals/egg.json: File moreanimals:itemtypes/egg.json not found
17.8.2026 23:11:40 [Error] Patch 0 (target: game:itemtypes/food/grain.json) in expandedfoods:patches/grain.json failed because supplied path /attributesByType/*-sunflower is invalid: The json path /attributesByType/*-sunflower was not found. No such element 'attributesByType' at the root path
17.8.2026 23:11:40 [Error] Patch 1 (target: game:itemtypes/food/grain.json) in expandedfoods:patches/grain.json failed because supplied path /attributesByType/*-flax/juiceableProperties is invalid: The json path /attributesByType/*-flax/juiceableProperties was not found. No such element 'attributesByType' at the root path
17.8.2026 23:11:40 [Error] Patch 2 (target: game:itemtypes/food/grain.json) in expandedfoods:patches/grain.json failed because supplied path /attributesByType/*-rice/juiceableProperties is invalid: The json path /attributesByType/*-rice/juiceableProperties was not found. No such element 'attributesByType' at the root path
17.8.2026 23:11:40 [Error] Patch 3 (target: game:itemtypes/food/grain.json) in expandedfoods:patches/grain.json failed because supplied path /temp is invalid: The json path /attributesByType/* was not found. No such element 'attributesByType' at the root path
17.8.2026 23:11:40 [Error] Patch 4 (target: game:itemtypes/food/grain.json) in expandedfoods:patches/grain.json failed because supplied path /attributesByType/* is invalid: The json path /temp was not found. No such element 'temp' at the root path
17.8.2026 23:11:40 [Error] Patch 1 in game:patches/bushmeatmeals.json: File game:blocktypes/clay/pot.json not found
17.8.2026 23:11:40 [Error] Patch 2 in game:patches/bushmeatmeals.json: File game:blocktypes/clay/pot.json not found
17.8.2026 23:11:40 [Error] Patch 9 (target: game:itemtypes/food/bread.json) in game:patches/dough.json failed because supplied path /nutritionPropsByType/*-charred/saturation is invalid: The json path /nutritionPropsByType/*-charred/saturation was not found. Could traverse until /nutritionPropsByType/*-charred, but then 'saturation' does not exist. Full json at this path: {
  "satiety": 210,
  "foodcategory": "Grain"
}
17.8.2026 23:11:40 [Error] Patch 10 (target: game:itemtypes/food/bread.json) in game:patches/dough.json failed because supplied path /nutritionPropsByType/*-partbaked/saturation is invalid: The json path /nutritionPropsByType/*-partbaked/saturation was not found. Could traverse until /nutritionPropsByType/*-partbaked, but then 'saturation' does not exist. Full json at this path: {
  "satiety": 150,
  "foodcategory": "Grain"
}
17.8.2026 23:11:40 [Error] Patch 11 (target: game:itemtypes/food/bread.json) in game:patches/dough.json failed because supplied path /nutritionPropsByType/*-perfect/saturation is invalid: The json path /nutritionPropsByType/*-perfect/saturation was not found. Could traverse until /nutritionPropsByType/*-perfect, but then 'saturation' does not exist. Full json at this path: {
  "satiety": 300,
  "foodcategory": "Grain"
}
17.8.2026 23:11:40 [Error] Patch 0 in game:patches/fish.json: File game:itemtypes/food/fish.json not found
17.8.2026 23:11:40 [Error] Patch 1 in game:patches/fish.json: File game:itemtypes/food/fish.json not found
17.8.2026 23:11:40 [Error] Patch 2 in game:patches/fish.json: File game:itemtypes/food/fish.json not found
17.8.2026 23:11:40 [Error] Patch 3 in game:patches/fish.json: File game:itemtypes/food/fish.json not found
17.8.2026 23:11:40 [Error] Patch 4 in game:patches/fish.json: File game:itemtypes/food/fish.json not found
17.8.2026 23:11:40 [Error] Patch 5 in game:patches/fish.json: File game:itemtypes/food/fish.json not found
17.8.2026 23:11:40 [Error] Patch 6 in game:patches/fish.json: File game:itemtypes/food/fish.json not found
17.8.2026 23:11:40 [Error] Patch 7 in game:patches/fish.json: File game:itemtypes/food/fish.json not found
17.8.2026 23:11:40 [Error] Patch 8 in game:patches/fish.json: File game:itemtypes/food/fish.json not found
17.8.2026 23:11:40 [Error] Patch 9 in game:patches/fish.json: File game:itemtypes/food/fish.json not found
17.8.2026 23:11:40 [Error] Patch 10 in game:patches/fish.json: File game:itemtypes/food/fish.json not found
17.8.2026 23:11:40 [Error] Patch 11 in game:patches/fish.json: File game:itemtypes/food/fish.json not found
17.8.2026 23:11:40 [Error] Patch 12 in game:patches/fish.json: File game:itemtypes/food/fish.json not found
17.8.2026 23:11:40 [Error] Patch 13 in game:patches/fish.json: File game:itemtypes/food/fish.json not found
17.8.2026 23:11:40 [Error] Patch 14 in game:patches/fish.json: File game:itemtypes/food/fish.json not found
17.8.2026 23:11:40 [Error] Patch 15 in game:patches/fish.json: File game:itemtypes/food/fish.json not found
17.8.2026 23:11:40 [Error] Patch 16 in game:patches/fish.json: File game:itemtypes/food/fish.json not found
17.8.2026 23:11:40 [Error] Patch 17 in game:patches/fish.json: File game:itemtypes/food/fish.json not found
17.8.2026 23:11:40 [Error] Patch 18 in game:patches/fish.json: File game:itemtypes/food/fish.json not found
17.8.2026 23:11:40 [Error] Patch 19 in game:patches/fish.json: File game:itemtypes/food/fish.json not found
17.8.2026 23:11:40 [Error] Patch 20 in game:patches/fish.json: File game:itemtypes/food/fish.json not found
17.8.2026 23:11:40 [Error] Patch 21 in game:patches/fish.json: File game:itemtypes/food/fish.json not found
17.8.2026 23:11:40 [Error] Patch 0 (target: game:recipes/cooking/glue.json) in game:patches/glue.json failed because supplied path /ingredients/0/portionSizeLitres is invalid: The json path /ingredients/0/portionSizeLitres was not found. No such element 'ingredients' at the root path
17.8.2026 23:11:40 [Error] Patch 0 (target: game:itemtypes/food/insect.json) in game:patches/insect.json failed because supplied path /attributesByType/* is invalid: The json path /attributesByType/* was not found. No such element 'attributesByType' at the root path
17.8.2026 23:11:40 [Error] Patch 1 (target: game:itemtypes/food/insect.json) in game:patches/insect.json failed because supplied path /attributesByType/* is invalid: The json path /attributesByType/* was not found. No such element 'attributesByType' at the root path
17.8.2026 23:11:40 [Error] Patch 0 (target: game:itemtypes/food/pickledvegetable.json) in game:patches/pickledvegetable.json failed because supplied path /fpHandTransformByType/*-cabbage/scale is invalid: The json path /fpHandTransformByType/*-cabbage/scale was not found. No such element 'fpHandTransformByType' at the root path
17.8.2026 23:11:40 [Error] Patch 3 in xskills:patches/container.json: File aculinaryartillery:blocktypes/glassbottle.json not found
17.8.2026 23:11:40 [Error] Patch 4 in xskills:patches/container.json: File aculinaryartillery:blocktypes/claybottle-fired.json not found
17.8.2026 23:11:40 [Error] Failed registering item game:pressedmash-olive:
17.8.2026 23:11:40 [Error] Exception: Vous avez tenté d'enregistrer un objet avec le code game:pressedmash-olive, mais un objet avec ce code existe déjà. Il doit être unique
   at Vintagestory.Server.ServerMain.RegisterItem(Item item) in VintagestoryLib\Server\ServerMain.cs:line 1980
   at Vintagestory.Server.ServerCoreAPI.RegisterItem(Item item) in VintagestoryLib\Server\API\ServerCoreAPI.cs:line 132
   at Vintagestory.ServerMods.NoObf.ModRegistryObjectTypeLoader.<LoadItems>b__14_0(List`1 variants) in VSEssentials\Loading\RegistryObjectTypeLoader.cs:line 253
17.8.2026 23:11:40 [Error] Failed registering item game:chisel-flint:
17.8.2026 23:11:40 [Error] Exception: Vous avez tenté d'enregistrer un objet avec le code game:chisel-flint, mais un objet avec ce code existe déjà. Il doit être unique
   at Vintagestory.Server.ServerMain.RegisterItem(Item item) in VintagestoryLib\Server\ServerMain.cs:line 1980
   at Vintagestory.Server.ServerCoreAPI.RegisterItem(Item item) in VintagestoryLib\Server\API\ServerCoreAPI.cs:line 132
   at Vintagestory.ServerMods.NoObf.ModRegistryObjectTypeLoader.<LoadItems>b__14_0(List`1 variants) in VSEssentials\Loading\RegistryObjectTypeLoader.cs:line 253
17.8.2026 23:11:40 [Error] Failed registering block game:mushroom-fieldmushroom-harvested
17.8.2026 23:11:40 [Error] Exception: Block must have a unique code ('game:mushroom-fieldmushroom-harvested' is already in use). This is often caused right after a game update when there are old installation files left behind. Try full uninstall and reinstall.
   at Vintagestory.Server.ServerMain.RegisterBlock(Block block) in VintagestoryLib\Server\ServerMain.cs:line 1935
   at Vintagestory.Server.ServerCoreAPI.RegisterBlock(Block block) in VintagestoryLib\Server\API\ServerCoreAPI.cs:line 137
   at Vintagestory.ServerMods.NoObf.ModRegistryObjectTypeLoader.<LoadBlocks>b__15_0(List`1 variants) in VSEssentials\Loading\RegistryObjectTypeLoader.cs:line 277
17.8.2026 23:11:40 [Error] Failed registering block game:mushroom-almondmushroom-harvested
17.8.2026 23:11:40 [Error] Exception: Block must have a unique code ('game:mushroom-almondmushroom-harvested' is already in use). This is often caused right after a game update when there are old installation files left behind. Try full uninstall and reinstall.
   at Vintagestory.Server.ServerMain.RegisterBlock(Block block) in VintagestoryLib\Server\ServerMain.cs:line 1935
   at Vintagestory.Server.ServerCoreAPI.RegisterBlock(Block block) in VintagestoryLib\Server\API\ServerCoreAPI.cs:line 137
   at Vintagestory.ServerMods.NoObf.ModRegistryObjectTypeLoader.<LoadBlocks>b__15_0(List`1 variants) in VSEssentials\Loading\RegistryObjectTypeLoader.cs:line 277
17.8.2026 23:11:40 [Error] Failed registering block game:mushroom-bitterbolete-harvested
17.8.2026 23:11:40 [Error] Exception: Block must have a unique code ('game:mushroom-bitterbolete-harvested' is already in use). This is often caused right after a game update when there are old installation files left behind. Try full uninstall and reinstall.
   at Vintagestory.Server.ServerMain.RegisterBlock(Block block) in VintagestoryLib\Server\ServerMain.cs:line 1935
   at Vintagestory.Server.ServerCoreAPI.RegisterBlock(Block block) in VintagestoryLib\Server\API\ServerCoreAPI.cs:line 137
   at Vintagestory.ServerMods.NoObf.ModRegistryObjectTypeLoader.<LoadBlocks>b__15_0(List`1 variants) in VSEssentials\Loading\RegistryObjectTypeLoader.cs:line 277
17.8.2026 23:11:40 [Error] Failed registering block game:mushroom-blacktrumpet-harvested
17.8.2026 23:11:40 [Error] Exception: Block must have a unique code ('game:mushroom-blacktrumpet-harvested' is already in use). This is often caused right after a game update when there are old installation files left behind. Try full uninstall and reinstall.
   at Vintagestory.Server.ServerMain.RegisterBlock(Block block) in VintagestoryLib\Server\ServerMain.cs:line 1935
   at Vintagestory.Server.ServerCoreAPI.RegisterBlock(Block block) in VintagestoryLib\Server\API\ServerCoreAPI.cs:line 137
   at Vintagestory.ServerMods.NoObf.ModRegistryObjectTypeLoader.<LoadBlocks>b__15_0(List`1 variants) in VSEssentials\Loading\RegistryObjectTypeLoader.cs:line 277
17.8.2026 23:11:40 [Error] Failed registering block game:mushroom-chanterelle-harvested
17.8.2026 23:11:40 [Error] Exception: Block must have a unique code ('game:mushroom-chanterelle-harvested' is already in use). This is often caused right after a game update when there are old installation files left behind. Try full uninstall and reinstall.
   at Vintagestory.Server.ServerMain.RegisterBlock(Block block) in VintagestoryLib\Server\ServerMain.cs:line 1935
   at Vintagestory.Server.ServerCoreAPI.RegisterBlock(Block block) in VintagestoryLib\Server\API\ServerCoreAPI.cs:line 137
   at Vintagestory.ServerMods.NoObf.ModRegistryObjectTypeLoader.<LoadBlocks>b__15_0(List`1 variants) in VSEssentials\Loading\RegistryObjectTypeLoader.cs:line 277
17.8.2026 23:11:40 [Error] Failed registering block game:mushroom-commonmorel-harvested
17.8.2026 23:11:40 [Error] Exception: Block must have a unique code ('game:mushroom-commonmorel-harvested' is already in use). This is often caused right after a game update when there are old installation files left behind. Try full uninstall and reinstall.
   at Vintagestory.Server.ServerMain.RegisterBlock(Block block) in VintagestoryLib\Server\ServerMain.cs:line 1935
   at Vintagestory.Server.ServerCoreAPI.RegisterBlock(Block block) in VintagestoryLib\Server\API\ServerCoreAPI.cs:line 137
   at Vintagestory.ServerMods.NoObf.ModRegistryObjectTypeLoader.<LoadBlocks>b__15_0(List`1 variants) in VSEssentials\Loading\RegistryObjectTypeLoader.cs:line 277
17.8.2026 23:11:40 [Error] Failed registering block game:mushroom-deathcap-harvested
17.8.2026 23:11:40 [Error] Exception: Block must have a unique code ('game:mushroom-deathcap-harvested' is already in use). This is often caused right after a game update when there are old installation files left behind. Try full uninstall and reinstall.
   at Vintagestory.Server.ServerMain.RegisterBlock(Block block) in VintagestoryLib\Server\ServerMain.cs:line 1935
   at Vintagestory.Server.ServerCoreAPI.RegisterBlock(Block block) in VintagestoryLib\Server\API\ServerCoreAPI.cs:line 137
   at Vintagestory.ServerMods.NoObf.ModRegistryObjectTypeLoader.<LoadBlocks>b__15_0(List`1 variants) in VSEssentials\Loading\RegistryObjectTypeLoader.cs:line 277
17.8.2026 23:11:40 [Error] Failed registering block game:mushroom-devilstooth-harvested
17.8.2026 23:11:40 [Error] Exception: Block must have a unique code ('game:mushroom-devilstooth-harvested' is already in use). This is often caused right after a game update when there are old installation files left behind. Try full uninstall and reinstall.
   at Vintagestory.Server.ServerMain.RegisterBlock(Block block) in VintagestoryLib\Server\ServerMain.cs:line 1935
   at Vintagestory.Server.ServerCoreAPI.RegisterBlock(Block block) in VintagestoryLib\Server\API\ServerCoreAPI.cs:line 137
   at Vintagestory.ServerMods.NoObf.ModRegistryObjectTypeLoader.<LoadBlocks>b__15_0(List`1 variants) in VSEssentials\Loading\RegistryObjectTypeLoader.cs:line 277
17.8.2026 23:11:40 [Error] Failed registering block game:mushroom-devilbolete-harvested
17.8.2026 23:11:40 [Error] Exception: Block must have a unique code ('game:mushroom-devilbolete-harvested' is already in use). This is often caused right after a game update when there are old installation files left behind. Try full uninstall and reinstall.
   at Vintagestory.Server.ServerMain.RegisterBlock(Block block) in VintagestoryLib\Server\ServerMain.cs:line 1935
   at Vintagestory.Server.ServerCoreAPI.RegisterBlock(Block block) in VintagestoryLib\Server\API\ServerCoreAPI.cs:line 137
   at Vintagestory.ServerMods.NoObf.ModRegistryObjectTypeLoader.<LoadBlocks>b__15_0(List`1 variants) in VSEssentials\Loading\RegistryObjectTypeLoader.cs:line 277
17.8.2026 23:11:40 [Error] Failed registering block game:mushroom-earthball-harvested
17.8.2026 23:11:40 [Error] Exception: Block must have a unique code ('game:mushroom-earthball-harvested' is already in use). This is often caused right after a game update when there are old installation files left behind. Try full uninstall and reinstall.
   at Vintagestory.Server.ServerMain.RegisterBlock(Block block) in VintagestoryLib\Server\ServerMain.cs:line 1935
   at Vintagestory.Server.ServerCoreAPI.RegisterBlock(Block block) in VintagestoryLib\Server\API\ServerCoreAPI.cs:line 137
   at Vintagestory.ServerMods.NoObf.ModRegistryObjectTypeLoader.<LoadBlocks>b__15_0(List`1 variants) in VSEssentials\Loading\RegistryObjectTypeLoader.cs:line 277
17.8.2026 23:11:40 [Error] Failed registering block game:mushroom-elfinsaddle-harvested
17.8.2026 23:11:40 [Error] Exception: Block must have a unique code ('game:mushroom-elfinsaddle-harvested' is already in use). This is often caused right after a game update when there are old installation files left behind. Try full uninstall and reinstall.
   at Vintagestory.Server.ServerMain.RegisterBlock(Block block) in VintagestoryLib\Server\ServerMain.cs:line 1935
   at Vintagestory.Server.ServerCoreAPI.RegisterBlock(Block block) in VintagestoryLib\Server\API\ServerCoreAPI.cs:line 137
   at Vintagestory.ServerMods.NoObf.ModRegistryObjectTypeLoader.<LoadBlocks>b__15_0(List`1 variants) in VSEssentials\Loading\RegistryObjectTypeLoader.cs:line 277
17.8.2026 23:11:40 [Error] Failed registering block game:mushroom-golddropmilkcap-harvested
17.8.2026 23:11:40 [Error] Exception: Block must have a unique code ('game:mushroom-golddropmilkcap-harvested' is already in use). This is often caused right after a game update when there are old installation files left behind. Try full uninstall and reinstall.
   at Vintagestory.Server.ServerMain.RegisterBlock(Block block) in VintagestoryLib\Server\ServerMain.cs:line 1935
   at Vintagestory.Server.ServerCoreAPI.RegisterBlock(Block block) in VintagestoryLib\Server\API\ServerCoreAPI.cs:line 137
   at Vintagestory.ServerMods.NoObf.ModRegistryObjectTypeLoader.<LoadBlocks>b__15_0(List`1 variants) in VSEssentials\Loading\RegistryObjectTypeLoader.cs:line 277
17.8.2026 23:11:40 [Error] Failed registering block game:mushroom-greencrackedrussula-harvested
17.8.2026 23:11:40 [Error] Exception: Block must have a unique code ('game:mushroom-greencrackedrussula-harvested' is already in use). This is often caused right after a game update when there are old installation files left behind. Try full uninstall and reinstall.
   at Vintagestory.Server.ServerMain.RegisterBlock(Block block) in VintagestoryLib\Server\ServerMain.cs:line 1935
   at Vintagestory.Server.ServerCoreAPI.RegisterBlock(Block block) in VintagestoryLib\Server\API\ServerCoreAPI.cs:line 137
   at Vintagestory.ServerMods.NoObf.ModRegistryObjectTypeLoader.<LoadBlocks>b__15_0(List`1 variants) in VSEssentials\Loading\RegistryObjectTypeLoader.cs:line 277
17.8.2026 23:11:40 [Error] Failed registering block game:mushroom-indigomilkcap-harvested
17.8.2026 23:11:40 [Error] Exception: Block must have a unique code ('game:mushroom-indigomilkcap-harvested' is already in use). This is often caused right after a game update when there are old installation files left behind. Try full uninstall and reinstall.
   at Vintagestory.Server.ServerMain.RegisterBlock(Block block) in VintagestoryLib\Server\ServerMain.cs:line 1935
   at Vintagestory.Server.ServerCoreAPI.RegisterBlock(Block block) in VintagestoryLib\Server\API\ServerCoreAPI.cs:line 137
   at Vintagestory.ServerMods.NoObf.ModRegistryObjectTypeLoader.<LoadBlocks>b__15_0(List`1 variants) in VSEssentials\Loading\RegistryObjectTypeLoader.cs:line 277
17.8.2026 23:11:40 [Error] Failed registering block game:mushroom-jackolantern-harvested
17.8.2026 23:11:40 [Error] Exception: Block must have a unique code ('game:mushroom-jackolantern-harvested' is already in use). This is often caused right after a game update when there are old installation files left behind. Try full uninstall and reinstall.
   at Vintagestory.Server.ServerMain.RegisterBlock(Block block) in VintagestoryLib\Server\ServerMain.cs:line 1935
   at Vintagestory.Server.ServerCoreAPI.RegisterBlock(Block block) in VintagestoryLib\Server\API\ServerCoreAPI.cs:line 137
   at Vintagestory.ServerMods.NoObf.ModRegistryObjectTypeLoader.<LoadBlocks>b__15_0(List`1 variants) in VSEssentials\Loading\RegistryObjectTypeLoader.cs:line 277
17.8.2026 23:11:40 [Error] Failed registering block game:mushroom-kingbolete-harvested
17.8.2026 23:11:40 [Error] Exception: Block must have a unique code ('game:mushroom-kingbolete-harvested' is already in use). This is often caused right after a game update when there are old installation files left behind. Try full uninstall and reinstall.
   at Vintagestory.Server.ServerMain.RegisterBlock(Block block) in VintagestoryLib\Server\ServerMain.cs:line 1935
   at Vintagestory.Server.ServerCoreAPI.RegisterBlock(Block block) in VintagestoryLib\Server\API\ServerCoreAPI.cs:line 137
   at Vintagestory.ServerMods.NoObf.ModRegistryObjectTypeLoader.<LoadBlocks>b__15_0(List`1 variants) in VSEssentials\Loading\RegistryObjectTypeLoader.cs:line 277
17.8.2026 23:11:40 [Error] Failed registering block game:mushroom-lobster-harvested
17.8.2026 23:11:40 [Error] Exception: Block must have a unique code ('game:mushroom-lobster-harvested' is already in use). This is often caused right after a game update when there are old installation files left behind. Try full uninstall and reinstall.
   at Vintagestory.Server.ServerMain.RegisterBlock(Block block) in VintagestoryLib\Server\ServerMain.cs:line 1935
   at Vintagestory.Server.ServerCoreAPI.RegisterBlock(Block block) in VintagestoryLib\Server\API\ServerCoreAPI.cs:line 137
   at Vintagestory.ServerMods.NoObf.ModRegistryObjectTypeLoader.<LoadBlocks>b__15_0(List`1 variants) in VSEssentials\Loading\RegistryObjectTypeLoader.cs:line 277
17.8.2026 23:11:40 [Error] Failed registering block game:mushroom-orangeoakbolete-harvested
17.8.2026 23:11:40 [Error] Exception: Block must have a unique code ('game:mushroom-orangeoakbolete-harvested' is already in use). This is often caused right after a game update when there are old installation files left behind. Try full uninstall and reinstall.
   at Vintagestory.Server.ServerMain.RegisterBlock(Block block) in VintagestoryLib\Server\ServerMain.cs:line 1935
   at Vintagestory.Server.ServerCoreAPI.RegisterBlock(Block block) in VintagestoryLib\Server\API\ServerCoreAPI.cs:line 137
   at Vintagestory.ServerMods.NoObf.ModRegistryObjectTypeLoader.<LoadBlocks>b__15_0(List`1 variants) in VSEssentials\Loading\RegistryObjectTypeLoader.cs:line 277
17.8.2026 23:11:40 [Error] Failed registering block game:mushroom-paddystraw-harvested
17.8.2026 23:11:40 [Error] Exception: Block must have a unique code ('game:mushroom-paddystraw-harvested' is already in use). This is often caused right after a game update when there are old installation files left behind. Try full uninstall and reinstall.
   at Vintagestory.Server.ServerMain.RegisterBlock(Block block) in VintagestoryLib\Server\ServerMain.cs:line 1935
   at Vintagestory.Server.ServerCoreAPI.RegisterBlock(Block block) in VintagestoryLib\Server\API\ServerCoreAPI.cs:line 137
   at Vintagestory.ServerMods.NoObf.ModRegistryObjectTypeLoader.<LoadBlocks>b__15_0(List`1 variants) in VSEssentials\Loading\RegistryObjectTypeLoader.cs:line 277
17.8.2026 23:11:40 [Error] Failed registering block game:mushroom-puffball-harvested
17.8.2026 23:11:40 [Error] Exception: Block must have a unique code ('game:mushroom-puffball-harvested' is already in use). This is often caused right after a game update when there are old installation files left behind. Try full uninstall and reinstall.
   at Vintagestory.Server.ServerMain.RegisterBlock(Block block) in VintagestoryLib\Server\ServerMain.cs:line 1935
   at Vintagestory.Server.ServerCoreAPI.RegisterBlock(Block block) in VintagestoryLib\Server\API\ServerCoreAPI.cs:line 137
   at Vintagestory.ServerMods.NoObf.ModRegistryObjectTypeLoader.<LoadBlocks>b__15_0(List`1 variants) in VSEssentials\Loading\RegistryObjectTypeLoader.cs:line 277
17.8.2026 23:11:40 [Error] Failed registering block game:mushroom-redwinecap-harvested
17.8.2026 23:11:40 [Error] Exception: Block must have a unique code ('game:mushroom-redwinecap-harvested' is already in use). This is often caused right after a game update when there are old installation files left behind. Try full uninstall and reinstall.
   at Vintagestory.Server.ServerMain.RegisterBlock(Block block) in VintagestoryLib\Server\ServerMain.cs:line 1935
   at Vintagestory.Server.ServerCoreAPI.RegisterBlock(Block block) in VintagestoryLib\Server\API\ServerCoreAPI.cs:line 137
   at Vintagestory.ServerMods.NoObf.ModRegistryObjectTypeLoader.<LoadBlocks>b__15_0(List`1 variants) in VSEssentials\Loading\RegistryObjectTypeLoader.cs:line 277
17.8.2026 23:11:40 [Error] Failed registering block game:mushroom-saffronmilkcap-harvested
17.8.2026 23:11:40 [Error] Exception: Block must have a unique code ('game:mushroom-saffronmilkcap-harvested' is already in use). This is often caused right after a game update when there are old installation files left behind. Try full uninstall and reinstall.
   at Vintagestory.Server.ServerMain.RegisterBlock(Block block) in VintagestoryLib\Server\ServerMain.cs:line 1935
   at Vintagestory.Server.ServerCoreAPI.RegisterBlock(Block block) in VintagestoryLib\Server\API\ServerCoreAPI.cs:line 137
   at Vintagestory.ServerMods.NoObf.ModRegistryObjectTypeLoader.<LoadBlocks>b__15_0(List`1 variants) in VSEssentials\Loading\RegistryObjectTypeLoader.cs:line 277
17.8.2026 23:11:40 [Error] Failed registering block game:mushroom-violetwebcap-harvested
17.8.2026 23:11:40 [Error] Exception: Block must have a unique code ('game:mushroom-violetwebcap-harvested' is already in use). This is often caused right after a game update when there are old installation files left behind. Try full uninstall and reinstall.
   at Vintagestory.Server.ServerMain.RegisterBlock(Block block) in VintagestoryLib\Server\ServerMain.cs:line 1935
   at Vintagestory.Server.ServerCoreAPI.RegisterBlock(Block block) in VintagestoryLib\Server\API\ServerCoreAPI.cs:line 137
   at Vintagestory.ServerMods.NoObf.ModRegistryObjectTypeLoader.<LoadBlocks>b__15_0(List`1 variants) in VSEssentials\Loading\RegistryObjectTypeLoader.cs:line 277
17.8.2026 23:11:40 [Error] Failed registering block game:mushroom-witchhat-harvested
17.8.2026 23:11:40 [Error] Exception: Block must have a unique code ('game:mushroom-witchhat-harvested' is already in use). This is often caused right after a game update when there are old installation files left behind. Try full uninstall and reinstall.
   at Vintagestory.Server.ServerMain.RegisterBlock(Block block) in VintagestoryLib\Server\ServerMain.cs:line 1935
   at Vintagestory.Server.ServerCoreAPI.RegisterBlock(Block block) in VintagestoryLib\Server\API\ServerCoreAPI.cs:line 137
   at Vintagestory.ServerMods.NoObf.ModRegistryObjectTypeLoader.<LoadBlocks>b__15_0(List`1 variants) in VSEssentials\Loading\RegistryObjectTypeLoader.cs:line 277
17.8.2026 23:11:40 [Warning] Failed resolving a blocks itemdrop or smeltedstack with code primitivesurvival:fishfillet-raw in cooking recipe game:recipes/cooking/porridge.json
17.8.2026 23:11:40 [Warning] Failed resolving a blocks itemdrop or smeltedstack with code primitivesurvival:fishfillet-raw in cooking recipe game:recipes/cooking/augratin.json
17.8.2026 23:11:40 [Warning] Failed resolving a blocks itemdrop or smeltedstack with code primitivesurvival:fishfillet-raw in cooking recipe game:recipes/cooking/augratin.json
17.8.2026 23:11:40 [Warning] Failed resolving a blocks itemdrop or smeltedstack with code primitivesurvival:fishfillet-raw in cooking recipe game:recipes/cooking/pastahot.json
17.8.2026 23:11:40 [Warning] Failed resolving a blocks itemdrop or smeltedstack with code primitivesurvival:fishfillet-raw in cooking recipe game:recipes/cooking/pastahot.json
17.8.2026 23:11:40 [Warning] Failed resolving a blocks itemdrop or smeltedstack with code primitivesurvival:fishfillet-raw in cooking recipe game:recipes/cooking/riceandbeans.json
17.8.2026 23:11:40 [Warning] Failed resolving a blocks itemdrop or smeltedstack with code primitivesurvival:fishfillet-raw in cooking recipe game:recipes/cooking/riceandbeans.json
17.8.2026 23:11:40 [Warning] Failed resolving a blocks itemdrop or smeltedstack with code primitivesurvival:fishfillet-partbaked in mixing recipe expandedfoods:recipes/mixing/pastacold.json
17.8.2026 23:11:40 [Warning] Failed resolving a blocks itemdrop or smeltedstack with code primitivesurvival:fishfillet-cooked in mixing recipe expandedfoods:recipes/mixing/pastacold.json
17.8.2026 23:11:40 [Warning] Failed resolving a blocks itemdrop or smeltedstack with code primitivesurvival:fishfillet-charred in mixing recipe expandedfoods:recipes/mixing/pastacold.json
17.8.2026 23:11:40 [Warning] Failed resolving a blocks itemdrop or smeltedstack with code game:fish-partbaked in mixing recipe expandedfoods:recipes/mixing/pastacold.json
17.8.2026 23:11:40 [Warning] Failed resolving a blocks itemdrop or smeltedstack with code game:fish-charred in mixing recipe expandedfoods:recipes/mixing/pastacold.json
17.8.2026 23:11:40 [Warning] Failed resolving a blocks itemdrop or smeltedstack with code game:fish-partbaked in mixing recipe expandedfoods:recipes/mixing/pastacold.json
17.8.2026 23:11:40 [Warning] Failed resolving a blocks itemdrop or smeltedstack with code game:fish-charred in mixing recipe expandedfoods:recipes/mixing/pastacold.json
17.8.2026 23:11:40 [Warning] Failed resolving a blocks itemdrop or smeltedstack with code primitivesurvival:fishfillet-partbaked in mixing recipe expandedfoods:recipes/mixing/pastacold.json
17.8.2026 23:11:40 [Warning] Failed resolving a blocks itemdrop or smeltedstack with code primitivesurvival:fishfillet-cooked in mixing recipe expandedfoods:recipes/mixing/pastacold.json
17.8.2026 23:11:40 [Warning] Failed resolving a blocks itemdrop or smeltedstack with code primitivesurvival:fishfillet-charred in mixing recipe expandedfoods:recipes/mixing/pastacold.json
17.8.2026 23:11:40 [Warning] Failed resolving a blocks itemdrop or smeltedstack with code primitivesurvival:fishfillet-partbaked in mixing recipe expandedfoods:recipes/mixing/salad.json
17.8.2026 23:11:40 [Warning] Failed resolving a blocks itemdrop or smeltedstack with code primitivesurvival:fishfillet-cooked in mixing recipe expandedfoods:recipes/mixing/salad.json
17.8.2026 23:11:40 [Warning] Failed resolving a blocks itemdrop or smeltedstack with code primitivesurvival:fishfillet-charred in mixing recipe expandedfoods:recipes/mixing/salad.json
17.8.2026 23:11:40 [Warning] Failed resolving a blocks itemdrop or smeltedstack with code game:fish-partbaked in mixing recipe expandedfoods:recipes/mixing/salad.json
17.8.2026 23:11:40 [Warning] Failed resolving a blocks itemdrop or smeltedstack with code game:fish-charred in mixing recipe expandedfoods:recipes/mixing/salad.json
17.8.2026 23:11:40 [Warning] Failed resolving a blocks itemdrop or smeltedstack with code expandedfoods:candiedfruit-redapple in mixing recipe expandedfoods:recipes/mixing/yogurtmeal.json
17.8.2026 23:11:40 [Warning] Failed resolving a blocks itemdrop or smeltedstack with code expandedfoods:candiedfruit-yellowapple in mixing recipe expandedfoods:recipes/mixing/yogurtmeal.json
17.8.2026 23:11:40 [Warning] Failed resolving a blocks itemdrop or smeltedstack with code expandedfoods:candiedfruit-pinkapple in mixing recipe expandedfoods:recipes/mixing/yogurtmeal.json
17.8.2026 23:11:40 [Warning] Failed resolving a blocks itemdrop or smeltedstack with code expandedfoods:candiedfruit-redapple in mixing recipe expandedfoods:recipes/mixing/yogurtmeal.json
17.8.2026 23:11:40 [Warning] Failed resolving a blocks itemdrop or smeltedstack with code expandedfoods:candiedfruit-yellowapple in mixing recipe expandedfoods:recipes/mixing/yogurtmeal.json
17.8.2026 23:11:40 [Warning] Failed resolving a blocks itemdrop or smeltedstack with code expandedfoods:candiedfruit-pinkapple in mixing recipe expandedfoods:recipes/mixing/yogurtmeal.json
17.8.2026 23:11:40 [Warning] Failed resolving crafting recipe ingredient with code game:flour-birch in kneading recipe expandedfoods:recipes/kneading/ancienttools/pasta.json
17.8.2026 23:11:40 [Warning] Failed resolving crafting recipe ingredient with code game:flour-pine in kneading recipe expandedfoods:recipes/kneading/ancienttools/pasta.json
17.8.2026 23:11:40 [Warning] Failed resolving crafting recipe ingredient with code game:flour-maple in kneading recipe expandedfoods:recipes/kneading/ancienttools/pasta.json
17.8.2026 23:11:40 [Warning] Failed resolving a blocks itemdrop or smeltedstack with code expandedfoods:yogurt-beautyberry in kneading recipe expandedfoods:recipes/kneading/yogurtfruit.json
17.8.2026 23:11:40 [Warning] Failed resolving a blocks itemdrop or smeltedstack with code expandedfoods:yogurt-blackberry in kneading recipe expandedfoods:recipes/kneading/yogurtfruit.json
17.8.2026 23:11:40 [Warning] Failed resolving a blocks itemdrop or smeltedstack with code expandedfoods:yogurt-cactusfruit in kneading recipe expandedfoods:recipes/kneading/yogurtfruit.json
17.8.2026 23:11:40 [Warning] Failed resolving a blocks itemdrop or smeltedstack with code expandedfoods:yogurt-cloudberry in kneading recipe expandedfoods:recipes/kneading/yogurtfruit.json
17.8.2026 23:11:40 [Warning] Failed resolving a blocks itemdrop or smeltedstack with code expandedfoods:yogurt-gooseberry in kneading recipe expandedfoods:recipes/kneading/yogurtfruit.json
17.8.2026 23:11:40 [Warning] Failed resolving a blocks itemdrop or smeltedstack with code expandedfoods:yogurt-guava in kneading recipe expandedfoods:recipes/kneading/yogurtfruit.json
17.8.2026 23:11:40 [Warning] Failed resolving a blocks itemdrop or smeltedstack with code expandedfoods:yogurt-kumquat in kneading recipe expandedfoods:recipes/kneading/yogurtfruit.json
17.8.2026 23:11:40 [Warning] Failed resolving a blocks itemdrop or smeltedstack with code expandedfoods:yogurt-plumnatal in kneading recipe expandedfoods:recipes/kneading/yogurtfruit.json
17.8.2026 23:11:40 [Warning] Failed resolving a blocks itemdrop or smeltedstack with code expandedfoods:yogurt-raspberry in kneading recipe expandedfoods:recipes/kneading/yogurtfruit.json
17.8.2026 23:11:40 [Warning] Failed resolving a blocks itemdrop or smeltedstack with code expandedfoods:yogurt-strawberry in kneading recipe expandedfoods:recipes/kneading/yogurtfruit.json
17.8.2026 23:11:40 [Warning] Failed resolving crafting recipe ingredient with code expandedfoods:acornpasta-dried in simmer recipe expandedfoods:recipes/simmering/acorns/acornpasta.json
17.8.2026 23:11:40 [Warning] Failed resolving a blocks itemdrop or smeltedstack with code expandedfoods:acornpasta-cooked in simmer recipe expandedfoods:recipes/simmering/acorns/acornpasta.json
17.8.2026 23:11:40 [Warning] Failed resolving crafting recipe ingredient with code expandedfoods:acornpasta-charred in simmer recipe expandedfoods:recipes/simmering/acorns/acornpasta.json
17.8.2026 23:11:40 [Warning] Failed resolving a blocks itemdrop or smeltedstack with code expandedfoods:acornpasta-cooked in simmer recipe expandedfoods:recipes/simmering/acorns/acornpasta.json
17.8.2026 23:11:40 [Warning] Failed resolving crafting recipe ingredient with code game:fish-partbaked in simmer recipe expandedfoods:recipes/simmering/broth.json
17.8.2026 23:11:40 [Warning] Failed resolving crafting recipe ingredient with code expandedfoods:fruitsyrupportion-redapple in simmer recipe expandedfoods:recipes/simmering/candiedfruit.json
17.8.2026 23:11:40 [Warning] Failed resolving a blocks itemdrop or smeltedstack with code expandedfoods:candiedfruit-redapple in simmer recipe expandedfoods:recipes/simmering/candiedfruit.json
17.8.2026 23:11:40 [Warning] Failed resolving crafting recipe ingredient with code expandedfoods:fruitsyrupportion-pinkapple in simmer recipe expandedfoods:recipes/simmering/candiedfruit.json
17.8.2026 23:11:40 [Warning] Failed resolving a blocks itemdrop or smeltedstack with code expandedfoods:candiedfruit-pinkapple in simmer recipe expandedfoods:recipes/simmering/candiedfruit.json
17.8.2026 23:11:40 [Warning] Failed resolving crafting recipe ingredient with code expandedfoods:fruitsyrupportion-yellowapple in simmer recipe expandedfoods:recipes/simmering/candiedfruit.json
17.8.2026 23:11:40 [Warning] Failed resolving a blocks itemdrop or smeltedstack with code expandedfoods:candiedfruit-yellowapple in simmer recipe expandedfoods:recipes/simmering/candiedfruit.json
17.8.2026 23:11:40 [Warning] Failed resolving crafting recipe ingredient with code game:fish-partbaked in simmer recipe expandedfoods:recipes/simmering/fish.json
17.8.2026 23:11:40 [Warning] Failed resolving a blocks itemdrop or smeltedstack with code expandedfoods:gelatin-beautyberry in simmer recipe expandedfoods:recipes/simmering/gelatin.json
17.8.2026 23:11:40 [Warning] Failed resolving a blocks itemdrop or smeltedstack with code expandedfoods:gelatin-blackberry in simmer recipe expandedfoods:recipes/simmering/gelatin.json
17.8.2026 23:11:40 [Warning] Failed resolving a blocks itemdrop or smeltedstack with code expandedfoods:gelatin-cloudberry in simmer recipe expandedfoods:recipes/simmering/gelatin.json
17.8.2026 23:11:40 [Warning] Failed resolving a blocks itemdrop or smeltedstack with code expandedfoods:gelatin-raspberry in simmer recipe expandedfoods:recipes/simmering/gelatin.json
17.8.2026 23:11:40 [Warning] Failed resolving a blocks itemdrop or smeltedstack with code expandedfoods:gelatin-strawberry in simmer recipe expandedfoods:recipes/simmering/gelatin.json
17.8.2026 23:11:40 [Warning] Failed resolving a blocks itemdrop or smeltedstack with code expandedfoods:gelatin-beautyberry in simmer recipe expandedfoods:recipes/simmering/gelatin.json
17.8.2026 23:11:40 [Warning] Failed resolving a blocks itemdrop or smeltedstack with code expandedfoods:gelatin-blackberry in simmer recipe expandedfoods:recipes/simmering/gelatin.json
17.8.2026 23:11:40 [Warning] Failed resolving a blocks itemdrop or smeltedstack with code expandedfoods:gelatin-cactusfruit in simmer recipe expandedfoods:recipes/simmering/gelatin.json
17.8.2026 23:11:40 [Warning] Failed resolving a blocks itemdrop or smeltedstack with code expandedfoods:gelatin-cloudberry in simmer recipe expandedfoods:recipes/simmering/gelatin.json
17.8.2026 23:11:40 [Warning] Failed resolving a blocks itemdrop or smeltedstack with code expandedfoods:gelatin-gooseberry in simmer recipe expandedfoods:recipes/simmering/gelatin.json
17.8.2026 23:11:40 [Warning] Failed resolving a blocks itemdrop or smeltedstack with code expandedfoods:gelatin-guava in simmer recipe expandedfoods:recipes/simmering/gelatin.json
17.8.2026 23:11:40 [Warning] Failed resolving a blocks itemdrop or smeltedstack with code expandedfoods:gelatin-kumquat in simmer recipe expandedfoods:recipes/simmering/gelatin.json
17.8.2026 23:11:40 [Warning] Failed resolving a blocks itemdrop or smeltedstack with code expandedfoods:gelatin-plumnatal in simmer recipe expandedfoods:recipes/simmering/gelatin.json
17.8.2026 23:11:40 [Warning] Failed resolving a blocks itemdrop or smeltedstack with code expandedfoods:gelatin-raspberry in simmer recipe expandedfoods:recipes/simmering/gelatin.json
17.8.2026 23:11:40 [Warning] Failed resolving a blocks itemdrop or smeltedstack with code expandedfoods:gelatin-strawberry in simmer recipe expandedfoods:recipes/simmering/gelatin.json
17.8.2026 23:11:40 [Warning] Failed resolving crafting recipe ingredient with code game:glasspane-leaded-lightaged-ew in Grid recipe
17.8.2026 23:11:40 [Error] Grid Recipe 'game:recipes/grid/glasspane.json': Output game:glasspane-leaded-lightaged-ew cannot be resolved.
17.8.2026 23:11:40 [Warning] Failed resolving crafting recipe ingredient with code game:glasspane-plain-lightaged-ew in Grid recipe
17.8.2026 23:11:40 [Error] Grid Recipe 'game:recipes/grid/glasspane.json': Output game:glasspane-plain-lightaged-ew cannot be resolved.
17.8.2026 23:11:40 [Warning] Failed resolving crafting recipe ingredient with code game:glasspane-green-lightaged-ew in Grid recipe
17.8.2026 23:11:40 [Error] Grid Recipe 'game:recipes/grid/glasspane.json': Output game:glasspane-green-lightaged-ew cannot be resolved.
17.8.2026 23:11:40 [Warning] Failed resolving crafting recipe ingredient with code game:glasspane-blue-lightaged-ew in Grid recipe
17.8.2026 23:11:40 [Error] Grid Recipe 'game:recipes/grid/glasspane.json': Output game:glasspane-blue-lightaged-ew cannot be resolved.
17.8.2026 23:11:40 [Warning] Failed resolving crafting recipe ingredient with code game:glasspane-violet-lightaged-ew in Grid recipe
17.8.2026 23:11:40 [Error] Grid Recipe 'game:recipes/grid/glasspane.json': Output game:glasspane-violet-lightaged-ew cannot be resolved.
17.8.2026 23:11:40 [Warning] Failed resolving crafting recipe ingredient with code game:glasspane-red-lightaged-ew in Grid recipe
17.8.2026 23:11:40 [Error] Grid Recipe 'game:recipes/grid/glasspane.json': Output game:glasspane-red-lightaged-ew cannot be resolved.
17.8.2026 23:11:40 [Warning] Failed resolving crafting recipe ingredient with code game:glasspane-yellow-lightaged-ew in Grid recipe
17.8.2026 23:11:40 [Error] Grid Recipe 'game:recipes/grid/glasspane.json': Output game:glasspane-yellow-lightaged-ew cannot be resolved.
17.8.2026 23:11:40 [Warning] Failed resolving crafting recipe ingredient with code game:glasspane-brown-lightaged-ew in Grid recipe
17.8.2026 23:11:40 [Error] Grid Recipe 'game:recipes/grid/glasspane.json': Output game:glasspane-brown-lightaged-ew cannot be resolved.
17.8.2026 23:11:40 [Warning] Failed resolving crafting recipe ingredient with code game:glasspane-vintage-lightaged-ew in Grid recipe
17.8.2026 23:11:40 [Error] Grid Recipe 'game:recipes/grid/glasspane.json': Output game:glasspane-vintage-lightaged-ew cannot be resolved.
17.8.2026 23:11:40 [Warning] Failed resolving crafting recipe ingredient with code game:glasspane-smoky-lightaged-ew in Grid recipe
17.8.2026 23:11:40 [Error] Grid Recipe 'game:recipes/grid/glasspane.json': Output game:glasspane-smoky-lightaged-ew cannot be resolved.
17.8.2026 23:11:40 [Warning] Failed resolving crafting recipe ingredient with code game:glasspane-pink-lightaged-ew in Grid recipe
17.8.2026 23:11:40 [Error] Grid Recipe 'game:recipes/grid/glasspane.json': Output game:glasspane-pink-lightaged-ew cannot be resolved.
17.8.2026 23:11:40 [Warning] Failed resolving crafting recipe ingredient with code game:glasspane-quartz-lightaged-ew in Grid recipe
17.8.2026 23:11:40 [Error] Grid Recipe 'game:recipes/grid/glasspane.json': Output game:glasspane-quartz-lightaged-ew cannot be resolved.
17.8.2026 23:11:40 [Warning] Failed resolving crafting recipe ingredient with code game:metalplate-adamant in Grid recipe
17.8.2026 23:11:40 [Error] Grid Recipe with output 'extrachests:labeledchest-east' contains an ingredient that cannot be resolved: Item code game:metalplate-adamant
17.8.2026 23:11:40 [Warning] Failed resolving crafting recipe ingredient with code game:metalplate-aithril in Grid recipe
17.8.2026 23:11:40 [Error] Grid Recipe with output 'extrachests:labeledchest-east' contains an ingredient that cannot be resolved: Item code game:metalplate-aithril
17.8.2026 23:11:40 [Warning] Failed resolving crafting recipe ingredient with code game:metalplate-mithril in Grid recipe
17.8.2026 23:11:40 [Error] Grid Recipe with output 'extrachests:labeledchest-east' contains an ingredient that cannot be resolved: Item code game:metalplate-mithril
17.8.2026 23:11:40 [Warning] Failed resolving crafting recipe ingredient with code game:metalplate-mithril in Grid recipe
17.8.2026 23:11:40 [Error] Grid Recipe with output 'extrachests:labeledchest-east' contains an ingredient that cannot be resolved: Item code game:metalplate-mithril
17.8.2026 23:11:40 [Warning] Failed resolving crafting recipe ingredient with code game:metalplate-orichalcum in Grid recipe
17.8.2026 23:11:40 [Error] Grid Recipe with output 'extrachests:labeledchest-east' contains an ingredient that cannot be resolved: Item code game:metalplate-orichalcum
17.8.2026 23:11:40 [Warning] Failed resolving crafting recipe ingredient with code extrachests:chestupgrade-stainless in Grid recipe
17.8.2026 23:11:40 [Error] Grid Recipe 'extrachests:recipes/grid/upgrades.json': Output extrachests:chestupgrade-stainless cannot be resolved.
17.8.2026 23:11:40 [Warning] Failed resolving crafting recipe ingredient with code medieval:colorlinen-leatherplain-down in Grid recipe
17.8.2026 23:11:40 [Error] Grid Recipe with output 'medieval:clothes-head-medieval-hood-brown' contains an ingredient that cannot be resolved: Block code medieval:colorlinen-leatherplain-down
17.8.2026 23:11:40 [Warning] Failed resolving crafting recipe ingredient with code game:lantern-up in Grid recipe
17.8.2026 23:11:40 [Error] Grid Recipe with output 'medieval:clothes-waist-medieval-large-belt-knife-lantern-on' contains an ingredient that cannot be resolved: Block code game:lantern-up
17.8.2026 23:11:40 [Warning] Failed resolving crafting recipe ingredient with code game:lantern-up in Grid recipe
17.8.2026 23:11:40 [Error] Grid Recipe with output 'medieval:clothes-waist-medieval-large-belt-knife-lantern-on' contains an ingredient that cannot be resolved: Block code game:lantern-up
17.8.2026 23:11:40 [Warning] Failed resolving crafting recipe ingredient with code game:lantern-up in Grid recipe
17.8.2026 23:11:40 [Error] Grid Recipe with output 'medieval:clothes-waist-medieval-large-belt-knife-lantern-on' contains an ingredient that cannot be resolved: Block code game:lantern-up
17.8.2026 23:11:40 [Warning] Failed resolving crafting recipe ingredient with code game:lantern-up in Grid recipe
17.8.2026 23:11:40 [Error] Grid Recipe with output 'medieval:clothes-waist-medieval-large-belt-knife-lantern-on' contains an ingredient that cannot be resolved: Block code game:lantern-up
17.8.2026 23:11:40 [Warning] Failed resolving crafting recipe ingredient with code game:lantern-up in Grid recipe
17.8.2026 23:11:40 [Error] Grid Recipe with output 'medieval:clothes-waist-medieval-large-belt-knife-lantern-on' contains an ingredient that cannot be resolved: Block code game:lantern-up
17.8.2026 23:11:40 [Warning] Failed resolving crafting recipe ingredient with code game:lantern-up in Grid recipe
17.8.2026 23:11:40 [Error] Grid Recipe with output 'medieval:clothes-waist-medieval-large-belt-knife-lantern-on' contains an ingredient that cannot be resolved: Block code game:lantern-up
17.8.2026 23:11:40 [Warning] Failed resolving crafting recipe ingredient with code game:lantern-up in Grid recipe
17.8.2026 23:11:40 [Error] Grid Recipe with output 'medieval:clothes-waist-medieval-large-belt-knife-lantern-on2' contains an ingredient that cannot be resolved: Block code game:lantern-up
17.8.2026 23:11:40 [Warning] Failed resolving crafting recipe ingredient with code game:lantern-up in Grid recipe
17.8.2026 23:11:40 [Error] Grid Recipe with output 'medieval:clothes-waist-medieval-large-belt-knife-lantern-on2' contains an ingredient that cannot be resolved: Block code game:lantern-up
17.8.2026 23:11:40 [Warning] Failed resolving crafting recipe ingredient with code game:lantern-up in Grid recipe
17.8.2026 23:11:40 [Error] Grid Recipe with output 'medieval:clothes-waist-medieval-large-belt-knife-lantern-on2' contains an ingredient that cannot be resolved: Block code game:lantern-up
17.8.2026 23:11:40 [Warning] Failed resolving crafting recipe ingredient with code game:lantern-up in Grid recipe
17.8.2026 23:11:40 [Error] Grid Recipe with output 'medieval:clothes-waist-medieval-large-belt-knife-lantern-on2' contains an ingredient that cannot be resolved: Block code game:lantern-up
17.8.2026 23:11:40 [Warning] Failed resolving crafting recipe ingredient with code game:lantern-up in Grid recipe
17.8.2026 23:11:40 [Error] Grid Recipe with output 'medieval:clothes-waist-medieval-large-belt-knife-lantern-on2' contains an ingredient that cannot be resolved: Block code game:lantern-up
17.8.2026 23:11:40 [Warning] Failed resolving crafting recipe ingredient with code game:lantern-up in Grid recipe
17.8.2026 23:11:40 [Error] Grid Recipe with output 'medieval:clothes-waist-medieval-large-belt-knife-lantern-on2' contains an ingredient that cannot be resolved: Block code game:lantern-up
17.8.2026 23:11:40 [Warning] Failed resolving crafting recipe ingredient with code game:lantern-up in Grid recipe
17.8.2026 23:11:40 [Error] Grid Recipe with output 'medieval:clothes-waist-medieval-large-belt-knife-lantern-on1' contains an ingredient that cannot be resolved: Block code game:lantern-up
17.8.2026 23:11:40 [Warning] Failed resolving crafting recipe ingredient with code game:lantern-up in Grid recipe
17.8.2026 23:11:40 [Error] Grid Recipe with output 'medieval:clothes-waist-medieval-large-belt-knife-lantern-on1' contains an ingredient that cannot be resolved: Block code game:lantern-up
17.8.2026 23:11:40 [Warning] Failed resolving crafting recipe ingredient with code game:lantern-up in Grid recipe
17.8.2026 23:11:40 [Error] Grid Recipe with output 'medieval:clothes-waist-medieval-large-belt-knife-lantern-on1' contains an ingredient that cannot be resolved: Block code game:lantern-up
17.8.2026 23:11:40 [Warning] Failed resolving crafting recipe ingredient with code game:lantern-up in Grid recipe
17.8.2026 23:11:40 [Error] Grid Recipe with output 'medieval:clothes-waist-medieval-large-belt-knife-lantern-on1' contains an ingredient that cannot be resolved: Block code game:lantern-up
17.8.2026 23:11:40 [Warning] Failed resolving crafting recipe ingredient with code game:lantern-up in Grid recipe
17.8.2026 23:11:40 [Error] Grid Recipe with output 'medieval:clothes-waist-medieval-large-belt-knife-lantern-on1' contains an ingredient that cannot be resolved: Block code game:lantern-up
17.8.2026 23:11:40 [Warning] Failed resolving crafting recipe ingredient with code game:lantern-up in Grid recipe
17.8.2026 23:11:40 [Error] Grid Recipe with output 'medieval:clothes-waist-medieval-large-belt-knife-lantern-on1' contains an ingredient that cannot be resolved: Block code game:lantern-up
17.8.2026 23:11:40 [Warning] Failed resolving crafting recipe ingredient with code game:lantern-up in Grid recipe
17.8.2026 23:11:40 [Error] Grid Recipe with output 'medieval:clothes-waist-medieval-large-belt-knife-lantern-on' contains an ingredient that cannot be resolved: Block code game:lantern-up
17.8.2026 23:11:40 [Warning] Failed resolving crafting recipe ingredient with code game:lantern-up in Grid recipe
17.8.2026 23:11:40 [Error] Grid Recipe with output 'medieval:clothes-waist-medieval-large-belt-knife-lantern-on' contains an ingredient that cannot be resolved: Block code game:lantern-up
17.8.2026 23:11:40 [Warning] Failed resolving crafting recipe ingredient with code game:lantern-up in Grid recipe
17.8.2026 23:11:40 [Error] Grid Recipe with output 'medieval:clothes-waist-medieval-large-belt-knife-lantern-on' contains an ingredient that cannot be resolved: Block code game:lantern-up
17.8.2026 23:11:40 [Warning] Failed resolving crafting recipe ingredient with code game:lantern-up in Grid recipe
17.8.2026 23:11:40 [Error] Grid Recipe with output 'medieval:clothes-waist-medieval-large-belt-knife-lantern-on' contains an ingredient that cannot be resolved: Block code game:lantern-up
17.8.2026 23:11:40 [Warning] Failed resolving crafting recipe ingredient with code game:lantern-up in Grid recipe
17.8.2026 23:11:40 [Error] Grid Recipe with output 'medieval:clothes-waist-medieval-large-belt-knife-lantern-on' contains an ingredient that cannot be resolved: Block code game:lantern-up
17.8.2026 23:11:40 [Warning] Failed resolving crafting recipe ingredient with code game:lantern-up in Grid recipe
17.8.2026 23:11:40 [Error] Grid Recipe with output 'medieval:clothes-waist-medieval-large-belt-knife-lantern-on' contains an ingredient that cannot be resolved: Block code game:lantern-up
17.8.2026 23:11:40 [Warning] Failed resolving crafting recipe ingredient with code game:lantern-up in Grid recipe
17.8.2026 23:11:40 [Error] Grid Recipe with output 'medieval:clothes-waist-medieval-large-belt-knife-lantern-on2' contains an ingredient that cannot be resolved: Block code game:lantern-up
17.8.2026 23:11:40 [Warning] Failed resolving crafting recipe ingredient with code game:lantern-up in Grid recipe
17.8.2026 23:11:40 [Error] Grid Recipe with output 'medieval:clothes-waist-medieval-large-belt-knife-lantern-on2' contains an ingredient that cannot be resolved: Block code game:lantern-up
17.8.2026 23:11:40 [Warning] Failed resolving crafting recipe ingredient with code game:lantern-up in Grid recipe
17.8.2026 23:11:40 [Error] Grid Recipe with output 'medieval:clothes-waist-medieval-large-belt-knife-lantern-on2' contains an ingredient that cannot be resolved: Block code game:lantern-up
17.8.2026 23:11:40 [Warning] Failed resolving crafting recipe ingredient with code game:lantern-up in Grid recipe
17.8.2026 23:11:40 [Error] Grid Recipe with output 'medieval:clothes-waist-medieval-large-belt-knife-lantern-on2' contains an ingredient that cannot be resolved: Block code game:lantern-up
17.8.2026 23:11:40 [Warning] Failed resolving crafting recipe ingredient with code game:lantern-up in Grid recipe
17.8.2026 23:11:40 [Error] Grid Recipe with output 'medieval:clothes-waist-medieval-large-belt-knife-lantern-on2' contains an ingredient that cannot be resolved: Block code game:lantern-up
17.8.2026 23:11:40 [Warning] Failed resolving crafting recipe ingredient with code game:lantern-up in Grid recipe
17.8.2026 23:11:40 [Error] Grid Recipe with output 'medieval:clothes-waist-medieval-large-belt-knife-lantern-on2' contains an ingredient that cannot be resolved: Block code game:lantern-up
17.8.2026 23:11:40 [Warning] Failed resolving crafting recipe ingredient with code game:lantern-up in Grid recipe
17.8.2026 23:11:40 [Error] Grid Recipe with output 'medieval:clothes-waist-medieval-large-belt-knife-lantern-on1' contains an ingredient that cannot be resolved: Block code game:lantern-up
17.8.2026 23:11:40 [Warning] Failed resolving crafting recipe ingredient with code game:lantern-up in Grid recipe
17.8.2026 23:11:40 [Error] Grid Recipe with output 'medieval:clothes-waist-medieval-large-belt-knife-lantern-on1' contains an ingredient that cannot be resolved: Block code game:lantern-up
17.8.2026 23:11:40 [Warning] Failed resolving crafting recipe ingredient with code game:lantern-up in Grid recipe
17.8.2026 23:11:40 [Error] Grid Recipe with output 'medieval:clothes-waist-medieval-large-belt-knife-lantern-on1' contains an ingredient that cannot be resolved: Block code game:lantern-up
17.8.2026 23:11:40 [Warning] Failed resolving crafting recipe ingredient with code game:lantern-up in Grid recipe
17.8.2026 23:11:40 [Error] Grid Recipe with output 'medieval:clothes-waist-medieval-large-belt-knife-lantern-on1' contains an ingredient that cannot be resolved: Block code game:lantern-up
17.8.2026 23:11:40 [Warning] Failed resolving crafting recipe ingredient with code game:lantern-up in Grid recipe
17.8.2026 23:11:40 [Error] Grid Recipe with output 'medieval:clothes-waist-medieval-large-belt-knife-lantern-on1' contains an ingredient that cannot be resolved: Block code game:lantern-up
17.8.2026 23:11:40 [Warning] Failed resolving crafting recipe ingredient with code game:lantern-up in Grid recipe
17.8.2026 23:11:40 [Error] Grid Recipe with output 'medieval:clothes-waist-medieval-large-belt-knife-lantern-on1' contains an ingredient that cannot be resolved: Block code game:lantern-up
17.8.2026 23:11:40 [Warning] Failed resolving crafting recipe ingredient with code game:lantern-up in Grid recipe
17.8.2026 23:11:40 [Error] Grid Recipe with output 'medieval:clothes-waist-medieval-large-belt-knife-lantern-on' contains an ingredient that cannot be resolved: Block code game:lantern-up
17.8.2026 23:11:40 [Warning] Failed resolving crafting recipe ingredient with code game:lantern-up in Grid recipe
17.8.2026 23:11:40 [Error] Grid Recipe with output 'medieval:clothes-waist-medieval-large-belt-knife-lantern-on' contains an ingredient that cannot be resolved: Block code game:lantern-up
17.8.2026 23:11:40 [Warning] Failed resolving crafting recipe ingredient with code game:lantern-up in Grid recipe
17.8.2026 23:11:40 [Error] Grid Recipe with output 'medieval:clothes-waist-medieval-large-belt-knife-lantern-on' contains an ingredient that cannot be resolved: Block code game:lantern-up
17.8.2026 23:11:40 [Warning] Failed resolving crafting recipe ingredient with code game:lantern-up in Grid recipe
17.8.2026 23:11:40 [Error] Grid Recipe with output 'medieval:clothes-waist-medieval-large-belt-knife-lantern-on' contains an ingredient that cannot be resolved: Block code game:lantern-up
17.8.2026 23:11:40 [Warning] Failed resolving crafting recipe ingredient with code game:lantern-up in Grid recipe
17.8.2026 23:11:40 [Error] Grid Recipe with output 'medieval:clothes-waist-medieval-large-belt-knife-lantern-on' contains an ingredient that cannot be resolved: Block code game:lantern-up
17.8.2026 23:11:40 [Warning] Failed resolving crafting recipe ingredient with code game:lantern-up in Grid recipe
17.8.2026 23:11:40 [Error] Grid Recipe with output 'medieval:clothes-waist-medieval-large-belt-knife-lantern-on' contains an ingredient that cannot be resolved: Block code game:lantern-up
17.8.2026 23:11:40 [Warning] Failed resolving crafting recipe ingredient with code game:lantern-up in Grid recipe
17.8.2026 23:11:40 [Error] Grid Recipe with output 'medieval:clothes-waist-medieval-large-belt-knife-lantern-on2' contains an ingredient that cannot be resolved: Block code game:lantern-up
17.8.2026 23:11:40 [Warning] Failed resolving crafting recipe ingredient with code game:lantern-up in Grid recipe
17.8.2026 23:11:40 [Error] Grid Recipe with output 'medieval:clothes-waist-medieval-large-belt-knife-lantern-on2' contains an ingredient that cannot be resolved: Block code game:lantern-up
17.8.2026 23:11:40 [Warning] Failed resolving crafting recipe ingredient with code game:lantern-up in Grid recipe
17.8.2026 23:11:40 [Error] Grid Recipe with output 'medieval:clothes-waist-medieval-large-belt-knife-lantern-on2' contains an ingredient that cannot be resolved: Block code game:lantern-up
17.8.2026 23:11:40 [Warning] Failed resolving crafting recipe ingredient with code game:lantern-up in Grid recipe
17.8.2026 23:11:40 [Error] Grid Recipe with output 'medieval:clothes-waist-medieval-large-belt-knife-lantern-on2' contains an ingredient that cannot be resolved: Block code game:lantern-up
17.8.2026 23:11:40 [Warning] Failed resolving crafting recipe ingredient with code game:lantern-up in Grid recipe
17.8.2026 23:11:40 [Error] Grid Recipe with output 'medieval:clothes-waist-medieval-large-belt-knife-lantern-on2' contains an ingredient that cannot be resolved: Block code game:lantern-up
17.8.2026 23:11:40 [Warning] Failed resolving crafting recipe ingredient with code game:lantern-up in Grid recipe
17.8.2026 23:11:40 [Error] Grid Recipe with output 'medieval:clothes-waist-medieval-large-belt-knife-lantern-on2' contains an ingredient that cannot be resolved: Block code game:lantern-up
17.8.2026 23:11:40 [Warning] Failed resolving crafting recipe ingredient with code game:lantern-up in Grid recipe
17.8.2026 23:11:40 [Error] Grid Recipe with output 'medieval:clothes-waist-medieval-large-belt-knife-lantern-on1' contains an ingredient that cannot be resolved: Block code game:lantern-up
17.8.2026 23:11:40 [Warning] Failed resolving crafting recipe ingredient with code game:lantern-up in Grid recipe
17.8.2026 23:11:40 [Error] Grid Recipe with output 'medieval:clothes-waist-medieval-large-belt-knife-lantern-on1' contains an ingredient that cannot be resolved: Block code game:lantern-up
17.8.2026 23:11:40 [Warning] Failed resolving crafting recipe ingredient with code game:lantern-up in Grid recipe
17.8.2026 23:11:40 [Error] Grid Recipe with output 'medieval:clothes-waist-medieval-large-belt-knife-lantern-on1' contains an ingredient that cannot be resolved: Block code game:lantern-up
17.8.2026 23:11:40 [Warning] Failed resolving crafting recipe ingredient with code game:lantern-up in Grid recipe
17.8.2026 23:11:40 [Error] Grid Recipe with output 'medieval:clothes-waist-medieval-large-belt-knife-lantern-on1' contains an ingredient that cannot be resolved: Block code game:lantern-up
17.8.2026 23:11:40 [Warning] Failed resolving crafting recipe ingredient with code game:lantern-up in Grid recipe
17.8.2026 23:11:40 [Error] Grid Recipe with output 'medieval:clothes-waist-medieval-large-belt-knife-lantern-on1' contains an ingredient that cannot be resolved: Block code game:lantern-up
17.8.2026 23:11:40 [Warning] Failed resolving crafting recipe ingredient with code game:lantern-up in Grid recipe
17.8.2026 23:11:40 [Error] Grid Recipe with output 'medieval:clothes-waist-medieval-large-belt-knife-lantern-on1' contains an ingredient that cannot be resolved: Block code game:lantern-up
17.8.2026 23:11:40 [Warning] Failed resolving crafting recipe ingredient with code game:lantern-up in Grid recipe
17.8.2026 23:11:40 [Error] Grid Recipe with output 'medieval:clothes-waist-medieval-large-belt-knife-lantern-on' contains an ingredient that cannot be resolved: Block code game:lantern-up
17.8.2026 23:11:40 [Warning] Failed resolving crafting recipe ingredient with code game:lantern-up in Grid recipe
17.8.2026 23:11:40 [Error] Grid Recipe with output 'medieval:clothes-waist-medieval-large-belt-knife-lantern-on' contains an ingredient that cannot be resolved: Block code game:lantern-up
17.8.2026 23:11:40 [Warning] Failed resolving crafting recipe ingredient with code game:lantern-up in Grid recipe
17.8.2026 23:11:40 [Error] Grid Recipe with output 'medieval:clothes-waist-medieval-large-belt-knife-lantern-on' contains an ingredient that cannot be resolved: Block code game:lantern-up
17.8.2026 23:11:40 [Warning] Failed resolving crafting recipe ingredient with code game:lantern-up in Grid recipe
17.8.2026 23:11:40 [Error] Grid Recipe with output 'medieval:clothes-waist-medieval-large-belt-knife-lantern-on' contains an ingredient that cannot be resolved: Block code game:lantern-up
17.8.2026 23:11:40 [Warning] Failed resolving crafting recipe ingredient with code game:lantern-up in Grid recipe
17.8.2026 23:11:40 [Error] Grid Recipe with output 'medieval:clothes-waist-medieval-large-belt-knife-lantern-on' contains an ingredient that cannot be resolved: Block code game:lantern-up
17.8.2026 23:11:40 [Warning] Failed resolving crafting recipe ingredient with code game:lantern-up in Grid recipe
17.8.2026 23:11:40 [Error] Grid Recipe with output 'medieval:clothes-waist-medieval-large-belt-knife-lantern-on' contains an ingredient that cannot be resolved: Block code game:lantern-up
17.8.2026 23:11:40 [Warning] Failed resolving crafting recipe ingredient with code game:lantern-up in Grid recipe
17.8.2026 23:11:40 [Error] Grid Recipe with output 'medieval:clothes-waist-medieval-large-belt-knife-lantern-on2' contains an ingredient that cannot be resolved: Block code game:lantern-up
17.8.2026 23:11:40 [Warning] Failed resolving crafting recipe ingredient with code game:lantern-up in Grid recipe
17.8.2026 23:11:40 [Error] Grid Recipe with output 'medieval:clothes-waist-medieval-large-belt-knife-lantern-on2' contains an ingredient that cannot be resolved: Block code game:lantern-up
17.8.2026 23:11:40 [Warning] Failed resolving crafting recipe ingredient with code game:lantern-up in Grid recipe
17.8.2026 23:11:40 [Error] Grid Recipe with output 'medieval:clothes-waist-medieval-large-belt-knife-lantern-on2' contains an ingredient that cannot be resolved: Block code game:lantern-up
17.8.2026 23:11:40 [Warning] Failed resolving crafting recipe ingredient with code game:lantern-up in Grid recipe
17.8.2026 23:11:40 [Error] Grid Recipe with output 'medieval:clothes-waist-medieval-large-belt-knife-lantern-on2' contains an ingredient that cannot be resolved: Block code game:lantern-up
17.8.2026 23:11:40 [Warning] Failed resolving crafting recipe ingredient with code game:lantern-up in Grid recipe
17.8.2026 23:11:40 [Error] Grid Recipe with output 'medieval:clothes-waist-medieval-large-belt-knife-lantern-on2' contains an ingredient that cannot be resolved: Block code game:lantern-up
17.8.2026 23:11:40 [Warning] Failed resolving crafting recipe ingredient with code game:lantern-up in Grid recipe
17.8.2026 23:11:40 [Error] Grid Recipe with output 'medieval:clothes-waist-medieval-large-belt-knife-lantern-on2' contains an ingredient that cannot be resolved: Block code game:lantern-up
17.8.2026 23:11:40 [Warning] Failed resolving crafting recipe ingredient with code game:lantern-up in Grid recipe
17.8.2026 23:11:40 [Error] Grid Recipe with output 'medieval:clothes-waist-medieval-large-belt-knife-lantern-on1' contains an ingredient that cannot be resolved: Block code game:lantern-up
17.8.2026 23:11:40 [Warning] Failed resolving crafting recipe ingredient with code game:lantern-up in Grid recipe
17.8.2026 23:11:40 [Error] Grid Recipe with output 'medieval:clothes-waist-medieval-large-belt-knife-lantern-on1' contains an ingredient that cannot be resolved: Block code game:lantern-up
17.8.2026 23:11:40 [Warning] Failed resolving crafting recipe ingredient with code game:lantern-up in Grid recipe
17.8.2026 23:11:40 [Error] Grid Recipe with output 'medieval:clothes-waist-medieval-large-belt-knife-lantern-on1' contains an ingredient that cannot be resolved: Block code game:lantern-up
17.8.2026 23:11:40 [Warning] Failed resolving crafting recipe ingredient with code game:lantern-up in Grid recipe
17.8.2026 23:11:40 [Error] Grid Recipe with output 'medieval:clothes-waist-medieval-large-belt-knife-lantern-on1' contains an ingredient that cannot be resolved: Block code game:lantern-up
17.8.2026 23:11:40 [Warning] Failed resolving crafting recipe ingredient with code game:lantern-up in Grid recipe
17.8.2026 23:11:40 [Error] Grid Recipe with output 'medieval:clothes-waist-medieval-large-belt-knife-lantern-on1' contains an ingredient that cannot be resolved: Block code game:lantern-up
17.8.2026 23:11:40 [Warning] Failed resolving crafting recipe ingredient with code game:lantern-up in Grid recipe
17.8.2026 23:11:40 [Error] Grid Recipe with output 'medieval:clothes-waist-medieval-large-belt-knife-lantern-on1' contains an ingredient that cannot be resolved: Block code game:lantern-up
17.8.2026 23:11:40 [Warning] Failed resolving crafting recipe ingredient with code game:lantern-up in Grid recipe
17.8.2026 23:11:40 [Error] Grid Recipe with output 'medieval:clothes-waist-medieval-large-belt-knife-lantern-on' contains an ingredient that cannot be resolved: Block code game:lantern-up
17.8.2026 23:11:40 [Warning] Failed resolving crafting recipe ingredient with code game:lantern-up in Grid recipe
17.8.2026 23:11:40 [Error] Grid Recipe with output 'medieval:clothes-waist-medieval-large-belt-knife-lantern-on' contains an ingredient that cannot be resolved: Block code game:lantern-up
17.8.2026 23:11:40 [Warning] Failed resolving crafting recipe ingredient with code game:lantern-up in Grid recipe
17.8.2026 23:11:40 [Error] Grid Recipe with output 'medieval:clothes-waist-medieval-large-belt-knife-lantern-on' contains an ingredient that cannot be resolved: Block code game:lantern-up
17.8.2026 23:11:40 [Warning] Failed resolving crafting recipe ingredient with code game:lantern-up in Grid recipe
17.8.2026 23:11:40 [Error] Grid Recipe with output 'medieval:clothes-waist-medieval-large-belt-knife-lantern-on' contains an ingredient that cannot be resolved: Block code game:lantern-up
17.8.2026 23:11:40 [Warning] Failed resolving crafting recipe ingredient with code game:lantern-up in Grid recipe
17.8.2026 23:11:40 [Error] Grid Recipe with output 'medieval:clothes-waist-medieval-large-belt-knife-lantern-on' contains an ingredient that cannot be resolved: Block code game:lantern-up
17.8.2026 23:11:40 [Warning] Failed resolving crafting recipe ingredient with code game:lantern-up in Grid recipe
17.8.2026 23:11:40 [Error] Grid Recipe with output 'medieval:clothes-waist-medieval-large-belt-knife-lantern-on' contains an ingredient that cannot be resolved: Block code game:lantern-up
17.8.2026 23:11:40 [Warning] Failed resolving crafting recipe ingredient with code game:lantern-up in Grid recipe
17.8.2026 23:11:40 [Error] Grid Recipe with output 'medieval:clothes-waist-medieval-large-belt-knife-lantern-on2' contains an ingredient that cannot be resolved: Block code game:lantern-up
17.8.2026 23:11:40 [Warning] Failed resolving crafting recipe ingredient with code game:lantern-up in Grid recipe
17.8.2026 23:11:40 [Error] Grid Recipe with output 'medieval:clothes-waist-medieval-large-belt-knife-lantern-on2' contains an ingredient that cannot be resolved: Block code game:lantern-up
17.8.2026 23:11:40 [Warning] Failed resolving crafting recipe ingredient with code game:lantern-up in Grid recipe
17.8.2026 23:11:40 [Error] Grid Recipe with output 'medieval:clothes-waist-medieval-large-belt-knife-lantern-on2' contains an ingredient that cannot be resolved: Block code game:lantern-up
17.8.2026 23:11:40 [Warning] Failed resolving crafting recipe ingredient with code game:lantern-up in Grid recipe
17.8.2026 23:11:40 [Error] Grid Recipe with output 'medieval:clothes-waist-medieval-large-belt-knife-lantern-on2' contains an ingredient that cannot be resolved: Block code game:lantern-up
17.8.2026 23:11:40 [Warning] Failed resolving crafting recipe ingredient with code game:lantern-up in Grid recipe
17.8.2026 23:11:40 [Error] Grid Recipe with output 'medieval:clothes-waist-medieval-large-belt-knife-lantern-on2' contains an ingredient that cannot be resolved: Block code game:lantern-up
17.8.2026 23:11:40 [Warning] Failed resolving crafting recipe ingredient with code game:lantern-up in Grid recipe
17.8.2026 23:11:40 [Error] Grid Recipe with output 'medieval:clothes-waist-medieval-large-belt-knife-lantern-on2' contains an ingredient that cannot be resolved: Block code game:lantern-up
17.8.2026 23:11:40 [Warning] Failed resolving crafting recipe ingredient with code game:lantern-up in Grid recipe
17.8.2026 23:11:40 [Error] Grid Recipe with output 'medieval:clothes-waist-medieval-large-belt-knife-lantern-on1' contains an ingredient that cannot be resolved: Block code game:lantern-up
17.8.2026 23:11:40 [Warning] Failed resolving crafting recipe ingredient with code game:lantern-up in Grid recipe
17.8.2026 23:11:40 [Error] Grid Recipe with output 'medieval:clothes-waist-medieval-large-belt-knife-lantern-on1' contains an ingredient that cannot be resolved: Block code game:lantern-up
17.8.2026 23:11:40 [Warning] Failed resolving crafting recipe ingredient with code game:lantern-up in Grid recipe
17.8.2026 23:11:40 [Error] Grid Recipe with output 'medieval:clothes-waist-medieval-large-belt-knife-lantern-on1' contains an ingredient that cannot be resolved: Block code game:lantern-up
17.8.2026 23:11:40 [Warning] Failed resolving crafting recipe ingredient with code game:lantern-up in Grid recipe
17.8.2026 23:11:40 [Error] Grid Recipe with output 'medieval:clothes-waist-medieval-large-belt-knife-lantern-on1' contains an ingredient that cannot be resolved: Block code game:lantern-up
17.8.2026 23:11:40 [Warning] Failed resolving crafting recipe ingredient with code game:lantern-up in Grid recipe
17.8.2026 23:11:40 [Error] Grid Recipe with output 'medieval:clothes-waist-medieval-large-belt-knife-lantern-on1' contains an ingredient that cannot be resolved: Block code game:lantern-up
17.8.2026 23:11:40 [Warning] Failed resolving crafting recipe ingredient with code game:lantern-up in Grid recipe
17.8.2026 23:11:40 [Error] Grid Recipe with output 'medieval:clothes-waist-medieval-large-belt-knife-lantern-on1' contains an ingredient that cannot be resolved: Block code game:lantern-up
17.8.2026 23:11:40 [Warning] Failed resolving crafting recipe ingredient with code game:lantern-up in Grid recipe
17.8.2026 23:11:40 [Error] Grid Recipe with output 'medieval:clothes-waist-medieval-large-belt-knife-lantern-on' contains an ingredient that cannot be resolved: Block code game:lantern-up
17.8.2026 23:11:40 [Warning] Failed resolving crafting recipe ingredient with code game:lantern-up in Grid recipe
17.8.2026 23:11:40 [Error] Grid Recipe with output 'medieval:clothes-waist-medieval-large-belt-knife-lantern-on' contains an ingredient that cannot be resolved: Block code game:lantern-up
17.8.2026 23:11:40 [Warning] Failed resolving crafting recipe ingredient with code game:lantern-up in Grid recipe
17.8.2026 23:11:40 [Error] Grid Recipe with output 'medieval:clothes-waist-medieval-large-belt-knife-lantern-on' contains an ingredient that cannot be resolved: Block code game:lantern-up
17.8.2026 23:11:40 [Warning] Failed resolving crafting recipe ingredient with code game:lantern-up in Grid recipe
17.8.2026 23:11:40 [Error] Grid Recipe with output 'medieval:clothes-waist-medieval-large-belt-knife-lantern-on' contains an ingredient that cannot be resolved: Block code game:lantern-up
17.8.2026 23:11:40 [Warning] Failed resolving crafting recipe ingredient with code game:lantern-up in Grid recipe
17.8.2026 23:11:40 [Error] Grid Recipe with output 'medieval:clothes-waist-medieval-large-belt-knife-lantern-on' contains an ingredient that cannot be resolved: Block code game:lantern-up
17.8.2026 23:11:40 [Warning] Failed resolving crafting recipe ingredient with code game:lantern-up in Grid recipe
17.8.2026 23:11:40 [Error] Grid Recipe with output 'medieval:clothes-waist-medieval-large-belt-knife-lantern-on' contains an ingredient that cannot be resolved: Block code game:lantern-up
17.8.2026 23:11:40 [Warning] Failed resolving crafting recipe ingredient with code game:lantern-up in Grid recipe
17.8.2026 23:11:40 [Error] Grid Recipe with output 'medieval:clothes-waist-medieval-large-belt-knife-lantern-on2' contains an ingredient that cannot be resolved: Block code game:lantern-up
17.8.2026 23:11:40 [Warning] Failed resolving crafting recipe ingredient with code game:lantern-up in Grid recipe
17.8.2026 23:11:40 [Error] Grid Recipe with output 'medieval:clothes-waist-medieval-large-belt-knife-lantern-on2' contains an ingredient that cannot be resolved: Block code game:lantern-up
17.8.2026 23:11:40 [Warning] Failed resolving crafting recipe ingredient with code game:lantern-up in Grid recipe
17.8.2026 23:11:40 [Error] Grid Recipe with output 'medieval:clothes-waist-medieval-large-belt-knife-lantern-on2' contains an ingredient that cannot be resolved: Block code game:lantern-up
17.8.2026 23:11:40 [Warning] Failed resolving crafting recipe ingredient with code game:lantern-up in Grid recipe
17.8.2026 23:11:40 [Error] Grid Recipe with output 'medieval:clothes-waist-medieval-large-belt-knife-lantern-on2' contains an ingredient that cannot be resolved: Block code game:lantern-up
17.8.2026 23:11:40 [Warning] Failed resolving crafting recipe ingredient with code game:lantern-up in Grid recipe
17.8.2026 23:11:40 [Error] Grid Recipe with output 'medieval:clothes-waist-medieval-large-belt-knife-lantern-on2' contains an ingredient that cannot be resolved: Block code game:lantern-up
17.8.2026 23:11:40 [Warning] Failed resolving crafting recipe ingredient with code game:lantern-up in Grid recipe
17.8.2026 23:11:40 [Error] Grid Recipe with output 'medieval:clothes-waist-medieval-large-belt-knife-lantern-on2' contains an ingredient that cannot be resolved: Block code game:lantern-up
17.8.2026 23:11:40 [Warning] Failed resolving crafting recipe ingredient with code game:lantern-up in Grid recipe
17.8.2026 23:11:40 [Error] Grid Recipe with output 'medieval:clothes-waist-medieval-large-belt-knife-lantern-on1' contains an ingredient that cannot be resolved: Block code game:lantern-up
17.8.2026 23:11:40 [Warning] Failed resolving crafting recipe ingredient with code game:lantern-up in Grid recipe
17.8.2026 23:11:40 [Error] Grid Recipe with output 'medieval:clothes-waist-medieval-large-belt-knife-lantern-on1' contains an ingredient that cannot be resolved: Block code game:lantern-up
17.8.2026 23:11:40 [Warning] Failed resolving crafting recipe ingredient with code game:lantern-up in Grid recipe
17.8.2026 23:11:40 [Error] Grid Recipe with output 'medieval:clothes-waist-medieval-large-belt-knife-lantern-on1' contains an ingredient that cannot be resolved: Block code game:lantern-up
17.8.2026 23:11:40 [Warning] Failed resolving crafting recipe ingredient with code game:lantern-up in Grid recipe
17.8.2026 23:11:40 [Error] Grid Recipe with output 'medieval:clothes-waist-medieval-large-belt-knife-lantern-on1' contains an ingredient that cannot be resolved: Block code game:lantern-up
17.8.2026 23:11:40 [Warning] Failed resolving crafting recipe ingredient with code game:lantern-up in Grid recipe
17.8.2026 23:11:40 [Error] Grid Recipe with output 'medieval:clothes-waist-medieval-large-belt-knife-lantern-on1' contains an ingredient that cannot be resolved: Block code game:lantern-up
17.8.2026 23:11:40 [Warning] Failed resolving crafting recipe ingredient with code game:lantern-up in Grid recipe
17.8.2026 23:11:40 [Error] Grid Recipe with output 'medieval:clothes-waist-medieval-large-belt-knife-lantern-on1' contains an ingredient that cannot be resolved: Block code game:lantern-up
17.8.2026 23:11:40 [Warning] Failed resolving crafting recipe ingredient with code game:lantern-up in Grid recipe
17.8.2026 23:11:40 [Error] Grid Recipe with output 'medieval:clothes-waist-medieval-large-belt-knife-lantern-on' contains an ingredient that cannot be resolved: Block code game:lantern-up
17.8.2026 23:11:40 [Warning] Failed resolving crafting recipe ingredient with code game:lantern-up in Grid recipe
17.8.2026 23:11:40 [Error] Grid Recipe with output 'medieval:clothes-waist-medieval-large-belt-knife-lantern-on' contains an ingredient that cannot be resolved: Block code game:lantern-up
17.8.2026 23:11:40 [Warning] Failed resolving crafting recipe ingredient with code game:lantern-up in Grid recipe
17.8.2026 23:11:40 [Error] Grid Recipe with output 'medieval:clothes-waist-medieval-large-belt-knife-lantern-on' contains an ingredient that cannot be resolved: Block code game:lantern-up
17.8.2026 23:11:40 [Warning] Failed resolving crafting recipe ingredient with code game:lantern-up in Grid recipe
17.8.2026 23:11:40 [Error] Grid Recipe with output 'medieval:clothes-waist-medieval-large-belt-knife-lantern-on' contains an ingredient that cannot be resolved: Block code game:lantern-up
17.8.2026 23:11:40 [Warning] Failed resolving crafting recipe ingredient with code game:lantern-up in Grid recipe
17.8.2026 23:11:40 [Error] Grid Recipe with output 'medieval:clothes-waist-medieval-large-belt-knife-lantern-on' contains an ingredient that cannot be resolved: Block code game:lantern-up
17.8.2026 23:11:40 [Warning] Failed resolving crafting recipe ingredient with code game:lantern-up in Grid recipe
17.8.2026 23:11:40 [Error] Grid Recipe with output 'medieval:clothes-waist-medieval-large-belt-knife-lantern-on' contains an ingredient that cannot be resolved: Block code game:lantern-up
17.8.2026 23:11:40 [Warning] Failed resolving crafting recipe ingredient with code game:lantern-up in Grid recipe
17.8.2026 23:11:40 [Error] Grid Recipe with output 'medieval:clothes-waist-medieval-large-belt-knife-lantern-on2' contains an ingredient that cannot be resolved: Block code game:lantern-up
17.8.2026 23:11:40 [Warning] Failed resolving crafting recipe ingredient with code game:lantern-up in Grid recipe
17.8.2026 23:11:40 [Error] Grid Recipe with output 'medieval:clothes-waist-medieval-large-belt-knife-lantern-on2' contains an ingredient that cannot be resolved: Block code game:lantern-up
17.8.2026 23:11:40 [Warning] Failed resolving crafting recipe ingredient with code game:lantern-up in Grid recipe
17.8.2026 23:11:40 [Error] Grid Recipe with output 'medieval:clothes-waist-medieval-large-belt-knife-lantern-on2' contains an ingredient that cannot be resolved: Block code game:lantern-up
17.8.2026 23:11:40 [Warning] Failed resolving crafting recipe ingredient with code game:lantern-up in Grid recipe
17.8.2026 23:11:40 [Error] Grid Recipe with output 'medieval:clothes-waist-medieval-large-belt-knife-lantern-on2' contains an ingredient that cannot be resolved: Block code game:lantern-up
17.8.2026 23:11:40 [Warning] Failed resolving crafting recipe ingredient with code game:lantern-up in Grid recipe
17.8.2026 23:11:40 [Error] Grid Recipe with output 'medieval:clothes-waist-medieval-large-belt-knife-lantern-on2' contains an ingredient that cannot be resolved: Block code game:lantern-up
17.8.2026 23:11:40 [Warning] Failed resolving crafting recipe ingredient with code game:lantern-up in Grid recipe
17.8.2026 23:11:40 [Error] Grid Recipe with output 'medieval:clothes-waist-medieval-large-belt-knife-lantern-on2' contains an ingredient that cannot be resolved: Block code game:lantern-up
17.8.2026 23:11:40 [Warning] Failed resolving crafting recipe ingredient with code game:lantern-up in Grid recipe
17.8.2026 23:11:40 [Error] Grid Recipe with output 'medieval:clothes-waist-medieval-large-belt-knife-lantern-on1' contains an ingredient that cannot be resolved: Block code game:lantern-up
17.8.2026 23:11:40 [Warning] Failed resolving crafting recipe ingredient with code game:lantern-up in Grid recipe
17.8.2026 23:11:40 [Error] Grid Recipe with output 'medieval:clothes-waist-medieval-large-belt-knife-lantern-on1' contains an ingredient that cannot be resolved: Block code game:lantern-up
17.8.2026 23:11:40 [Warning] Failed resolving crafting recipe ingredient with code game:lantern-up in Grid recipe
17.8.2026 23:11:40 [Error] Grid Recipe with output 'medieval:clothes-waist-medieval-large-belt-knife-lantern-on1' contains an ingredient that cannot be resolved: Block code game:lantern-up
17.8.2026 23:11:40 [Warning] Failed resolving crafting recipe ingredient with code game:lantern-up in Grid recipe
17.8.2026 23:11:40 [Error] Grid Recipe with output 'medieval:clothes-waist-medieval-large-belt-knife-lantern-on1' contains an ingredient that cannot be resolved: Block code game:lantern-up
17.8.2026 23:11:40 [Warning] Failed resolving crafting recipe ingredient with code game:lantern-up in Grid recipe
17.8.2026 23:11:40 [Error] Grid Recipe with output 'medieval:clothes-waist-medieval-large-belt-knife-lantern-on1' contains an ingredient that cannot be resolved: Block code game:lantern-up
17.8.2026 23:11:40 [Warning] Failed resolving crafting recipe ingredient with code game:lantern-up in Grid recipe
17.8.2026 23:11:40 [Error] Grid Recipe with output 'medieval:clothes-waist-medieval-large-belt-knife-lantern-on1' contains an ingredient that cannot be resolved: Block code game:lantern-up
17.8.2026 23:11:40 [Warning] Failed resolving crafting recipe ingredient with code game:lantern-up in Grid recipe
17.8.2026 23:11:40 [Error] Grid Recipe with output 'medieval:clothes-waist-medieval-large-belt-knife-lantern-on' contains an ingredient that cannot be resolved: Block code game:lantern-up
17.8.2026 23:11:40 [Warning] Failed resolving crafting recipe ingredient with code game:lantern-up in Grid recipe
17.8.2026 23:11:40 [Error] Grid Recipe with output 'medieval:clothes-waist-medieval-large-belt-knife-lantern-on' contains an ingredient that cannot be resolved: Block code game:lantern-up
17.8.2026 23:11:40 [Warning] Failed resolving crafting recipe ingredient with code game:lantern-up in Grid recipe
17.8.2026 23:11:40 [Error] Grid Recipe with output 'medieval:clothes-waist-medieval-large-belt-knife-lantern-on' contains an ingredient that cannot be resolved: Block code game:lantern-up
17.8.2026 23:11:40 [Warning] Failed resolving crafting recipe ingredient with code game:lantern-up in Grid recipe
17.8.2026 23:11:40 [Error] Grid Recipe with output 'medieval:clothes-waist-medieval-large-belt-knife-lantern-on' contains an ingredient that cannot be resolved: Block code game:lantern-up
17.8.2026 23:11:40 [Warning] Failed resolving crafting recipe ingredient with code game:lantern-up in Grid recipe
17.8.2026 23:11:40 [Error] Grid Recipe with output 'medieval:clothes-waist-medieval-large-belt-knife-lantern-on' contains an ingredient that cannot be resolved: Block code game:lantern-up
17.8.2026 23:11:40 [Warning] Failed resolving crafting recipe ingredient with code game:lantern-up in Grid recipe
17.8.2026 23:11:40 [Error] Grid Recipe with output 'medieval:clothes-waist-medieval-large-belt-knife-lantern-on' contains an ingredient that cannot be resolved: Block code game:lantern-up
17.8.2026 23:11:40 [Warning] Failed resolving crafting recipe ingredient with code game:lantern-up in Grid recipe
17.8.2026 23:11:40 [Error] Grid Recipe with output 'medieval:clothes-waist-medieval-large-belt-knife-lantern-on2' contains an ingredient that cannot be resolved: Block code game:lantern-up
17.8.2026 23:11:40 [Warning] Failed resolving crafting recipe ingredient with code game:lantern-up in Grid recipe
17.8.2026 23:11:40 [Error] Grid Recipe with output 'medieval:clothes-waist-medieval-large-belt-knife-lantern-on2' contains an ingredient that cannot be resolved: Block code game:lantern-up
17.8.2026 23:11:40 [Warning] Failed resolving crafting recipe ingredient with code game:lantern-up in Grid recipe
17.8.2026 23:11:40 [Error] Grid Recipe with output 'medieval:clothes-waist-medieval-large-belt-knife-lantern-on2' contains an ingredient that cannot be resolved: Block code game:lantern-up
17.8.2026 23:11:40 [Warning] Failed resolving crafting recipe ingredient with code game:lantern-up in Grid recipe
17.8.2026 23:11:40 [Error] Grid Recipe with output 'medieval:clothes-waist-medieval-large-belt-knife-lantern-on2' contains an ingredient that cannot be resolved: Block code game:lantern-up
17.8.2026 23:11:40 [Warning] Failed resolving crafting recipe ingredient with code game:lantern-up in Grid recipe
17.8.2026 23:11:40 [Error] Grid Recipe with output 'medieval:clothes-waist-medieval-large-belt-knife-lantern-on2' contains an ingredient that cannot be resolved: Block code game:lantern-up
17.8.2026 23:11:40 [Warning] Failed resolving crafting recipe ingredient with code game:lantern-up in Grid recipe
17.8.2026 23:11:40 [Error] Grid Recipe with output 'medieval:clothes-waist-medieval-large-belt-knife-lantern-on2' contains an ingredient that cannot be resolved: Block code game:lantern-up
17.8.2026 23:11:40 [Warning] Failed resolving crafting recipe ingredient with code game:lantern-up in Grid recipe
17.8.2026 23:11:40 [Error] Grid Recipe with output 'medieval:clothes-waist-medieval-large-belt-knife-lantern-on1' contains an ingredient that cannot be resolved: Block code game:lantern-up
17.8.2026 23:11:40 [Warning] Failed resolving crafting recipe ingredient with code game:lantern-up in Grid recipe
17.8.2026 23:11:40 [Error] Grid Recipe with output 'medieval:clothes-waist-medieval-large-belt-knife-lantern-on1' contains an ingredient that cannot be resolved: Block code game:lantern-up
17.8.2026 23:11:40 [Warning] Failed resolving crafting recipe ingredient with code game:lantern-up in Grid recipe
17.8.2026 23:11:40 [Error] Grid Recipe with output 'medieval:clothes-waist-medieval-large-belt-knife-lantern-on1' contains an ingredient that cannot be resolved: Block code game:lantern-up
17.8.2026 23:11:40 [Warning] Failed resolving crafting recipe ingredient with code game:lantern-up in Grid recipe
17.8.2026 23:11:40 [Error] Grid Recipe with output 'medieval:clothes-waist-medieval-large-belt-knife-lantern-on1' contains an ingredient that cannot be resolved: Block code game:lantern-up
17.8.2026 23:11:40 [Warning] Failed resolving crafting recipe ingredient with code game:lantern-up in Grid recipe
17.8.2026 23:11:40 [Error] Grid Recipe with output 'medieval:clothes-waist-medieval-large-belt-knife-lantern-on1' contains an ingredient that cannot be resolved: Block code game:lantern-up
17.8.2026 23:11:40 [Warning] Failed resolving crafting recipe ingredient with code game:lantern-up in Grid recipe
17.8.2026 23:11:40 [Error] Grid Recipe with output 'medieval:clothes-waist-medieval-large-belt-knife-lantern-on1' contains an ingredient that cannot be resolved: Block code game:lantern-up
17.8.2026 23:11:40 [Warning] Failed resolving crafting recipe ingredient with code game:lantern-up in Grid recipe
17.8.2026 23:11:40 [Error] Grid Recipe with output 'medieval:clothes-waist-medieval-large-belt-knife-lantern-on' contains an ingredient that cannot be resolved: Block code game:lantern-up
17.8.2026 23:11:40 [Warning] Failed resolving crafting recipe ingredient with code game:lantern-up in Grid recipe
17.8.2026 23:11:40 [Error] Grid Recipe with output 'medieval:clothes-waist-medieval-large-belt-knife-lantern-on' contains an ingredient that cannot be resolved: Block code game:lantern-up
17.8.2026 23:11:40 [Warning] Failed resolving crafting recipe ingredient with code game:lantern-up in Grid recipe
17.8.2026 23:11:40 [Error] Grid Recipe with output 'medieval:clothes-waist-medieval-large-belt-knife-lantern-on' contains an ingredient that cannot be resolved: Block code game:lantern-up
17.8.2026 23:11:40 [Warning] Failed resolving crafting recipe ingredient with code game:lantern-up in Grid recipe
17.8.2026 23:11:40 [Error] Grid Recipe with output 'medieval:clothes-waist-medieval-large-belt-knife-lantern-on' contains an ingredient that cannot be resolved: Block code game:lantern-up
17.8.2026 23:11:40 [Warning] Failed resolving crafting recipe ingredient with code game:lantern-up in Grid recipe
17.8.2026 23:11:40 [Error] Grid Recipe with output 'medieval:clothes-waist-medieval-large-belt-knife-lantern-on' contains an ingredient that cannot be resolved: Block code game:lantern-up
17.8.2026 23:11:40 [Warning] Failed resolving crafting recipe ingredient with code game:lantern-up in Grid recipe
17.8.2026 23:11:40 [Error] Grid Recipe with output 'medieval:clothes-waist-medieval-large-belt-knife-lantern-on' contains an ingredient that cannot be resolved: Block code game:lantern-up
17.8.2026 23:11:40 [Warning] Failed resolving crafting recipe ingredient with code game:lantern-up in Grid recipe
17.8.2026 23:11:40 [Error] Grid Recipe with output 'medieval:clothes-waist-medieval-large-belt-knife-lantern-on2' contains an ingredient that cannot be resolved: Block code game:lantern-up
17.8.2026 23:11:40 [Warning] Failed resolving crafting recipe ingredient with code game:lantern-up in Grid recipe
17.8.2026 23:11:40 [Error] Grid Recipe with output 'medieval:clothes-waist-medieval-large-belt-knife-lantern-on2' contains an ingredient that cannot be resolved: Block code game:lantern-up
17.8.2026 23:11:40 [Warning] Failed resolving crafting recipe ingredient with code game:lantern-up in Grid recipe
17.8.2026 23:11:40 [Error] Grid Recipe with output 'medieval:clothes-waist-medieval-large-belt-knife-lantern-on2' contains an ingredient that cannot be resolved: Block code game:lantern-up
17.8.2026 23:11:40 [Warning] Failed resolving crafting recipe ingredient with code game:lantern-up in Grid recipe
17.8.2026 23:11:40 [Error] Grid Recipe with output 'medieval:clothes-waist-medieval-large-belt-knife-lantern-on2' contains an ingredient that cannot be resolved: Block code game:lantern-up
17.8.2026 23:11:40 [Warning] Failed resolving crafting recipe ingredient with code game:lantern-up in Grid recipe
17.8.2026 23:11:40 [Error] Grid Recipe with output 'medieval:clothes-waist-medieval-large-belt-knife-lantern-on2' contains an ingredient that cannot be resolved: Block code game:lantern-up
17.8.2026 23:11:40 [Warning] Failed resolving crafting recipe ingredient with code game:lantern-up in Grid recipe
17.8.2026 23:11:40 [Error] Grid Recipe with output 'medieval:clothes-waist-medieval-large-belt-knife-lantern-on2' contains an ingredient that cannot be resolved: Block code game:lantern-up
17.8.2026 23:11:40 [Warning] Failed resolving crafting recipe ingredient with code game:lantern-up in Grid recipe
17.8.2026 23:11:40 [Error] Grid Recipe with output 'medieval:clothes-waist-medieval-large-belt-knife-lantern-on1' contains an ingredient that cannot be resolved: Block code game:lantern-up
17.8.2026 23:11:40 [Warning] Failed resolving crafting recipe ingredient with code game:lantern-up in Grid recipe
17.8.2026 23:11:40 [Error] Grid Recipe with output 'medieval:clothes-waist-medieval-large-belt-knife-lantern-on1' contains an ingredient that cannot be resolved: Block code game:lantern-up
17.8.2026 23:11:40 [Warning] Failed resolving crafting recipe ingredient with code game:lantern-up in Grid recipe
17.8.2026 23:11:40 [Error] Grid Recipe with output 'medieval:clothes-waist-medieval-large-belt-knife-lantern-on1' contains an ingredient that cannot be resolved: Block code game:lantern-up
17.8.2026 23:11:40 [Warning] Failed resolving crafting recipe ingredient with code game:lantern-up in Grid recipe
17.8.2026 23:11:40 [Error] Grid Recipe with output 'medieval:clothes-waist-medieval-large-belt-knife-lantern-on1' contains an ingredient that cannot be resolved: Block code game:lantern-up
17.8.2026 23:11:40 [Warning] Failed resolving crafting recipe ingredient with code game:lantern-up in Grid recipe
17.8.2026 23:11:40 [Error] Grid Recipe with output 'medieval:clothes-waist-medieval-large-belt-knife-lantern-on1' contains an ingredient that cannot be resolved: Block code game:lantern-up
17.8.2026 23:11:40 [Warning] Failed resolving crafting recipe ingredient with code game:lantern-up in Grid recipe
17.8.2026 23:11:40 [Error] Grid Recipe with output 'medieval:clothes-waist-medieval-large-belt-knife-lantern-on1' contains an ingredient that cannot be resolved: Block code game:lantern-up
17.8.2026 23:11:40 [Warning] Failed resolving crafting recipe ingredient with code game:lantern-up in Grid recipe
17.8.2026 23:11:40 [Error] Grid Recipe with output 'medieval:clothes-waist-medieval-large-belt-knife-lantern-on' contains an ingredient that cannot be resolved: Block code game:lantern-up
17.8.2026 23:11:40 [Warning] Failed resolving crafting recipe ingredient with code game:lantern-up in Grid recipe
17.8.2026 23:11:40 [Error] Grid Recipe with output 'medieval:clothes-waist-medieval-large-belt-knife-lantern-on' contains an ingredient that cannot be resolved: Block code game:lantern-up
17.8.2026 23:11:40 [Warning] Failed resolving crafting recipe ingredient with code game:lantern-up in Grid recipe
17.8.2026 23:11:40 [Error] Grid Recipe with output 'medieval:clothes-waist-medieval-large-belt-knife-lantern-on' contains an ingredient that cannot be resolved: Block code game:lantern-up
17.8.2026 23:11:40 [Warning] Failed resolving crafting recipe ingredient with code game:lantern-up in Grid recipe
17.8.2026 23:11:40 [Error] Grid Recipe with output 'medieval:clothes-waist-medieval-large-belt-knife-lantern-on' contains an ingredient that cannot be resolved: Block code game:lantern-up
17.8.2026 23:11:40 [Warning] Failed resolving crafting recipe ingredient with code game:lantern-up in Grid recipe
17.8.2026 23:11:40 [Error] Grid Recipe with output 'medieval:clothes-waist-medieval-large-belt-knife-lantern-on' contains an ingredient that cannot be resolved: Block code game:lantern-up
17.8.2026 23:11:40 [Warning] Failed resolving crafting recipe ingredient with code game:lantern-up in Grid recipe
17.8.2026 23:11:40 [Error] Grid Recipe with output 'medieval:clothes-waist-medieval-large-belt-knife-lantern-on' contains an ingredient that cannot be resolved: Block code game:lantern-up
17.8.2026 23:11:40 [Warning] Failed resolving crafting recipe ingredient with code game:lantern-up in Grid recipe
17.8.2026 23:11:40 [Error] Grid Recipe with output 'medieval:clothes-waist-medieval-large-belt-knife-lantern-on2' contains an ingredient that cannot be resolved: Block code game:lantern-up
17.8.2026 23:11:40 [Warning] Failed resolving crafting recipe ingredient with code game:lantern-up in Grid recipe
17.8.2026 23:11:40 [Error] Grid Recipe with output 'medieval:clothes-waist-medieval-large-belt-knife-lantern-on2' contains an ingredient that cannot be resolved: Block code game:lantern-up
17.8.2026 23:11:40 [Warning] Failed resolving crafting recipe ingredient with code game:lantern-up in Grid recipe
17.8.2026 23:11:40 [Error] Grid Recipe with output 'medieval:clothes-waist-medieval-large-belt-knife-lantern-on2' contains an ingredient that cannot be resolved: Block code game:lantern-up
17.8.2026 23:11:40 [Warning] Failed resolving crafting recipe ingredient with code game:lantern-up in Grid recipe
17.8.2026 23:11:40 [Error] Grid Recipe with output 'medieval:clothes-waist-medieval-large-belt-knife-lantern-on2' contains an ingredient that cannot be resolved: Block code game:lantern-up
17.8.2026 23:11:40 [Warning] Failed resolving crafting recipe ingredient with code game:lantern-up in Grid recipe
17.8.2026 23:11:40 [Error] Grid Recipe with output 'medieval:clothes-waist-medieval-large-belt-knife-lantern-on2' contains an ingredient that cannot be resolved: Block code game:lantern-up
17.8.2026 23:11:40 [Warning] Failed resolving crafting recipe ingredient with code game:lantern-up in Grid recipe
17.8.2026 23:11:40 [Error] Grid Recipe with output 'medieval:clothes-waist-medieval-large-belt-knife-lantern-on2' contains an ingredient that cannot be resolved: Block code game:lantern-up
17.8.2026 23:11:40 [Warning] Failed resolving crafting recipe ingredient with code game:lantern-up in Grid recipe
17.8.2026 23:11:40 [Error] Grid Recipe with output 'medieval:clothes-waist-medieval-large-belt-knife-lantern-on1' contains an ingredient that cannot be resolved: Block code game:lantern-up
17.8.2026 23:11:40 [Warning] Failed resolving crafting recipe ingredient with code game:lantern-up in Grid recipe
17.8.2026 23:11:40 [Error] Grid Recipe with output 'medieval:clothes-waist-medieval-large-belt-knife-lantern-on1' contains an ingredient that cannot be resolved: Block code game:lantern-up
17.8.2026 23:11:40 [Warning] Failed resolving crafting recipe ingredient with code game:lantern-up in Grid recipe
17.8.2026 23:11:40 [Error] Grid Recipe with output 'medieval:clothes-waist-medieval-large-belt-knife-lantern-on1' contains an ingredient that cannot be resolved: Block code game:lantern-up
17.8.2026 23:11:40 [Warning] Failed resolving crafting recipe ingredient with code game:lantern-up in Grid recipe
17.8.2026 23:11:40 [Error] Grid Recipe with output 'medieval:clothes-waist-medieval-large-belt-knife-lantern-on1' contains an ingredient that cannot be resolved: Block code game:lantern-up
17.8.2026 23:11:40 [Warning] Failed resolving crafting recipe ingredient with code game:lantern-up in Grid recipe
17.8.2026 23:11:40 [Error] Grid Recipe with output 'medieval:clothes-waist-medieval-large-belt-knife-lantern-on1' contains an ingredient that cannot be resolved: Block code game:lantern-up
17.8.2026 23:11:40 [Warning] Failed resolving crafting recipe ingredient with code game:lantern-up in Grid recipe
17.8.2026 23:11:40 [Error] Grid Recipe with output 'medieval:clothes-waist-medieval-large-belt-knife-lantern-on1' contains an ingredient that cannot be resolved: Block code game:lantern-up
17.8.2026 23:11:40 [Warning] Failed resolving crafting recipe ingredient with code game:lantern-up in Grid recipe
17.8.2026 23:11:40 [Error] Grid Recipe with output 'medieval:clothes-waist-medieval-large-belt-knife-lantern-on' contains an ingredient that cannot be resolved: Block code game:lantern-up
17.8.2026 23:11:40 [Warning] Failed resolving crafting recipe ingredient with code game:lantern-up in Grid recipe
17.8.2026 23:11:40 [Error] Grid Recipe with output 'medieval:clothes-waist-medieval-large-belt-knife-lantern-on' contains an ingredient that cannot be resolved: Block code game:lantern-up
17.8.2026 23:11:40 [Warning] Failed resolving crafting recipe ingredient with code game:lantern-up in Grid recipe
17.8.2026 23:11:40 [Error] Grid Recipe with output 'medieval:clothes-waist-medieval-large-belt-knife-lantern-on' contains an ingredient that cannot be resolved: Block code game:lantern-up
17.8.2026 23:11:40 [Warning] Failed resolving crafting recipe ingredient with code game:lantern-up in Grid recipe
17.8.2026 23:11:40 [Error] Grid Recipe with output 'medieval:clothes-waist-medieval-large-belt-knife-lantern-on' contains an ingredient that cannot be resolved: Block code game:lantern-up
17.8.2026 23:11:40 [Warning] Failed resolving crafting recipe ingredient with code game:lantern-up in Grid recipe
17.8.2026 23:11:40 [Error] Grid Recipe with output 'medieval:clothes-waist-medieval-large-belt-knife-lantern-on' contains an ingredient that cannot be resolved: Block code game:lantern-up
17.8.2026 23:11:40 [Warning] Failed resolving crafting recipe ingredient with code game:lantern-up in Grid recipe
17.8.2026 23:11:40 [Error] Grid Recipe with output 'medieval:clothes-waist-medieval-large-belt-knife-lantern-on' contains an ingredient that cannot be resolved: Block code game:lantern-up
17.8.2026 23:11:40 [Warning] Failed resolving crafting recipe ingredient with code game:lantern-up in Grid recipe
17.8.2026 23:11:40 [Error] Grid Recipe with output 'medieval:clothes-waist-medieval-large-belt-knife-lantern-on2' contains an ingredient that cannot be resolved: Block code game:lantern-up
17.8.2026 23:11:40 [Warning] Failed resolving crafting recipe ingredient with code game:lantern-up in Grid recipe
17.8.2026 23:11:40 [Error] Grid Recipe with output 'medieval:clothes-waist-medieval-large-belt-knife-lantern-on2' contains an ingredient that cannot be resolved: Block code game:lantern-up
17.8.2026 23:11:40 [Warning] Failed resolving crafting recipe ingredient with code game:lantern-up in Grid recipe
17.8.2026 23:11:40 [Error] Grid Recipe with output 'medieval:clothes-waist-medieval-large-belt-knife-lantern-on2' contains an ingredient that cannot be resolved: Block code game:lantern-up
17.8.2026 23:11:40 [Warning] Failed resolving crafting recipe ingredient with code game:lantern-up in Grid recipe
17.8.2026 23:11:40 [Error] Grid Recipe with output 'medieval:clothes-waist-medieval-large-belt-knife-lantern-on2' contains an ingredient that cannot be resolved: Block code game:lantern-up
17.8.2026 23:11:40 [Warning] Failed resolving crafting recipe ingredient with code game:lantern-up in Grid recipe
17.8.2026 23:11:40 [Error] Grid Recipe with output 'medieval:clothes-waist-medieval-large-belt-knife-lantern-on2' contains an ingredient that cannot be resolved: Block code game:lantern-up
17.8.2026 23:11:40 [Warning] Failed resolving crafting recipe ingredient with code game:lantern-up in Grid recipe
17.8.2026 23:11:40 [Error] Grid Recipe with output 'medieval:clothes-waist-medieval-large-belt-knife-lantern-on2' contains an ingredient that cannot be resolved: Block code game:lantern-up
17.8.2026 23:11:40 [Warning] Failed resolving crafting recipe ingredient with code game:lantern-up in Grid recipe
17.8.2026 23:11:40 [Error] Grid Recipe with output 'medieval:clothes-waist-medieval-large-belt-knife-lantern-on1' contains an ingredient that cannot be resolved: Block code game:lantern-up
17.8.2026 23:11:40 [Warning] Failed resolving crafting recipe ingredient with code game:lantern-up in Grid recipe
17.8.2026 23:11:40 [Error] Grid Recipe with output 'medieval:clothes-waist-medieval-large-belt-knife-lantern-on1' contains an ingredient that cannot be resolved: Block code game:lantern-up
17.8.2026 23:11:40 [Warning] Failed resolving crafting recipe ingredient with code game:lantern-up in Grid recipe
17.8.2026 23:11:40 [Error] Grid Recipe with output 'medieval:clothes-waist-medieval-large-belt-knife-lantern-on1' contains an ingredient that cannot be resolved: Block code game:lantern-up
17.8.2026 23:11:40 [Warning] Failed resolving crafting recipe ingredient with code game:lantern-up in Grid recipe
17.8.2026 23:11:40 [Error] Grid Recipe with output 'medieval:clothes-waist-medieval-large-belt-knife-lantern-on1' contains an ingredient that cannot be resolved: Block code game:lantern-up
17.8.2026 23:11:40 [Warning] Failed resolving crafting recipe ingredient with code game:lantern-up in Grid recipe
17.8.2026 23:11:40 [Error] Grid Recipe with output 'medieval:clothes-waist-medieval-large-belt-knife-lantern-on1' contains an ingredient that cannot be resolved: Block code game:lantern-up
17.8.2026 23:11:40 [Warning] Failed resolving crafting recipe ingredient with code game:lantern-up in Grid recipe
17.8.2026 23:11:40 [Error] Grid Recipe with output 'medieval:clothes-waist-medieval-large-belt-knife-lantern-on1' contains an ingredient that cannot be resolved: Block code game:lantern-up
17.8.2026 23:11:40 [Warning] Failed resolving crafting recipe ingredient with code game:lantern-up in Grid recipe
17.8.2026 23:11:40 [Error] Grid Recipe with output 'medieval:clothes-waist-medieval-large-belt-knife-lantern-on' contains an ingredient that cannot be resolved: Block code game:lantern-up
17.8.2026 23:11:40 [Warning] Failed resolving crafting recipe ingredient with code game:lantern-up in Grid recipe
17.8.2026 23:11:40 [Error] Grid Recipe with output 'medieval:clothes-waist-medieval-large-belt-knife-lantern-on' contains an ingredient that cannot be resolved: Block code game:lantern-up
17.8.2026 23:11:40 [Warning] Failed resolving crafting recipe ingredient with code game:lantern-up in Grid recipe
17.8.2026 23:11:40 [Error] Grid Recipe with output 'medieval:clothes-waist-medieval-large-belt-knife-lantern-on' contains an ingredient that cannot be resolved: Block code game:lantern-up
17.8.2026 23:11:40 [Warning] Failed resolving crafting recipe ingredient with code game:lantern-up in Grid recipe
17.8.2026 23:11:40 [Error] Grid Recipe with output 'medieval:clothes-waist-medieval-large-belt-knife-lantern-on' contains an ingredient that cannot be resolved: Block code game:lantern-up
17.8.2026 23:11:40 [Warning] Failed resolving crafting recipe ingredient with code game:lantern-up in Grid recipe
17.8.2026 23:11:40 [Error] Grid Recipe with output 'medieval:clothes-waist-medieval-large-belt-knife-lantern-on' contains an ingredient that cannot be resolved: Block code game:lantern-up
17.8.2026 23:11:40 [Warning] Failed resolving crafting recipe ingredient with code game:lantern-up in Grid recipe
17.8.2026 23:11:40 [Error] Grid Recipe with output 'medieval:clothes-waist-medieval-large-belt-knife-lantern-on' contains an ingredient that cannot be resolved: Block code game:lantern-up
17.8.2026 23:11:40 [Warning] Failed resolving crafting recipe ingredient with code game:lantern-up in Grid recipe
17.8.2026 23:11:40 [Error] Grid Recipe with output 'medieval:clothes-waist-medieval-large-belt-knife-lantern-on2' contains an ingredient that cannot be resolved: Block code game:lantern-up
17.8.2026 23:11:40 [Warning] Failed resolving crafting recipe ingredient with code game:lantern-up in Grid recipe
17.8.2026 23:11:40 [Error] Grid Recipe with output 'medieval:clothes-waist-medieval-large-belt-knife-lantern-on2' contains an ingredient that cannot be resolved: Block code game:lantern-up
17.8.2026 23:11:40 [Warning] Failed resolving crafting recipe ingredient with code game:lantern-up in Grid recipe
17.8.2026 23:11:40 [Error] Grid Recipe with output 'medieval:clothes-waist-medieval-large-belt-knife-lantern-on2' contains an ingredient that cannot be resolved: Block code game:lantern-up
17.8.2026 23:11:40 [Warning] Failed resolving crafting recipe ingredient with code game:lantern-up in Grid recipe
17.8.2026 23:11:40 [Error] Grid Recipe with output 'medieval:clothes-waist-medieval-large-belt-knife-lantern-on2' contains an ingredient that cannot be resolved: Block code game:lantern-up
17.8.2026 23:11:40 [Warning] Failed resolving crafting recipe ingredient with code game:lantern-up in Grid recipe
17.8.2026 23:11:40 [Error] Grid Recipe with output 'medieval:clothes-waist-medieval-large-belt-knife-lantern-on2' contains an ingredient that cannot be resolved: Block code game:lantern-up
17.8.2026 23:11:40 [Warning] Failed resolving crafting recipe ingredient with code game:lantern-up in Grid recipe
17.8.2026 23:11:40 [Error] Grid Recipe with output 'medieval:clothes-waist-medieval-large-belt-knife-lantern-on2' contains an ingredient that cannot be resolved: Block code game:lantern-up
17.8.2026 23:11:40 [Warning] Failed resolving crafting recipe ingredient with code game:lantern-up in Grid recipe
17.8.2026 23:11:40 [Error] Grid Recipe with output 'medieval:clothes-waist-medieval-large-belt-knife-lantern-on1' contains an ingredient that cannot be resolved: Block code game:lantern-up
17.8.2026 23:11:40 [Warning] Failed resolving crafting recipe ingredient with code game:lantern-up in Grid recipe
17.8.2026 23:11:40 [Error] Grid Recipe with output 'medieval:clothes-waist-medieval-large-belt-knife-lantern-on1' contains an ingredient that cannot be resolved: Block code game:lantern-up
17.8.2026 23:11:40 [Warning] Failed resolving crafting recipe ingredient with code game:lantern-up in Grid recipe
17.8.2026 23:11:40 [Error] Grid Recipe with output 'medieval:clothes-waist-medieval-large-belt-knife-lantern-on1' contains an ingredient that cannot be resolved: Block code game:lantern-up
17.8.2026 23:11:40 [Warning] Failed resolving crafting recipe ingredient with code game:lantern-up in Grid recipe
17.8.2026 23:11:40 [Error] Grid Recipe with output 'medieval:clothes-waist-medieval-large-belt-knife-lantern-on1' contains an ingredient that cannot be resolved: Block code game:lantern-up
17.8.2026 23:11:40 [Warning] Failed resolving crafting recipe ingredient with code game:lantern-up in Grid recipe
17.8.2026 23:11:40 [Error] Grid Recipe with output 'medieval:clothes-waist-medieval-large-belt-knife-lantern-on1' contains an ingredient that cannot be resolved: Block code game:lantern-up
17.8.2026 23:11:40 [Warning] Failed resolving crafting recipe ingredient with code game:lantern-up in Grid recipe
17.8.2026 23:11:40 [Error] Grid Recipe with output 'medieval:clothes-waist-medieval-large-belt-knife-lantern-on1' contains an ingredient that cannot be resolved: Block code game:lantern-up
17.8.2026 23:11:40 [Warning] Failed resolving crafting recipe ingredient with code armory:part-battlehammerhead-steel in Grid recipe
17.8.2026 23:11:40 [Error] Grid Recipe with output 'armory:part-battlehammerhead-steel' contains an ingredient that cannot be resolved: Item code armory:part-battlehammerhead-steel
17.8.2026 23:11:40 [Warning] Failed resolving crafting recipe ingredient with code armory:part-polehammerhead-steel in Grid recipe
17.8.2026 23:11:40 [Error] Grid Recipe with output 'armory:part-polehammerhead-steel' contains an ingredient that cannot be resolved: Item code armory:part-polehammerhead-steel
17.8.2026 23:11:40 [Warning] Failed resolving crafting recipe ingredient with code armory:part-warhammerhead-steel in Grid recipe
17.8.2026 23:11:40 [Error] Grid Recipe with output 'armory:part-warhammerhead-steel' contains an ingredient that cannot be resolved: Item code armory:part-warhammerhead-steel
17.8.2026 23:11:40 [Warning] Failed resolving crafting recipe ingredient with code armory:part-armingsword-iron in Grid recipe
17.8.2026 23:11:40 [Error] Grid Recipe with output 'armory:part-armingsword-iron' contains an ingredient that cannot be resolved: Item code armory:part-armingsword-iron
17.8.2026 23:11:40 [Warning] Failed resolving crafting recipe ingredient with code armory:part-armingsword-meteoriciron in Grid recipe
17.8.2026 23:11:40 [Error] Grid Recipe with output 'armory:part-armingsword-meteoriciron' contains an ingredient that cannot be resolved: Item code armory:part-armingsword-meteoriciron
17.8.2026 23:11:40 [Warning] Failed resolving crafting recipe ingredient with code armory:part-armingsword-steel in Grid recipe
17.8.2026 23:11:40 [Error] Grid Recipe with output 'armory:part-armingsword-steel' contains an ingredient that cannot be resolved: Item code armory:part-armingsword-steel
17.8.2026 23:11:40 [Warning] Failed resolving crafting recipe ingredient with code armory:part-pikehead-iron in Grid recipe
17.8.2026 23:11:40 [Error] Grid Recipe with output 'armory:part-pikehead-iron' contains an ingredient that cannot be resolved: Item code armory:part-pikehead-iron
17.8.2026 23:11:40 [Warning] Failed resolving crafting recipe ingredient with code armory:part-pikehead-meteoriciron in Grid recipe
17.8.2026 23:11:40 [Error] Grid Recipe with output 'armory:part-pikehead-meteoriciron' contains an ingredient that cannot be resolved: Item code armory:part-pikehead-meteoriciron
17.8.2026 23:11:40 [Warning] Failed resolving crafting recipe ingredient with code armory:part-pikehead-steel in Grid recipe
17.8.2026 23:11:40 [Error] Grid Recipe with output 'armory:part-pikehead-steel' contains an ingredient that cannot be resolved: Item code armory:part-pikehead-steel
17.8.2026 23:11:40 [Warning] Failed resolving crafting recipe ingredient with code game:windmillrotor-north in Grid recipe
17.8.2026 23:11:40 [Error] Grid Recipe 'temporaldust:recipes/grid/mechpowerblocks-fat.json': Output game:windmillrotor-north cannot be resolved.
17.8.2026 23:11:40 [Warning] Failed resolving crafting recipe ingredient with code game:windmillrotor-north in Grid recipe
17.8.2026 23:11:40 [Error] Grid Recipe 'temporaldust:recipes/grid/mechpowerblocks-fat.json': Output game:windmillrotor-north cannot be resolved.
17.8.2026 23:11:40 [Warning] Failed resolving crafting recipe ingredient with code game:bowl-fired in Grid recipe
17.8.2026 23:11:40 [Error] Grid Recipe with output 'game:oillamp-up' contains an ingredient that cannot be resolved: Block code game:bowl-fired
17.8.2026 23:11:40 [Warning] Failed resolving crafting recipe ingredient with code game:plank-agedacacia in Grid recipe
17.8.2026 23:11:40 [Error] Grid Recipe with output 'barkcanoe:outrigger-carved-agedacacia' contains an ingredient that cannot be resolved: Item code game:plank-agedacacia
17.8.2026 23:11:40 [Warning] Failed resolving crafting recipe ingredient with code game:plank-agedebony in Grid recipe
17.8.2026 23:11:40 [Error] Grid Recipe with output 'barkcanoe:outrigger-carved-agedebony' contains an ingredient that cannot be resolved: Item code game:plank-agedebony
17.8.2026 23:11:40 [Warning] Failed resolving crafting recipe ingredient with code game:plank-rottenebony in Grid recipe
17.8.2026 23:11:40 [Error] Grid Recipe with output 'barkcanoe:outrigger-carved-rottenebony' contains an ingredient that cannot be resolved: Item code game:plank-rottenebony
17.8.2026 23:11:40 [Warning] Failed resolving crafting recipe ingredient with code game:plank-agedacacia in Grid recipe
17.8.2026 23:11:40 [Error] Grid Recipe with output 'barkcanoe:outrigger-carved-agedacacia' contains an ingredient that cannot be resolved: Item code game:plank-agedacacia
17.8.2026 23:11:40 [Warning] Failed resolving crafting recipe ingredient with code game:plank-agedebony in Grid recipe
17.8.2026 23:11:40 [Error] Grid Recipe with output 'barkcanoe:outrigger-carved-agedebony' contains an ingredient that cannot be resolved: Item code game:plank-agedebony
17.8.2026 23:11:40 [Warning] Failed resolving crafting recipe ingredient with code game:plank-rottenebony in Grid recipe
17.8.2026 23:11:40 [Error] Grid Recipe with output 'barkcanoe:outrigger-carved-rottenebony' contains an ingredient that cannot be resolved: Item code game:plank-rottenebony
17.8.2026 23:11:40 [Warning] Failed resolving crafting recipe ingredient with code game:plank-agedacacia in Grid recipe
17.8.2026 23:11:40 [Error] Grid Recipe with output 'barkcanoe:outrigger-carved-agedacacia' contains an ingredient that cannot be resolved: Item code game:plank-agedacacia
17.8.2026 23:11:40 [Warning] Failed resolving crafting recipe ingredient with code game:plank-agedebony in Grid recipe
17.8.2026 23:11:40 [Error] Grid Recipe with output 'barkcanoe:outrigger-carved-agedebony' contains an ingredient that cannot be resolved: Item code game:plank-agedebony
17.8.2026 23:11:40 [Warning] Failed resolving crafting recipe ingredient with code game:plank-rottenebony in Grid recipe
17.8.2026 23:11:40 [Error] Grid Recipe with output 'barkcanoe:outrigger-carved-rottenebony' contains an ingredient that cannot be resolved: Item code game:plank-rottenebony
17.8.2026 23:11:40 [Warning] Failed resolving crafting recipe ingredient with code game:plank-agedacacia in Grid recipe
17.8.2026 23:11:40 [Error] Grid Recipe with output 'barkcanoe:outrigger-carved-agedacacia' contains an ingredient that cannot be resolved: Item code game:plank-agedacacia
17.8.2026 23:11:40 [Warning] Failed resolving crafting recipe ingredient with code game:plank-agedebony in Grid recipe
17.8.2026 23:11:40 [Error] Grid Recipe with output 'barkcanoe:outrigger-carved-agedebony' contains an ingredient that cannot be resolved: Item code game:plank-agedebony
17.8.2026 23:11:40 [Warning] Failed resolving crafting recipe ingredient with code game:plank-rottenebony in Grid recipe
17.8.2026 23:11:40 [Error] Grid Recipe with output 'barkcanoe:outrigger-carved-rottenebony' contains an ingredient that cannot be resolved: Item code game:plank-rottenebony
17.8.2026 23:11:40 [Warning] Failed resolving crafting recipe ingredient with code game:plank-agedacacia in Grid recipe
17.8.2026 23:11:40 [Error] Grid Recipe with output 'barkcanoe:outrigger-carved-agedacacia' contains an ingredient that cannot be resolved: Item code game:plank-agedacacia
17.8.2026 23:11:40 [Warning] Failed resolving crafting recipe ingredient with code game:plank-agedebony in Grid recipe
17.8.2026 23:11:40 [Error] Grid Recipe with output 'barkcanoe:outrigger-carved-agedebony' contains an ingredient that cannot be resolved: Item code game:plank-agedebony
17.8.2026 23:11:40 [Warning] Failed resolving crafting recipe ingredient with code game:plank-rottenebony in Grid recipe
17.8.2026 23:11:40 [Error] Grid Recipe with output 'barkcanoe:outrigger-carved-rottenebony' contains an ingredient that cannot be resolved: Item code game:plank-rottenebony
17.8.2026 23:11:40 [Warning] Failed resolving crafting recipe ingredient with code game:plank-agedacacia in Grid recipe
17.8.2026 23:11:40 [Error] Grid Recipe with output 'barkcanoe:outrigger-carved-agedacacia' contains an ingredient that cannot be resolved: Item code game:plank-agedacacia
17.8.2026 23:11:40 [Warning] Failed resolving crafting recipe ingredient with code game:plank-agedebony in Grid recipe
17.8.2026 23:11:40 [Error] Grid Recipe with output 'barkcanoe:outrigger-carved-agedebony' contains an ingredient that cannot be resolved: Item code game:plank-agedebony
17.8.2026 23:11:40 [Warning] Failed resolving crafting recipe ingredient with code game:plank-rottenebony in Grid recipe
17.8.2026 23:11:40 [Error] Grid Recipe with output 'barkcanoe:outrigger-carved-rottenebony' contains an ingredient that cannot be resolved: Item code game:plank-rottenebony
17.8.2026 23:11:40 [Warning] Failed resolving crafting recipe ingredient with code game:plank-agedacacia in Grid recipe
17.8.2026 23:11:40 [Error] Grid Recipe with output 'barkcanoe:outrigger-carved-agedacacia' contains an ingredient that cannot be resolved: Item code game:plank-agedacacia
17.8.2026 23:11:40 [Warning] Failed resolving crafting recipe ingredient with code game:plank-agedebony in Grid recipe
17.8.2026 23:11:40 [Error] Grid Recipe with output 'barkcanoe:outrigger-carved-agedebony' contains an ingredient that cannot be resolved: Item code game:plank-agedebony
17.8.2026 23:11:40 [Warning] Failed resolving crafting recipe ingredient with code game:plank-rottenebony in Grid recipe
17.8.2026 23:11:40 [Error] Grid Recipe with output 'barkcanoe:outrigger-carved-rottenebony' contains an ingredient that cannot be resolved: Item code game:plank-rottenebony
17.8.2026 23:11:40 [Warning] Failed resolving crafting recipe ingredient with code game:plank-agedacacia in Grid recipe
17.8.2026 23:11:40 [Error] Grid Recipe with output 'barkcanoe:outrigger-carved-agedacacia' contains an ingredient that cannot be resolved: Item code game:plank-agedacacia
17.8.2026 23:11:40 [Warning] Failed resolving crafting recipe ingredient with code game:plank-agedebony in Grid recipe
17.8.2026 23:11:40 [Error] Grid Recipe with output 'barkcanoe:outrigger-carved-agedebony' contains an ingredient that cannot be resolved: Item code game:plank-agedebony
17.8.2026 23:11:40 [Warning] Failed resolving crafting recipe ingredient with code game:plank-rottenebony in Grid recipe
17.8.2026 23:11:40 [Error] Grid Recipe with output 'barkcanoe:outrigger-carved-rottenebony' contains an ingredient that cannot be resolved: Item code game:plank-rottenebony
17.8.2026 23:11:40 [Warning] Failed resolving crafting recipe ingredient with code game:plank-agedacacia in Grid recipe
17.8.2026 23:11:40 [Error] Grid Recipe with output 'barkcanoe:outrigger-carved-agedacacia' contains an ingredient that cannot be resolved: Item code game:plank-agedacacia
17.8.2026 23:11:40 [Warning] Failed resolving crafting recipe ingredient with code game:plank-agedebony in Grid recipe
17.8.2026 23:11:40 [Error] Grid Recipe with output 'barkcanoe:outrigger-carved-agedebony' contains an ingredient that cannot be resolved: Item code game:plank-agedebony
17.8.2026 23:11:40 [Warning] Failed resolving crafting recipe ingredient with code game:plank-rottenebony in Grid recipe
17.8.2026 23:11:40 [Error] Grid Recipe with output 'barkcanoe:outrigger-carved-rottenebony' contains an ingredient that cannot be resolved: Item code game:plank-rottenebony
17.8.2026 23:11:40 [Warning] Failed resolving crafting recipe ingredient with code game:plank-agedacacia in Grid recipe
17.8.2026 23:11:40 [Error] Grid Recipe with output 'barkcanoe:outrigger-carved-agedacacia' contains an ingredient that cannot be resolved: Item code game:plank-agedacacia
17.8.2026 23:11:40 [Warning] Failed resolving crafting recipe ingredient with code game:plank-agedebony in Grid recipe
17.8.2026 23:11:40 [Error] Grid Recipe with output 'barkcanoe:outrigger-carved-agedebony' contains an ingredient that cannot be resolved: Item code game:plank-agedebony
17.8.2026 23:11:40 [Warning] Failed resolving crafting recipe ingredient with code game:plank-rottenebony in Grid recipe
17.8.2026 23:11:40 [Error] Grid Recipe with output 'barkcanoe:outrigger-carved-rottenebony' contains an ingredient that cannot be resolved: Item code game:plank-rottenebony
17.8.2026 23:11:40 [Warning] Failed resolving crafting recipe ingredient with code game:plank-agedacacia in Grid recipe
17.8.2026 23:11:40 [Error] Grid Recipe with output 'barkcanoe:outrigger-carved-agedacacia' contains an ingredient that cannot be resolved: Item code game:plank-agedacacia
17.8.2026 23:11:40 [Warning] Failed resolving crafting recipe ingredient with code game:plank-agedebony in Grid recipe
17.8.2026 23:11:40 [Error] Grid Recipe with output 'barkcanoe:outrigger-carved-agedebony' contains an ingredient that cannot be resolved: Item code game:plank-agedebony
17.8.2026 23:11:40 [Warning] Failed resolving crafting recipe ingredient with code game:plank-rottenebony in Grid recipe
17.8.2026 23:11:40 [Error] Grid Recipe with output 'barkcanoe:outrigger-carved-rottenebony' contains an ingredient that cannot be resolved: Item code game:plank-rottenebony
17.8.2026 23:11:40 [Warning] Failed resolving crafting recipe ingredient with code game:plank-agedacacia in Grid recipe
17.8.2026 23:11:40 [Error] Grid Recipe with output 'barkcanoe:outrigger-carved-agedacacia' contains an ingredient that cannot be resolved: Item code game:plank-agedacacia
17.8.2026 23:11:40 [Warning] Failed resolving crafting recipe ingredient with code game:plank-agedebony in Grid recipe
17.8.2026 23:11:40 [Error] Grid Recipe with output 'barkcanoe:outrigger-carved-agedebony' contains an ingredient that cannot be resolved: Item code game:plank-agedebony
17.8.2026 23:11:40 [Warning] Failed resolving crafting recipe ingredient with code game:plank-rottenebony in Grid recipe
17.8.2026 23:11:40 [Error] Grid Recipe with output 'barkcanoe:outrigger-carved-rottenebony' contains an ingredient that cannot be resolved: Item code game:plank-rottenebony
17.8.2026 23:11:40 [Warning] Failed resolving crafting recipe ingredient with code game:plank-agedacacia in Grid recipe
17.8.2026 23:11:40 [Error] Grid Recipe with output 'barkcanoe:outrigger-carved-agedacacia' contains an ingredient that cannot be resolved: Item code game:plank-agedacacia
17.8.2026 23:11:40 [Warning] Failed resolving crafting recipe ingredient with code game:plank-agedebony in Grid recipe
17.8.2026 23:11:40 [Error] Grid Recipe with output 'barkcanoe:outrigger-carved-agedebony' contains an ingredient that cannot be resolved: Item code game:plank-agedebony
17.8.2026 23:11:40 [Warning] Failed resolving crafting recipe ingredient with code game:plank-rottenebony in Grid recipe
17.8.2026 23:11:40 [Error] Grid Recipe with output 'barkcanoe:outrigger-carved-rottenebony' contains an ingredient that cannot be resolved: Item code game:plank-rottenebony
17.8.2026 23:11:40 [Warning] Failed resolving crafting recipe ingredient with code expandedfoods:bowl-peat-earthyorange in Grid recipe
17.8.2026 23:11:40 [Error] Grid Recipe 'expandedfoods:recipes/grid/oilitems/bowlpeat.json': Output expandedfoods:bowl-peat-earthyorange cannot be resolved.
17.8.2026 23:11:40 [Warning] Failed resolving crafting recipe ingredient with code game:windmillrotor-north in Grid recipe
17.8.2026 23:11:40 [Error] Grid Recipe 'expandedfoods:recipes/grid/oilitems/mechanicalblocks.json': Output game:windmillrotor-north cannot be resolved.
17.8.2026 23:11:40 [Warning] Failed resolving crafting recipe ingredient with code game:windmillrotor-north in Grid recipe
17.8.2026 23:11:40 [Error] Grid Recipe 'expandedfoods:recipes/grid/oilitems/mechanicalblocks.json': Output game:windmillrotor-north cannot be resolved.
17.8.2026 23:11:40 [Warning] Failed resolving crafting recipe ingredient with code game:windmillrotor-north in Grid recipe
17.8.2026 23:11:40 [Error] Grid Recipe 'expandedfoods:recipes/grid/oilitems/mechanicalblocks.json': Output game:windmillrotor-north cannot be resolved.
17.8.2026 23:11:40 [Warning] Failed resolving crafting recipe ingredient with code game:windmillrotor-north in Grid recipe
17.8.2026 23:11:40 [Error] Grid Recipe 'expandedfoods:recipes/grid/oilitems/mechanicalblocks.json': Output game:windmillrotor-north cannot be resolved.
17.8.2026 23:11:40 [Warning] Failed resolving crafting recipe ingredient with code game:windmillrotor-north in Grid recipe
17.8.2026 23:11:40 [Error] Grid Recipe 'expandedfoods:recipes/grid/oilitems/mechanicalblocks.json': Output game:windmillrotor-north cannot be resolved.
17.8.2026 23:11:40 [Warning] Failed resolving crafting recipe ingredient with code game:windmillrotor-north in Grid recipe
17.8.2026 23:11:40 [Error] Grid Recipe 'expandedfoods:recipes/grid/oilitems/mechanicalblocks.json': Output game:windmillrotor-north cannot be resolved.
17.8.2026 23:11:40 [Warning] Failed resolving crafting recipe ingredient with code game:windmillrotor-north in Grid recipe
17.8.2026 23:11:40 [Error] Grid Recipe 'expandedfoods:recipes/grid/oilitems/mechanicalblocks.json': Output game:windmillrotor-north cannot be resolved.
17.8.2026 23:11:40 [Warning] Failed resolving crafting recipe ingredient with code game:windmillrotor-north in Grid recipe
17.8.2026 23:11:40 [Error] Grid Recipe 'expandedfoods:recipes/grid/oilitems/mechanicalblocks.json': Output game:windmillrotor-north cannot be resolved.
17.8.2026 23:11:40 [Warning] Failed resolving crafting recipe ingredient with code game:windmillrotor-north in Grid recipe
17.8.2026 23:11:40 [Error] Grid Recipe 'expandedfoods:recipes/grid/oilitems/mechanicalblocks.json': Output game:windmillrotor-north cannot be resolved.
17.8.2026 23:11:40 [Warning] Failed resolving crafting recipe ingredient with code game:windmillrotor-north in Grid recipe
17.8.2026 23:11:40 [Error] Grid Recipe 'expandedfoods:recipes/grid/oilitems/mechanicalblocks.json': Output game:windmillrotor-north cannot be resolved.
17.8.2026 23:11:40 [Warning] Failed resolving crafting recipe ingredient with code game:windmillrotor-north in Grid recipe
17.8.2026 23:11:40 [Error] Grid Recipe 'expandedfoods:recipes/grid/oilitems/mechanicalblocks.json': Output game:windmillrotor-north cannot be resolved.
17.8.2026 23:11:40 [Warning] Failed resolving crafting recipe ingredient with code game:windmillrotor-north in Grid recipe
17.8.2026 23:11:40 [Error] Grid Recipe 'expandedfoods:recipes/grid/oilitems/mechanicalblocks.json': Output game:windmillrotor-north cannot be resolved.
17.8.2026 23:11:40 [Warning] Failed resolving crafting recipe ingredient with code game:windmillrotor-north in Grid recipe
17.8.2026 23:11:40 [Error] Grid Recipe 'expandedfoods:recipes/grid/oilitems/mechanicalblocks.json': Output game:windmillrotor-north cannot be resolved.
17.8.2026 23:11:40 [Warning] Failed resolving crafting recipe ingredient with code game:windmillrotor-north in Grid recipe
17.8.2026 23:11:40 [Error] Grid Recipe 'expandedfoods:recipes/grid/oilitems/mechanicalblocks.json': Output game:windmillrotor-north cannot be resolved.
17.8.2026 23:11:40 [Warning] Failed resolving crafting recipe ingredient with code game:windmillrotor-north in Grid recipe
17.8.2026 23:11:40 [Error] Grid Recipe 'expandedfoods:recipes/grid/oilitems/mechanicalblocks.json': Output game:windmillrotor-north cannot be resolved.
17.8.2026 23:11:40 [Warning] Failed resolving crafting recipe ingredient with code game:windmillrotor-north in Grid recipe
17.8.2026 23:11:40 [Error] Grid Recipe 'expandedfoods:recipes/grid/oilitems/mechanicalblocks.json': Output game:windmillrotor-north cannot be resolved.
17.8.2026 23:11:40 [Warning] Failed resolving crafting recipe ingredient with code game:windmillrotor-north in Grid recipe
17.8.2026 23:11:40 [Error] Grid Recipe 'expandedfoods:recipes/grid/oilitems/mechanicalblocks.json': Output game:windmillrotor-north cannot be resolved.
17.8.2026 23:11:40 [Warning] Failed resolving crafting recipe ingredient with code game:windmillrotor-north in Grid recipe
17.8.2026 23:11:40 [Error] Grid Recipe 'expandedfoods:recipes/grid/oilitems/mechanicalblocks.json': Output game:windmillrotor-north cannot be resolved.
17.8.2026 23:11:40 [Warning] Failed resolving crafting recipe ingredient with code game:windmillrotor-north in Grid recipe
17.8.2026 23:11:40 [Error] Grid Recipe 'expandedfoods:recipes/grid/oilitems/mechanicalblocks.json': Output game:windmillrotor-north cannot be resolved.
17.8.2026 23:11:40 [Warning] Failed resolving crafting recipe ingredient with code game:windmillrotor-north in Grid recipe
17.8.2026 23:11:40 [Error] Grid Recipe 'expandedfoods:recipes/grid/oilitems/mechanicalblocks.json': Output game:windmillrotor-north cannot be resolved.
17.8.2026 23:11:40 [Warning] Failed resolving crafting recipe ingredient with code game:windmillrotor-north in Grid recipe
17.8.2026 23:11:40 [Error] Grid Recipe 'expandedfoods:recipes/grid/oilitems/mechanicalblocks.json': Output game:windmillrotor-north cannot be resolved.
17.8.2026 23:11:40 [Warning] Failed resolving crafting recipe ingredient with code game:windmillrotor-north in Grid recipe
17.8.2026 23:11:40 [Error] Grid Recipe 'expandedfoods:recipes/grid/oilitems/mechanicalblocks.json': Output game:windmillrotor-north cannot be resolved.
17.8.2026 23:11:40 [Warning] Failed resolving crafting recipe ingredient with code game:windmillrotor-north in Grid recipe
17.8.2026 23:11:40 [Error] Grid Recipe 'expandedfoods:recipes/grid/oilitems/mechanicalblocks.json': Output game:windmillrotor-north cannot be resolved.
17.8.2026 23:11:40 [Warning] Failed resolving crafting recipe ingredient with code game:windmillrotor-north in Grid recipe
17.8.2026 23:11:40 [Error] Grid Recipe 'expandedfoods:recipes/grid/oilitems/mechanicalblocks.json': Output game:windmillrotor-north cannot be resolved.
17.8.2026 23:11:40 [Warning] Failed resolving crafting recipe ingredient with code game:windmillrotor-north in Grid recipe
17.8.2026 23:11:40 [Error] Grid Recipe 'expandedfoods:recipes/grid/oilitems/mechanicalblocks.json': Output game:windmillrotor-north cannot be resolved.
17.8.2026 23:11:40 [Warning] Failed resolving crafting recipe ingredient with code game:windmillrotor-north in Grid recipe
17.8.2026 23:11:40 [Error] Grid Recipe 'expandedfoods:recipes/grid/oilitems/mechanicalblocks.json': Output game:windmillrotor-north cannot be resolved.
17.8.2026 23:11:40 [Warning] Failed resolving crafting recipe ingredient with code game:windmillrotor-north in Grid recipe
17.8.2026 23:11:40 [Error] Grid Recipe 'expandedfoods:recipes/grid/oilitems/mechanicalblocks.json': Output game:windmillrotor-north cannot be resolved.
17.8.2026 23:11:40 [Warning] Failed resolving crafting recipe ingredient with code game:windmillrotor-north in Grid recipe
17.8.2026 23:11:40 [Error] Grid Recipe 'expandedfoods:recipes/grid/oilitems/mechanicalblocks.json': Output game:windmillrotor-north cannot be resolved.
17.8.2026 23:11:40 [Warning] Smithing recipe with output walkingstick:axehead-shepherds-iron has no code. For 1.23 all smithing recipes need to have a unique, unchanging code
17.8.2026 23:11:40 [Warning] Smithing recipe with output walkingstick:flintlock-mechanism-iron has no code. For 1.23 all smithing recipes need to have a unique, unchanging code
17.8.2026 23:11:40 [Warning] Smithing recipe with output walkingstick:hiddenblade-head-iron has no code. For 1.23 all smithing recipes need to have a unique, unchanging code
17.8.2026 23:11:40 [Warning] Smithing recipe with output chiseltools:doortool-bismuthbronze has no code. For 1.23 all smithing recipes need to have a unique, unchanging code
17.8.2026 23:11:40 [Warning] Smithing recipe with output chiseltools:doortool-blackbronze has no code. For 1.23 all smithing recipes need to have a unique, unchanging code
17.8.2026 23:11:40 [Warning] Smithing recipe with output chiseltools:doortool-iron has no code. For 1.23 all smithing recipes need to have a unique, unchanging code
17.8.2026 23:11:40 [Warning] Smithing recipe with output chiseltools:doortool-meteoriciron has no code. For 1.23 all smithing recipes need to have a unique, unchanging code
17.8.2026 23:11:40 [Warning] Smithing recipe with output chiseltools:doortool-steel has no code. For 1.23 all smithing recipes need to have a unique, unchanging code
17.8.2026 23:11:40 [Warning] Smithing recipe with output chiseltools:doortool-tinbronze has no code. For 1.23 all smithing recipes need to have a unique, unchanging code
17.8.2026 23:11:40 [Warning] Smithing recipe with output chiseltools:handplaner-bismuthbronze has no code. For 1.23 all smithing recipes need to have a unique, unchanging code
17.8.2026 23:11:40 [Warning] Smithing recipe with output chiseltools:handplaner-blackbronze has no code. For 1.23 all smithing recipes need to have a unique, unchanging code
17.8.2026 23:11:40 [Warning] Smithing recipe with output chiseltools:handplaner-copper has no code. For 1.23 all smithing recipes need to have a unique, unchanging code
17.8.2026 23:11:40 [Warning] Smithing recipe with output chiseltools:handplaner-iron has no code. For 1.23 all smithing recipes need to have a unique, unchanging code
17.8.2026 23:11:40 [Warning] Smithing recipe with output chiseltools:handplaner-meteoriciron has no code. For 1.23 all smithing recipes need to have a unique, unchanging code
17.8.2026 23:11:40 [Warning] Smithing recipe with output chiseltools:handplaner-steel has no code. For 1.23 all smithing recipes need to have a unique, unchanging code
17.8.2026 23:11:40 [Warning] Smithing recipe with output chiseltools:handplaner-tinbronze has no code. For 1.23 all smithing recipes need to have a unique, unchanging code
17.8.2026 23:11:40 [Warning] Smithing recipe with output chiseltools:handwedge-bismuthbronze has no code. For 1.23 all smithing recipes need to have a unique, unchanging code
17.8.2026 23:11:40 [Warning] Smithing recipe with output chiseltools:handwedge-blackbronze has no code. For 1.23 all smithing recipes need to have a unique, unchanging code
17.8.2026 23:11:40 [Warning] Smithing recipe with output chiseltools:handwedge-copper has no code. For 1.23 all smithing recipes need to have a unique, unchanging code
17.8.2026 23:11:40 [Warning] Smithing recipe with output chiseltools:handwedge-iron has no code. For 1.23 all smithing recipes need to have a unique, unchanging code
17.8.2026 23:11:40 [Warning] Smithing recipe with output chiseltools:handwedge-meteoriciron has no code. For 1.23 all smithing recipes need to have a unique, unchanging code
17.8.2026 23:11:40 [Warning] Smithing recipe with output chiseltools:handwedge-steel has no code. For 1.23 all smithing recipes need to have a unique, unchanging code
17.8.2026 23:11:40 [Warning] Smithing recipe with output chiseltools:handwedge-tinbronze has no code. For 1.23 all smithing recipes need to have a unique, unchanging code
17.8.2026 23:11:40 [Warning] Smithing recipe with output chiseltools:laddermaker-iron has no code. For 1.23 all smithing recipes need to have a unique, unchanging code
17.8.2026 23:11:40 [Warning] Smithing recipe with output chiseltools:laddermaker-meteoriciron has no code. For 1.23 all smithing recipes need to have a unique, unchanging code
17.8.2026 23:11:40 [Warning] Smithing recipe with output chiseltools:laddermaker-steel has no code. For 1.23 all smithing recipes need to have a unique, unchanging code
17.8.2026 23:11:40 [Warning] Smithing recipe with output chiseltools:locktool-bismuthbronze has no code. For 1.23 all smithing recipes need to have a unique, unchanging code
17.8.2026 23:11:40 [Warning] Smithing recipe with output chiseltools:locktool-blackbronze has no code. For 1.23 all smithing recipes need to have a unique, unchanging code
17.8.2026 23:11:40 [Warning] Smithing recipe with output chiseltools:locktool-iron has no code. For 1.23 all smithing recipes need to have a unique, unchanging code
17.8.2026 23:11:40 [Warning] Smithing recipe with output chiseltools:locktool-meteoriciron has no code. For 1.23 all smithing recipes need to have a unique, unchanging code
17.8.2026 23:11:40 [Warning] Smithing recipe with output chiseltools:locktool-steel has no code. For 1.23 all smithing recipes need to have a unique, unchanging code
17.8.2026 23:11:40 [Warning] Smithing recipe with output chiseltools:locktool-tinbronze has no code. For 1.23 all smithing recipes need to have a unique, unchanging code
17.8.2026 23:11:40 [Warning] Smithing recipe with output chiseltools:paintbrush-iron has no code. For 1.23 all smithing recipes need to have a unique, unchanging code
17.8.2026 23:11:40 [Warning] Smithing recipe with output chiseltools:paintbrush-meteoriciron has no code. For 1.23 all smithing recipes need to have a unique, unchanging code
17.8.2026 23:11:40 [Warning] Smithing recipe with output chiseltools:paintbrush-steel has no code. For 1.23 all smithing recipes need to have a unique, unchanging code
17.8.2026 23:11:40 [Warning] Smithing recipe with output chiseltools:paintscraper-bismuthbronze has no code. For 1.23 all smithing recipes need to have a unique, unchanging code
17.8.2026 23:11:40 [Warning] Smithing recipe with output chiseltools:paintscraper-blackbronze has no code. For 1.23 all smithing recipes need to have a unique, unchanging code
17.8.2026 23:11:40 [Warning] Smithing recipe with output chiseltools:paintscraper-copper has no code. For 1.23 all smithing recipes need to have a unique, unchanging code
17.8.2026 23:11:40 [Warning] Smithing recipe with output chiseltools:paintscraper-iron has no code. For 1.23 all smithing recipes need to have a unique, unchanging code
17.8.2026 23:11:40 [Warning] Smithing recipe with output chiseltools:paintscraper-meteoriciron has no code. For 1.23 all smithing recipes need to have a unique, unchanging code
17.8.2026 23:11:40 [Warning] Smithing recipe with output chiseltools:paintscraper-steel has no code. For 1.23 all smithing recipes need to have a unique, unchanging code
17.8.2026 23:11:40 [Warning] Smithing recipe with output chiseltools:paintscraper-tinbronze has no code. For 1.23 all smithing recipes need to have a unique, unchanging code
17.8.2026 23:11:40 [Warning] Smithing recipe with output chiseltools:pantograph-bismuthbronze has no code. For 1.23 all smithing recipes need to have a unique, unchanging code
17.8.2026 23:11:40 [Warning] Smithing recipe with output chiseltools:pantograph-blackbronze has no code. For 1.23 all smithing recipes need to have a unique, unchanging code
17.8.2026 23:11:40 [Warning] Smithing recipe with output chiseltools:pantograph-iron has no code. For 1.23 all smithing recipes need to have a unique, unchanging code
17.8.2026 23:11:40 [Warning] Smithing recipe with output chiseltools:pantograph-meteoriciron has no code. For 1.23 all smithing recipes need to have a unique, unchanging code
17.8.2026 23:11:40 [Warning] Smithing recipe with output chiseltools:pantograph-steel has no code. For 1.23 all smithing recipes need to have a unique, unchanging code
17.8.2026 23:11:40 [Warning] Smithing recipe with output chiseltools:pantograph-tinbronze has no code. For 1.23 all smithing recipes need to have a unique, unchanging code
17.8.2026 23:11:40 [Warning] Smithing recipe with output chiseltools:pathmaker-bismuthbronze has no code. For 1.23 all smithing recipes need to have a unique, unchanging code
17.8.2026 23:11:40 [Warning] Smithing recipe with output chiseltools:pathmaker-blackbronze has no code. For 1.23 all smithing recipes need to have a unique, unchanging code
17.8.2026 23:11:40 [Warning] Smithing recipe with output chiseltools:pathmaker-iron has no code. For 1.23 all smithing recipes need to have a unique, unchanging code
17.8.2026 23:11:40 [Warning] Smithing recipe with output chiseltools:pathmaker-meteoriciron has no code. For 1.23 all smithing recipes need to have a unique, unchanging code
17.8.2026 23:11:40 [Warning] Smithing recipe with output chiseltools:pathmaker-steel has no code. For 1.23 all smithing recipes need to have a unique, unchanging code
17.8.2026 23:11:40 [Warning] Smithing recipe with output chiseltools:pathmaker-tinbronze has no code. For 1.23 all smithing recipes need to have a unique, unchanging code
17.8.2026 23:11:40 [Warning] Smithing recipe with output chiseltools:simplepantograph-bismuthbronze has no code. For 1.23 all smithing recipes need to have a unique, unchanging code
17.8.2026 23:11:40 [Warning] Smithing recipe with output chiseltools:simplepantograph-blackbronze has no code. For 1.23 all smithing recipes need to have a unique, unchanging code
17.8.2026 23:11:40 [Warning] Smithing recipe with output chiseltools:simplepantograph-copper has no code. For 1.23 all smithing recipes need to have a unique, unchanging code
17.8.2026 23:11:40 [Warning] Smithing recipe with output chiseltools:simplepantograph-iron has no code. For 1.23 all smithing recipes need to have a unique, unchanging code
17.8.2026 23:11:40 [Warning] Smithing recipe with output chiseltools:simplepantograph-meteoriciron has no code. For 1.23 all smithing recipes need to have a unique, unchanging code
17.8.2026 23:11:40 [Warning] Smithing recipe with output chiseltools:simplepantograph-steel has no code. For 1.23 all smithing recipes need to have a unique, unchanging code
17.8.2026 23:11:40 [Warning] Smithing recipe with output chiseltools:simplepantograph-tinbronze has no code. For 1.23 all smithing recipes need to have a unique, unchanging code
17.8.2026 23:11:40 [Warning] Smithing recipe with output medieval:redondo-copper has no code. For 1.23 all smithing recipes need to have a unique, unchanging code
17.8.2026 23:11:40 [Warning] Smithing recipe with output medieval:redondo-iron has no code. For 1.23 all smithing recipes need to have a unique, unchanging code
17.8.2026 23:11:40 [Warning] Smithing recipe with output medieval:redondo-steel has no code. For 1.23 all smithing recipes need to have a unique, unchanging code
17.8.2026 23:11:40 [Warning] Smithing recipe with output medieval:redondo-tinbronze has no code. For 1.23 all smithing recipes need to have a unique, unchanging code
17.8.2026 23:11:40 [Warning] Smithing recipe with output medieval:redondo-copper has no code. For 1.23 all smithing recipes need to have a unique, unchanging code
17.8.2026 23:11:40 [Warning] Smithing recipe with output medieval:redondo-iron has no code. For 1.23 all smithing recipes need to have a unique, unchanging code
17.8.2026 23:11:40 [Warning] Smithing recipe with output medieval:redondo-steel has no code. For 1.23 all smithing recipes need to have a unique, unchanging code
17.8.2026 23:11:40 [Warning] Smithing recipe with output medieval:redondo-tinbronze has no code. For 1.23 all smithing recipes need to have a unique, unchanging code
17.8.2026 23:11:40 [Warning] Failed resolving a blocks itemdrop or smeltedstack with code racialability:slingmetalprojectile-gold in RecipeLoader game:ingot-gold
17.8.2026 23:11:40 [Warning] Failed resolving a blocks itemdrop or smeltedstack with code racialability:slingmetalprojectile-silver in RecipeLoader game:ingot-silver
17.8.2026 23:11:40 [Warning] Failed resolving a blocks itemdrop or smeltedstack with code racialability:slingmetalprojectile-gold in RecipeLoader game:ingot-gold
17.8.2026 23:11:40 [Warning] Failed resolving a blocks itemdrop or smeltedstack with code racialability:slingmetalprojectile-silver in RecipeLoader game:ingot-silver
17.8.2026 23:11:40 [Warning] Smithing recipe with output racialability:explosivecan-empty-brass has no code. For 1.23 all smithing recipes need to have a unique, unchanging code
17.8.2026 23:11:40 [Warning] Smithing recipe with output maltiezcrossbows:parts-lock-bismuthbronze has a code that is already used by another recipe. For 1.23 all smithing recipes need to have a unique, unchanging code
17.8.2026 23:11:40 [Warning] Smithing recipe with output maltiezcrossbows:parts-lock-blackbronze has a code that is already used by another recipe. For 1.23 all smithing recipes need to have a unique, unchanging code
17.8.2026 23:11:40 [Warning] Smithing recipe with output maltiezcrossbows:parts-lock-steel has a code that is already used by another recipe. For 1.23 all smithing recipes need to have a unique, unchanging code
17.8.2026 23:11:40 [Warning] Smithing recipe with output maltiezcrossbows:parts-stirrup-bismuthbronze has a code that is already used by another recipe. For 1.23 all smithing recipes need to have a unique, unchanging code
17.8.2026 23:11:40 [Warning] Smithing recipe with output maltiezcrossbows:parts-stirrup-blackbronze has a code that is already used by another recipe. For 1.23 all smithing recipes need to have a unique, unchanging code
17.8.2026 23:11:40 [Warning] Smithing recipe with output maltiezcrossbows:wallmount-tinbronze-east has a code that is already used by another recipe. For 1.23 all smithing recipes need to have a unique, unchanging code
17.8.2026 23:11:40 [Warning] Smithing recipe with output maltiezcrossbows:wallmount-copper-east has a code that is already used by another recipe. For 1.23 all smithing recipes need to have a unique, unchanging code
17.8.2026 23:11:40 [Warning] Smithing recipe with output maltiezcrossbows:wallmount-steel-east has a code that is already used by another recipe. For 1.23 all smithing recipes need to have a unique, unchanging code
17.8.2026 23:11:40 [Warning] Smithing recipe with output maltiezcrossbows:wallmount-brass-east has a code that is already used by another recipe. For 1.23 all smithing recipes need to have a unique, unchanging code
17.8.2026 23:11:40 [Warning] Smithing recipe with output quiversandsheaths:part-buckle-copper has a code that is already used by another recipe. For 1.23 all smithing recipes need to have a unique, unchanging code
17.8.2026 23:11:40 [Warning] Smithing recipe with output quiversandsheaths:part-buckle-tinbronze has a code that is already used by another recipe. For 1.23 all smithing recipes need to have a unique, unchanging code
17.8.2026 23:11:40 [Warning] Smithing recipe with output quiversandsheaths:part-buckle-bismuthbronze has a code that is already used by another recipe. For 1.23 all smithing recipes need to have a unique, unchanging code
17.8.2026 23:11:40 [Warning] Smithing recipe with output quiversandsheaths:part-buckle-blackbronze has a code that is already used by another recipe. For 1.23 all smithing recipes need to have a unique, unchanging code
17.8.2026 23:11:40 [Warning] Smithing recipe with output quiversandsheaths:part-buckle-gold has a code that is already used by another recipe. For 1.23 all smithing recipes need to have a unique, unchanging code
17.8.2026 23:11:40 [Warning] Smithing recipe with output quiversandsheaths:part-buckle-silver has a code that is already used by another recipe. For 1.23 all smithing recipes need to have a unique, unchanging code
17.8.2026 23:11:40 [Warning] Smithing recipe with output quiversandsheaths:part-buckle-iron has a code that is already used by another recipe. For 1.23 all smithing recipes need to have a unique, unchanging code
17.8.2026 23:11:40 [Warning] Smithing recipe with output quiversandsheaths:part-buckle-meteoriciron has a code that is already used by another recipe. For 1.23 all smithing recipes need to have a unique, unchanging code
17.8.2026 23:11:40 [Warning] Smithing recipe with output quiversandsheaths:part-buckle-steel has a code that is already used by another recipe. For 1.23 all smithing recipes need to have a unique, unchanging code
17.8.2026 23:11:40 [Warning] Smithing recipe with output stonequarryforked:finishingchiselhead-bismuthbronze has no code. For 1.23 all smithing recipes need to have a unique, unchanging code
17.8.2026 23:11:40 [Warning] Smithing recipe with output stonequarryforked:finishingchiselhead-blackbronze has no code. For 1.23 all smithing recipes need to have a unique, unchanging code
17.8.2026 23:11:40 [Warning] Smithing recipe with output stonequarryforked:finishingchiselhead-copper has no code. For 1.23 all smithing recipes need to have a unique, unchanging code
17.8.2026 23:11:40 [Warning] Smithing recipe with output stonequarryforked:finishingchiselhead-gold has no code. For 1.23 all smithing recipes need to have a unique, unchanging code
17.8.2026 23:11:40 [Warning] Smithing recipe with output stonequarryforked:finishingchiselhead-iron has no code. For 1.23 all smithing recipes need to have a unique, unchanging code
17.8.2026 23:11:40 [Warning] Smithing recipe with output stonequarryforked:finishingchiselhead-meteoriciron has no code. For 1.23 all smithing recipes need to have a unique, unchanging code
17.8.2026 23:11:40 [Warning] Smithing recipe with output stonequarryforked:finishingchiselhead-silver has no code. For 1.23 all smithing recipes need to have a unique, unchanging code
17.8.2026 23:11:40 [Warning] Smithing recipe with output stonequarryforked:finishingchiselhead-steel has no code. For 1.23 all smithing recipes need to have a unique, unchanging code
17.8.2026 23:11:40 [Warning] Smithing recipe with output stonequarryforked:finishingchiselhead-tinbronze has no code. For 1.23 all smithing recipes need to have a unique, unchanging code
17.8.2026 23:11:40 [Warning] Smithing recipe with output stonequarryforked:chisel-roughcut-bismuthbronze has no code. For 1.23 all smithing recipes need to have a unique, unchanging code
17.8.2026 23:11:40 [Warning] Smithing recipe with output stonequarryforked:chisel-roughcut-blackbronze has no code. For 1.23 all smithing recipes need to have a unique, unchanging code
17.8.2026 23:11:40 [Warning] Smithing recipe with output stonequarryforked:chisel-roughcut-copper has no code. For 1.23 all smithing recipes need to have a unique, unchanging code
17.8.2026 23:11:40 [Warning] Smithing recipe with output stonequarryforked:chisel-roughcut-gold has no code. For 1.23 all smithing recipes need to have a unique, unchanging code
17.8.2026 23:11:40 [Warning] Smithing recipe with output stonequarryforked:chisel-roughcut-iron has no code. For 1.23 all smithing recipes need to have a unique, unchanging code
17.8.2026 23:11:40 [Warning] Smithing recipe with output stonequarryforked:chisel-roughcut-meteoriciron has no code. For 1.23 all smithing recipes need to have a unique, unchanging code
17.8.2026 23:11:40 [Warning] Smithing recipe with output stonequarryforked:chisel-roughcut-silver has no code. For 1.23 all smithing recipes need to have a unique, unchanging code
17.8.2026 23:11:40 [Warning] Smithing recipe with output stonequarryforked:chisel-roughcut-steel has no code. For 1.23 all smithing recipes need to have a unique, unchanging code
17.8.2026 23:11:40 [Warning] Smithing recipe with output stonequarryforked:chisel-roughcut-tinbronze has no code. For 1.23 all smithing recipes need to have a unique, unchanging code
17.8.2026 23:11:40 [Warning] Smithing recipe with output stonequarryforked:rubblehammerhead-bismuthbronze has no code. For 1.23 all smithing recipes need to have a unique, unchanging code
17.8.2026 23:11:40 [Warning] Smithing recipe with output stonequarryforked:rubblehammerhead-blackbronze has no code. For 1.23 all smithing recipes need to have a unique, unchanging code
17.8.2026 23:11:40 [Warning] Smithing recipe with output stonequarryforked:rubblehammerhead-copper has no code. For 1.23 all smithing recipes need to have a unique, unchanging code
17.8.2026 23:11:40 [Warning] Smithing recipe with output stonequarryforked:rubblehammerhead-gold has no code. For 1.23 all smithing recipes need to have a unique, unchanging code
17.8.2026 23:11:40 [Warning] Smithing recipe with output stonequarryforked:rubblehammerhead-iron has no code. For 1.23 all smithing recipes need to have a unique, unchanging code
17.8.2026 23:11:40 [Warning] Smithing recipe with output stonequarryforked:rubblehammerhead-meteoriciron has no code. For 1.23 all smithing recipes need to have a unique, unchanging code
17.8.2026 23:11:40 [Warning] Smithing recipe with output stonequarryforked:rubblehammerhead-silver has no code. For 1.23 all smithing recipes need to have a unique, unchanging code
17.8.2026 23:11:40 [Warning] Smithing recipe with output stonequarryforked:rubblehammerhead-steel has no code. For 1.23 all smithing recipes need to have a unique, unchanging code
17.8.2026 23:11:40 [Warning] Smithing recipe with output stonequarryforked:rubblehammerhead-tinbronze has no code. For 1.23 all smithing recipes need to have a unique, unchanging code
17.8.2026 23:11:40 [Warning] Smithing recipe with output stonequarryforked:wedgechiselhead-bismuthbronze has no code. For 1.23 all smithing recipes need to have a unique, unchanging code
17.8.2026 23:11:40 [Warning] Smithing recipe with output stonequarryforked:wedgechiselhead-blackbronze has no code. For 1.23 all smithing recipes need to have a unique, unchanging code
17.8.2026 23:11:40 [Warning] Smithing recipe with output stonequarryforked:wedgechiselhead-copper has no code. For 1.23 all smithing recipes need to have a unique, unchanging code
17.8.2026 23:11:40 [Warning] Smithing recipe with output stonequarryforked:wedgechiselhead-gold has no code. For 1.23 all smithing recipes need to have a unique, unchanging code
17.8.2026 23:11:40 [Warning] Smithing recipe with output stonequarryforked:wedgechiselhead-iron has no code. For 1.23 all smithing recipes need to have a unique, unchanging code
17.8.2026 23:11:40 [Warning] Smithing recipe with output stonequarryforked:wedgechiselhead-meteoriciron has no code. For 1.23 all smithing recipes need to have a unique, unchanging code
17.8.2026 23:11:40 [Warning] Smithing recipe with output stonequarryforked:wedgechiselhead-silver has no code. For 1.23 all smithing recipes need to have a unique, unchanging code
17.8.2026 23:11:40 [Warning] Smithing recipe with output stonequarryforked:wedgechiselhead-steel has no code. For 1.23 all smithing recipes need to have a unique, unchanging code
17.8.2026 23:11:40 [Warning] Smithing recipe with output stonequarryforked:wedgechiselhead-tinbronze has no code. For 1.23 all smithing recipes need to have a unique, unchanging code
17.8.2026 23:11:40 [Warning] Smithing recipe with output stonequarryforked:plugandfeather-bismuthbronze-0-down-north has no code. For 1.23 all smithing recipes need to have a unique, unchanging code
17.8.2026 23:11:40 [Warning] Smithing recipe with output stonequarryforked:plugandfeather-blackbronze-0-down-north has no code. For 1.23 all smithing recipes need to have a unique, unchanging code
17.8.2026 23:11:40 [Warning] Smithing recipe with output stonequarryforked:plugandfeather-copper-0-down-north has no code. For 1.23 all smithing recipes need to have a unique, unchanging code
17.8.2026 23:11:40 [Warning] Smithing recipe with output stonequarryforked:plugandfeather-iron-0-down-north has no code. For 1.23 all smithing recipes need to have a unique, unchanging code
17.8.2026 23:11:40 [Warning] Smithing recipe with output stonequarryforked:plugandfeather-meteoriciron-0-down-north has no code. For 1.23 all smithing recipes need to have a unique, unchanging code
17.8.2026 23:11:40 [Warning] Smithing recipe with output stonequarryforked:plugandfeather-steel-0-down-north has no code. For 1.23 all smithing recipes need to have a unique, unchanging code
17.8.2026 23:11:40 [Warning] Smithing recipe with output stonequarryforked:plugandfeather-tinbronze-0-down-north has no code. For 1.23 all smithing recipes need to have a unique, unchanging code
17.8.2026 23:11:40 [Warning] Failed resolving a blocks itemdrop or smeltedstack with code fromgoldencombs:langstrothside-veryaged in RecipeLoader
17.8.2026 23:11:40 [Warning] Crafting recipe Item primitivesurvival:psfish-*-raw does not resolve to any collectible. Grid recipe game:recipes/barrel/primitivesurvival/fermentedfish.json will never match.
17.8.2026 23:11:40 [Warning] Crafting recipe Item primitivesurvival:psfish-*-raw does not resolve to any collectible. Grid recipe game:recipes/barrel/primitivesurvival/fermentedfish.json will never match.
17.8.2026 23:11:40 [Warning] Crafting recipe Item primitivesurvival:psfish-*-raw does not resolve to any collectible. Grid recipe game:recipes/barrel/primitivesurvival/fermentedfish.json will never match.
17.8.2026 23:11:40 [Warning] Failed resolving crafting recipe ingredient with code primitivesurvival:fishfillet-raw in RecipeLoader
17.8.2026 23:11:40 [Warning] Failed resolving a blocks itemdrop or smeltedstack with code shroomies:cookeddtmushroom-bluemeanie-charred in Smeltedstack of Block shroomies:dtmushroom-bluemeanie-normal
17.8.2026 23:11:40 [Warning] Failed resolving a blocks itemdrop or smeltedstack with code shroomies:cookeddtmushroom-foolsconecap-charred in Smeltedstack of Block shroomies:dtmushroom-foolsconecap-normal
17.8.2026 23:11:40 [Warning] Failed resolving a blocks itemdrop or smeltedstack with code shroomies:cookeddtmushroom-goldcap-charred in Smeltedstack of Block shroomies:dtmushroom-goldcap-normal
17.8.2026 23:11:40 [Warning] Failed resolving a blocks itemdrop or smeltedstack with code shroomies:cookeddtmushroom-honeymushroom-charred in Smeltedstack of Block shroomies:dtmushroom-honeymushroom-normal
17.8.2026 23:11:40 [Warning] Failed resolving a blocks itemdrop or smeltedstack with code shroomies:cookeddtmushroom-laughingjim-charred in Smeltedstack of Block shroomies:dtmushroom-laughingjim-normal
17.8.2026 23:11:40 [Warning] Failed resolving a blocks itemdrop or smeltedstack with code shroomies:cookeddtmushroom-libertycap-charred in Smeltedstack of Block shroomies:dtmushroom-libertycap-normal
17.8.2026 23:11:40 [Warning] Failed resolving a blocks itemdrop or smeltedstack with code shroomies:cookeddtmushroom-sickener-charred in Smeltedstack of Block shroomies:dtmushroom-sickener-normal
17.8.2026 23:11:40 [Warning] Failed resolving a blocks itemdrop or smeltedstack with code shroomies:cookeddtmushroom-wavycap-charred in Smeltedstack of Block shroomies:dtmushroom-wavycap-normal
17.8.2026 23:11:40 [Warning] Failed resolving a blocks itemdrop or smeltedstack with code shroomies:cookeddtmushroom-bluemeanie-charred in Smeltedstack of Block shroomies:dtmushroom-bluemeanie-harvested
17.8.2026 23:11:40 [Warning] Failed resolving a blocks itemdrop or smeltedstack with code shroomies:cookeddtmushroom-foolsconecap-charred in Smeltedstack of Block shroomies:dtmushroom-foolsconecap-harvested
17.8.2026 23:11:40 [Warning] Failed resolving a blocks itemdrop or smeltedstack with code shroomies:cookeddtmushroom-goldcap-charred in Smeltedstack of Block shroomies:dtmushroom-goldcap-harvested
17.8.2026 23:11:40 [Warning] Failed resolving a blocks itemdrop or smeltedstack with code shroomies:cookeddtmushroom-honeymushroom-charred in Smeltedstack of Block shroomies:dtmushroom-honeymushroom-harvested
17.8.2026 23:11:40 [Warning] Failed resolving a blocks itemdrop or smeltedstack with code shroomies:cookeddtmushroom-laughingjim-charred in Smeltedstack of Block shroomies:dtmushroom-laughingjim-harvested
17.8.2026 23:11:40 [Warning] Failed resolving a blocks itemdrop or smeltedstack with code shroomies:cookeddtmushroom-libertycap-charred in Smeltedstack of Block shroomies:dtmushroom-libertycap-harvested
17.8.2026 23:11:40 [Warning] Failed resolving a blocks itemdrop or smeltedstack with code shroomies:cookeddtmushroom-sickener-charred in Smeltedstack of Block shroomies:dtmushroom-sickener-harvested
17.8.2026 23:11:40 [Warning] Failed resolving a blocks itemdrop or smeltedstack with code shroomies:cookeddtmushroom-wavycap-charred in Smeltedstack of Block shroomies:dtmushroom-wavycap-harvested
17.8.2026 23:11:40 [Warning] Failed resolving a blocks item drop or smeltedstack with code bdflower:drygrass in Block bdflower:tallgrass-veryshort-free
17.8.2026 23:11:40 [Warning] Failed resolving a blocks item drop or smeltedstack with code bdflower:drygrass in Block bdflower:tallgrass-veryshort-free
17.8.2026 23:11:40 [Warning] Failed resolving a blocks item drop or smeltedstack with code bdflower:drygrass in Block bdflower:tallgrass-short-free
17.8.2026 23:11:40 [Warning] Failed resolving a blocks item drop or smeltedstack with code bdflower:drygrass in Block bdflower:tallgrass-short-free
17.8.2026 23:11:40 [Warning] Failed resolving a blocks item drop or smeltedstack with code bdflower:drygrass in Block bdflower:tallgrass-mediumshort-free
17.8.2026 23:11:40 [Warning] Failed resolving a blocks item drop or smeltedstack with code bdflower:drygrass in Block bdflower:tallgrass-mediumshort-free
17.8.2026 23:11:40 [Warning] Failed resolving a blocks item drop or smeltedstack with code bdflower:drygrass in Block bdflower:tallgrass-medium-free
17.8.2026 23:11:40 [Warning] Failed resolving a blocks item drop or smeltedstack with code bdflower:drygrass in Block bdflower:tallgrass-medium-free
17.8.2026 23:11:40 [Warning] Failed resolving a blocks item drop or smeltedstack with code bdflower:drygrass in Block bdflower:tallgrass-tall-free
17.8.2026 23:11:40 [Warning] Failed resolving a blocks item drop or smeltedstack with code bdflower:drygrass in Block bdflower:tallgrass-tall-free
17.8.2026 23:11:40 [Warning] Failed resolving a blocks item drop or smeltedstack with code bdflower:drygrass in Block bdflower:tallgrass-verytall-free
17.8.2026 23:11:40 [Warning] Failed resolving a blocks item drop or smeltedstack with code bdflower:drygrass in Block bdflower:tallgrass-verytall-free
17.8.2026 23:11:40 [Warning] Failed resolving a blocks item drop or smeltedstack with code bdflower:drygrass in Block bdflower:tallgrass-veryshort-snow
17.8.2026 23:11:40 [Warning] Failed resolving a blocks item drop or smeltedstack with code bdflower:drygrass in Block bdflower:tallgrass-veryshort-snow
17.8.2026 23:11:40 [Warning] Failed resolving a blocks item drop or smeltedstack with code bdflower:drygrass in Block bdflower:tallgrass-short-snow
17.8.2026 23:11:40 [Warning] Failed resolving a blocks item drop or smeltedstack with code bdflower:drygrass in Block bdflower:tallgrass-short-snow
17.8.2026 23:11:40 [Warning] Failed resolving a blocks item drop or smeltedstack with code bdflower:drygrass in Block bdflower:tallgrass-mediumshort-snow
17.8.2026 23:11:40 [Warning] Failed resolving a blocks item drop or smeltedstack with code bdflower:drygrass in Block bdflower:tallgrass-mediumshort-snow
17.8.2026 23:11:40 [Warning] Failed resolving a blocks item drop or smeltedstack with code bdflower:drygrass in Block bdflower:tallgrass-medium-snow
17.8.2026 23:11:40 [Warning] Failed resolving a blocks item drop or smeltedstack with code bdflower:drygrass in Block bdflower:tallgrass-medium-snow
17.8.2026 23:11:40 [Warning] Failed resolving a blocks item drop or smeltedstack with code bdflower:drygrass in Block bdflower:tallgrass-tall-snow
17.8.2026 23:11:40 [Warning] Failed resolving a blocks item drop or smeltedstack with code bdflower:drygrass in Block bdflower:tallgrass-tall-snow
17.8.2026 23:11:40 [Warning] Failed resolving a blocks item drop or smeltedstack with code bdflower:drygrass in Block bdflower:tallgrass-verytall-snow
17.8.2026 23:11:40 [Warning] Failed resolving a blocks item drop or smeltedstack with code bdflower:drygrass in Block bdflower:tallgrass-verytall-snow
17.8.2026 23:11:40 [Warning] Failed resolving a blocks item drop or smeltedstack with code bdflower:drygrass in Block bdflower:tallgrass-veryshort-snow2
17.8.2026 23:11:40 [Warning] Failed resolving a blocks item drop or smeltedstack with code bdflower:drygrass in Block bdflower:tallgrass-veryshort-snow2
17.8.2026 23:11:40 [Warning] Failed resolving a blocks item drop or smeltedstack with code bdflower:drygrass in Block bdflower:tallgrass-short-snow2
17.8.2026 23:11:40 [Warning] Failed resolving a blocks item drop or smeltedstack with code bdflower:drygrass in Block bdflower:tallgrass-short-snow2
17.8.2026 23:11:40 [Warning] Failed resolving a blocks item drop or smeltedstack with code bdflower:drygrass in Block bdflower:tallgrass-mediumshort-snow2
17.8.2026 23:11:40 [Warning] Failed resolving a blocks item drop or smeltedstack with code bdflower:drygrass in Block bdflower:tallgrass-mediumshort-snow2
17.8.2026 23:11:40 [Warning] Failed resolving a blocks item drop or smeltedstack with code bdflower:drygrass in Block bdflower:tallgrass-medium-snow2
17.8.2026 23:11:40 [Warning] Failed resolving a blocks item drop or smeltedstack with code bdflower:drygrass in Block bdflower:tallgrass-medium-snow2
17.8.2026 23:11:40 [Warning] Failed resolving a blocks item drop or smeltedstack with code bdflower:drygrass in Block bdflower:tallgrass-tall-snow2
17.8.2026 23:11:40 [Warning] Failed resolving a blocks item drop or smeltedstack with code bdflower:drygrass in Block bdflower:tallgrass-tall-snow2
17.8.2026 23:11:40 [Warning] Failed resolving a blocks item drop or smeltedstack with code bdflower:drygrass in Block bdflower:tallgrass-verytall-snow2
17.8.2026 23:11:40 [Warning] Failed resolving a blocks item drop or smeltedstack with code bdflower:drygrass in Block bdflower:tallgrass-verytall-snow2
17.8.2026 23:11:40 [Warning] Failed resolving a blocks item drop or smeltedstack with code bdflower:drygrass in Block bdflower:tallgrass-veryshort-snow3
17.8.2026 23:11:40 [Warning] Failed resolving a blocks item drop or smeltedstack with code bdflower:drygrass in Block bdflower:tallgrass-veryshort-snow3
17.8.2026 23:11:40 [Warning] Failed resolving a blocks item drop or smeltedstack with code bdflower:drygrass in Block bdflower:tallgrass-short-snow3
17.8.2026 23:11:40 [Warning] Failed resolving a blocks item drop or smeltedstack with code bdflower:drygrass in Block bdflower:tallgrass-short-snow3
17.8.2026 23:11:40 [Warning] Failed resolving a blocks item drop or smeltedstack with code bdflower:drygrass in Block bdflower:tallgrass-mediumshort-snow3
17.8.2026 23:11:40 [Warning] Failed resolving a blocks item drop or smeltedstack with code bdflower:drygrass in Block bdflower:tallgrass-mediumshort-snow3
17.8.2026 23:11:40 [Warning] Failed resolving a blocks item drop or smeltedstack with code bdflower:drygrass in Block bdflower:tallgrass-medium-snow3
17.8.2026 23:11:40 [Warning] Failed resolving a blocks item drop or smeltedstack with code bdflower:drygrass in Block bdflower:tallgrass-medium-snow3
17.8.2026 23:11:40 [Warning] Failed resolving a blocks item drop or smeltedstack with code bdflower:drygrass in Block bdflower:tallgrass-tall-snow3
17.8.2026 23:11:40 [Warning] Failed resolving a blocks item drop or smeltedstack with code bdflower:drygrass in Block bdflower:tallgrass-tall-snow3
17.8.2026 23:11:40 [Warning] Failed resolving a blocks item drop or smeltedstack with code bdflower:drygrass in Block bdflower:tallgrass-verytall-snow3
17.8.2026 23:11:40 [Warning] Failed resolving a blocks item drop or smeltedstack with code bdflower:drygrass in Block bdflower:tallgrass-verytall-snow3
17.8.2026 23:11:40 [Warning] Failed resolving a blocks item drop or smeltedstack with code cartwrightscaravan:cartconstruction-unfinished-basiccart-darkaged in Block cartwrightscaravan:cartcarcass-basiccart-darkaged
17.8.2026 23:11:40 [Warning] Failed resolving a blocks item drop or smeltedstack with code cartwrightscaravan:cartconstruction-unfinished-slimcart-darkaged in Block cartwrightscaravan:cartcarcass-slimcart-darkaged
17.8.2026 23:11:40 [Warning] Failed resolving a blocks item drop or smeltedstack with code cartwrightscaravan:cartconstruction-unfinished-classicstall-darkaged in Block cartwrightscaravan:cartcarcass-classicstall-darkaged
17.8.2026 23:11:40 [Warning] Failed resolving a blocks item drop or smeltedstack with code cartwrightscaravan:cartconstruction-unfinished-slantedstall-darkaged in Block cartwrightscaravan:cartcarcass-slantedstall-darkaged
17.8.2026 23:11:40 [Warning] Failed resolving a blocks item drop or smeltedstack with code cartwrightscaravan:cartconstruction-unfinished-openstall-darkaged in Block cartwrightscaravan:cartcarcass-openstall-darkaged
17.8.2026 23:11:40 [Warning] Failed resolving a blocks item drop or smeltedstack with code cartwrightscaravan:cartconstruction-frame-basicsled-darkaged in Block cartwrightscaravan:cartcarcass-basicsled-darkaged
17.8.2026 23:11:40 [Warning] Failed resolving a blocks item drop or smeltedstack with code cartwrightscaravan:cartconstruction-unfinished-basiccart-lightaged in Block cartwrightscaravan:cartcarcass-basiccart-lightaged
17.8.2026 23:11:40 [Warning] Failed resolving a blocks item drop or smeltedstack with code cartwrightscaravan:cartconstruction-unfinished-slimcart-lightaged in Block cartwrightscaravan:cartcarcass-slimcart-lightaged
17.8.2026 23:11:40 [Warning] Failed resolving a blocks item drop or smeltedstack with code cartwrightscaravan:cartconstruction-unfinished-classicstall-lightaged in Block cartwrightscaravan:cartcarcass-classicstall-lightaged
17.8.2026 23:11:40 [Warning] Failed resolving a blocks item drop or smeltedstack with code cartwrightscaravan:cartconstruction-unfinished-slantedstall-lightaged in Block cartwrightscaravan:cartcarcass-slantedstall-lightaged
17.8.2026 23:11:40 [Warning] Failed resolving a blocks item drop or smeltedstack with code cartwrightscaravan:cartconstruction-unfinished-openstall-lightaged in Block cartwrightscaravan:cartcarcass-openstall-lightaged
17.8.2026 23:11:40 [Warning] Failed resolving a blocks item drop or smeltedstack with code cartwrightscaravan:cartconstruction-frame-basicsled-lightaged in Block cartwrightscaravan:cartcarcass-basicsled-lightaged
17.8.2026 23:11:40 [Warning] Failed resolving a blocks item drop or smeltedstack with code bdherb:seeds-{herbcrops} in Block bdherb:crop-angelica-1
17.8.2026 23:11:40 [Warning] Failed resolving a blocks item drop or smeltedstack with code bdherb:seeds-{herbcrops} in Block bdherb:crop-arnica-1
17.8.2026 23:11:40 [Warning] Failed resolving a blocks item drop or smeltedstack with code bdherb:seeds-{herbcrops} in Block bdherb:crop-arrowhead-1
17.8.2026 23:11:40 [Warning] Failed resolving a blocks item drop or smeltedstack with code bdherb:seeds-{herbcrops} in Block bdherb:crop-bearleek-1
17.8.2026 23:11:40 [Warning] Failed resolving a blocks item drop or smeltedstack with code bdherb:seeds-{herbcrops} in Block bdherb:crop-blackpepper-1
17.8.2026 23:11:40 [Warning] Failed resolving a blocks item drop or smeltedstack with code bdherb:seeds-{herbcrops} in Block bdherb:crop-burdock-1
17.8.2026 23:11:40 [Warning] Failed resolving a blocks item drop or smeltedstack with code bdherb:seeds-{herbcrops} in Block bdherb:crop-burnet-1
17.8.2026 23:11:40 [Warning] Failed resolving a blocks item drop or smeltedstack with code bdherb:seeds-{herbcrops} in Block bdherb:crop-butterbur-1
17.8.2026 23:11:40 [Warning] Failed resolving a blocks item drop or smeltedstack with code bdherb:seeds-{herbcrops} in Block bdherb:crop-celandine-1
17.8.2026 23:11:40 [Warning] Failed resolving a blocks item drop or smeltedstack with code bdherb:seeds-{herbcrops} in Block bdherb:crop-chicory-1
17.8.2026 23:11:40 [Warning] Failed resolving a blocks item drop or smeltedstack with code bdherb:seeds-{herbcrops} in Block bdherb:crop-cicuta-1
17.8.2026 23:11:40 [Warning] Failed resolving a blocks item drop or smeltedstack with code bdherb:seeds-{herbcrops} in Block bdherb:crop-dill-1
17.8.2026 23:11:40 [Warning] Failed resolving a blocks item drop or smeltedstack with code bdherb:seeds-{herbcrops} in Block bdherb:crop-dock-1
17.8.2026 23:11:40 [Warning] Failed resolving a blocks item drop or smeltedstack with code bdherb:seeds-{herbcrops} in Block bdherb:crop-foxglove-1
17.8.2026 23:11:40 [Warning] Failed resolving a blocks item drop or smeltedstack with code bdherb:seeds-{herbcrops} in Block bdherb:crop-ginger-1
17.8.2026 23:11:40 [Warning] Failed resolving a blocks item drop or smeltedstack with code bdherb:seeds-{herbcrops} in Block bdherb:crop-ginseng-1
17.8.2026 23:11:40 [Warning] Failed resolving a blocks item drop or smeltedstack with code bdherb:seeds-{herbcrops} in Block bdherb:crop-holly-1
17.8.2026 23:11:40 [Warning] Failed resolving a blocks item drop or smeltedstack with code bdherb:seeds-{herbcrops} in Block bdherb:crop-horehound-1
17.8.2026 23:11:40 [Warning] Failed resolving a blocks item drop or smeltedstack with code bdherb:seeds-{herbcrops} in Block bdherb:crop-inula-1
17.8.2026 23:11:40 [Warning] Failed resolving a blocks item drop or smeltedstack with code bdherb:seeds-{herbcrops} in Block bdherb:crop-jewelweed-1
17.8.2026 23:11:40 [Warning] Failed resolving a blocks item drop or smeltedstack with code bdherb:seeds-{herbcrops} in Block bdherb:crop-katuk-1
17.8.2026 23:11:40 [Warning] Failed resolving a blocks item drop or smeltedstack with code bdherb:seeds-{herbcrops} in Block bdherb:crop-marigold-1
17.8.2026 23:11:40 [Warning] Failed resolving a blocks item drop or smeltedstack with code bdherb:seeds-{herbcrops} in Block bdherb:crop-marshmallow-1
17.8.2026 23:11:40 [Warning] Failed resolving a blocks item drop or smeltedstack with code bdherb:seeds-{herbcrops} in Block bdherb:crop-minerslettuce-1
17.8.2026 23:11:40 [Warning] Failed resolving a blocks item drop or smeltedstack with code bdherb:seeds-{herbcrops} in Block bdherb:crop-mustard-1
17.8.2026 23:11:40 [Warning] Failed resolving a blocks item drop or smeltedstack with code bdherb:seeds-{herbcrops} in Block bdherb:crop-whitemansfoot-1
17.8.2026 23:11:40 [Warning] Failed resolving a blocks item drop or smeltedstack with code bdherb:seeds-{herbcrops} in Block bdherb:crop-poisonoak-1
17.8.2026 23:11:40 [Warning] Failed resolving a blocks item drop or smeltedstack with code bdherb:seeds-{herbcrops} in Block bdherb:crop-rockrose-1
17.8.2026 23:11:40 [Warning] Failed resolving a blocks item drop or smeltedstack with code bdherb:seeds-{herbcrops} in Block bdherb:crop-rosemary-1
17.8.2026 23:11:40 [Warning] Failed resolving a blocks item drop or smeltedstack with code bdherb:seeds-{herbcrops} in Block bdherb:crop-saltwort-1
17.8.2026 23:11:40 [Warning] Failed resolving a blocks item drop or smeltedstack with code bdherb:seeds-{herbcrops} in Block bdherb:crop-skunkcabbage-1
17.8.2026 23:11:40 [Warning] Failed resolving a blocks item drop or smeltedstack with code bdherb:seeds-{herbcrops} in Block bdherb:crop-stingingnettle-1
17.8.2026 23:11:40 [Warning] Failed resolving a blocks item drop or smeltedstack with code bdherb:seeds-{herbcrops} in Block bdherb:crop-stjohnswort-1
17.8.2026 23:11:40 [Warning] Failed resolving a blocks item drop or smeltedstack with code bdherb:seeds-{herbcrops} in Block bdherb:crop-tansy-1
17.8.2026 23:11:40 [Warning] Failed resolving a blocks item drop or smeltedstack with code bdherb:seeds-{herbcrops} in Block bdherb:crop-woodspurge-1
17.8.2026 23:11:40 [Warning] Failed resolving a blocks item drop or smeltedstack with code bdherb:seeds-{herbcrops} in Block bdherb:crop-yarrow-1
17.8.2026 23:11:40 [Warning] Failed resolving a blocks item drop or smeltedstack with code bdherb:seeds-{herbcrops} in Block bdherb:crop-angelica-2
17.8.2026 23:11:40 [Warning] Failed resolving a blocks item drop or smeltedstack with code bdherb:herb-{herbcrops} in Block bdherb:crop-angelica-2
17.8.2026 23:11:40 [Warning] Failed resolving a blocks item drop or smeltedstack with code bdherb:seeds-{herbcrops} in Block bdherb:crop-arnica-2
17.8.2026 23:11:40 [Warning] Failed resolving a blocks item drop or smeltedstack with code bdherb:herb-{herbcrops} in Block bdherb:crop-arnica-2
17.8.2026 23:11:40 [Warning] Failed resolving a blocks item drop or smeltedstack with code bdherb:seeds-{herbcrops} in Block bdherb:crop-arrowhead-2
17.8.2026 23:11:40 [Warning] Failed resolving a blocks item drop or smeltedstack with code bdherb:herb-{herbcrops} in Block bdherb:crop-arrowhead-2
17.8.2026 23:11:40 [Warning] Failed resolving a blocks item drop or smeltedstack with code bdherb:seeds-{herbcrops} in Block bdherb:crop-bearleek-2
17.8.2026 23:11:40 [Warning] Failed resolving a blocks item drop or smeltedstack with code bdherb:herb-{herbcrops} in Block bdherb:crop-bearleek-2
17.8.2026 23:11:40 [Warning] Failed resolving a blocks item drop or smeltedstack with code bdherb:seeds-{herbcrops} in Block bdherb:crop-blackpepper-2
17.8.2026 23:11:40 [Warning] Failed resolving a blocks item drop or smeltedstack with code bdherb:herb-{herbcrops} in Block bdherb:crop-blackpepper-2
17.8.2026 23:11:40 [Warning] Failed resolving a blocks item drop or smeltedstack with code bdherb:seeds-{herbcrops} in Block bdherb:crop-burdock-2
17.8.2026 23:11:40 [Warning] Failed resolving a blocks item drop or smeltedstack with code bdherb:herb-{herbcrops} in Block bdherb:crop-burdock-2
17.8.2026 23:11:40 [Warning] Failed resolving a blocks item drop or smeltedstack with code bdherb:seeds-{herbcrops} in Block bdherb:crop-burnet-2
17.8.2026 23:11:40 [Warning] Failed resolving a blocks item drop or smeltedstack with code bdherb:herb-{herbcrops} in Block bdherb:crop-burnet-2
17.8.2026 23:11:40 [Warning] Failed resolving a blocks item drop or smeltedstack with code bdherb:seeds-{herbcrops} in Block bdherb:crop-butterbur-2
17.8.2026 23:11:40 [Warning] Failed resolving a blocks item drop or smeltedstack with code bdherb:herb-{herbcrops} in Block bdherb:crop-butterbur-2
17.8.2026 23:11:40 [Warning] Failed resolving a blocks item drop or smeltedstack with code bdherb:seeds-{herbcrops} in Block bdherb:crop-celandine-2
17.8.2026 23:11:40 [Warning] Failed resolving a blocks item drop or smeltedstack with code bdherb:herb-{herbcrops} in Block bdherb:crop-celandine-2
17.8.2026 23:11:40 [Warning] Failed resolving a blocks item drop or smeltedstack with code bdherb:seeds-{herbcrops} in Block bdherb:crop-chicory-2
17.8.2026 23:11:40 [Warning] Failed resolving a blocks item drop or smeltedstack with code bdherb:herb-{herbcrops} in Block bdherb:crop-chicory-2
17.8.2026 23:11:40 [Warning] Failed resolving a blocks item drop or smeltedstack with code bdherb:seeds-{herbcrops} in Block bdherb:crop-cicuta-2
17.8.2026 23:11:40 [Warning] Failed resolving a blocks item drop or smeltedstack with code bdherb:herb-{herbcrops} in Block bdherb:crop-cicuta-2
17.8.2026 23:11:40 [Warning] Failed resolving a blocks item drop or smeltedstack with code bdherb:seeds-{herbcrops} in Block bdherb:crop-dill-2
17.8.2026 23:11:40 [Warning] Failed resolving a blocks item drop or smeltedstack with code bdherb:herb-{herbcrops} in Block bdherb:crop-dill-2
17.8.2026 23:11:40 [Warning] Failed resolving a blocks item drop or smeltedstack with code bdherb:seeds-{herbcrops} in Block bdherb:crop-dock-2
17.8.2026 23:11:40 [Warning] Failed resolving a blocks item drop or smeltedstack with code bdherb:herb-{herbcrops} in Block bdherb:crop-dock-2
17.8.2026 23:11:40 [Warning] Failed resolving a blocks item drop or smeltedstack with code bdherb:seeds-{herbcrops} in Block bdherb:crop-foxglove-2
17.8.2026 23:11:40 [Warning] Failed resolving a blocks item drop or smeltedstack with code bdherb:herb-{herbcrops} in Block bdherb:crop-foxglove-2
17.8.2026 23:11:40 [Warning] Failed resolving a blocks item drop or smeltedstack with code bdherb:seeds-{herbcrops} in Block bdherb:crop-ginger-2
17.8.2026 23:11:40 [Warning] Failed resolving a blocks item drop or smeltedstack with code bdherb:herb-{herbcrops} in Block bdherb:crop-ginger-2
17.8.2026 23:11:40 [Warning] Failed resolving a blocks item drop or smeltedstack with code bdherb:seeds-{herbcrops} in Block bdherb:crop-ginseng-2
17.8.2026 23:11:40 [Warning] Failed resolving a blocks item drop or smeltedstack with code bdherb:herb-{herbcrops} in Block bdherb:crop-ginseng-2
17.8.2026 23:11:40 [Warning] Failed resolving a blocks item drop or smeltedstack with code bdherb:seeds-{herbcrops} in Block bdherb:crop-holly-2
17.8.2026 23:11:40 [Warning] Failed resolving a blocks item drop or smeltedstack with code bdherb:herb-{herbcrops} in Block bdherb:crop-holly-2
17.8.2026 23:11:40 [Warning] Failed resolving a blocks item drop or smeltedstack with code bdherb:seeds-{herbcrops} in Block bdherb:crop-horehound-2
17.8.2026 23:11:40 [Warning] Failed resolving a blocks item drop or smeltedstack with code bdherb:herb-{herbcrops} in Block bdherb:crop-horehound-2
17.8.2026 23:11:40 [Warning] Failed resolving a blocks item drop or smeltedstack with code bdherb:seeds-{herbcrops} in Block bdherb:crop-inula-2
17.8.2026 23:11:40 [Warning] Failed resolving a blocks item drop or smeltedstack with code bdherb:herb-{herbcrops} in Block bdherb:crop-inula-2
17.8.2026 23:11:40 [Warning] Failed resolving a blocks item drop or smeltedstack with code bdherb:seeds-{herbcrops} in Block bdherb:crop-jewelweed-2
17.8.2026 23:11:40 [Warning] Failed resolving a blocks item drop or smeltedstack with code bdherb:herb-{herbcrops} in Block bdherb:crop-jewelweed-2
17.8.2026 23:11:40 [Warning] Failed resolving a blocks item drop or smeltedstack with code bdherb:seeds-{herbcrops} in Block bdherb:crop-katuk-2
17.8.2026 23:11:40 [Warning] Failed resolving a blocks item drop or smeltedstack with code bdherb:herb-{herbcrops} in Block bdherb:crop-katuk-2
17.8.2026 23:11:40 [Warning] Failed resolving a blocks item drop or smeltedstack with code bdherb:seeds-{herbcrops} in Block bdherb:crop-marigold-2
17.8.2026 23:11:40 [Warning] Failed resolving a blocks item drop or smeltedstack with code bdherb:herb-{herbcrops} in Block bdherb:crop-marigold-2
17.8.2026 23:11:40 [Warning] Failed resolving a blocks item drop or smeltedstack with code bdherb:seeds-{herbcrops} in Block bdherb:crop-marshmallow-2
17.8.2026 23:11:40 [Warning] Failed resolving a blocks item drop or smeltedstack with code bdherb:herb-{herbcrops} in Block bdherb:crop-marshmallow-2
17.8.2026 23:11:40 [Warning] Failed resolving a blocks item drop or smeltedstack with code bdherb:seeds-{herbcrops} in Block bdherb:crop-minerslettuce-2
17.8.2026 23:11:40 [Warning] Failed resolving a blocks item drop or smeltedstack with code bdherb:herb-{herbcrops} in Block bdherb:crop-minerslettuce-2
17.8.2026 23:11:40 [Warning] Failed resolving a blocks item drop or smeltedstack with code bdherb:seeds-{herbcrops} in Block bdherb:crop-mustard-2
17.8.2026 23:11:40 [Warning] Failed resolving a blocks item drop or smeltedstack with code bdherb:herb-{herbcrops} in Block bdherb:crop-mustard-2
17.8.2026 23:11:40 [Warning] Failed resolving a blocks item drop or smeltedstack with code bdherb:seeds-{herbcrops} in Block bdherb:crop-whitemansfoot-2
17.8.2026 23:11:40 [Warning] Failed resolving a blocks item drop or smeltedstack with code bdherb:herb-{herbcrops} in Block bdherb:crop-whitemansfoot-2
17.8.2026 23:11:40 [Warning] Failed resolving a blocks item drop or smeltedstack with code bdherb:seeds-{herbcrops} in Block bdherb:crop-poisonoak-2
17.8.2026 23:11:40 [Warning] Failed resolving a blocks item drop or smeltedstack with code bdherb:herb-{herbcrops} in Block bdherb:crop-poisonoak-2
17.8.2026 23:11:40 [Warning] Failed resolving a blocks item drop or smeltedstack with code bdherb:seeds-{herbcrops} in Block bdherb:crop-rockrose-2
17.8.2026 23:11:40 [Warning] Failed resolving a blocks item drop or smeltedstack with code bdherb:herb-{herbcrops} in Block bdherb:crop-rockrose-2
17.8.2026 23:11:40 [Warning] Failed resolving a blocks item drop or smeltedstack with code bdherb:seeds-{herbcrops} in Block bdherb:crop-rosemary-2
17.8.2026 23:11:40 [Warning] Failed resolving a blocks item drop or smeltedstack with code bdherb:herb-{herbcrops} in Block bdherb:crop-rosemary-2
17.8.2026 23:11:40 [Warning] Failed resolving a blocks item drop or smeltedstack with code bdherb:seeds-{herbcrops} in Block bdherb:crop-saltwort-2
17.8.2026 23:11:40 [Warning] Failed resolving a blocks item drop or smeltedstack with code bdherb:herb-{herbcrops} in Block bdherb:crop-saltwort-2
17.8.2026 23:11:40 [Warning] Failed resolving a blocks item drop or smeltedstack with code bdherb:seeds-{herbcrops} in Block bdherb:crop-skunkcabbage-2
17.8.2026 23:11:40 [Warning] Failed resolving a blocks item drop or smeltedstack with code bdherb:herb-{herbcrops} in Block bdherb:crop-skunkcabbage-2
17.8.2026 23:11:40 [Warning] Failed resolving a blocks item drop or smeltedstack with code bdherb:seeds-{herbcrops} in Block bdherb:crop-stingingnettle-2
17.8.2026 23:11:40 [Warning] Failed resolving a blocks item drop or smeltedstack with code bdherb:herb-{herbcrops} in Block bdherb:crop-stingingnettle-2
17.8.2026 23:11:40 [Warning] Failed resolving a blocks item drop or smeltedstack with code bdherb:seeds-{herbcrops} in Block bdherb:crop-stjohnswort-2
17.8.2026 23:11:40 [Warning] Failed resolving a blocks item drop or smeltedstack with code bdherb:herb-{herbcrops} in Block bdherb:crop-stjohnswort-2
17.8.2026 23:11:40 [Warning] Failed resolving a blocks item drop or smeltedstack with code bdherb:seeds-{herbcrops} in Block bdherb:crop-tansy-2
17.8.2026 23:11:40 [Warning] Failed resolving a blocks item drop or smeltedstack with code bdherb:herb-{herbcrops} in Block bdherb:crop-tansy-2
17.8.2026 23:11:40 [Warning] Failed resolving a blocks item drop or smeltedstack with code bdherb:seeds-{herbcrops} in Block bdherb:crop-woodspurge-2
17.8.2026 23:11:40 [Warning] Failed resolving a blocks item drop or smeltedstack with code bdherb:herb-{herbcrops} in Block bdherb:crop-woodspurge-2
17.8.2026 23:11:40 [Warning] Failed resolving a blocks item drop or smeltedstack with code bdherb:seeds-{herbcrops} in Block bdherb:crop-yarrow-2
17.8.2026 23:11:40 [Warning] Failed resolving a blocks item drop or smeltedstack with code bdherb:herb-{herbcrops} in Block bdherb:crop-yarrow-2
17.8.2026 23:11:40 [Warning] Failed resolving a blocks item drop or smeltedstack with code bdherb:seeds-{herbcrops} in Block bdherb:crop-angelica-3
17.8.2026 23:11:40 [Warning] Failed resolving a blocks item drop or smeltedstack with code bdherb:herb-{herbcrops} in Block bdherb:crop-angelica-3
17.8.2026 23:11:40 [Warning] Failed resolving a blocks item drop or smeltedstack with code bdherb:seeds-{herbcrops} in Block bdherb:crop-arnica-3
17.8.2026 23:11:40 [Warning] Failed resolving a blocks item drop or smeltedstack with code bdherb:herb-{herbcrops} in Block bdherb:crop-arnica-3
17.8.2026 23:11:40 [Warning] Failed resolving a blocks item drop or smeltedstack with code bdherb:seeds-{herbcrops} in Block bdherb:crop-arrowhead-3
17.8.2026 23:11:40 [Warning] Failed resolving a blocks item drop or smeltedstack with code bdherb:herb-{herbcrops} in Block bdherb:crop-arrowhead-3
17.8.2026 23:11:40 [Warning] Failed resolving a blocks item drop or smeltedstack with code bdherb:seeds-{herbcrops} in Block bdherb:crop-bearleek-3
17.8.2026 23:11:40 [Warning] Failed resolving a blocks item drop or smeltedstack with code bdherb:herb-{herbcrops} in Block bdherb:crop-bearleek-3
17.8.2026 23:11:40 [Warning] Failed resolving a blocks item drop or smeltedstack with code bdherb:root-{herbcrops} in Block bdherb:crop-bearleek-3
17.8.2026 23:11:40 [Warning] Failed resolving a blocks item drop or smeltedstack with code bdherb:seeds-{herbcrops} in Block bdherb:crop-blackpepper-3
17.8.2026 23:11:40 [Warning] Failed resolving a blocks item drop or smeltedstack with code bdherb:herb-{herbcrops} in Block bdherb:crop-blackpepper-3
17.8.2026 23:11:40 [Warning] Failed resolving a blocks item drop or smeltedstack with code bdherb:seeds-{herbcrops} in Block bdherb:crop-burdock-3
17.8.2026 23:11:40 [Warning] Failed resolving a blocks item drop or smeltedstack with code bdherb:herb-{herbcrops} in Block bdherb:crop-burdock-3
17.8.2026 23:11:40 [Warning] Failed resolving a blocks item drop or smeltedstack with code bdherb:seeds-{herbcrops} in Block bdherb:crop-burnet-3
17.8.2026 23:11:40 [Warning] Failed resolving a blocks item drop or smeltedstack with code bdherb:herb-{herbcrops} in Block bdherb:crop-burnet-3
17.8.2026 23:11:40 [Warning] Failed resolving a blocks item drop or smeltedstack with code bdherb:root-{herbcrops} in Block bdherb:crop-burnet-3
17.8.2026 23:11:40 [Warning] Failed resolving a blocks item drop or smeltedstack with code bdherb:seeds-{herbcrops} in Block bdherb:crop-butterbur-3
17.8.2026 23:11:40 [Warning] Failed resolving a blocks item drop or smeltedstack with code bdherb:herb-{herbcrops} in Block bdherb:crop-butterbur-3
17.8.2026 23:11:40 [Warning] Failed resolving a blocks item drop or smeltedstack with code bdherb:seeds-{herbcrops} in Block bdherb:crop-celandine-3
17.8.2026 23:11:40 [Warning] Failed resolving a blocks item drop or smeltedstack with code bdherb:herb-{herbcrops} in Block bdherb:crop-celandine-3
17.8.2026 23:11:40 [Warning] Failed resolving a blocks item drop or smeltedstack with code bdherb:seeds-{herbcrops} in Block bdherb:crop-chicory-3
17.8.2026 23:11:40 [Warning] Failed resolving a blocks item drop or smeltedstack with code bdherb:herb-{herbcrops} in Block bdherb:crop-chicory-3
17.8.2026 23:11:40 [Warning] Failed resolving a blocks item drop or smeltedstack with code bdherb:root-{herbcrops} in Block bdherb:crop-chicory-3
17.8.2026 23:11:40 [Warning] Failed resolving a blocks item drop or smeltedstack with code bdherb:seeds-{herbcrops} in Block bdherb:crop-cicuta-3
17.8.2026 23:11:40 [Warning] Failed resolving a blocks item drop or smeltedstack with code bdherb:herb-{herbcrops} in Block bdherb:crop-cicuta-3
17.8.2026 23:11:40 [Warning] Failed resolving a blocks item drop or smeltedstack with code bdherb:seeds-{herbcrops} in Block bdherb:crop-dill-3
17.8.2026 23:11:40 [Warning] Failed resolving a blocks item drop or smeltedstack with code bdherb:herb-{herbcrops} in Block bdherb:crop-dill-3
17.8.2026 23:11:40 [Warning] Failed resolving a blocks item drop or smeltedstack with code bdherb:seeds-{herbcrops} in Block bdherb:crop-dock-3
17.8.2026 23:11:40 [Warning] Failed resolving a blocks item drop or smeltedstack with code bdherb:herb-{herbcrops} in Block bdherb:crop-dock-3
17.8.2026 23:11:40 [Warning] Failed resolving a blocks item drop or smeltedstack with code bdherb:seeds-{herbcrops} in Block bdherb:crop-foxglove-3
17.8.2026 23:11:40 [Warning] Failed resolving a blocks item drop or smeltedstack with code bdherb:herb-{herbcrops} in Block bdherb:crop-foxglove-3
17.8.2026 23:11:40 [Warning] Failed resolving a blocks item drop or smeltedstack with code bdherb:seeds-{herbcrops} in Block bdherb:crop-ginger-3
17.8.2026 23:11:40 [Warning] Failed resolving a blocks item drop or smeltedstack with code bdherb:herb-{herbcrops} in Block bdherb:crop-ginger-3
17.8.2026 23:11:40 [Warning] Failed resolving a blocks item drop or smeltedstack with code bdherb:root-{herbcrops} in Block bdherb:crop-ginger-3
17.8.2026 23:11:40 [Warning] Failed resolving a blocks item drop or smeltedstack with code bdherb:seeds-{herbcrops} in Block bdherb:crop-ginseng-3
17.8.2026 23:11:40 [Warning] Failed resolving a blocks item drop or smeltedstack with code bdherb:herb-{herbcrops} in Block bdherb:crop-ginseng-3
17.8.2026 23:11:40 [Warning] Failed resolving a blocks item drop or smeltedstack with code bdherb:root-{herbcrops} in Block bdherb:crop-ginseng-3
17.8.2026 23:11:40 [Warning] Failed resolving a blocks item drop or smeltedstack with code bdherb:seeds-{herbcrops} in Block bdherb:crop-holly-3
17.8.2026 23:11:40 [Warning] Failed resolving a blocks item drop or smeltedstack with code bdherb:herb-{herbcrops} in Block bdherb:crop-holly-3
17.8.2026 23:11:40 [Warning] Failed resolving a blocks item drop or smeltedstack with code bdherb:seeds-{herbcrops} in Block bdherb:crop-horehound-3
17.8.2026 23:11:40 [Warning] Failed resolving a blocks item drop or smeltedstack with code bdherb:herb-{herbcrops} in Block bdherb:crop-horehound-3
17.8.2026 23:11:40 [Warning] Failed resolving a blocks item drop or smeltedstack with code bdherb:seeds-{herbcrops} in Block bdherb:crop-inula-3
17.8.2026 23:11:40 [Warning] Failed resolving a blocks item drop or smeltedstack with code bdherb:herb-{herbcrops} in Block bdherb:crop-inula-3
17.8.2026 23:11:40 [Warning] Failed resolving a blocks item drop or smeltedstack with code bdherb:seeds-{herbcrops} in Block bdherb:crop-jewelweed-3
17.8.2026 23:11:40 [Warning] Failed resolving a blocks item drop or smeltedstack with code bdherb:herb-{herbcrops} in Block bdherb:crop-jewelweed-3
17.8.2026 23:11:40 [Warning] Failed resolving a blocks item drop or smeltedstack with code bdherb:seeds-{herbcrops} in Block bdherb:crop-katuk-3
17.8.2026 23:11:40 [Warning] Failed resolving a blocks item drop or smeltedstack with code bdherb:herb-{herbcrops} in Block bdherb:crop-katuk-3
17.8.2026 23:11:40 [Warning] Failed resolving a blocks item drop or smeltedstack with code bdherb:seeds-{herbcrops} in Block bdherb:crop-marigold-3
17.8.2026 23:11:40 [Warning] Failed resolving a blocks item drop or smeltedstack with code bdherb:herb-{herbcrops} in Block bdherb:crop-marigold-3
17.8.2026 23:11:40 [Warning] Failed resolving a blocks item drop or smeltedstack with code bdherb:seeds-{herbcrops} in Block bdherb:crop-marshmallow-3
17.8.2026 23:11:40 [Warning] Failed resolving a blocks item drop or smeltedstack with code bdherb:herb-{herbcrops} in Block bdherb:crop-marshmallow-3
17.8.2026 23:11:40 [Warning] Failed resolving a blocks item drop or smeltedstack with code bdherb:root-{herbcrops} in Block bdherb:crop-marshmallow-3
17.8.2026 23:11:40 [Warning] Failed resolving a blocks item drop or smeltedstack with code bdherb:seeds-{herbcrops} in Block bdherb:crop-minerslettuce-3
17.8.2026 23:11:40 [Warning] Failed resolving a blocks item drop or smeltedstack with code bdherb:herb-{herbcrops} in Block bdherb:crop-minerslettuce-3
17.8.2026 23:11:40 [Warning] Failed resolving a blocks item drop or smeltedstack with code bdherb:seeds-{herbcrops} in Block bdherb:crop-mustard-3
17.8.2026 23:11:40 [Warning] Failed resolving a blocks item drop or smeltedstack with code bdherb:herb-{herbcrops} in Block bdherb:crop-mustard-3
17.8.2026 23:11:40 [Warning] Failed resolving a blocks item drop or smeltedstack with code bdherb:seeds-{herbcrops} in Block bdherb:crop-whitemansfoot-3
17.8.2026 23:11:40 [Warning] Failed resolving a blocks item drop or smeltedstack with code bdherb:herb-{herbcrops} in Block bdherb:crop-whitemansfoot-3
17.8.2026 23:11:40 [Warning] Failed resolving a blocks item drop or smeltedstack with code bdherb:seeds-{herbcrops} in Block bdherb:crop-poisonoak-3
17.8.2026 23:11:40 [Warning] Failed resolving a blocks item drop or smeltedstack with code bdherb:herb-{herbcrops} in Block bdherb:crop-poisonoak-3
17.8.2026 23:11:40 [Warning] Failed resolving a blocks item drop or smeltedstack with code bdherb:seeds-{herbcrops} in Block bdherb:crop-rockrose-3
17.8.2026 23:11:40 [Warning] Failed resolving a blocks item drop or smeltedstack with code bdherb:herb-{herbcrops} in Block bdherb:crop-rockrose-3
17.8.2026 23:11:40 [Warning] Failed resolving a blocks item drop or smeltedstack with code bdherb:seeds-{herbcrops} in Block bdherb:crop-rosemary-3
17.8.2026 23:11:40 [Warning] Failed resolving a blocks item drop or smeltedstack with code bdherb:herb-{herbcrops} in Block bdherb:crop-rosemary-3
17.8.2026 23:11:40 [Warning] Failed resolving a blocks item drop or smeltedstack with code bdherb:seeds-{herbcrops} in Block bdherb:crop-saltwort-3
17.8.2026 23:11:40 [Warning] Failed resolving a blocks item drop or smeltedstack with code bdherb:herb-{herbcrops} in Block bdherb:crop-saltwort-3
17.8.2026 23:11:40 [Warning] Failed resolving a blocks item drop or smeltedstack with code bdherb:seeds-{herbcrops} in Block bdherb:crop-skunkcabbage-3
17.8.2026 23:11:40 [Warning] Failed resolving a blocks item drop or smeltedstack with code bdherb:herb-{herbcrops} in Block bdherb:crop-skunkcabbage-3
17.8.2026 23:11:40 [Warning] Failed resolving a blocks item drop or smeltedstack with code bdherb:seeds-{herbcrops} in Block bdherb:crop-stingingnettle-3
17.8.2026 23:11:40 [Warning] Failed resolving a blocks item drop or smeltedstack with code bdherb:herb-{herbcrops} in Block bdherb:crop-stingingnettle-3
17.8.2026 23:11:40 [Warning] Failed resolving a blocks item drop or smeltedstack with code bdherb:seeds-{herbcrops} in Block bdherb:crop-stjohnswort-3
17.8.2026 23:11:40 [Warning] Failed resolving a blocks item drop or smeltedstack with code bdherb:herb-{herbcrops} in Block bdherb:crop-stjohnswort-3
17.8.2026 23:11:40 [Warning] Failed resolving a blocks item drop or smeltedstack with code bdherb:seeds-{herbcrops} in Block bdherb:crop-tansy-3
17.8.2026 23:11:40 [Warning] Failed resolving a blocks item drop or smeltedstack with code bdherb:herb-{herbcrops} in Block bdherb:crop-tansy-3
17.8.2026 23:11:40 [Warning] Failed resolving a blocks item drop or smeltedstack with code bdherb:seeds-{herbcrops} in Block bdherb:crop-woodspurge-3
17.8.2026 23:11:40 [Warning] Failed resolving a blocks item drop or smeltedstack with code bdherb:herb-{herbcrops} in Block bdherb:crop-woodspurge-3
17.8.2026 23:11:40 [Warning] Failed resolving a blocks item drop or smeltedstack with code bdherb:seeds-{herbcrops} in Block bdherb:crop-yarrow-3
17.8.2026 23:11:40 [Warning] Failed resolving a blocks item drop or smeltedstack with code bdherb:herb-{herbcrops} in Block bdherb:crop-yarrow-3
17.8.2026 23:11:40 [Warning] Failed resolving a blocks item drop or smeltedstack with code bdherb:skunkcabbage-leafs in Block bdherb:amphibiousplant-skunkcabbage-small-free
17.8.2026 23:11:40 [Warning] Failed resolving a blocks item drop or smeltedstack with code bdherb:skunkcabbage-stem in Block bdherb:amphibiousplant-skunkcabbage-small-free
17.8.2026 23:11:40 [Warning] Failed resolving a blocks item drop or smeltedstack with code bdherb:skunkcabbage-leafs in Block bdherb:amphibiousplant-skunkcabbage-medium-free
17.8.2026 23:11:40 [Warning] Failed resolving a blocks item drop or smeltedstack with code bdherb:skunkcabbage-stem in Block bdherb:amphibiousplant-skunkcabbage-medium-free
17.8.2026 23:11:40 [Warning] Failed resolving a blocks item drop or smeltedstack with code bdherb:skunkcabbage-leafs in Block bdherb:amphibiousplant-skunkcabbage-large-free
17.8.2026 23:11:40 [Warning] Failed resolving a blocks item drop or smeltedstack with code bdherb:skunkcabbage-stem in Block bdherb:amphibiousplant-skunkcabbage-large-free
17.8.2026 23:11:40 [Warning] Failed resolving a blocks item drop or smeltedstack with code bdherb:skunkcabbage-leafs in Block bdherb:amphibiousplant-skunkcabbage-small-snow
17.8.2026 23:11:40 [Warning] Failed resolving a blocks item drop or smeltedstack with code bdherb:skunkcabbage-stem in Block bdherb:amphibiousplant-skunkcabbage-small-snow
17.8.2026 23:11:40 [Warning] Failed resolving a blocks item drop or smeltedstack with code bdherb:skunkcabbage-leafs in Block bdherb:amphibiousplant-skunkcabbage-medium-snow
17.8.2026 23:11:40 [Warning] Failed resolving a blocks item drop or smeltedstack with code bdherb:skunkcabbage-stem in Block bdherb:amphibiousplant-skunkcabbage-medium-snow
17.8.2026 23:11:40 [Warning] Failed resolving a blocks item drop or smeltedstack with code bdherb:skunkcabbage-leafs in Block bdherb:amphibiousplant-skunkcabbage-large-snow
17.8.2026 23:11:40 [Warning] Failed resolving a blocks item drop or smeltedstack with code bdherb:skunkcabbage-stem in Block bdherb:amphibiousplant-skunkcabbage-large-snow
17.8.2026 23:11:40 [Warning] Failed resolving a blocks item drop or smeltedstack with code bdherb:herb-angelica in Block bdherb:annualplant-angelica-normal
17.8.2026 23:11:40 [Warning] Failed resolving a blocks item drop or smeltedstack with code bdherb:herb-arnica in Block bdherb:annualplant-arnica-normal
17.8.2026 23:11:40 [Warning] Failed resolving a blocks item drop or smeltedstack with code bdherb:herb-arrowhead in Block bdherb:annualplant-arrowhead-normal
17.8.2026 23:11:40 [Warning] Failed resolving a blocks item drop or smeltedstack with code bdherb:herb-bearleek in Block bdherb:annualplant-bearleek-normal
17.8.2026 23:11:40 [Warning] Failed resolving a blocks item drop or smeltedstack with code bdherb:herb-blackpepper in Block bdherb:annualplant-blackpepper-normal
17.8.2026 23:11:40 [Warning] Failed resolving a blocks item drop or smeltedstack with code bdherb:herb-burdock in Block bdherb:annualplant-burdock-normal
17.8.2026 23:11:40 [Warning] Failed resolving a blocks item drop or smeltedstack with code bdherb:herb-burnet in Block bdherb:annualplant-burnet-normal
17.8.2026 23:11:40 [Warning] Failed resolving a blocks item drop or smeltedstack with code bdherb:herb-butterbur in Block bdherb:annualplant-butterbur-normal
17.8.2026 23:11:40 [Warning] Failed resolving a blocks item drop or smeltedstack with code bdherb:herb-celandine in Block bdherb:annualplant-celandine-normal
17.8.2026 23:11:40 [Warning] Failed resolving a blocks item drop or smeltedstack with code bdherb:herb-chicory in Block bdherb:annualplant-chicory-normal
17.8.2026 23:11:40 [Warning] Failed resolving a blocks item drop or smeltedstack with code bdherb:herb-cicuta in Block bdherb:annualplant-cicuta-normal
17.8.2026 23:11:40 [Warning] Failed resolving a blocks item drop or smeltedstack with code bdherb:herb-dill in Block bdherb:annualplant-dill-normal
17.8.2026 23:11:40 [Warning] Failed resolving a blocks item drop or smeltedstack with code bdherb:herb-dock in Block bdherb:annualplant-dock-normal
17.8.2026 23:11:40 [Warning] Failed resolving a blocks item drop or smeltedstack with code bdherb:herb-foxglove in Block bdherb:annualplant-foxglove-normal
17.8.2026 23:11:40 [Warning] Failed resolving a blocks item drop or smeltedstack with code bdherb:herb-ginger in Block bdherb:annualplant-ginger-normal
17.8.2026 23:11:40 [Warning] Failed resolving a blocks item drop or smeltedstack with code bdherb:herb-ginseng in Block bdherb:annualplant-ginseng-normal
17.8.2026 23:11:40 [Warning] Failed resolving a blocks item drop or smeltedstack with code bdherb:herb-holly in Block bdherb:annualplant-holly-normal
17.8.2026 23:11:40 [Warning] Failed resolving a blocks item drop or smeltedstack with code bdherb:herb-horehound in Block bdherb:annualplant-horehound-normal
17.8.2026 23:11:40 [Warning] Failed resolving a blocks item drop or smeltedstack with code bdherb:herb-inula in Block bdherb:annualplant-inula-normal
17.8.2026 23:11:40 [Warning] Failed resolving a blocks item drop or smeltedstack with code bdherb:herb-jewelweed in Block bdherb:annualplant-jewelweed-normal
17.8.2026 23:11:40 [Warning] Failed resolving a blocks item drop or smeltedstack with code bdherb:herb-katuk in Block bdherb:annualplant-katuk-normal
17.8.2026 23:11:40 [Warning] Failed resolving a blocks item drop or smeltedstack with code bdherb:herb-marigold in Block bdherb:annualplant-marigold-normal
17.8.2026 23:11:40 [Warning] Failed resolving a blocks item drop or smeltedstack with code bdherb:herb-marshmallow in Block bdherb:annualplant-marshmallow-normal
17.8.2026 23:11:40 [Warning] Failed resolving a blocks item drop or smeltedstack with code bdherb:herb-minerslettuce in Block bdherb:annualplant-minerslettuce-normal
17.8.2026 23:11:40 [Warning] Failed resolving a blocks item drop or smeltedstack with code bdherb:herb-mustard in Block bdherb:annualplant-mustard-normal
17.8.2026 23:11:40 [Warning] Failed resolving a blocks item drop or smeltedstack with code bdherb:herb-whitemansfoot in Block bdherb:annualplant-whitemansfoot-normal
17.8.2026 23:11:40 [Warning] Failed resolving a blocks item drop or smeltedstack with code bdherb:herb-poisonoak in Block bdherb:annualplant-poisonoak-normal
17.8.2026 23:11:40 [Warning] Failed resolving a blocks item drop or smeltedstack with code bdherb:herb-rockrose in Block bdherb:annualplant-rockrose-normal
17.8.2026 23:11:40 [Warning] Failed resolving a blocks item drop or smeltedstack with code bdherb:herb-rosemary in Block bdherb:annualplant-rosemary-normal
17.8.2026 23:11:40 [Warning] Failed resolving a blocks item drop or smeltedstack with code bdherb:herb-saltwort in Block bdherb:annualplant-saltwort-normal
17.8.2026 23:11:40 [Warning] Failed resolving a blocks item drop or smeltedstack with code bdherb:herb-skunkcabbage in Block bdherb:annualplant-skunkcabbage-normal
17.8.2026 23:11:40 [Warning] Failed resolving a blocks item drop or smeltedstack with code bdherb:herb-stingingnettle in Block bdherb:annualplant-stingingnettle-normal
17.8.2026 23:11:40 [Warning] Failed resolving a blocks item drop or smeltedstack with code bdherb:herb-stjohnswort in Block bdherb:annualplant-stjohnswort-normal
17.8.2026 23:11:40 [Warning] Failed resolving a blocks item drop or smeltedstack with code bdherb:herb-tansy in Block bdherb:annualplant-tansy-normal
17.8.2026 23:11:40 [Warning] Failed resolving a blocks item drop or smeltedstack with code bdherb:herb-woodspurge in Block bdherb:annualplant-woodspurge-normal
17.8.2026 23:11:40 [Warning] Failed resolving a blocks item drop or smeltedstack with code bdherb:herb-yarrow in Block bdherb:annualplant-yarrow-normal
17.8.2026 23:11:40 [Warning] Failed resolving a blocks item drop or smeltedstack with code bdherb:herb-arrowhead in Block bdherb:arrowhead-arrowhead-normal
17.8.2026 23:11:40 [Warning] Failed resolving a blocks item drop or smeltedstack with code bdherb:herb-butterbur in Block bdherb:leafyperennialplant-butterbur-normal
17.8.2026 23:11:40 [Warning] Failed resolving a blocks item drop or smeltedstack with code bdherb:herb-rhubarb in Block bdherb:leafyperennialplant-rhubarb-normal
17.8.2026 23:11:40 [Warning] Failed resolving a blocks item drop or smeltedstack with code bdherb:herb-lavender in Block bdherb:evergreenplant-lavender-normal
17.8.2026 23:11:40 [Warning] Failed resolving a blocks item drop or smeltedstack with code bdherb:herb-rosemary in Block bdherb:evergreenplant-rosemary-normal
17.8.2026 23:11:40 [Warning] Failed resolving a blocks item drop or smeltedstack with code bdherb:herb-thyme in Block bdherb:evergreenplant-thyme-normal
17.8.2026 23:11:40 [Warning] Failed resolving a blocks item drop or smeltedstack with code bdherb:herb-holly in Block bdherb:evergreenplant-holly-normal
17.8.2026 23:11:40 [Warning] Failed resolving a blocks item drop or smeltedstack with code bdherb:herb-poisonoak in Block bdherb:evergreenplant-poisonoak-normal
17.8.2026 23:11:40 [Warning] Failed resolving a blocks item drop or smeltedstack with code bdherb:herb-bearleek in Block bdherb:perennialplant-bearleek-normal
17.8.2026 23:11:40 [Warning] Failed resolving a blocks item drop or smeltedstack with code bdherb:herb-marjoram in Block bdherb:perennialplant-marjoram-normal
17.8.2026 23:11:40 [Warning] Failed resolving a blocks item drop or smeltedstack with code bdherb:herb-sage in Block bdherb:perennialplant-sage-normal
17.8.2026 23:11:40 [Warning] Failed resolving a blocks item drop or smeltedstack with code bdherb:herb-marshmallow in Block bdherb:perennialplant-marshmallow-normal
17.8.2026 23:11:40 [Warning] Failed resolving a blocks item drop or smeltedstack with code bdherb:herb-mint in Block bdherb:perennialplant-mint-normal
17.8.2026 23:11:40 [Warning] Failed resolving a blocks item drop or smeltedstack with code bdherb:herb-saffron in Block bdherb:perennialplant-saffron-normal
17.8.2026 23:11:40 [Warning] Failed resolving a blocks item drop or smeltedstack with code bdherb:herb-stjohnswort in Block bdherb:perennialplant-stjohnswort-normal
17.8.2026 23:11:40 [Warning] Failed resolving a blocks item drop or smeltedstack with code bdherb:herb-inula in Block bdherb:perennialplant-inula-normal
17.8.2026 23:11:40 [Warning] Failed resolving a blocks item drop or smeltedstack with code bdherb:herb-celandine in Block bdherb:perennialplant-celandine-normal
17.8.2026 23:11:40 [Warning] Failed resolving a blocks item drop or smeltedstack with code bdherb:herb-leek in Block bdherb:perennialplant-leek-normal
17.8.2026 23:11:40 [Warning] Failed resolving a blocks item drop or smeltedstack with code bdherb:herb-whitemansfoot in Block bdherb:perennialplant-whitemansfoot-normal
17.8.2026 23:11:40 [Warning] Failed resolving a blocks item drop or smeltedstack with code bdherb:herb-yarrow in Block bdherb:perennialplant-yarrow-normal
17.8.2026 23:11:40 [Warning] Failed resolving a blocks item drop or smeltedstack with code bdherb:herb-foxglove in Block bdherb:perennialplant-foxglove-normal
17.8.2026 23:11:40 [Warning] Failed resolving a blocks item drop or smeltedstack with code bdherb:herb-angelica in Block bdherb:perennialplant-angelica-normal
17.8.2026 23:11:40 [Warning] Failed resolving a blocks item drop or smeltedstack with code bdherb:herb-rockrose in Block bdherb:perennialplant-rockrose-normal
17.8.2026 23:11:40 [Warning] Failed resolving a blocks item drop or smeltedstack with code bdherb:herb-horehound in Block bdherb:perennialplant-horehound-normal
17.8.2026 23:11:40 [Warning] Failed resolving a blocks item drop or smeltedstack with code bdherb:herb-ginger in Block bdherb:perennialplant-ginger-normal
17.8.2026 23:11:40 [Warning] Failed resolving a blocks item drop or smeltedstack with code bdherb:herb-burnet in Block bdherb:perennialplant-burnet-normal
17.8.2026 23:11:40 [Warning] Failed resolving a blocks item drop or smeltedstack with code bdherb:herb-arnica in Block bdherb:perennialplant-arnica-normal
17.8.2026 23:11:40 [Warning] Failed resolving a blocks item drop or smeltedstack with code bdherb:herb-cicuta in Block bdherb:perennialplant-cicuta-normal
17.8.2026 23:11:40 [Warning] Failed resolving a blocks item drop or smeltedstack with code bdherb:herb-tansy in Block bdherb:perennialplant-tansy-normal
17.8.2026 23:11:40 [Warning] Failed resolving a blocks item drop or smeltedstack with code bdherb:herb-ginseng in Block bdherb:perennialplant-ginseng-normal
17.8.2026 23:11:40 [Warning] Failed resolving a blocks item drop or smeltedstack with code bdherb:herb-katuk in Block bdherb:perennialplant-katuk-normal
17.8.2026 23:11:40 [Warning] Failed resolving a blocks item drop or smeltedstack with code bdherb:herb-minerslettuce in Block bdherb:smallannualplant-minerslettuce-normal
17.8.2026 23:11:40 [Warning] Failed resolving a blocks item drop or smeltedstack with code bdherb:herb-woodspurge in Block bdherb:smallannualplant-woodspurge-normal
17.8.2026 23:11:40 [Warning] Failed resolving a blocks block drop or smeltedstack with code game:leavesbranchy-placed-bluespruce in Block bdtree:leavesbranchy-placed-bluespruce
17.8.2026 23:11:40 [Warning] Failed resolving a blocks block drop or smeltedstack with code game:leavesbranchy-placed-bluespruce in Block bdtree:leavesbranchy-placed-bluespruce
17.8.2026 23:11:40 [Warning] Failed resolving a blocks block drop or smeltedstack with code game:leavesbranchy-placed-wiliwili in Block bdtree:leavesbranchy-placed-wiliwili
17.8.2026 23:11:40 [Warning] Failed resolving a blocks block drop or smeltedstack with code game:leavesbranchy-placed-wiliwili in Block bdtree:leavesbranchy-placed-wiliwili
17.8.2026 23:11:40 [Warning] Failed resolving a blocks block drop or smeltedstack with code game:leavesbranchy-placed-crownofthorns in Block bdtree:leavesbranchy-placed-crownofthorns
17.8.2026 23:11:40 [Warning] Failed resolving a blocks block drop or smeltedstack with code game:leavesbranchy-placed-crownofthorns in Block bdtree:leavesbranchy-placed-crownofthorns
17.8.2026 23:11:40 [Warning] Failed resolving a blocks block drop or smeltedstack with code game:leavesbranchy-placed-brideinwhite in Block bdtree:leavesbranchy-placed-brideinwhite
17.8.2026 23:11:40 [Warning] Failed resolving a blocks block drop or smeltedstack with code game:leavesbranchy-placed-brideinwhite in Block bdtree:leavesbranchy-placed-brideinwhite
17.8.2026 23:11:40 [Warning] Failed resolving a blocks block drop or smeltedstack with code game:leavesbranchy-placed-alder in Block bdtree:leavesbranchy-placed-alder
17.8.2026 23:11:40 [Warning] Failed resolving a blocks block drop or smeltedstack with code game:leavesbranchy-placed-alder in Block bdtree:leavesbranchy-placed-alder
17.8.2026 23:11:40 [Warning] Failed resolving a blocks block drop or smeltedstack with code game:leavesbranchy-placed-weepingwillow in Block bdtree:leavesbranchy-placed-weepingwillow
17.8.2026 23:11:40 [Warning] Failed resolving a blocks block drop or smeltedstack with code game:leavesbranchy-placed-weepingwillow in Block bdtree:leavesbranchy-placed-weepingwillow
17.8.2026 23:11:40 [Warning] Failed resolving a blocks block drop or smeltedstack with code game:leavesbranchy-placed-redwillow in Block bdtree:leavesbranchy-placed-redwillow
17.8.2026 23:11:40 [Warning] Failed resolving a blocks block drop or smeltedstack with code game:leavesbranchy-placed-redwillow in Block bdtree:leavesbranchy-placed-redwillow
17.8.2026 23:11:40 [Warning] Failed resolving a blocks block drop or smeltedstack with code game:leavesbranchy-placed-pyramidalpoplar in Block bdtree:leavesbranchy-placed-pyramidalpoplar
17.8.2026 23:11:40 [Warning] Failed resolving a blocks block drop or smeltedstack with code game:leavesbranchy-placed-pyramidalpoplar in Block bdtree:leavesbranchy-placed-pyramidalpoplar
17.8.2026 23:11:40 [Warning] Failed resolving a blocks block drop or smeltedstack with code game:leavesbranchy-placed-aspen in Block bdtree:leavesbranchy-placed-aspen
17.8.2026 23:11:40 [Warning] Failed resolving a blocks block drop or smeltedstack with code game:leavesbranchy-placed-aspen in Block bdtree:leavesbranchy-placed-aspen
17.8.2026 23:11:40 [Warning] Failed resolving a blocks block drop or smeltedstack with code game:leavesbranchy-placed-heather in Block bdtree:leavesbranchy-placed-heather
17.8.2026 23:11:40 [Warning] Failed resolving a blocks block drop or smeltedstack with code game:leavesbranchy-placed-heather in Block bdtree:leavesbranchy-placed-heather
17.8.2026 23:11:40 [Warning] Failed resolving a blocks block drop or smeltedstack with code game:leavesbranchy-placed-sourwood in Block bdtree:leavesbranchy-placed-sourwood
17.8.2026 23:11:40 [Warning] Failed resolving a blocks block drop or smeltedstack with code game:leavesbranchy-placed-sourwood in Block bdtree:leavesbranchy-placed-sourwood
17.8.2026 23:11:40 [Warning] Failed resolving a blocks block drop or smeltedstack with code game:leavesbranchy-placed-mousetrap in Block bdtree:leavesbranchy-placed-mousetrap
17.8.2026 23:11:40 [Warning] Failed resolving a blocks block drop or smeltedstack with code game:leavesbranchy-placed-mousetrap in Block bdtree:leavesbranchy-placed-mousetrap
17.8.2026 23:11:40 [Warning] Failed resolving a blocks block drop or smeltedstack with code game:leavesbranchy-placed-ash in Block bdtree:leavesbranchy-placed-ash
17.8.2026 23:11:40 [Warning] Failed resolving a blocks block drop or smeltedstack with code game:leavesbranchy-placed-ash in Block bdtree:leavesbranchy-placed-ash
17.8.2026 23:11:40 [Warning] Failed resolving a blocks block drop or smeltedstack with code game:leavesbranchy-placed-azobe in Block bdtree:leavesbranchy-placed-azobe
17.8.2026 23:11:40 [Warning] Failed resolving a blocks block drop or smeltedstack with code game:leavesbranchy-placed-azobe in Block bdtree:leavesbranchy-placed-azobe
17.8.2026 23:11:40 [Warning] Failed resolving a blocks block drop or smeltedstack with code game:leavesbranchy-placed-banyan in Block bdtree:leavesbranchy-placed-banyan
17.8.2026 23:11:40 [Warning] Failed resolving a blocks block drop or smeltedstack with code game:leavesbranchy-placed-banyan in Block bdtree:leavesbranchy-placed-banyan
17.8.2026 23:11:40 [Warning] Failed resolving a blocks block drop or smeltedstack with code game:leavesbranchy-placed-beech in Block bdtree:leavesbranchy-placed-beech
17.8.2026 23:11:40 [Warning] Failed resolving a blocks block drop or smeltedstack with code game:leavesbranchy-placed-beech in Block bdtree:leavesbranchy-placed-beech
17.8.2026 23:11:40 [Warning] Failed resolving a blocks block drop or smeltedstack with code game:leavesbranchy-placed-bearnut in Block bdtree:leavesbranchy-placed-bearnut
17.8.2026 23:11:40 [Warning] Failed resolving a blocks block drop or smeltedstack with code game:leavesbranchy-placed-bearnut in Block bdtree:leavesbranchy-placed-bearnut
17.8.2026 23:11:40 [Warning] Failed resolving a blocks block drop or smeltedstack with code game:leavesbranchy-placed-bluemahoe in Block bdtree:leavesbranchy-placed-bluemahoe
17.8.2026 23:11:40 [Warning] Failed resolving a blocks block drop or smeltedstack with code game:leavesbranchy-placed-bluemahoe in Block bdtree:leavesbranchy-placed-bluemahoe
17.8.2026 23:11:40 [Warning] Failed resolving a blocks block drop or smeltedstack with code game:leavesbranchy-placed-catalpa in Block bdtree:leavesbranchy-placed-catalpa
17.8.2026 23:11:40 [Warning] Failed resolving a blocks block drop or smeltedstack with code game:leavesbranchy-placed-catalpa in Block bdtree:leavesbranchy-placed-catalpa
17.8.2026 23:11:40 [Warning] Failed resolving a blocks block drop or smeltedstack with code game:leavesbranchy-placed-cedar in Block bdtree:leavesbranchy-placed-cedar
17.8.2026 23:11:40 [Warning] Failed resolving a blocks block drop or smeltedstack with code game:leavesbranchy-placed-cedar in Block bdtree:leavesbranchy-placed-cedar
17.8.2026 23:11:40 [Warning] Failed resolving a blocks block drop or smeltedstack with code game:leavesbranchy-placed-dalbergia in Block bdtree:leavesbranchy-placed-dalbergia
17.8.2026 23:11:40 [Warning] Failed resolving a blocks block drop or smeltedstack with code game:leavesbranchy-placed-dalbergia in Block bdtree:leavesbranchy-placed-dalbergia
17.8.2026 23:11:40 [Warning] Failed resolving a blocks block drop or smeltedstack with code game:leavesbranchy-placed-douglasfir in Block bdtree:leavesbranchy-placed-douglasfir
17.8.2026 23:11:40 [Warning] Failed resolving a blocks block drop or smeltedstack with code game:leavesbranchy-placed-douglasfir in Block bdtree:leavesbranchy-placed-douglasfir
17.8.2026 23:11:40 [Warning] Failed resolving a blocks block drop or smeltedstack with code game:leavesbranchy-placed-elm in Block bdtree:leavesbranchy-placed-elm
17.8.2026 23:11:40 [Warning] Failed resolving a blocks block drop or smeltedstack with code game:leavesbranchy-placed-elm in Block bdtree:leavesbranchy-placed-elm
17.8.2026 23:11:40 [Warning] Failed resolving a blocks block drop or smeltedstack with code game:leavesbranchy-placed-empresstree in Block bdtree:leavesbranchy-placed-empresstree
17.8.2026 23:11:40 [Warning] Failed resolving a blocks block drop or smeltedstack with code game:leavesbranchy-placed-empresstree in Block bdtree:leavesbranchy-placed-empresstree
17.8.2026 23:11:40 [Warning] Failed resolving a blocks block drop or smeltedstack with code game:leavesbranchy-placed-eucalyptus in Block bdtree:leavesbranchy-placed-eucalyptus
17.8.2026 23:11:40 [Warning] Failed resolving a blocks block drop or smeltedstack with code game:leavesbranchy-placed-eucalyptus in Block bdtree:leavesbranchy-placed-eucalyptus
17.8.2026 23:11:40 [Warning] Failed resolving a blocks block drop or smeltedstack with code game:leavesbranchy-placed-fir in Block bdtree:leavesbranchy-placed-fir
17.8.2026 23:11:40 [Warning] Failed resolving a blocks block drop or smeltedstack with code game:leavesbranchy-placed-fir in Block bdtree:leavesbranchy-placed-fir
17.8.2026 23:11:40 [Warning] Failed resolving a blocks block drop or smeltedstack with code game:leavesbranchy-placed-ghostgum in Block bdtree:leavesbranchy-placed-ghostgum
17.8.2026 23:11:40 [Warning] Failed resolving a blocks block drop or smeltedstack with code game:leavesbranchy-placed-ghostgum in Block bdtree:leavesbranchy-placed-ghostgum
17.8.2026 23:11:40 [Warning] Failed resolving a blocks block drop or smeltedstack with code game:leavesbranchy-placed-ginkgo in Block bdtree:leavesbranchy-placed-ginkgo
17.8.2026 23:11:40 [Warning] Failed resolving a blocks block drop or smeltedstack with code game:leavesbranchy-placed-ginkgo in Block bdtree:leavesbranchy-placed-ginkgo
17.8.2026 23:11:40 [Warning] Failed resolving a blocks block drop or smeltedstack with code game:leavesbranchy-placed-guajacum in Block bdtree:leavesbranchy-placed-guajacum
17.8.2026 23:11:40 [Warning] Failed resolving a blocks block drop or smeltedstack with code game:leavesbranchy-placed-guajacum in Block bdtree:leavesbranchy-placed-guajacum
17.8.2026 23:11:40 [Warning] Failed resolving a blocks block drop or smeltedstack with code game:leavesbranchy-placed-honeylocust in Block bdtree:leavesbranchy-placed-honeylocust
17.8.2026 23:11:40 [Warning] Failed resolving a blocks block drop or smeltedstack with code game:leavesbranchy-placed-honeylocust in Block bdtree:leavesbranchy-placed-honeylocust
17.8.2026 23:11:40 [Warning] Failed resolving a blocks block drop or smeltedstack with code game:leavesbranchy-placed-horsechestnut in Block bdtree:leavesbranchy-placed-horsechestnut
17.8.2026 23:11:40 [Warning] Failed resolving a blocks block drop or smeltedstack with code game:leavesbranchy-placed-horsechestnut in Block bdtree:leavesbranchy-placed-horsechestnut
17.8.2026 23:11:40 [Warning] Failed resolving a blocks block drop or smeltedstack with code game:leavesbranchy-placed-rosewood in Block bdtree:leavesbranchy-placed-rosewood
17.8.2026 23:11:40 [Warning] Failed resolving a blocks block drop or smeltedstack with code game:leavesbranchy-placed-rosewood in Block bdtree:leavesbranchy-placed-rosewood
17.8.2026 23:11:40 [Warning] Failed resolving a blocks block drop or smeltedstack with code game:leavesbranchy-placed-kauri in Block bdtree:leavesbranchy-placed-kauri
17.8.2026 23:11:40 [Warning] Failed resolving a blocks block drop or smeltedstack with code game:leavesbranchy-placed-kauri in Block bdtree:leavesbranchy-placed-kauri
17.8.2026 23:11:40 [Warning] Failed resolving a blocks block drop or smeltedstack with code game:leavesbranchy-placed-leadwood in Block bdtree:leavesbranchy-placed-leadwood
17.8.2026 23:11:40 [Warning] Failed resolving a blocks block drop or smeltedstack with code game:leavesbranchy-placed-leadwood in Block bdtree:leavesbranchy-placed-leadwood
17.8.2026 23:11:40 [Warning] Failed resolving a blocks block drop or smeltedstack with code game:leavesbranchy-placed-linden in Block bdtree:leavesbranchy-placed-linden
17.8.2026 23:11:40 [Warning] Failed resolving a blocks block drop or smeltedstack with code game:leavesbranchy-placed-linden in Block bdtree:leavesbranchy-placed-linden
17.8.2026 23:11:40 [Warning] Failed resolving a blocks block drop or smeltedstack with code game:leavesbranchy-placed-mahogany in Block bdtree:leavesbranchy-placed-mahogany
17.8.2026 23:11:40 [Warning] Failed resolving a blocks block drop or smeltedstack with code game:leavesbranchy-placed-mahogany in Block bdtree:leavesbranchy-placed-mahogany
17.8.2026 23:11:40 [Warning] Failed resolving a blocks block drop or smeltedstack with code game:leavesbranchy-placed-mangrove in Block bdtree:leavesbranchy-placed-mangrove
17.8.2026 23:11:40 [Warning] Failed resolving a blocks block drop or smeltedstack with code game:leavesbranchy-placed-mangrove in Block bdtree:leavesbranchy-placed-mangrove
17.8.2026 23:11:40 [Warning] Failed resolving a blocks block drop or smeltedstack with code game:leavesbranchy-placed-ohia in Block bdtree:leavesbranchy-placed-ohia
17.8.2026 23:11:40 [Warning] Failed resolving a blocks block drop or smeltedstack with code game:leavesbranchy-placed-ohia in Block bdtree:leavesbranchy-placed-ohia
17.8.2026 23:11:40 [Warning] Failed resolving a blocks block drop or smeltedstack with code game:leavesbranchy-placed-poplar in Block bdtree:leavesbranchy-placed-poplar
17.8.2026 23:11:40 [Warning] Failed resolving a blocks block drop or smeltedstack with code game:leavesbranchy-placed-poplar in Block bdtree:leavesbranchy-placed-poplar
17.8.2026 23:11:40 [Warning] Failed resolving a blocks block drop or smeltedstack with code game:leavesbranchy-placed-redcedar in Block bdtree:leavesbranchy-placed-redcedar
17.8.2026 23:11:40 [Warning] Failed resolving a blocks block drop or smeltedstack with code game:leavesbranchy-placed-redcedar in Block bdtree:leavesbranchy-placed-redcedar
17.8.2026 23:11:40 [Warning] Failed resolving a blocks block drop or smeltedstack with code game:leavesbranchy-placed-sal in Block bdtree:leavesbranchy-placed-sal
17.8.2026 23:11:40 [Warning] Failed resolving a blocks block drop or smeltedstack with code game:leavesbranchy-placed-sal in Block bdtree:leavesbranchy-placed-sal
17.8.2026 23:11:40 [Warning] Failed resolving a blocks block drop or smeltedstack with code game:leavesbranchy-placed-sapele in Block bdtree:leavesbranchy-placed-sapele
17.8.2026 23:11:40 [Warning] Failed resolving a blocks block drop or smeltedstack with code game:leavesbranchy-placed-sapele in Block bdtree:leavesbranchy-placed-sapele
17.8.2026 23:11:40 [Warning] Failed resolving a blocks block drop or smeltedstack with code game:leavesbranchy-placed-satinash in Block bdtree:leavesbranchy-placed-satinash
17.8.2026 23:11:40 [Warning] Failed resolving a blocks block drop or smeltedstack with code game:leavesbranchy-placed-satinash in Block bdtree:leavesbranchy-placed-satinash
17.8.2026 23:11:40 [Warning] Failed resolving a blocks block drop or smeltedstack with code game:leavesbranchy-placed-saxaul in Block bdtree:leavesbranchy-placed-saxaul
17.8.2026 23:11:40 [Warning] Failed resolving a blocks block drop or smeltedstack with code game:leavesbranchy-placed-saxaul in Block bdtree:leavesbranchy-placed-saxaul
17.8.2026 23:11:40 [Warning] Failed resolving a blocks block drop or smeltedstack with code game:leavesbranchy-placed-spruce in Block bdtree:leavesbranchy-placed-spruce
17.8.2026 23:11:40 [Warning] Failed resolving a blocks block drop or smeltedstack with code game:leavesbranchy-placed-spruce in Block bdtree:leavesbranchy-placed-spruce
17.8.2026 23:11:40 [Warning] Failed resolving a blocks block drop or smeltedstack with code game:leavesbranchy-placed-spurgetree in Block bdtree:leavesbranchy-placed-spurgetree
17.8.2026 23:11:40 [Warning] Failed resolving a blocks block drop or smeltedstack with code game:leavesbranchy-placed-spurgetree in Block bdtree:leavesbranchy-placed-spurgetree
17.8.2026 23:11:40 [Warning] Failed resolving a blocks block drop or smeltedstack with code game:leavesbranchy-placed-sycamore in Block bdtree:leavesbranchy-placed-sycamore
17.8.2026 23:11:40 [Warning] Failed resolving a blocks block drop or smeltedstack with code game:leavesbranchy-placed-sycamore in Block bdtree:leavesbranchy-placed-sycamore
17.8.2026 23:11:40 [Warning] Failed resolving a blocks block drop or smeltedstack with code game:leavesbranchy-placed-tamanu in Block bdtree:leavesbranchy-placed-tamanu
17.8.2026 23:11:40 [Warning] Failed resolving a blocks block drop or smeltedstack with code game:leavesbranchy-placed-tamanu in Block bdtree:leavesbranchy-placed-tamanu
17.8.2026 23:11:40 [Warning] Failed resolving a blocks block drop or smeltedstack with code game:leavesbranchy-placed-tigerwood in Block bdtree:leavesbranchy-placed-tigerwood
17.8.2026 23:11:40 [Warning] Failed resolving a blocks block drop or smeltedstack with code game:leavesbranchy-placed-tigerwood in Block bdtree:leavesbranchy-placed-tigerwood
17.8.2026 23:11:40 [Warning] Failed resolving a blocks block drop or smeltedstack with code game:leavesbranchy-placed-tuja in Block bdtree:leavesbranchy-placed-tuja
17.8.2026 23:11:40 [Warning] Failed resolving a blocks block drop or smeltedstack with code game:leavesbranchy-placed-tuja in Block bdtree:leavesbranchy-placed-tuja
17.8.2026 23:11:40 [Warning] Failed resolving a blocks block drop or smeltedstack with code game:leavesbranchy-placed-umnini in Block bdtree:leavesbranchy-placed-umnini
17.8.2026 23:11:40 [Warning] Failed resolving a blocks block drop or smeltedstack with code game:leavesbranchy-placed-umnini in Block bdtree:leavesbranchy-placed-umnini
17.8.2026 23:11:40 [Warning] Failed resolving a blocks block drop or smeltedstack with code game:leavesbranchy-placed-willow in Block bdtree:leavesbranchy-placed-willow
17.8.2026 23:11:40 [Warning] Failed resolving a blocks block drop or smeltedstack with code game:leavesbranchy-placed-willow in Block bdtree:leavesbranchy-placed-willow
17.8.2026 23:11:40 [Warning] Failed resolving a blocks block drop or smeltedstack with code game:leavesbranchy-placed-yew in Block bdtree:leavesbranchy-placed-yew
17.8.2026 23:11:40 [Warning] Failed resolving a blocks block drop or smeltedstack with code game:leavesbranchy-placed-yew in Block bdtree:leavesbranchy-placed-yew
17.8.2026 23:11:40 [Warning] Failed resolving a blocks block drop or smeltedstack with code game:leaves-placed-bluespruce in Block bdtree:leaves-placed-bluespruce
17.8.2026 23:11:40 [Warning] Failed resolving a blocks block drop or smeltedstack with code game:leaves-placed-bluespruce in Block bdtree:leaves-placed-bluespruce
17.8.2026 23:11:40 [Warning] Failed resolving a blocks block drop or smeltedstack with code game:leaves-placed-wiliwili in Block bdtree:leaves-placed-wiliwili
17.8.2026 23:11:40 [Warning] Failed resolving a blocks block drop or smeltedstack with code game:leaves-placed-wiliwili in Block bdtree:leaves-placed-wiliwili
17.8.2026 23:11:40 [Warning] Failed resolving a blocks block drop or smeltedstack with code game:leaves-placed-crownofthorns in Block bdtree:leaves-placed-crownofthorns
17.8.2026 23:11:40 [Warning] Failed resolving a blocks block drop or smeltedstack with code game:leaves-placed-crownofthorns in Block bdtree:leaves-placed-crownofthorns
17.8.2026 23:11:40 [Warning] Failed resolving a blocks block drop or smeltedstack with code game:leaves-placed-brideinwhite in Block bdtree:leaves-placed-brideinwhite
17.8.2026 23:11:40 [Warning] Failed resolving a blocks block drop or smeltedstack with code game:leaves-placed-brideinwhite in Block bdtree:leaves-placed-brideinwhite
17.8.2026 23:11:40 [Warning] Failed resolving a blocks block drop or smeltedstack with code game:leaves-placed-alder in Block bdtree:leaves-placed-alder
17.8.2026 23:11:40 [Warning] Failed resolving a blocks block drop or smeltedstack with code game:leaves-placed-alder in Block bdtree:leaves-placed-alder
17.8.2026 23:11:40 [Warning] Failed resolving a blocks block drop or smeltedstack with code game:leaves-placed-weepingwillow in Block bdtree:leaves-placed-weepingwillow
17.8.2026 23:11:40 [Warning] Failed resolving a blocks block drop or smeltedstack with code game:leaves-placed-weepingwillow in Block bdtree:leaves-placed-weepingwillow
17.8.2026 23:11:40 [Warning] Failed resolving a blocks block drop or smeltedstack with code game:leaves-placed-redwillow in Block bdtree:leaves-placed-redwillow
17.8.2026 23:11:40 [Warning] Failed resolving a blocks block drop or smeltedstack with code game:leaves-placed-redwillow in Block bdtree:leaves-placed-redwillow
17.8.2026 23:11:40 [Warning] Failed resolving a blocks block drop or smeltedstack with code game:leaves-placed-pyramidalpoplar in Block bdtree:leaves-placed-pyramidalpoplar
17.8.2026 23:11:40 [Warning] Failed resolving a blocks block drop or smeltedstack with code game:leaves-placed-pyramidalpoplar in Block bdtree:leaves-placed-pyramidalpoplar
17.8.2026 23:11:40 [Warning] Failed resolving a blocks block drop or smeltedstack with code game:leaves-placed-aspen in Block bdtree:leaves-placed-aspen
17.8.2026 23:11:40 [Warning] Failed resolving a blocks block drop or smeltedstack with code game:leaves-placed-aspen in Block bdtree:leaves-placed-aspen
17.8.2026 23:11:40 [Warning] Failed resolving a blocks block drop or smeltedstack with code game:leaves-placed-heather in Block bdtree:leaves-placed-heather
17.8.2026 23:11:40 [Warning] Failed resolving a blocks block drop or smeltedstack with code game:leaves-placed-heather in Block bdtree:leaves-placed-heather
17.8.2026 23:11:40 [Warning] Failed resolving a blocks block drop or smeltedstack with code game:leaves-placed-sourwood in Block bdtree:leaves-placed-sourwood
17.8.2026 23:11:40 [Warning] Failed resolving a blocks block drop or smeltedstack with code game:leaves-placed-sourwood in Block bdtree:leaves-placed-sourwood
17.8.2026 23:11:40 [Warning] Failed resolving a blocks block drop or smeltedstack with code game:leaves-placed-mousetrap in Block bdtree:leaves-placed-mousetrap
17.8.2026 23:11:40 [Warning] Failed resolving a blocks block drop or smeltedstack with code game:leaves-placed-mousetrap in Block bdtree:leaves-placed-mousetrap
17.8.2026 23:11:40 [Warning] Failed resolving a blocks block drop or smeltedstack with code game:leaves-placed-ash in Block bdtree:leaves-placed-ash
17.8.2026 23:11:40 [Warning] Failed resolving a blocks block drop or smeltedstack with code game:leaves-placed-ash in Block bdtree:leaves-placed-ash
17.8.2026 23:11:40 [Warning] Failed resolving a blocks block drop or smeltedstack with code game:leaves-placed-azobe in Block bdtree:leaves-placed-azobe
17.8.2026 23:11:40 [Warning] Failed resolving a blocks block drop or smeltedstack with code game:leaves-placed-azobe in Block bdtree:leaves-placed-azobe
17.8.2026 23:11:40 [Warning] Failed resolving a blocks block drop or smeltedstack with code game:leaves-placed-banyan in Block bdtree:leaves-placed-banyan
17.8.2026 23:11:40 [Warning] Failed resolving a blocks block drop or smeltedstack with code game:leaves-placed-banyan in Block bdtree:leaves-placed-banyan
17.8.2026 23:11:40 [Warning] Failed resolving a blocks block drop or smeltedstack with code game:leaves-placed-beech in Block bdtree:leaves-placed-beech
17.8.2026 23:11:40 [Warning] Failed resolving a blocks block drop or smeltedstack with code game:leaves-placed-beech in Block bdtree:leaves-placed-beech
17.8.2026 23:11:40 [Warning] Failed resolving a blocks block drop or smeltedstack with code game:leaves-placed-bearnut in Block bdtree:leaves-placed-bearnut
17.8.2026 23:11:40 [Warning] Failed resolving a blocks block drop or smeltedstack with code game:leaves-placed-bearnut in Block bdtree:leaves-placed-bearnut
17.8.2026 23:11:40 [Warning] Failed resolving a blocks block drop or smeltedstack with code game:leaves-placed-bluemahoe in Block bdtree:leaves-placed-bluemahoe
17.8.2026 23:11:40 [Warning] Failed resolving a blocks block drop or smeltedstack with code game:leaves-placed-bluemahoe in Block bdtree:leaves-placed-bluemahoe
17.8.2026 23:11:40 [Warning] Failed resolving a blocks block drop or smeltedstack with code game:leaves-placed-catalpa in Block bdtree:leaves-placed-catalpa
17.8.2026 23:11:40 [Warning] Failed resolving a blocks block drop or smeltedstack with code game:leaves-placed-catalpa in Block bdtree:leaves-placed-catalpa
17.8.2026 23:11:40 [Warning] Failed resolving a blocks block drop or smeltedstack with code game:leaves-placed-cedar in Block bdtree:leaves-placed-cedar
17.8.2026 23:11:40 [Warning] Failed resolving a blocks block drop or smeltedstack with code game:leaves-placed-cedar in Block bdtree:leaves-placed-cedar
17.8.2026 23:11:40 [Warning] Failed resolving a blocks block drop or smeltedstack with code game:leaves-placed-dalbergia in Block bdtree:leaves-placed-dalbergia
17.8.2026 23:11:40 [Warning] Failed resolving a blocks block drop or smeltedstack with code game:leaves-placed-dalbergia in Block bdtree:leaves-placed-dalbergia
17.8.2026 23:11:40 [Warning] Failed resolving a blocks block drop or smeltedstack with code game:leaves-placed-douglasfir in Block bdtree:leaves-placed-douglasfir
17.8.2026 23:11:40 [Warning] Failed resolving a blocks block drop or smeltedstack with code game:leaves-placed-douglasfir in Block bdtree:leaves-placed-douglasfir
17.8.2026 23:11:40 [Warning] Failed resolving a blocks block drop or smeltedstack with code game:leaves-placed-elm in Block bdtree:leaves-placed-elm
17.8.2026 23:11:40 [Warning] Failed resolving a blocks block drop or smeltedstack with code game:leaves-placed-elm in Block bdtree:leaves-placed-elm
17.8.2026 23:11:40 [Warning] Failed resolving a blocks block drop or smeltedstack with code game:leaves-placed-empresstree in Block bdtree:leaves-placed-empresstree
17.8.2026 23:11:40 [Warning] Failed resolving a blocks block drop or smeltedstack with code game:leaves-placed-empresstree in Block bdtree:leaves-placed-empresstree
17.8.2026 23:11:40 [Warning] Failed resolving a blocks block drop or smeltedstack with code game:leaves-placed-eucalyptus in Block bdtree:leaves-placed-eucalyptus
17.8.2026 23:11:40 [Warning] Failed resolving a blocks block drop or smeltedstack with code game:leaves-placed-eucalyptus in Block bdtree:leaves-placed-eucalyptus
17.8.2026 23:11:40 [Warning] Failed resolving a blocks block drop or smeltedstack with code game:leaves-placed-fir in Block bdtree:leaves-placed-fir
17.8.2026 23:11:40 [Warning] Failed resolving a blocks block drop or smeltedstack with code game:leaves-placed-fir in Block bdtree:leaves-placed-fir
17.8.2026 23:11:40 [Warning] Failed resolving a blocks block drop or smeltedstack with code game:leaves-placed-ghostgum in Block bdtree:leaves-placed-ghostgum
17.8.2026 23:11:40 [Warning] Failed resolving a blocks block drop or smeltedstack with code game:leaves-placed-ghostgum in Block bdtree:leaves-placed-ghostgum
17.8.2026 23:11:40 [Warning] Failed resolving a blocks block drop or smeltedstack with code game:leaves-placed-ginkgo in Block bdtree:leaves-placed-ginkgo
17.8.2026 23:11:40 [Warning] Failed resolving a blocks block drop or smeltedstack with code game:leaves-placed-ginkgo in Block bdtree:leaves-placed-ginkgo
17.8.2026 23:11:40 [Warning] Failed resolving a blocks block drop or smeltedstack with code game:leaves-placed-guajacum in Block bdtree:leaves-placed-guajacum
17.8.2026 23:11:40 [Warning] Failed resolving a blocks block drop or smeltedstack with code game:leaves-placed-guajacum in Block bdtree:leaves-placed-guajacum
17.8.2026 23:11:40 [Warning] Failed resolving a blocks block drop or smeltedstack with code game:leaves-placed-honeylocust in Block bdtree:leaves-placed-honeylocust
17.8.2026 23:11:40 [Warning] Failed resolving a blocks block drop or smeltedstack with code game:leaves-placed-honeylocust in Block bdtree:leaves-placed-honeylocust
17.8.2026 23:11:40 [Warning] Failed resolving a blocks block drop or smeltedstack with code game:leaves-placed-horsechestnut in Block bdtree:leaves-placed-horsechestnut
17.8.2026 23:11:40 [Warning] Failed resolving a blocks block drop or smeltedstack with code game:leaves-placed-horsechestnut in Block bdtree:leaves-placed-horsechestnut
17.8.2026 23:11:40 [Warning] Failed resolving a blocks block drop or smeltedstack with code game:leaves-placed-rosewood in Block bdtree:leaves-placed-rosewood
17.8.2026 23:11:40 [Warning] Failed resolving a blocks block drop or smeltedstack with code game:leaves-placed-rosewood in Block bdtree:leaves-placed-rosewood
17.8.2026 23:11:40 [Warning] Failed resolving a blocks block drop or smeltedstack with code game:leaves-placed-kauri in Block bdtree:leaves-placed-kauri
17.8.2026 23:11:40 [Warning] Failed resolving a blocks block drop or smeltedstack with code game:leaves-placed-kauri in Block bdtree:leaves-placed-kauri
17.8.2026 23:11:40 [Warning] Failed resolving a blocks block drop or smeltedstack with code game:leaves-placed-leadwood in Block bdtree:leaves-placed-leadwood
17.8.2026 23:11:40 [Warning] Failed resolving a blocks block drop or smeltedstack with code game:leaves-placed-leadwood in Block bdtree:leaves-placed-leadwood
17.8.2026 23:11:40 [Warning] Failed resolving a blocks block drop or smeltedstack with code game:leaves-placed-linden in Block bdtree:leaves-placed-linden
17.8.2026 23:11:40 [Warning] Failed resolving a blocks block drop or smeltedstack with code game:leaves-placed-linden in Block bdtree:leaves-placed-linden
17.8.2026 23:11:40 [Warning] Failed resolving a blocks block drop or smeltedstack with code game:leaves-placed-mahogany in Block bdtree:leaves-placed-mahogany
17.8.2026 23:11:40 [Warning] Failed resolving a blocks block drop or smeltedstack with code game:leaves-placed-mahogany in Block bdtree:leaves-placed-mahogany
17.8.2026 23:11:40 [Warning] Failed resolving a blocks block drop or smeltedstack with code game:leaves-placed-mangrove in Block bdtree:leaves-placed-mangrove
17.8.2026 23:11:40 [Warning] Failed resolving a blocks block drop or smeltedstack with code game:leaves-placed-mangrove in Block bdtree:leaves-placed-mangrove
17.8.2026 23:11:40 [Warning] Failed resolving a blocks block drop or smeltedstack with code game:leaves-placed-ohia in Block bdtree:leaves-placed-ohia
17.8.2026 23:11:40 [Warning] Failed resolving a blocks block drop or smeltedstack with code game:leaves-placed-ohia in Block bdtree:leaves-placed-ohia
17.8.2026 23:11:40 [Warning] Failed resolving a blocks block drop or smeltedstack with code game:leaves-placed-poplar in Block bdtree:leaves-placed-poplar
17.8.2026 23:11:40 [Warning] Failed resolving a blocks block drop or smeltedstack with code game:leaves-placed-poplar in Block bdtree:leaves-placed-poplar
17.8.2026 23:11:40 [Warning] Failed resolving a blocks block drop or smeltedstack with code game:leaves-placed-redcedar in Block bdtree:leaves-placed-redcedar
17.8.2026 23:11:40 [Warning] Failed resolving a blocks block drop or smeltedstack with code game:leaves-placed-redcedar in Block bdtree:leaves-placed-redcedar
17.8.2026 23:11:40 [Warning] Failed resolving a blocks block drop or smeltedstack with code game:leaves-placed-sal in Block bdtree:leaves-placed-sal
17.8.2026 23:11:40 [Warning] Failed resolving a blocks block drop or smeltedstack with code game:leaves-placed-sal in Block bdtree:leaves-placed-sal
17.8.2026 23:11:40 [Warning] Failed resolving a blocks block drop or smeltedstack with code game:leaves-placed-sapele in Block bdtree:leaves-placed-sapele
17.8.2026 23:11:40 [Warning] Failed resolving a blocks block drop or smeltedstack with code game:leaves-placed-sapele in Block bdtree:leaves-placed-sapele
17.8.2026 23:11:40 [Warning] Failed resolving a blocks block drop or smeltedstack with code game:leaves-placed-satinash in Block bdtree:leaves-placed-satinash
17.8.2026 23:11:40 [Warning] Failed resolving a blocks block drop or smeltedstack with code game:leaves-placed-satinash in Block bdtree:leaves-placed-satinash
17.8.2026 23:11:40 [Warning] Failed resolving a blocks block drop or smeltedstack with code game:leaves-placed-saxaul in Block bdtree:leaves-placed-saxaul
17.8.2026 23:11:40 [Warning] Failed resolving a blocks block drop or smeltedstack with code game:leaves-placed-saxaul in Block bdtree:leaves-placed-saxaul
17.8.2026 23:11:40 [Warning] Failed resolving a blocks block drop or smeltedstack with code game:leaves-placed-spruce in Block bdtree:leaves-placed-spruce
17.8.2026 23:11:40 [Warning] Failed resolving a blocks block drop or smeltedstack with code game:leaves-placed-spruce in Block bdtree:leaves-placed-spruce
17.8.2026 23:11:40 [Warning] Failed resolving a blocks block drop or smeltedstack with code game:leaves-placed-spurgetree in Block bdtree:leaves-placed-spurgetree
17.8.2026 23:11:40 [Warning] Failed resolving a blocks block drop or smeltedstack with code game:leaves-placed-spurgetree in Block bdtree:leaves-placed-spurgetree
17.8.2026 23:11:40 [Warning] Failed resolving a blocks block drop or smeltedstack with code game:leaves-placed-sycamore in Block bdtree:leaves-placed-sycamore
17.8.2026 23:11:40 [Warning] Failed resolving a blocks block drop or smeltedstack with code game:leaves-placed-sycamore in Block bdtree:leaves-placed-sycamore
17.8.2026 23:11:40 [Warning] Failed resolving a blocks block drop or smeltedstack with code game:leaves-placed-tamanu in Block bdtree:leaves-placed-tamanu
17.8.2026 23:11:40 [Warning] Failed resolving a blocks block drop or smeltedstack with code game:leaves-placed-tamanu in Block bdtree:leaves-placed-tamanu
17.8.2026 23:11:40 [Warning] Failed resolving a blocks block drop or smeltedstack with code game:leaves-placed-tigerwood in Block bdtree:leaves-placed-tigerwood
17.8.2026 23:11:40 [Warning] Failed resolving a blocks block drop or smeltedstack with code game:leaves-placed-tigerwood in Block bdtree:leaves-placed-tigerwood
17.8.2026 23:11:40 [Warning] Failed resolving a blocks block drop or smeltedstack with code game:leaves-placed-tuja in Block bdtree:leaves-placed-tuja
17.8.2026 23:11:40 [Warning] Failed resolving a blocks block drop or smeltedstack with code game:leaves-placed-tuja in Block bdtree:leaves-placed-tuja
17.8.2026 23:11:40 [Warning] Failed resolving a blocks block drop or smeltedstack with code game:leaves-placed-umnini in Block bdtree:leaves-placed-umnini
17.8.2026 23:11:40 [Warning] Failed resolving a blocks block drop or smeltedstack with code game:leaves-placed-umnini in Block bdtree:leaves-placed-umnini
17.8.2026 23:11:40 [Warning] Failed resolving a blocks block drop or smeltedstack with code game:leaves-placed-willow in Block bdtree:leaves-placed-willow
17.8.2026 23:11:40 [Warning] Failed resolving a blocks block drop or smeltedstack with code game:leaves-placed-willow in Block bdtree:leaves-placed-willow
17.8.2026 23:11:40 [Warning] Failed resolving a blocks block drop or smeltedstack with code game:leaves-placed-yew in Block bdtree:leaves-placed-yew
17.8.2026 23:11:40 [Warning] Failed resolving a blocks block drop or smeltedstack with code game:leaves-placed-yew in Block bdtree:leaves-placed-yew
17.8.2026 23:11:40 [Warning] [PlayerModelLib] [CustomModelsSystem] (racialequality:dwarf) Model icon by path 'game:textures/.png' does not exists
17.8.2026 23:11:40 [Warning] [PlayerModelLib] [CustomModelsSystem] (racialequality:elf) Model icon by path 'game:textures/.png' does not exists
17.8.2026 23:11:40 [Warning] [PlayerModelLib] [CustomModelsSystem] (racialequality:goblin) Model icon by path 'game:textures/.png' does not exists
17.8.2026 23:11:40 [Warning] [PlayerModelLib] [CustomModelsSystem] (racialequality:human) Model icon by path 'game:textures/.png' does not exists
17.8.2026 23:11:40 [Warning] [PlayerModelLib] [CustomModelsSystem] (racialequality:ork) Model icon by path 'game:textures/.png' does not exists
17.8.2026 23:11:40 [Error] Entity shape for entity racialability:boulder not found or errored, was supposed to be at racialability:shapes/item/boulder.json. Entity will be invisible!
17.8.2026 23:11:40 [Warning] 'ItemWearable' class is obsolete. Please, replace it with 'Wearable' behavior for medieval:clothes-arm-medieval-pouch instead
17.8.2026 23:11:40 [Warning] 'ItemWearable' class is obsolete. Please, replace it with 'Wearable' behavior for medieval:clothes-arm-esclava instead
17.8.2026 23:11:40 [Warning] 'ItemWearable' class is obsolete. Please, replace it with 'Wearable' behavior for medieval:armormedieval-head-chain-copper instead
17.8.2026 23:11:40 [Warning] 'ItemWearable' class is obsolete. Please, replace it with 'Wearable' behavior for medieval:armormedieval-body-chain-copper instead
17.8.2026 23:11:40 [Warning] 'ItemWearable' class is obsolete. Please, replace it with 'Wearable' behavior for medieval:armormedieval-legs-chain-copper instead
17.8.2026 23:11:40 [Warning] 'ItemWearable' class is obsolete. Please, replace it with 'Wearable' behavior for medieval:armormedieval-head-scale-copper instead
17.8.2026 23:11:40 [Warning] 'ItemWearable' class is obsolete. Please, replace it with 'Wearable' behavior for medieval:armormedieval-body-scale-copper instead
17.8.2026 23:11:40 [Warning] 'ItemWearable' class is obsolete. Please, replace it with 'Wearable' behavior for medieval:armormedieval-legs-scale-copper instead
17.8.2026 23:11:40 [Warning] 'ItemWearable' class is obsolete. Please, replace it with 'Wearable' behavior for medieval:armormedieval-head-plate-copper instead
17.8.2026 23:11:40 [Warning] 'ItemWearable' class is obsolete. Please, replace it with 'Wearable' behavior for medieval:armormedieval-body-plate-copper instead
17.8.2026 23:11:40 [Warning] 'ItemWearable' class is obsolete. Please, replace it with 'Wearable' behavior for medieval:armormedieval-legs-plate-copper instead
17.8.2026 23:11:40 [Warning] 'ItemWearable' class is obsolete. Please, replace it with 'Wearable' behavior for medieval:armormedieval-head-chain-tinbronze instead
17.8.2026 23:11:40 [Warning] 'ItemWearable' class is obsolete. Please, replace it with 'Wearable' behavior for medieval:armormedieval-body-chain-tinbronze instead
17.8.2026 23:11:40 [Warning] 'ItemWearable' class is obsolete. Please, replace it with 'Wearable' behavior for medieval:armormedieval-legs-chain-tinbronze instead
17.8.2026 23:11:40 [Warning] 'ItemWearable' class is obsolete. Please, replace it with 'Wearable' behavior for medieval:armormedieval-head-scale-tinbronze instead
17.8.2026 23:11:40 [Warning] 'ItemWearable' class is obsolete. Please, replace it with 'Wearable' behavior for medieval:armormedieval-body-scale-tinbronze instead
17.8.2026 23:11:40 [Warning] 'ItemWearable' class is obsolete. Please, replace it with 'Wearable' behavior for medieval:armormedieval-legs-scale-tinbronze instead
17.8.2026 23:11:40 [Warning] 'ItemWearable' class is obsolete. Please, replace it with 'Wearable' behavior for medieval:armormedieval-head-plate-tinbronze instead
17.8.2026 23:11:40 [Warning] 'ItemWearable' class is obsolete. Please, replace it with 'Wearable' behavior for medieval:armormedieval-body-plate-tinbronze instead
17.8.2026 23:11:40 [Warning] 'ItemWearable' class is obsolete. Please, replace it with 'Wearable' behavior for medieval:armormedieval-legs-plate-tinbronze instead
17.8.2026 23:11:40 [Warning] 'ItemWearable' class is obsolete. Please, replace it with 'Wearable' behavior for medieval:armormedieval-head-chain-bismuthbronze instead
17.8.2026 23:11:40 [Warning] 'ItemWearable' class is obsolete. Please, replace it with 'Wearable' behavior for medieval:armormedieval-body-chain-bismuthbronze instead
17.8.2026 23:11:40 [Warning] 'ItemWearable' class is obsolete. Please, replace it with 'Wearable' behavior for medieval:armormedieval-legs-chain-bismuthbronze instead
17.8.2026 23:11:40 [Warning] 'ItemWearable' class is obsolete. Please, replace it with 'Wearable' behavior for medieval:armormedieval-head-scale-bismuthbronze instead
17.8.2026 23:11:40 [Warning] 'ItemWearable' class is obsolete. Please, replace it with 'Wearable' behavior for medieval:armormedieval-body-scale-bismuthbronze instead
17.8.2026 23:11:40 [Warning] 'ItemWearable' class is obsolete. Please, replace it with 'Wearable' behavior for medieval:armormedieval-legs-scale-bismuthbronze instead
17.8.2026 23:11:40 [Warning] 'ItemWearable' class is obsolete. Please, replace it with 'Wearable' behavior for medieval:armormedieval-head-plate-bismuthbronze instead
17.8.2026 23:11:40 [Warning] 'ItemWearable' class is obsolete. Please, replace it with 'Wearable' behavior for medieval:armormedieval-body-plate-bismuthbronze instead
17.8.2026 23:11:40 [Warning] 'ItemWearable' class is obsolete. Please, replace it with 'Wearable' behavior for medieval:armormedieval-legs-plate-bismuthbronze instead
17.8.2026 23:11:40 [Warning] 'ItemWearable' class is obsolete. Please, replace it with 'Wearable' behavior for medieval:armormedieval-head-chain-blackbronze instead
17.8.2026 23:11:40 [Warning] 'ItemWearable' class is obsolete. Please, replace it with 'Wearable' behavior for medieval:armormedieval-body-chain-blackbronze instead
17.8.2026 23:11:40 [Warning] 'ItemWearable' class is obsolete. Please, replace it with 'Wearable' behavior for medieval:armormedieval-legs-chain-blackbronze instead
17.8.2026 23:11:40 [Warning] 'ItemWearable' class is obsolete. Please, replace it with 'Wearable' behavior for medieval:armormedieval-head-scale-blackbronze instead
17.8.2026 23:11:40 [Warning] 'ItemWearable' class is obsolete. Please, replace it with 'Wearable' behavior for medieval:armormedieval-body-scale-blackbronze instead
17.8.2026 23:11:40 [Warning] 'ItemWearable' class is obsolete. Please, replace it with 'Wearable' behavior for medieval:armormedieval-legs-scale-blackbronze instead
17.8.2026 23:11:40 [Warning] 'ItemWearable' class is obsolete. Please, replace it with 'Wearable' behavior for medieval:armormedieval-head-plate-blackbronze instead
17.8.2026 23:11:40 [Warning] 'ItemWearable' class is obsolete. Please, replace it with 'Wearable' behavior for medieval:armormedieval-body-plate-blackbronze instead
17.8.2026 23:11:40 [Warning] 'ItemWearable' class is obsolete. Please, replace it with 'Wearable' behavior for medieval:armormedieval-legs-plate-blackbronze instead
17.8.2026 23:11:40 [Warning] 'ItemWearable' class is obsolete. Please, replace it with 'Wearable' behavior for medieval:armormedieval-head-chain-iron instead
17.8.2026 23:11:40 [Warning] 'ItemWearable' class is obsolete. Please, replace it with 'Wearable' behavior for medieval:armormedieval-body-chain-iron instead
17.8.2026 23:11:40 [Warning] 'ItemWearable' class is obsolete. Please, replace it with 'Wearable' behavior for medieval:armormedieval-legs-chain-iron instead
17.8.2026 23:11:40 [Warning] 'ItemWearable' class is obsolete. Please, replace it with 'Wearable' behavior for medieval:armormedieval-head-scale-iron instead
17.8.2026 23:11:40 [Warning] 'ItemWearable' class is obsolete. Please, replace it with 'Wearable' behavior for medieval:armormedieval-body-scale-iron instead
17.8.2026 23:11:40 [Warning] 'ItemWearable' class is obsolete. Please, replace it with 'Wearable' behavior for medieval:armormedieval-legs-scale-iron instead
17.8.2026 23:11:40 [Warning] 'ItemWearable' class is obsolete. Please, replace it with 'Wearable' behavior for medieval:armormedieval-head-plate-iron instead
17.8.2026 23:11:40 [Warning] 'ItemWearable' class is obsolete. Please, replace it with 'Wearable' behavior for medieval:armormedieval-body-plate-iron instead
17.8.2026 23:11:40 [Warning] 'ItemWearable' class is obsolete. Please, replace it with 'Wearable' behavior for medieval:armormedieval-legs-plate-iron instead
17.8.2026 23:11:40 [Warning] 'ItemWearable' class is obsolete. Please, replace it with 'Wearable' behavior for medieval:armormedieval-head-chain-meteoriciron instead
17.8.2026 23:11:40 [Warning] 'ItemWearable' class is obsolete. Please, replace it with 'Wearable' behavior for medieval:armormedieval-body-chain-meteoriciron instead
17.8.2026 23:11:40 [Warning] 'ItemWearable' class is obsolete. Please, replace it with 'Wearable' behavior for medieval:armormedieval-legs-chain-meteoriciron instead
17.8.2026 23:11:40 [Warning] 'ItemWearable' class is obsolete. Please, replace it with 'Wearable' behavior for medieval:armormedieval-head-scale-meteoriciron instead
17.8.2026 23:11:40 [Warning] 'ItemWearable' class is obsolete. Please, replace it with 'Wearable' behavior for medieval:armormedieval-body-scale-meteoriciron instead
17.8.2026 23:11:40 [Warning] 'ItemWearable' class is obsolete. Please, replace it with 'Wearable' behavior for medieval:armormedieval-legs-scale-meteoriciron instead
17.8.2026 23:11:40 [Warning] 'ItemWearable' class is obsolete. Please, replace it with 'Wearable' behavior for medieval:armormedieval-head-plate-meteoriciron instead
17.8.2026 23:11:40 [Warning] 'ItemWearable' class is obsolete. Please, replace it with 'Wearable' behavior for medieval:armormedieval-body-plate-meteoriciron instead
17.8.2026 23:11:40 [Warning] 'ItemWearable' class is obsolete. Please, replace it with 'Wearable' behavior for medieval:armormedieval-legs-plate-meteoriciron instead
17.8.2026 23:11:40 [Warning] 'ItemWearable' class is obsolete. Please, replace it with 'Wearable' behavior for medieval:armormedieval-head-chain-steel instead
17.8.2026 23:11:40 [Warning] 'ItemWearable' class is obsolete. Please, replace it with 'Wearable' behavior for medieval:armormedieval-body-chain-steel instead
17.8.2026 23:11:40 [Warning] 'ItemWearable' class is obsolete. Please, replace it with 'Wearable' behavior for medieval:armormedieval-legs-chain-steel instead
17.8.2026 23:11:40 [Warning] 'ItemWearable' class is obsolete. Please, replace it with 'Wearable' behavior for medieval:armormedieval-head-scale-steel instead
17.8.2026 23:11:40 [Warning] 'ItemWearable' class is obsolete. Please, replace it with 'Wearable' behavior for medieval:armormedieval-body-scale-steel instead
17.8.2026 23:11:40 [Warning] 'ItemWearable' class is obsolete. Please, replace it with 'Wearable' behavior for medieval:armormedieval-legs-scale-steel instead
17.8.2026 23:11:40 [Warning] 'ItemWearable' class is obsolete. Please, replace it with 'Wearable' behavior for medieval:armormedieval-head-plate-steel instead
17.8.2026 23:11:40 [Warning] 'ItemWearable' class is obsolete. Please, replace it with 'Wearable' behavior for medieval:armormedieval-body-plate-steel instead
17.8.2026 23:11:40 [Warning] 'ItemWearable' class is obsolete. Please, replace it with 'Wearable' behavior for medieval:armormedieval-legs-plate-steel instead
17.8.2026 23:11:40 [Warning] 'ItemWearable' class is obsolete. Please, replace it with 'Wearable' behavior for medieval:armormedievalc-head-cloth-black instead
17.8.2026 23:11:40 [Warning] 'ItemWearable' class is obsolete. Please, replace it with 'Wearable' behavior for medieval:armormedievalc-body-cloth-black instead
17.8.2026 23:11:40 [Warning] 'ItemWearable' class is obsolete. Please, replace it with 'Wearable' behavior for medieval:armormedievalc-legs-cloth-black instead
17.8.2026 23:11:40 [Warning] 'ItemWearable' class is obsolete. Please, replace it with 'Wearable' behavior for medieval:armormedievalc-head-cloth-blackred instead
17.8.2026 23:11:40 [Warning] 'ItemWearable' class is obsolete. Please, replace it with 'Wearable' behavior for medieval:armormedievalc-body-cloth-blackred instead
17.8.2026 23:11:40 [Warning] 'ItemWearable' class is obsolete. Please, replace it with 'Wearable' behavior for medieval:armormedievalc-legs-cloth-blackred instead
17.8.2026 23:11:40 [Warning] 'ItemWearable' class is obsolete. Please, replace it with 'Wearable' behavior for medieval:armormedievalc-head-cloth-blackpurple instead
17.8.2026 23:11:40 [Warning] 'ItemWearable' class is obsolete. Please, replace it with 'Wearable' behavior for medieval:armormedievalc-body-cloth-blackpurple instead
17.8.2026 23:11:40 [Warning] 'ItemWearable' class is obsolete. Please, replace it with 'Wearable' behavior for medieval:armormedievalc-legs-cloth-blackpurple instead
17.8.2026 23:11:40 [Warning] 'ItemWearable' class is obsolete. Please, replace it with 'Wearable' behavior for medieval:armormedievalc-head-cloth-black2 instead
17.8.2026 23:11:40 [Warning] 'ItemWearable' class is obsolete. Please, replace it with 'Wearable' behavior for medieval:armormedievalc-body-cloth-black2 instead
17.8.2026 23:11:40 [Warning] 'ItemWearable' class is obsolete. Please, replace it with 'Wearable' behavior for medieval:armormedievalc-legs-cloth-black2 instead
17.8.2026 23:11:40 [Warning] 'ItemWearable' class is obsolete. Please, replace it with 'Wearable' behavior for medieval:armormedievalc-head-cloth-blue instead
17.8.2026 23:11:40 [Warning] 'ItemWearable' class is obsolete. Please, replace it with 'Wearable' behavior for medieval:armormedievalc-body-cloth-blue instead
17.8.2026 23:11:40 [Warning] 'ItemWearable' class is obsolete. Please, replace it with 'Wearable' behavior for medieval:armormedievalc-legs-cloth-blue instead
17.8.2026 23:11:40 [Warning] 'ItemWearable' class is obsolete. Please, replace it with 'Wearable' behavior for medieval:armormedievalc-head-cloth-darkpurple instead
17.8.2026 23:11:40 [Warning] 'ItemWearable' class is obsolete. Please, replace it with 'Wearable' behavior for medieval:armormedievalc-body-cloth-darkpurple instead
17.8.2026 23:11:40 [Warning] 'ItemWearable' class is obsolete. Please, replace it with 'Wearable' behavior for medieval:armormedievalc-legs-cloth-darkpurple instead
17.8.2026 23:11:40 [Warning] 'ItemWearable' class is obsolete. Please, replace it with 'Wearable' behavior for medieval:armormedievalc-head-cloth-red instead
17.8.2026 23:11:40 [Warning] 'ItemWearable' class is obsolete. Please, replace it with 'Wearable' behavior for medieval:armormedievalc-body-cloth-red instead
17.8.2026 23:11:40 [Warning] 'ItemWearable' class is obsolete. Please, replace it with 'Wearable' behavior for medieval:armormedievalc-legs-cloth-red instead
17.8.2026 23:11:40 [Warning] 'ItemWearable' class is obsolete. Please, replace it with 'Wearable' behavior for medieval:armormedievalc-head-cloth-red2 instead
17.8.2026 23:11:40 [Warning] 'ItemWearable' class is obsolete. Please, replace it with 'Wearable' behavior for medieval:armormedievalc-body-cloth-red2 instead
17.8.2026 23:11:40 [Warning] 'ItemWearable' class is obsolete. Please, replace it with 'Wearable' behavior for medieval:armormedievalc-legs-cloth-red2 instead
17.8.2026 23:11:40 [Warning] 'ItemWearable' class is obsolete. Please, replace it with 'Wearable' behavior for medieval:armormedievalc-head-cloth-red3 instead
17.8.2026 23:11:40 [Warning] 'ItemWearable' class is obsolete. Please, replace it with 'Wearable' behavior for medieval:armormedievalc-body-cloth-red3 instead
17.8.2026 23:11:40 [Warning] 'ItemWearable' class is obsolete. Please, replace it with 'Wearable' behavior for medieval:armormedievalc-legs-cloth-red3 instead
17.8.2026 23:11:40 [Warning] 'ItemWearable' class is obsolete. Please, replace it with 'Wearable' behavior for medieval:armormedievalc-head-cloth-infa1 instead
17.8.2026 23:11:40 [Warning] 'ItemWearable' class is obsolete. Please, replace it with 'Wearable' behavior for medieval:armormedievalc-body-cloth-infa1 instead
17.8.2026 23:11:40 [Warning] 'ItemWearable' class is obsolete. Please, replace it with 'Wearable' behavior for medieval:armormedievalc-legs-cloth-infa1 instead
17.8.2026 23:11:40 [Warning] 'ItemWearable' class is obsolete. Please, replace it with 'Wearable' behavior for medieval:armormedievalc-head-cloth-infa2 instead
17.8.2026 23:11:40 [Warning] 'ItemWearable' class is obsolete. Please, replace it with 'Wearable' behavior for medieval:armormedievalc-body-cloth-infa2 instead
17.8.2026 23:11:40 [Warning] 'ItemWearable' class is obsolete. Please, replace it with 'Wearable' behavior for medieval:armormedievalc-legs-cloth-infa2 instead
17.8.2026 23:11:40 [Warning] 'ItemWearable' class is obsolete. Please, replace it with 'Wearable' behavior for medieval:armormedievalc-head-cloth-infa3 instead
17.8.2026 23:11:40 [Warning] 'ItemWearable' class is obsolete. Please, replace it with 'Wearable' behavior for medieval:armormedievalc-body-cloth-infa3 instead
17.8.2026 23:11:40 [Warning] 'ItemWearable' class is obsolete. Please, replace it with 'Wearable' behavior for medieval:armormedievalc-legs-cloth-infa3 instead
17.8.2026 23:11:40 [Warning] 'ItemWearable' class is obsolete. Please, replace it with 'Wearable' behavior for medieval:armormedievalc-head-cloth-caba1 instead
17.8.2026 23:11:40 [Warning] 'ItemWearable' class is obsolete. Please, replace it with 'Wearable' behavior for medieval:armormedievalc-body-cloth-caba1 instead
17.8.2026 23:11:40 [Warning] 'ItemWearable' class is obsolete. Please, replace it with 'Wearable' behavior for medieval:armormedievalc-legs-cloth-caba1 instead
17.8.2026 23:11:40 [Warning] 'ItemWearable' class is obsolete. Please, replace it with 'Wearable' behavior for medieval:armormedievalc-head-cloth-caba2 instead
17.8.2026 23:11:40 [Warning] 'ItemWearable' class is obsolete. Please, replace it with 'Wearable' behavior for medieval:armormedievalc-body-cloth-caba2 instead
17.8.2026 23:11:40 [Warning] 'ItemWearable' class is obsolete. Please, replace it with 'Wearable' behavior for medieval:armormedievalc-legs-cloth-caba2 instead
17.8.2026 23:11:40 [Warning] 'ItemWearable' class is obsolete. Please, replace it with 'Wearable' behavior for medieval:armormedievalc-head-cloth-caba3 instead
17.8.2026 23:11:40 [Warning] 'ItemWearable' class is obsolete. Please, replace it with 'Wearable' behavior for medieval:armormedievalc-body-cloth-caba3 instead
17.8.2026 23:11:40 [Warning] 'ItemWearable' class is obsolete. Please, replace it with 'Wearable' behavior for medieval:armormedievalc-legs-cloth-caba3 instead
17.8.2026 23:11:40 [Warning] 'ItemWearable' class is obsolete. Please, replace it with 'Wearable' behavior for medieval:armormedievalc-head-cloth-templar instead
17.8.2026 23:11:40 [Warning] 'ItemWearable' class is obsolete. Please, replace it with 'Wearable' behavior for medieval:armormedievalc-body-cloth-templar instead
17.8.2026 23:11:40 [Warning] 'ItemWearable' class is obsolete. Please, replace it with 'Wearable' behavior for medieval:armormedievalc-legs-cloth-templar instead
17.8.2026 23:11:40 [Warning] 'ItemWearable' class is obsolete. Please, replace it with 'Wearable' behavior for medieval:armormedievalc-head-cloth-viking1 instead
17.8.2026 23:11:40 [Warning] 'ItemWearable' class is obsolete. Please, replace it with 'Wearable' behavior for medieval:armormedievalc-body-cloth-viking1 instead
17.8.2026 23:11:40 [Warning] 'ItemWearable' class is obsolete. Please, replace it with 'Wearable' behavior for medieval:armormedievalc-legs-cloth-viking1 instead
17.8.2026 23:11:40 [Warning] 'ItemWearable' class is obsolete. Please, replace it with 'Wearable' behavior for medieval:armormedievalc-head-cloth-viking2 instead
17.8.2026 23:11:40 [Warning] 'ItemWearable' class is obsolete. Please, replace it with 'Wearable' behavior for medieval:armormedievalc-body-cloth-viking2 instead
17.8.2026 23:11:40 [Warning] 'ItemWearable' class is obsolete. Please, replace it with 'Wearable' behavior for medieval:armormedievalc-legs-cloth-viking2 instead
17.8.2026 23:11:40 [Warning] 'ItemWearable' class is obsolete. Please, replace it with 'Wearable' behavior for medieval:armormedievalc-head-cloth-lamin instead
17.8.2026 23:11:40 [Warning] 'ItemWearable' class is obsolete. Please, replace it with 'Wearable' behavior for medieval:armormedievalc-body-cloth-lamin instead
17.8.2026 23:11:40 [Warning] 'ItemWearable' class is obsolete. Please, replace it with 'Wearable' behavior for medieval:armormedievalc-legs-cloth-lamin instead
17.8.2026 23:11:40 [Warning] 'ItemWearable' class is obsolete. Please, replace it with 'Wearable' behavior for medieval:armormedievalc-head-cloth-skull instead
17.8.2026 23:11:40 [Warning] 'ItemWearable' class is obsolete. Please, replace it with 'Wearable' behavior for medieval:armormedievall-head-leather-leather instead
17.8.2026 23:11:40 [Warning] 'ItemWearable' class is obsolete. Please, replace it with 'Wearable' behavior for medieval:armormedievall-body-leather-leather instead
17.8.2026 23:11:40 [Warning] 'ItemWearable' class is obsolete. Please, replace it with 'Wearable' behavior for medieval:armormedievall-legs-leather-leather instead
17.8.2026 23:11:40 [Warning] 'ItemWearable' class is obsolete. Please, replace it with 'Wearable' behavior for medieval:armormedievall-head-leatherc-plain instead
17.8.2026 23:11:40 [Warning] 'ItemWearable' class is obsolete. Please, replace it with 'Wearable' behavior for medieval:armormedievall-body-leatherc-plain instead
17.8.2026 23:11:40 [Warning] 'ItemWearable' class is obsolete. Please, replace it with 'Wearable' behavior for medieval:armormedievall-legs-leatherc-plain instead
17.8.2026 23:11:40 [Warning] 'ItemWearable' class is obsolete. Please, replace it with 'Wearable' behavior for medieval:armormedievall-head-leatherc-black instead
17.8.2026 23:11:40 [Warning] 'ItemWearable' class is obsolete. Please, replace it with 'Wearable' behavior for medieval:armormedievall-body-leatherc-black instead
17.8.2026 23:11:40 [Warning] 'ItemWearable' class is obsolete. Please, replace it with 'Wearable' behavior for medieval:armormedievall-legs-leatherc-black instead
17.8.2026 23:11:40 [Warning] 'ItemWearable' class is obsolete. Please, replace it with 'Wearable' behavior for medieval:armormedievall-head-leatherc-blue instead
17.8.2026 23:11:40 [Warning] 'ItemWearable' class is obsolete. Please, replace it with 'Wearable' behavior for medieval:armormedievall-body-leatherc-blue instead
17.8.2026 23:11:40 [Warning] 'ItemWearable' class is obsolete. Please, replace it with 'Wearable' behavior for medieval:armormedievall-legs-leatherc-blue instead
17.8.2026 23:11:40 [Warning] 'ItemWearable' class is obsolete. Please, replace it with 'Wearable' behavior for medieval:armormedievall-head-leatherc-brown instead
17.8.2026 23:11:40 [Warning] 'ItemWearable' class is obsolete. Please, replace it with 'Wearable' behavior for medieval:armormedievall-body-leatherc-brown instead
17.8.2026 23:11:40 [Warning] 'ItemWearable' class is obsolete. Please, replace it with 'Wearable' behavior for medieval:armormedievall-legs-leatherc-brown instead
17.8.2026 23:11:40 [Warning] 'ItemWearable' class is obsolete. Please, replace it with 'Wearable' behavior for medieval:armormedievall-head-leatherc-gray instead
17.8.2026 23:11:40 [Warning] 'ItemWearable' class is obsolete. Please, replace it with 'Wearable' behavior for medieval:armormedievall-body-leatherc-gray instead
17.8.2026 23:11:40 [Warning] 'ItemWearable' class is obsolete. Please, replace it with 'Wearable' behavior for medieval:armormedievall-legs-leatherc-gray instead
17.8.2026 23:11:40 [Warning] 'ItemWearable' class is obsolete. Please, replace it with 'Wearable' behavior for medieval:armormedievall-head-leatherc-green instead
17.8.2026 23:11:40 [Warning] 'ItemWearable' class is obsolete. Please, replace it with 'Wearable' behavior for medieval:armormedievall-body-leatherc-green instead
17.8.2026 23:11:40 [Warning] 'ItemWearable' class is obsolete. Please, replace it with 'Wearable' behavior for medieval:armormedievall-legs-leatherc-green instead
17.8.2026 23:11:40 [Warning] 'ItemWearable' class is obsolete. Please, replace it with 'Wearable' behavior for medieval:armormedievall-head-leatherc-orange instead
17.8.2026 23:11:40 [Warning] 'ItemWearable' class is obsolete. Please, replace it with 'Wearable' behavior for medieval:armormedievall-body-leatherc-orange instead
17.8.2026 23:11:40 [Warning] 'ItemWearable' class is obsolete. Please, replace it with 'Wearable' behavior for medieval:armormedievall-legs-leatherc-orange instead
17.8.2026 23:11:40 [Warning] 'ItemWearable' class is obsolete. Please, replace it with 'Wearable' behavior for medieval:armormedievall-head-leatherc-pink instead
17.8.2026 23:11:40 [Warning] 'ItemWearable' class is obsolete. Please, replace it with 'Wearable' behavior for medieval:armormedievall-body-leatherc-pink instead
17.8.2026 23:11:40 [Warning] 'ItemWearable' class is obsolete. Please, replace it with 'Wearable' behavior for medieval:armormedievall-legs-leatherc-pink instead
17.8.2026 23:11:40 [Warning] 'ItemWearable' class is obsolete. Please, replace it with 'Wearable' behavior for medieval:armormedievall-head-leatherc-purple instead
17.8.2026 23:11:40 [Warning] 'ItemWearable' class is obsolete. Please, replace it with 'Wearable' behavior for medieval:armormedievall-body-leatherc-purple instead
17.8.2026 23:11:40 [Warning] 'ItemWearable' class is obsolete. Please, replace it with 'Wearable' behavior for medieval:armormedievall-legs-leatherc-purple instead
17.8.2026 23:11:40 [Warning] 'ItemWearable' class is obsolete. Please, replace it with 'Wearable' behavior for medieval:armormedievall-head-leatherc-red instead
17.8.2026 23:11:40 [Warning] 'ItemWearable' class is obsolete. Please, replace it with 'Wearable' behavior for medieval:armormedievall-body-leatherc-red instead
17.8.2026 23:11:40 [Warning] 'ItemWearable' class is obsolete. Please, replace it with 'Wearable' behavior for medieval:armormedievall-legs-leatherc-red instead
17.8.2026 23:11:40 [Warning] 'ItemWearable' class is obsolete. Please, replace it with 'Wearable' behavior for medieval:armormedievall-head-leatherc-yellow instead
17.8.2026 23:11:40 [Warning] 'ItemWearable' class is obsolete. Please, replace it with 'Wearable' behavior for medieval:armormedievall-body-leatherc-yellow instead
17.8.2026 23:11:40 [Warning] 'ItemWearable' class is obsolete. Please, replace it with 'Wearable' behavior for medieval:armormedievall-legs-leatherc-yellow instead
17.8.2026 23:11:40 [Warning] 'ItemWearable' class is obsolete. Please, replace it with 'Wearable' behavior for medieval:armormedievall-head-leatherc-guindo instead
17.8.2026 23:11:40 [Warning] 'ItemWearable' class is obsolete. Please, replace it with 'Wearable' behavior for medieval:armormedievall-body-leatherc-guindo instead
17.8.2026 23:11:40 [Warning] 'ItemWearable' class is obsolete. Please, replace it with 'Wearable' behavior for medieval:armormedievall-legs-leatherc-guindo instead
17.8.2026 23:11:40 [Warning] 'ItemWearable' class is obsolete. Please, replace it with 'Wearable' behavior for medieval:clothes-emblem-whitebrown-fur-coat2 instead
17.8.2026 23:11:40 [Warning] 'ItemWearable' class is obsolete. Please, replace it with 'Wearable' behavior for medieval:clothes-emblem-whitebrown-fur-coat1 instead
17.8.2026 23:11:40 [Warning] 'ItemWearable' class is obsolete. Please, replace it with 'Wearable' behavior for medieval:clothes-emblem-white-fur-coat2 instead
17.8.2026 23:11:40 [Warning] 'ItemWearable' class is obsolete. Please, replace it with 'Wearable' behavior for medieval:clothes-emblem-white-fur-coat1 instead
17.8.2026 23:11:40 [Warning] 'ItemWearable' class is obsolete. Please, replace it with 'Wearable' behavior for medieval:clothes-emblem-red-fur-coat10 instead
17.8.2026 23:11:40 [Warning] 'ItemWearable' class is obsolete. Please, replace it with 'Wearable' behavior for medieval:clothes-emblem-red-fur-coat instead
17.8.2026 23:11:40 [Warning] 'ItemWearable' class is obsolete. Please, replace it with 'Wearable' behavior for medieval:clothes-emblem-emperador-yellow instead
17.8.2026 23:11:40 [Warning] 'ItemWearable' class is obsolete. Please, replace it with 'Wearable' behavior for medieval:clothes-emblem-emperador-white instead
17.8.2026 23:11:40 [Warning] 'ItemWearable' class is obsolete. Please, replace it with 'Wearable' behavior for medieval:clothes-emblem-emperador-red instead
17.8.2026 23:11:40 [Warning] 'ItemWearable' class is obsolete. Please, replace it with 'Wearable' behavior for medieval:clothes-emblem-emperador-purple instead
17.8.2026 23:11:40 [Warning] 'ItemWearable' class is obsolete. Please, replace it with 'Wearable' behavior for medieval:clothes-emblem-emperador-pink instead
17.8.2026 23:11:40 [Warning] 'ItemWearable' class is obsolete. Please, replace it with 'Wearable' behavior for medieval:clothes-emblem-emperador-orange instead
17.8.2026 23:11:40 [Warning] 'ItemWearable' class is obsolete. Please, replace it with 'Wearable' behavior for medieval:clothes-emblem-emperador-green instead
17.8.2026 23:11:40 [Warning] 'ItemWearable' class is obsolete. Please, replace it with 'Wearable' behavior for medieval:clothes-emblem-emperador-gray instead
17.8.2026 23:11:40 [Warning] 'ItemWearable' class is obsolete. Please, replace it with 'Wearable' behavior for medieval:clothes-emblem-emperador-brown instead
17.8.2026 23:11:40 [Warning] 'ItemWearable' class is obsolete. Please, replace it with 'Wearable' behavior for medieval:clothes-emblem-emperador-blue instead
17.8.2026 23:11:40 [Warning] 'ItemWearable' class is obsolete. Please, replace it with 'Wearable' behavior for medieval:clothes-emblem-emperador-black instead
17.8.2026 23:11:40 [Warning] 'ItemWearable' class is obsolete. Please, replace it with 'Wearable' behavior for medieval:clothes-emblem-emperador instead
17.8.2026 23:11:40 [Warning] 'ItemWearable' class is obsolete. Please, replace it with 'Wearable' behavior for medieval:clothes-emblem-brown-fur-coat instead
17.8.2026 23:11:40 [Warning] 'ItemWearable' class is obsolete. Please, replace it with 'Wearable' behavior for medieval:clothes-emblem-bearblack instead
17.8.2026 23:11:40 [Warning] 'ItemWearable' class is obsolete. Please, replace it with 'Wearable' behavior for medieval:clothes-emblem-bear instead
17.8.2026 23:11:40 [Warning] 'ItemWearable' class is obsolete. Please, replace it with 'Wearable' behavior for medieval:clothes-emblem-vikingarmor instead
17.8.2026 23:11:40 [Warning] 'ItemWearable' class is obsolete. Please, replace it with 'Wearable' behavior for medieval:clothes-emblem-capapurple instead
17.8.2026 23:11:40 [Warning] 'ItemWearable' class is obsolete. Please, replace it with 'Wearable' behavior for medieval:clothes-emblem-capablue instead
17.8.2026 23:11:40 [Warning] 'ItemWearable' class is obsolete. Please, replace it with 'Wearable' behavior for medieval:clothes-emblem-capagreen instead
17.8.2026 23:11:40 [Warning] 'ItemWearable' class is obsolete. Please, replace it with 'Wearable' behavior for medieval:clothes-emblem-capared instead
17.8.2026 23:11:40 [Warning] 'ItemWearable' class is obsolete. Please, replace it with 'Wearable' behavior for medieval:clothes-emblem-capa instead
17.8.2026 23:11:40 [Warning] 'ItemWearable' class is obsolete. Please, replace it with 'Wearable' behavior for medieval:clothes-emblem-ladyarmortop instead
17.8.2026 23:11:40 [Warning] 'ItemWearable' class is obsolete. Please, replace it with 'Wearable' behavior for medieval:clothes-emblem-leathersquare3 instead
17.8.2026 23:11:40 [Warning] 'ItemWearable' class is obsolete. Please, replace it with 'Wearable' behavior for medieval:clothes-emblem-leathersquare2 instead
17.8.2026 23:11:40 [Warning] 'ItemWearable' class is obsolete. Please, replace it with 'Wearable' behavior for medieval:clothes-emblem-guard instead
17.8.2026 23:11:40 [Warning] 'ItemWearable' class is obsolete. Please, replace it with 'Wearable' behavior for medieval:clothes-emblem-black1 instead
17.8.2026 23:11:40 [Warning] 'ItemWearable' class is obsolete. Please, replace it with 'Wearable' behavior for medieval:clothes-emblem-leathersquarem instead
17.8.2026 23:11:40 [Warning] 'ItemWearable' class is obsolete. Please, replace it with 'Wearable' behavior for medieval:clothes-emblem-leathersquare instead
17.8.2026 23:11:40 [Warning] 'ItemWearable' class is obsolete. Please, replace it with 'Wearable' behavior for medieval:clothes-emblem-leathercross instead
17.8.2026 23:11:40 [Warning] 'ItemWearable' class is obsolete. Please, replace it with 'Wearable' behavior for medieval:clothes-emblem-chain instead
17.8.2026 23:11:40 [Warning] 'ItemWearable' class is obsolete. Please, replace it with 'Wearable' behavior for medieval:clothes-face-snow instead
17.8.2026 23:11:40 [Warning] 'ItemWearable' class is obsolete. Please, replace it with 'Wearable' behavior for medieval:clothes-face-medievalglassesgold instead
17.8.2026 23:11:40 [Warning] 'ItemWearable' class is obsolete. Please, replace it with 'Wearable' behavior for medieval:clothes-face-medievalglasses instead
17.8.2026 23:11:40 [Warning] 'ItemWearable' class is obsolete. Please, replace it with 'Wearable' behavior for medieval:clothes-face-devilmask instead
17.8.2026 23:11:40 [Warning] 'ItemWearable' class is obsolete. Please, replace it with 'Wearable' behavior for medieval:clothes-face-skullmask instead
17.8.2026 23:11:40 [Warning] 'ItemWearable' class is obsolete. Please, replace it with 'Wearable' behavior for medieval:clothes-face-leather-maskwhite instead
17.8.2026 23:11:40 [Warning] 'ItemWearable' class is obsolete. Please, replace it with 'Wearable' behavior for medieval:clothes-face-leather-maskred instead
17.8.2026 23:11:40 [Warning] 'ItemWearable' class is obsolete. Please, replace it with 'Wearable' behavior for medieval:clothes-face-leather-mask instead
17.8.2026 23:11:40 [Warning] 'ItemWearable' class is obsolete. Please, replace it with 'Wearable' behavior for medieval:clothes-foot-vikingboots instead
17.8.2026 23:11:40 [Warning] 'ItemWearable' class is obsolete. Please, replace it with 'Wearable' behavior for medieval:clothes-foot-chainmail-boots instead
17.8.2026 23:11:40 [Warning] 'ItemWearable' class is obsolete. Please, replace it with 'Wearable' behavior for medieval:clothes-foot-sandalias instead
17.8.2026 23:11:40 [Warning] 'ItemWearable' class is obsolete. Please, replace it with 'Wearable' behavior for medieval:clothes-foot-medieval-boots-short instead
17.8.2026 23:11:40 [Warning] 'ItemWearable' class is obsolete. Please, replace it with 'Wearable' behavior for medieval:clothes-foot-hunter instead
17.8.2026 23:11:40 [Warning] 'ItemWearable' class is obsolete. Please, replace it with 'Wearable' behavior for medieval:clothes-foot-medieval-woman-shoes-white instead
17.8.2026 23:11:40 [Warning] 'ItemWearable' class is obsolete. Please, replace it with 'Wearable' behavior for medieval:clothes-foot-medieval-woman-shoes-red instead
17.8.2026 23:11:40 [Warning] 'ItemWearable' class is obsolete. Please, replace it with 'Wearable' behavior for medieval:clothes-foot-medieval-woman-shoes-green instead
17.8.2026 23:11:40 [Warning] 'ItemWearable' class is obsolete. Please, replace it with 'Wearable' behavior for medieval:clothes-foot-medieval-woman-shoes-gray instead
17.8.2026 23:11:40 [Warning] 'ItemWearable' class is obsolete. Please, replace it with 'Wearable' behavior for medieval:clothes-foot-medieval-woman-shoes-blue instead
17.8.2026 23:11:40 [Warning] 'ItemWearable' class is obsolete. Please, replace it with 'Wearable' behavior for medieval:clothes-foot-medieval-woman-shoes-black instead
17.8.2026 23:11:40 [Warning] 'ItemWearable' class is obsolete. Please, replace it with 'Wearable' behavior for medieval:clothes-foot-medieval-woman-shoes instead
17.8.2026 23:11:40 [Warning] 'ItemWearable' class is obsolete. Please, replace it with 'Wearable' behavior for medieval:clothes-foot-medieval-boots-white instead
17.8.2026 23:11:40 [Warning] 'ItemWearable' class is obsolete. Please, replace it with 'Wearable' behavior for medieval:clothes-foot-medieval-boots-red instead
17.8.2026 23:11:40 [Warning] 'ItemWearable' class is obsolete. Please, replace it with 'Wearable' behavior for medieval:clothes-foot-medieval-boots-green instead
17.8.2026 23:11:40 [Warning] 'ItemWearable' class is obsolete. Please, replace it with 'Wearable' behavior for medieval:clothes-foot-medieval-boots-gray instead
17.8.2026 23:11:40 [Warning] 'ItemWearable' class is obsolete. Please, replace it with 'Wearable' behavior for medieval:clothes-foot-medieval-boots-blue instead
17.8.2026 23:11:40 [Warning] 'ItemWearable' class is obsolete. Please, replace it with 'Wearable' behavior for medieval:clothes-foot-medieval-boots-black instead
17.8.2026 23:11:40 [Warning] 'ItemWearable' class is obsolete. Please, replace it with 'Wearable' behavior for medieval:clothes-foot-medieval-boots-large3 instead
17.8.2026 23:11:40 [Warning] 'ItemWearable' class is obsolete. Please, replace it with 'Wearable' behavior for medieval:clothes-foot-medieval-boots-large2 instead
17.8.2026 23:11:40 [Warning] 'ItemWearable' class is obsolete. Please, replace it with 'Wearable' behavior for medieval:clothes-foot-medieval-boots-large instead
17.8.2026 23:11:40 [Warning] 'ItemWearable' class is obsolete. Please, replace it with 'Wearable' behavior for medieval:clothes-foot-medieval-boots instead
17.8.2026 23:11:40 [Warning] 'ItemWearable' class is obsolete. Please, replace it with 'Wearable' behavior for medieval:clothes-foot-medieval-high-boots-knife-whitebrown instead
17.8.2026 23:11:40 [Warning] 'ItemWearable' class is obsolete. Please, replace it with 'Wearable' behavior for medieval:clothes-foot-medieval-high-boots-knife-white instead
17.8.2026 23:11:40 [Warning] 'ItemWearable' class is obsolete. Please, replace it with 'Wearable' behavior for medieval:clothes-foot-medieval-high-boots-knife-red instead
17.8.2026 23:11:40 [Warning] 'ItemWearable' class is obsolete. Please, replace it with 'Wearable' behavior for medieval:clothes-foot-medieval-high-boots-knife-green instead
17.8.2026 23:11:40 [Warning] 'ItemWearable' class is obsolete. Please, replace it with 'Wearable' behavior for medieval:clothes-foot-medieval-high-boots-knife-gray instead
17.8.2026 23:11:40 [Warning] 'ItemWearable' class is obsolete. Please, replace it with 'Wearable' behavior for medieval:clothes-foot-medieval-high-boots-knife-blue instead
17.8.2026 23:11:40 [Warning] 'ItemWearable' class is obsolete. Please, replace it with 'Wearable' behavior for medieval:clothes-foot-medieval-high-boots-knife-black instead
17.8.2026 23:11:40 [Warning] 'ItemWearable' class is obsolete. Please, replace it with 'Wearable' behavior for medieval:clothes-foot-medieval-high-boots-knife instead
17.8.2026 23:11:40 [Warning] 'ItemWearable' class is obsolete. Please, replace it with 'Wearable' behavior for medieval:clothes-foot-medieval-high-boots-white instead
17.8.2026 23:11:40 [Warning] 'ItemWearable' class is obsolete. Please, replace it with 'Wearable' behavior for medieval:clothes-foot-medieval-high-boots-red instead
17.8.2026 23:11:40 [Warning] 'ItemWearable' class is obsolete. Please, replace it with 'Wearable' behavior for medieval:clothes-foot-medieval-high-boots-green instead
17.8.2026 23:11:40 [Warning] 'ItemWearable' class is obsolete. Please, replace it with 'Wearable' behavior for medieval:clothes-foot-medieval-high-boots-gray instead
17.8.2026 23:11:40 [Warning] 'ItemWearable' class is obsolete. Please, replace it with 'Wearable' behavior for medieval:clothes-foot-medieval-high-boots-blue instead
17.8.2026 23:11:40 [Warning] 'ItemWearable' class is obsolete. Please, replace it with 'Wearable' behavior for medieval:clothes-foot-medieval-high-boots-black instead
17.8.2026 23:11:40 [Warning] 'ItemWearable' class is obsolete. Please, replace it with 'Wearable' behavior for medieval:clothes-foot-medieval-high-boots instead
17.8.2026 23:11:40 [Warning] 'ItemWearable' class is obsolete. Please, replace it with 'Wearable' behavior for medieval:clothes-foot-medieval-warm-bearblack-boots instead
17.8.2026 23:11:40 [Warning] 'ItemWearable' class is obsolete. Please, replace it with 'Wearable' behavior for medieval:clothes-foot-medieval-warm-bear-boots instead
17.8.2026 23:11:40 [Warning] 'ItemWearable' class is obsolete. Please, replace it with 'Wearable' behavior for medieval:clothes-foot-medieval-warm-high-bootsred instead
17.8.2026 23:11:40 [Warning] 'ItemWearable' class is obsolete. Please, replace it with 'Wearable' behavior for medieval:clothes-foot-medieval-warm-high-boots instead
17.8.2026 23:11:40 [Warning] 'ItemWearable' class is obsolete. Please, replace it with 'Wearable' behavior for medieval:clothes-foot-medieval-great-steppe-boots instead
17.8.2026 23:11:40 [Warning] 'ItemWearable' class is obsolete. Please, replace it with 'Wearable' behavior for medieval:clothes-foot-medieval-great-steppe-woman-boots instead
17.8.2026 23:11:40 [Warning] 'ItemWearable' class is obsolete. Please, replace it with 'Wearable' behavior for medieval:clothes-foot-medieval-great-steppe-womans-boots instead
17.8.2026 23:11:40 [Warning] 'ItemWearable' class is obsolete. Please, replace it with 'Wearable' behavior for medieval:clothes-hand-guantesbrown instead
17.8.2026 23:11:40 [Warning] 'ItemWearable' class is obsolete. Please, replace it with 'Wearable' behavior for medieval:clothes-hand-gloves-plain-lux instead
17.8.2026 23:11:40 [Warning] 'ItemWearable' class is obsolete. Please, replace it with 'Wearable' behavior for medieval:clothes-hand-gloves-whitebrown-lux instead
17.8.2026 23:11:40 [Warning] 'ItemWearable' class is obsolete. Please, replace it with 'Wearable' behavior for medieval:clothes-hand-gloves-white-lux instead
17.8.2026 23:11:40 [Warning] 'ItemWearable' class is obsolete. Please, replace it with 'Wearable' behavior for medieval:clothes-hand-gloves-guindos-lux instead
17.8.2026 23:11:40 [Warning] 'ItemWearable' class is obsolete. Please, replace it with 'Wearable' behavior for medieval:clothes-hand-gloves-black-lux instead
17.8.2026 23:11:40 [Warning] 'ItemWearable' class is obsolete. Please, replace it with 'Wearable' behavior for medieval:clothes-hand-miner instead
17.8.2026 23:11:40 [Warning] 'ItemWearable' class is obsolete. Please, replace it with 'Wearable' behavior for medieval:clothes-hand-winter-gloves1 instead
17.8.2026 23:11:40 [Warning] 'ItemWearable' class is obsolete. Please, replace it with 'Wearable' behavior for medieval:clothes-hand-medieval-gloves instead
17.8.2026 23:11:40 [Warning] 'ItemWearable' class is obsolete. Please, replace it with 'Wearable' behavior for medieval:clothes-hand-medieval-gloves-black instead
17.8.2026 23:11:40 [Warning] 'ItemWearable' class is obsolete. Please, replace it with 'Wearable' behavior for medieval:clothes-hand-medieval-gloves-white instead
17.8.2026 23:11:40 [Warning] 'ItemWearable' class is obsolete. Please, replace it with 'Wearable' behavior for medieval:clothes-head-neckcover1rojo instead
17.8.2026 23:11:40 [Warning] 'ItemWearable' class is obsolete. Please, replace it with 'Wearable' behavior for medieval:clothes-head-neckcoverrojo instead
17.8.2026 23:11:40 [Warning] 'ItemWearable' class is obsolete. Please, replace it with 'Wearable' behavior for medieval:clothes-head-neckcover1purple instead
17.8.2026 23:11:40 [Warning] 'ItemWearable' class is obsolete. Please, replace it with 'Wearable' behavior for medieval:clothes-head-neckcoverpurple instead
17.8.2026 23:11:40 [Warning] 'ItemWearable' class is obsolete. Please, replace it with 'Wearable' behavior for medieval:clothes-head-neckcover1green instead
17.8.2026 23:11:40 [Warning] 'ItemWearable' class is obsolete. Please, replace it with 'Wearable' behavior for medieval:clothes-head-neckcovergreen instead
17.8.2026 23:11:40 [Warning] 'ItemWearable' class is obsolete. Please, replace it with 'Wearable' behavior for medieval:clothes-head-neckcover1blue instead
17.8.2026 23:11:40 [Warning] 'ItemWearable' class is obsolete. Please, replace it with 'Wearable' behavior for medieval:clothes-head-neckcoverblue instead
17.8.2026 23:11:40 [Warning] 'ItemWearable' class is obsolete. Please, replace it with 'Wearable' behavior for medieval:clothes-head-neckcover1white instead
17.8.2026 23:11:40 [Warning] 'ItemWearable' class is obsolete. Please, replace it with 'Wearable' behavior for medieval:clothes-head-neckcoverwhite instead
17.8.2026 23:11:40 [Warning] 'ItemWearable' class is obsolete. Please, replace it with 'Wearable' behavior for medieval:clothes-head-neckcover1red instead
17.8.2026 23:11:40 [Warning] 'ItemWearable' class is obsolete. Please, replace it with 'Wearable' behavior for medieval:clothes-head-neckcoverred instead
17.8.2026 23:11:40 [Warning] 'ItemWearable' class is obsolete. Please, replace it with 'Wearable' behavior for medieval:clothes-head-leatherhat2 instead
17.8.2026 23:11:40 [Warning] 'ItemWearable' class is obsolete. Please, replace it with 'Wearable' behavior for medieval:clothes-head-leatherhat1 instead
17.8.2026 23:11:40 [Warning] 'ItemWearable' class is obsolete. Please, replace it with 'Wearable' behavior for medieval:clothes-head-leatherhat instead
17.8.2026 23:11:40 [Warning] 'ItemWearable' class is obsolete. Please, replace it with 'Wearable' behavior for medieval:clothes-head-lad instead
17.8.2026 23:11:40 [Warning] 'ItemWearable' class is obsolete. Please, replace it with 'Wearable' behavior for medieval:clothes-head-turbantewhite instead
17.8.2026 23:11:40 [Warning] 'ItemWearable' class is obsolete. Please, replace it with 'Wearable' behavior for medieval:clothes-head-turbantered instead
17.8.2026 23:11:40 [Warning] 'ItemWearable' class is obsolete. Please, replace it with 'Wearable' behavior for medieval:clothes-head-turbantepurple instead
17.8.2026 23:11:40 [Warning] 'ItemWearable' class is obsolete. Please, replace it with 'Wearable' behavior for medieval:clothes-head-turbanteblue instead
17.8.2026 23:11:40 [Warning] 'ItemWearable' class is obsolete. Please, replace it with 'Wearable' behavior for medieval:clothes-head-turbante instead
17.8.2026 23:11:40 [Warning] 'ItemWearable' class is obsolete. Please, replace it with 'Wearable' behavior for medieval:clothes-head-hunter instead
17.8.2026 23:11:40 [Warning] 'ItemWearable' class is obsolete. Please, replace it with 'Wearable' behavior for medieval:clothes-head-medieval-woman-coat-head1 instead
17.8.2026 23:11:40 [Warning] 'ItemWearable' class is obsolete. Please, replace it with 'Wearable' behavior for medieval:clothes-head-medieval-hood instead
17.8.2026 23:11:40 [Warning] 'ItemWearable' class is obsolete. Please, replace it with 'Wearable' behavior for medieval:clothes-head-medieval-hood-black instead
17.8.2026 23:11:40 [Warning] 'ItemWearable' class is obsolete. Please, replace it with 'Wearable' behavior for medieval:clothes-head-medieval-hood-brown instead
17.8.2026 23:11:40 [Warning] 'ItemWearable' class is obsolete. Please, replace it with 'Wearable' behavior for medieval:clothes-head-medieval-hood-white instead
17.8.2026 23:11:40 [Warning] 'ItemWearable' class is obsolete. Please, replace it with 'Wearable' behavior for medieval:clothes-lowerbody-vikingpants instead
17.8.2026 23:11:40 [Warning] 'ItemWearable' class is obsolete. Please, replace it with 'Wearable' behavior for medieval:clothes-lowerbody-miner instead
17.8.2026 23:11:40 [Warning] 'ItemWearable' class is obsolete. Please, replace it with 'Wearable' behavior for medieval:clothes-lowerbody-lad instead
17.8.2026 23:11:40 [Warning] 'ItemWearable' class is obsolete. Please, replace it with 'Wearable' behavior for medieval:clothes-lowerbody-hunter instead
17.8.2026 23:11:40 [Warning] 'ItemWearable' class is obsolete. Please, replace it with 'Wearable' behavior for medieval:clothes-lowerbody-manga instead
17.8.2026 23:11:40 [Warning] 'ItemWearable' class is obsolete. Please, replace it with 'Wearable' behavior for medieval:clothes-lowerbody-armor-leather-chain-pants instead
17.8.2026 23:11:40 [Warning] 'ItemWearable' class is obsolete. Please, replace it with 'Wearable' behavior for medieval:clothes-lowerbody-dress-leather1 instead
17.8.2026 23:11:40 [Warning] 'ItemWearable' class is obsolete. Please, replace it with 'Wearable' behavior for medieval:clothes-lowerbody-dress-leather instead
17.8.2026 23:11:40 [Warning] 'ItemWearable' class is obsolete. Please, replace it with 'Wearable' behavior for medieval:clothes-lowerbody-reds1 instead
17.8.2026 23:11:40 [Warning] 'ItemWearable' class is obsolete. Please, replace it with 'Wearable' behavior for medieval:clothes-lowerbody-reds instead
17.8.2026 23:11:40 [Warning] 'ItemWearable' class is obsolete. Please, replace it with 'Wearable' behavior for medieval:clothes-lowerbody-whites instead
17.8.2026 23:11:40 [Warning] 'ItemWearable' class is obsolete. Please, replace it with 'Wearable' behavior for medieval:clothes-lowerbody-blackred instead
17.8.2026 23:11:40 [Warning] 'ItemWearable' class is obsolete. Please, replace it with 'Wearable' behavior for medieval:clothes-lowerbody-ambar instead
17.8.2026 23:11:40 [Warning] 'ItemWearable' class is obsolete. Please, replace it with 'Wearable' behavior for medieval:clothes-lowerbody-black instead
17.8.2026 23:11:40 [Warning] 'ItemWearable' class is obsolete. Please, replace it with 'Wearable' behavior for medieval:clothes-lowerbody-fur-pantsbearblack instead
17.8.2026 23:11:40 [Warning] 'ItemWearable' class is obsolete. Please, replace it with 'Wearable' behavior for medieval:clothes-lowerbody-fur-pantsbear instead
17.8.2026 23:11:40 [Warning] 'ItemWearable' class is obsolete. Please, replace it with 'Wearable' behavior for medieval:clothes-lowerbody-fur-pants instead
17.8.2026 23:11:40 [Warning] 'ItemWearable' class is obsolete. Please, replace it with 'Wearable' behavior for medieval:clothes-lowerbody-medieval-woman-coat-bottom instead
17.8.2026 23:11:40 [Warning] 'ItemWearable' class is obsolete. Please, replace it with 'Wearable' behavior for medieval:clothes-lowerbody-medieval-dress-brown-bottom instead
17.8.2026 23:11:40 [Warning] 'ItemWearable' class is obsolete. Please, replace it with 'Wearable' behavior for medieval:clothes-lowerbody-medieval-dress-blue-bottom instead
17.8.2026 23:11:40 [Warning] 'ItemWearable' class is obsolete. Please, replace it with 'Wearable' behavior for medieval:clothes-lowerbody-medieval-dress-bottom instead
17.8.2026 23:11:40 [Warning] 'ItemWearable' class is obsolete. Please, replace it with 'Wearable' behavior for medieval:clothes-lowerbody-medieval-skirt-orange instead
17.8.2026 23:11:40 [Warning] 'ItemWearable' class is obsolete. Please, replace it with 'Wearable' behavior for medieval:clothes-lowerbody-medieval-skirt-yellow instead
17.8.2026 23:11:40 [Warning] 'ItemWearable' class is obsolete. Please, replace it with 'Wearable' behavior for medieval:clothes-lowerbody-medieval-skirt-white instead
17.8.2026 23:11:40 [Warning] 'ItemWearable' class is obsolete. Please, replace it with 'Wearable' behavior for medieval:clothes-lowerbody-medieval-skirt-red instead
17.8.2026 23:11:40 [Warning] 'ItemWearable' class is obsolete. Please, replace it with 'Wearable' behavior for medieval:clothes-lowerbody-medieval-skirt-green instead
17.8.2026 23:11:40 [Warning] 'ItemWearable' class is obsolete. Please, replace it with 'Wearable' behavior for medieval:clothes-lowerbody-medieval-skirt-gray instead
17.8.2026 23:11:40 [Warning] 'ItemWearable' class is obsolete. Please, replace it with 'Wearable' behavior for medieval:clothes-lowerbody-medieval-skirt-brown instead
17.8.2026 23:11:40 [Warning] 'ItemWearable' class is obsolete. Please, replace it with 'Wearable' behavior for medieval:clothes-lowerbody-medieval-skirt-blue instead
17.8.2026 23:11:40 [Warning] 'ItemWearable' class is obsolete. Please, replace it with 'Wearable' behavior for medieval:clothes-lowerbody-medieval-skirt-black instead
17.8.2026 23:11:40 [Warning] 'ItemWearable' class is obsolete. Please, replace it with 'Wearable' behavior for medieval:clothes-lowerbody-dress-red-es-large instead
17.8.2026 23:11:40 [Warning] 'ItemWearable' class is obsolete. Please, replace it with 'Wearable' behavior for medieval:clothes-lowerbody-dress-red-es-short instead
17.8.2026 23:11:40 [Warning] 'ItemWearable' class is obsolete. Please, replace it with 'Wearable' behavior for medieval:clothes-lowerbody-dress-red-es-extrashort instead
17.8.2026 23:11:40 [Warning] 'ItemWearable' class is obsolete. Please, replace it with 'Wearable' behavior for medieval:clothes-lowerbody-dress-red-es-medium instead
17.8.2026 23:11:40 [Warning] 'ItemWearable' class is obsolete. Please, replace it with 'Wearable' behavior for medieval:clothes-lowerbody-dress-red-extrashort instead
17.8.2026 23:11:40 [Warning] 'ItemWearable' class is obsolete. Please, replace it with 'Wearable' behavior for medieval:clothes-lowerbody-dress-red-short instead
17.8.2026 23:11:40 [Warning] 'ItemWearable' class is obsolete. Please, replace it with 'Wearable' behavior for medieval:clothes-lowerbody-dress-red-medium instead
17.8.2026 23:11:40 [Warning] 'ItemWearable' class is obsolete. Please, replace it with 'Wearable' behavior for medieval:clothes-lowerbody-dress-red-large instead
17.8.2026 23:11:40 [Warning] 'ItemWearable' class is obsolete. Please, replace it with 'Wearable' behavior for medieval:clothes-lowerbody-dress-plain-extrashort instead
17.8.2026 23:11:40 [Warning] 'ItemWearable' class is obsolete. Please, replace it with 'Wearable' behavior for medieval:clothes-lowerbody-dress-plain-short instead
17.8.2026 23:11:40 [Warning] 'ItemWearable' class is obsolete. Please, replace it with 'Wearable' behavior for medieval:clothes-lowerbody-dress-plain-medium instead
17.8.2026 23:11:40 [Warning] 'ItemWearable' class is obsolete. Please, replace it with 'Wearable' behavior for medieval:clothes-lowerbody-dress-plain-large instead
17.8.2026 23:11:40 [Warning] 'ItemWearable' class is obsolete. Please, replace it with 'Wearable' behavior for medieval:clothes-lowerbody-medieval-leather-pants-white instead
17.8.2026 23:11:40 [Warning] 'ItemWearable' class is obsolete. Please, replace it with 'Wearable' behavior for medieval:clothes-lowerbody-medieval-leather-pants-red instead
17.8.2026 23:11:40 [Warning] 'ItemWearable' class is obsolete. Please, replace it with 'Wearable' behavior for medieval:clothes-lowerbody-medieval-leather-pants-green instead
17.8.2026 23:11:40 [Warning] 'ItemWearable' class is obsolete. Please, replace it with 'Wearable' behavior for medieval:clothes-lowerbody-medieval-leather-pants-gray instead
17.8.2026 23:11:40 [Warning] 'ItemWearable' class is obsolete. Please, replace it with 'Wearable' behavior for medieval:clothes-lowerbody-medieval-leather-pants-blue instead
17.8.2026 23:11:40 [Warning] 'ItemWearable' class is obsolete. Please, replace it with 'Wearable' behavior for medieval:clothes-lowerbody-medieval-leather-pants-black instead
17.8.2026 23:11:40 [Warning] 'ItemWearable' class is obsolete. Please, replace it with 'Wearable' behavior for medieval:clothes-lowerbody-medieval-leather-pants instead
17.8.2026 23:11:40 [Warning] 'ItemWearable' class is obsolete. Please, replace it with 'Wearable' behavior for medieval:clothes-lowerbody-medieval-pants-white instead
17.8.2026 23:11:40 [Warning] 'ItemWearable' class is obsolete. Please, replace it with 'Wearable' behavior for medieval:clothes-lowerbody-medieval-pants-red instead
17.8.2026 23:11:40 [Warning] 'ItemWearable' class is obsolete. Please, replace it with 'Wearable' behavior for medieval:clothes-lowerbody-medieval-pants-green instead
17.8.2026 23:11:40 [Warning] 'ItemWearable' class is obsolete. Please, replace it with 'Wearable' behavior for medieval:clothes-lowerbody-medieval-pants-gray instead
17.8.2026 23:11:40 [Warning] 'ItemWearable' class is obsolete. Please, replace it with 'Wearable' behavior for medieval:clothes-lowerbody-medieval-pants-brown instead
17.8.2026 23:11:40 [Warning] 'ItemWearable' class is obsolete. Please, replace it with 'Wearable' behavior for medieval:clothes-lowerbody-medieval-pants-blue instead
17.8.2026 23:11:40 [Warning] 'ItemWearable' class is obsolete. Please, replace it with 'Wearable' behavior for medieval:clothes-lowerbody-medieval-pants instead
17.8.2026 23:11:40 [Warning] 'ItemWearable' class is obsolete. Please, replace it with 'Wearable' behavior for medieval:clothes-neck-skullleather instead
17.8.2026 23:11:40 [Warning] 'ItemWearable' class is obsolete. Please, replace it with 'Wearable' behavior for medieval:clothes-neck-pearl instead
17.8.2026 23:11:40 [Warning] 'ItemWearable' class is obsolete. Please, replace it with 'Wearable' behavior for medieval:clothes-neck-goldenskull instead
17.8.2026 23:11:40 [Warning] 'ItemWearable' class is obsolete. Please, replace it with 'Wearable' behavior for medieval:clothes-neck-footrabbit-amulet instead
17.8.2026 23:11:40 [Warning] 'ItemWearable' class is obsolete. Please, replace it with 'Wearable' behavior for medieval:clothes-neck-tatoo instead
17.8.2026 23:11:40 [Warning] 'ItemWearable' class is obsolete. Please, replace it with 'Wearable' behavior for medieval:clothes-neck-gold-sylvite instead
17.8.2026 23:11:40 [Warning] 'ItemWearable' class is obsolete. Please, replace it with 'Wearable' behavior for medieval:clothes-neck-gold-smokyquartz instead
17.8.2026 23:11:40 [Warning] 'ItemWearable' class is obsolete. Please, replace it with 'Wearable' behavior for medieval:clothes-neck-gold-rosyquartz instead
17.8.2026 23:11:40 [Warning] 'ItemWearable' class is obsolete. Please, replace it with 'Wearable' behavior for medieval:clothes-neck-gold-olivine-p instead
17.8.2026 23:11:40 [Warning] 'ItemWearable' class is obsolete. Please, replace it with 'Wearable' behavior for medieval:clothes-neck-gold-olivine instead
17.8.2026 23:11:40 [Warning] 'ItemWearable' class is obsolete. Please, replace it with 'Wearable' behavior for medieval:clothes-neck-gold-lapislazuli instead
17.8.2026 23:11:40 [Warning] 'ItemWearable' class is obsolete. Please, replace it with 'Wearable' behavior for medieval:clothes-neck-gold-emerald instead
17.8.2026 23:11:40 [Warning] 'ItemWearable' class is obsolete. Please, replace it with 'Wearable' behavior for medieval:clothes-neck-gold-diamond instead
17.8.2026 23:11:40 [Warning] 'ItemWearable' class is obsolete. Please, replace it with 'Wearable' behavior for medieval:clothes-neck-gold-cinnabar instead
17.8.2026 23:11:40 [Warning] 'ItemWearable' class is obsolete. Please, replace it with 'Wearable' behavior for medieval:clothes-neck-gold-charcoal instead
17.8.2026 23:11:40 [Warning] 'ItemWearable' class is obsolete. Please, replace it with 'Wearable' behavior for medieval:clothes-neck-gold-amethyst instead
17.8.2026 23:11:40 [Warning] 'ItemWearable' class is obsolete. Please, replace it with 'Wearable' behavior for medieval:clothes-neck-gold instead
17.8.2026 23:11:40 [Warning] 'ItemWearable' class is obsolete. Please, replace it with 'Wearable' behavior for medieval:clothes-neck-gold-amulet instead
17.8.2026 23:11:40 [Warning] 'ItemWearable' class is obsolete. Please, replace it with 'Wearable' behavior for medieval:clothes-neck-silver-amulet instead
17.8.2026 23:11:40 [Warning] 'ItemWearable' class is obsolete. Please, replace it with 'Wearable' behavior for medieval:clothes-neck-fang3-amulet instead
17.8.2026 23:11:40 [Warning] 'ItemWearable' class is obsolete. Please, replace it with 'Wearable' behavior for medieval:clothes-neck-fang2-amulet instead
17.8.2026 23:11:40 [Warning] 'ItemWearable' class is obsolete. Please, replace it with 'Wearable' behavior for medieval:clothes-neck-fang-amulet instead
17.8.2026 23:11:40 [Warning] 'ItemWearable' class is obsolete. Please, replace it with 'Wearable' behavior for medieval:clothes-neck-diamond-amulet instead
17.8.2026 23:11:40 [Warning] 'ItemWearable' class is obsolete. Please, replace it with 'Wearable' behavior for medieval:clothes-shoulder-capacubiertaneg instead
17.8.2026 23:11:40 [Warning] 'ItemWearable' class is obsolete. Please, replace it with 'Wearable' behavior for medieval:clothes-shoulder-capacubierta instead
17.8.2026 23:11:40 [Warning] 'ItemWearable' class is obsolete. Please, replace it with 'Wearable' behavior for medieval:clothes-shoulder-tunicapoorbrown instead
17.8.2026 23:11:40 [Warning] 'ItemWearable' class is obsolete. Please, replace it with 'Wearable' behavior for medieval:clothes-shoulder-tunicapoorblack instead
17.8.2026 23:11:40 [Warning] 'ItemWearable' class is obsolete. Please, replace it with 'Wearable' behavior for medieval:clothes-shoulder-tunicapoorblue instead
17.8.2026 23:11:40 [Warning] 'ItemWearable' class is obsolete. Please, replace it with 'Wearable' behavior for medieval:clothes-shoulder-tunicapoorred instead
17.8.2026 23:11:40 [Warning] 'ItemWearable' class is obsolete. Please, replace it with 'Wearable' behavior for medieval:clothes-shoulder-tunicapoororange instead
17.8.2026 23:11:40 [Warning] 'ItemWearable' class is obsolete. Please, replace it with 'Wearable' behavior for medieval:clothes-shoulder-tunicapoorgreen instead
17.8.2026 23:11:40 [Warning] 'ItemWearable' class is obsolete. Please, replace it with 'Wearable' behavior for medieval:clothes-shoulder-tunicapoor instead
17.8.2026 23:11:40 [Warning] 'ItemWearable' class is obsolete. Please, replace it with 'Wearable' behavior for medieval:clothes-shoulder-piel instead
17.8.2026 23:11:40 [Warning] 'ItemWearable' class is obsolete. Please, replace it with 'Wearable' behavior for medieval:clothes-shoulder-yellow instead
17.8.2026 23:11:40 [Warning] 'ItemWearable' class is obsolete. Please, replace it with 'Wearable' behavior for medieval:clothes-shoulder-red instead
17.8.2026 23:11:40 [Warning] 'ItemWearable' class is obsolete. Please, replace it with 'Wearable' behavior for medieval:clothes-shoulder-plain1 instead
17.8.2026 23:11:40 [Warning] 'ItemWearable' class is obsolete. Please, replace it with 'Wearable' behavior for medieval:clothes-shoulder-plain instead
17.8.2026 23:11:40 [Warning] 'ItemWearable' class is obsolete. Please, replace it with 'Wearable' behavior for medieval:clothes-shoulder-orange1 instead
17.8.2026 23:11:40 [Warning] 'ItemWearable' class is obsolete. Please, replace it with 'Wearable' behavior for medieval:clothes-shoulder-orange instead
17.8.2026 23:11:40 [Warning] 'ItemWearable' class is obsolete. Please, replace it with 'Wearable' behavior for medieval:clothes-shoulder-green1 instead
17.8.2026 23:11:40 [Warning] 'ItemWearable' class is obsolete. Please, replace it with 'Wearable' behavior for medieval:clothes-shoulder-green instead
17.8.2026 23:11:40 [Warning] 'ItemWearable' class is obsolete. Please, replace it with 'Wearable' behavior for medieval:clothes-shoulder-brown instead
17.8.2026 23:11:40 [Warning] 'ItemWearable' class is obsolete. Please, replace it with 'Wearable' behavior for medieval:clothes-shoulder-blue instead
17.8.2026 23:11:40 [Warning] 'ItemWearable' class is obsolete. Please, replace it with 'Wearable' behavior for medieval:clothes-shoulder-fox instead
17.8.2026 23:11:40 [Warning] 'ItemWearable' class is obsolete. Please, replace it with 'Wearable' behavior for medieval:clothes-shoulder-neckcover instead
17.8.2026 23:11:40 [Warning] 'ItemWearable' class is obsolete. Please, replace it with 'Wearable' behavior for medieval:clothes-shoulder-kitchener instead
17.8.2026 23:11:40 [Warning] 'ItemWearable' class is obsolete. Please, replace it with 'Wearable' behavior for medieval:clothes-shoulder-butcher instead
17.8.2026 23:11:40 [Warning] 'ItemWearable' class is obsolete. Please, replace it with 'Wearable' behavior for medieval:clothes-shoulder-miner instead
17.8.2026 23:11:40 [Warning] 'ItemWearable' class is obsolete. Please, replace it with 'Wearable' behavior for medieval:clothes-shoulder-shawl-green instead
17.8.2026 23:11:40 [Warning] 'ItemWearable' class is obsolete. Please, replace it with 'Wearable' behavior for medieval:clothes-shoulder-mason instead
17.8.2026 23:11:40 [Warning] 'ItemWearable' class is obsolete. Please, replace it with 'Wearable' behavior for medieval:clothes-shoulder-delantal instead
17.8.2026 23:11:40 [Warning] 'ItemWearable' class is obsolete. Please, replace it with 'Wearable' behavior for medieval:clothes-shoulder-chaleco instead
17.8.2026 23:11:40 [Warning] 'ItemWearable' class is obsolete. Please, replace it with 'Wearable' behavior for medieval:clothes-shoulder-medieval-woman-coat-shoulder instead
17.8.2026 23:11:40 [Warning] 'ItemWearable' class is obsolete. Please, replace it with 'Wearable' behavior for medieval:clothes-shoulder-medieval-scarf instead
17.8.2026 23:11:40 [Warning] 'ItemWearable' class is obsolete. Please, replace it with 'Wearable' behavior for medieval:clothes-shoulder-medieval-leather-poncho-black instead
17.8.2026 23:11:40 [Warning] 'ItemWearable' class is obsolete. Please, replace it with 'Wearable' behavior for medieval:clothes-shoulder-medieval-leather-poncho instead
17.8.2026 23:11:40 [Warning] 'ItemWearable' class is obsolete. Please, replace it with 'Wearable' behavior for medieval:clothes-shoulder-medieval-hide-robe instead
17.8.2026 23:11:40 [Warning] 'ItemWearable' class is obsolete. Please, replace it with 'Wearable' behavior for medieval:clothes-shoulder-medieval-cape instead
17.8.2026 23:11:40 [Warning] 'ItemWearable' class is obsolete. Please, replace it with 'Wearable' behavior for medieval:clothes-upperbody-shirt-yellow instead
17.8.2026 23:11:40 [Warning] 'ItemWearable' class is obsolete. Please, replace it with 'Wearable' behavior for medieval:clothes-upperbody-shirt-red instead
17.8.2026 23:11:40 [Warning] 'ItemWearable' class is obsolete. Please, replace it with 'Wearable' behavior for medieval:clothes-upperbody-shirt-purple instead
17.8.2026 23:11:40 [Warning] 'ItemWearable' class is obsolete. Please, replace it with 'Wearable' behavior for medieval:clothes-upperbody-shirt-orange instead
17.8.2026 23:11:40 [Warning] 'ItemWearable' class is obsolete. Please, replace it with 'Wearable' behavior for medieval:clothes-upperbody-shirt-green instead
17.8.2026 23:11:40 [Warning] 'ItemWearable' class is obsolete. Please, replace it with 'Wearable' behavior for medieval:clothes-upperbody-shirt-gray instead
17.8.2026 23:11:40 [Warning] 'ItemWearable' class is obsolete. Please, replace it with 'Wearable' behavior for medieval:clothes-upperbody-shirt-brown instead
17.8.2026 23:11:40 [Warning] 'ItemWearable' class is obsolete. Please, replace it with 'Wearable' behavior for medieval:clothes-upperbody-shirt-blue instead
17.8.2026 23:11:40 [Warning] 'ItemWearable' class is obsolete. Please, replace it with 'Wearable' behavior for medieval:clothes-upperbody-shirt-black instead
17.8.2026 23:11:40 [Warning] 'ItemWearable' class is obsolete. Please, replace it with 'Wearable' behavior for medieval:clothes-upperbody-leon2 instead
17.8.2026 23:11:40 [Warning] 'ItemWearable' class is obsolete. Please, replace it with 'Wearable' behavior for medieval:clothes-upperbody-leon instead
17.8.2026 23:11:40 [Warning] 'ItemWearable' class is obsolete. Please, replace it with 'Wearable' behavior for medieval:clothes-upperbody-ruddis-cloth-guindo instead
17.8.2026 23:11:40 [Warning] 'ItemWearable' class is obsolete. Please, replace it with 'Wearable' behavior for medieval:clothes-upperbody-ruddis-cloth-yellow instead
17.8.2026 23:11:40 [Warning] 'ItemWearable' class is obsolete. Please, replace it with 'Wearable' behavior for medieval:clothes-upperbody-ruddis-cloth-white instead
17.8.2026 23:11:40 [Warning] 'ItemWearable' class is obsolete. Please, replace it with 'Wearable' behavior for medieval:clothes-upperbody-ruddis-cloth-red instead
17.8.2026 23:11:40 [Warning] 'ItemWearable' class is obsolete. Please, replace it with 'Wearable' behavior for medieval:clothes-upperbody-ruddis-cloth-purple instead
17.8.2026 23:11:40 [Warning] 'ItemWearable' class is obsolete. Please, replace it with 'Wearable' behavior for medieval:clothes-upperbody-ruddis-cloth-pink instead
17.8.2026 23:11:40 [Warning] 'ItemWearable' class is obsolete. Please, replace it with 'Wearable' behavior for medieval:clothes-upperbody-ruddis-cloth-orange instead
17.8.2026 23:11:40 [Warning] 'ItemWearable' class is obsolete. Please, replace it with 'Wearable' behavior for medieval:clothes-upperbody-ruddis-cloth-green instead
17.8.2026 23:11:40 [Warning] 'ItemWearable' class is obsolete. Please, replace it with 'Wearable' behavior for medieval:clothes-upperbody-ruddis-cloth-gray instead
17.8.2026 23:11:40 [Warning] 'ItemWearable' class is obsolete. Please, replace it with 'Wearable' behavior for medieval:clothes-upperbody-ruddis-cloth-brown instead
17.8.2026 23:11:40 [Warning] 'ItemWearable' class is obsolete. Please, replace it with 'Wearable' behavior for medieval:clothes-upperbody-ruddis-cloth-blue instead
17.8.2026 23:11:40 [Warning] 'ItemWearable' class is obsolete. Please, replace it with 'Wearable' behavior for medieval:clothes-upperbody-ruddis-cloth-black instead
17.8.2026 23:11:40 [Warning] 'ItemWearable' class is obsolete. Please, replace it with 'Wearable' behavior for medieval:clothes-upperbody-vikingshirt instead
17.8.2026 23:11:40 [Warning] 'ItemWearable' class is obsolete. Please, replace it with 'Wearable' behavior for medieval:clothes-upperbody-hunter instead
17.8.2026 23:11:40 [Warning] 'ItemWearable' class is obsolete. Please, replace it with 'Wearable' behavior for medieval:clothes-upperbody-miner instead
17.8.2026 23:11:40 [Warning] 'ItemWearable' class is obsolete. Please, replace it with 'Wearable' behavior for medieval:clothes-upperbody-medieval-short-red-neck instead
17.8.2026 23:11:40 [Warning] 'ItemWearable' class is obsolete. Please, replace it with 'Wearable' behavior for medieval:clothes-upperbody-medieval-short-red instead
17.8.2026 23:11:40 [Warning] 'ItemWearable' class is obsolete. Please, replace it with 'Wearable' behavior for medieval:clothes-upperbody-medieval-short-brown-neck instead
17.8.2026 23:11:40 [Warning] 'ItemWearable' class is obsolete. Please, replace it with 'Wearable' behavior for medieval:clothes-upperbody-medieval-short-brown instead
17.8.2026 23:11:40 [Warning] 'ItemWearable' class is obsolete. Please, replace it with 'Wearable' behavior for medieval:clothes-upperbody-medieval-short-black-neck instead
17.8.2026 23:11:40 [Warning] 'ItemWearable' class is obsolete. Please, replace it with 'Wearable' behavior for medieval:clothes-upperbody-medieval-short-black instead
17.8.2026 23:11:40 [Warning] 'ItemWearable' class is obsolete. Please, replace it with 'Wearable' behavior for medieval:clothes-upperbody-manga instead
17.8.2026 23:11:40 [Warning] 'ItemWearable' class is obsolete. Please, replace it with 'Wearable' behavior for medieval:clothes-upperbody-gris instead
17.8.2026 23:11:40 [Warning] 'ItemWearable' class is obsolete. Please, replace it with 'Wearable' behavior for medieval:clothes-upperbody-medieval-lux-leather-shirt instead
17.8.2026 23:11:40 [Warning] 'ItemWearable' class is obsolete. Please, replace it with 'Wearable' behavior for medieval:clothes-upperbody-camisita-yellow instead
17.8.2026 23:11:40 [Warning] 'ItemWearable' class is obsolete. Please, replace it with 'Wearable' behavior for medieval:clothes-upperbody-camisita-red instead
17.8.2026 23:11:40 [Warning] 'ItemWearable' class is obsolete. Please, replace it with 'Wearable' behavior for medieval:clothes-upperbody-camisita-orange instead
17.8.2026 23:11:40 [Warning] 'ItemWearable' class is obsolete. Please, replace it with 'Wearable' behavior for medieval:clothes-upperbody-camisita-green instead
17.8.2026 23:11:40 [Warning] 'ItemWearable' class is obsolete. Please, replace it with 'Wearable' behavior for medieval:clothes-upperbody-camisita-gray instead
17.8.2026 23:11:40 [Warning] 'ItemWearable' class is obsolete. Please, replace it with 'Wearable' behavior for medieval:clothes-upperbody-camisita-brown instead
17.8.2026 23:11:40 [Warning] 'ItemWearable' class is obsolete. Please, replace it with 'Wearable' behavior for medieval:clothes-upperbody-camisita-blue instead
17.8.2026 23:11:40 [Warning] 'ItemWearable' class is obsolete. Please, replace it with 'Wearable' behavior for medieval:clothes-upperbody-camisita-black instead
17.8.2026 23:11:40 [Warning] 'ItemWearable' class is obsolete. Please, replace it with 'Wearable' behavior for medieval:clothes-upperbody-ambar instead
17.8.2026 23:11:40 [Warning] 'ItemWearable' class is obsolete. Please, replace it with 'Wearable' behavior for medieval:clothes-upperbody-blackred instead
17.8.2026 23:11:40 [Warning] 'ItemWearable' class is obsolete. Please, replace it with 'Wearable' behavior for medieval:clothes-upperbody-black instead
17.8.2026 23:11:40 [Warning] 'ItemWearable' class is obsolete. Please, replace it with 'Wearable' behavior for medieval:clothes-upperbody-medieval-squire-tunic instead
17.8.2026 23:11:40 [Warning] 'ItemWearable' class is obsolete. Please, replace it with 'Wearable' behavior for medieval:clothes-upperbody-medieval-knight-tunic-gray instead
17.8.2026 23:11:40 [Warning] 'ItemWearable' class is obsolete. Please, replace it with 'Wearable' behavior for medieval:clothes-upperbody-medieval-knight-tunic-red instead
17.8.2026 23:11:40 [Warning] 'ItemWearable' class is obsolete. Please, replace it with 'Wearable' behavior for medieval:clothes-upperbody-medieval-knight-tunic-brown instead
17.8.2026 23:11:40 [Warning] 'ItemWearable' class is obsolete. Please, replace it with 'Wearable' behavior for medieval:clothes-upperbody-medieval-woman-coat-top instead
17.8.2026 23:11:40 [Warning] 'ItemWearable' class is obsolete. Please, replace it with 'Wearable' behavior for medieval:clothes-upperbody-medieval-dress-blue-top instead
17.8.2026 23:11:40 [Warning] 'ItemWearable' class is obsolete. Please, replace it with 'Wearable' behavior for medieval:clothes-upperbody-medieval-dress-brown-top instead
17.8.2026 23:11:40 [Warning] 'ItemWearable' class is obsolete. Please, replace it with 'Wearable' behavior for medieval:clothes-upperbody-medieval-dress-top instead
17.8.2026 23:11:40 [Warning] 'ItemWearable' class is obsolete. Please, replace it with 'Wearable' behavior for medieval:clothes-upperbody-medieval-blouse-yellow instead
17.8.2026 23:11:40 [Warning] 'ItemWearable' class is obsolete. Please, replace it with 'Wearable' behavior for medieval:clothes-upperbody-medieval-blouse-white instead
17.8.2026 23:11:40 [Warning] 'ItemWearable' class is obsolete. Please, replace it with 'Wearable' behavior for medieval:clothes-upperbody-medieval-blouse-red instead
17.8.2026 23:11:40 [Warning] 'ItemWearable' class is obsolete. Please, replace it with 'Wearable' behavior for medieval:clothes-upperbody-medieval-blouse-purple instead
17.8.2026 23:11:40 [Warning] 'ItemWearable' class is obsolete. Please, replace it with 'Wearable' behavior for medieval:clothes-upperbody-medieval-blouse-pink instead
17.8.2026 23:11:40 [Warning] 'ItemWearable' class is obsolete. Please, replace it with 'Wearable' behavior for medieval:clothes-upperbody-medieval-blouse-orange instead
17.8.2026 23:11:40 [Warning] 'ItemWearable' class is obsolete. Please, replace it with 'Wearable' behavior for medieval:clothes-upperbody-medieval-blouse-green instead
17.8.2026 23:11:40 [Warning] 'ItemWearable' class is obsolete. Please, replace it with 'Wearable' behavior for medieval:clothes-upperbody-medieval-blouse-gray instead
17.8.2026 23:11:40 [Warning] 'ItemWearable' class is obsolete. Please, replace it with 'Wearable' behavior for medieval:clothes-upperbody-medieval-blouse-brown instead
17.8.2026 23:11:40 [Warning] 'ItemWearable' class is obsolete. Please, replace it with 'Wearable' behavior for medieval:clothes-upperbody-medieval-blouse-blue instead
17.8.2026 23:11:40 [Warning] 'ItemWearable' class is obsolete. Please, replace it with 'Wearable' behavior for medieval:clothes-upperbody-medieval-blouse-black instead
17.8.2026 23:11:40 [Warning] 'ItemWearable' class is obsolete. Please, replace it with 'Wearable' behavior for medieval:clothes-upperbody-medieval-blouse instead
17.8.2026 23:11:40 [Warning] 'ItemWearable' class is obsolete. Please, replace it with 'Wearable' behavior for medieval:clothes-upperbody-medieval-large-white-w instead
17.8.2026 23:11:40 [Warning] 'ItemWearable' class is obsolete. Please, replace it with 'Wearable' behavior for medieval:clothes-upperbody-medieval-large-purple-w instead
17.8.2026 23:11:40 [Warning] 'ItemWearable' class is obsolete. Please, replace it with 'Wearable' behavior for medieval:clothes-upperbody-medieval-large-pink-w instead
17.8.2026 23:11:40 [Warning] 'ItemWearable' class is obsolete. Please, replace it with 'Wearable' behavior for medieval:clothes-upperbody-medieval-large-red-w instead
17.8.2026 23:11:40 [Warning] 'ItemWearable' class is obsolete. Please, replace it with 'Wearable' behavior for medieval:clothes-upperbody-medieval-large-red-robe instead
17.8.2026 23:11:40 [Warning] 'ItemWearable' class is obsolete. Please, replace it with 'Wearable' behavior for medieval:clothes-upperbody-medieval-large-red-neck instead
17.8.2026 23:11:40 [Warning] 'ItemWearable' class is obsolete. Please, replace it with 'Wearable' behavior for medieval:clothes-upperbody-medieval-large-black-robe instead
17.8.2026 23:11:40 [Warning] 'ItemWearable' class is obsolete. Please, replace it with 'Wearable' behavior for medieval:clothes-upperbody-medieval-large-black-neck instead
17.8.2026 23:11:40 [Warning] 'ItemWearable' class is obsolete. Please, replace it with 'Wearable' behavior for medieval:clothes-upperbody-medieval-large-yellow-w instead
17.8.2026 23:11:40 [Warning] 'ItemWearable' class is obsolete. Please, replace it with 'Wearable' behavior for medieval:clothes-upperbody-medieval-large-yellow-robe instead
17.8.2026 23:11:40 [Warning] 'ItemWearable' class is obsolete. Please, replace it with 'Wearable' behavior for medieval:clothes-upperbody-medieval-large-yellow-neck instead
17.8.2026 23:11:40 [Warning] 'ItemWearable' class is obsolete. Please, replace it with 'Wearable' behavior for medieval:clothes-upperbody-medieval-large-orange-w instead
17.8.2026 23:11:40 [Warning] 'ItemWearable' class is obsolete. Please, replace it with 'Wearable' behavior for medieval:clothes-upperbody-medieval-large-orange-robe instead
17.8.2026 23:11:40 [Warning] 'ItemWearable' class is obsolete. Please, replace it with 'Wearable' behavior for medieval:clothes-upperbody-medieval-large-orange-neck instead
17.8.2026 23:11:40 [Warning] 'ItemWearable' class is obsolete. Please, replace it with 'Wearable' behavior for medieval:clothes-upperbody-medieval-large-green-w instead
17.8.2026 23:11:40 [Warning] 'ItemWearable' class is obsolete. Please, replace it with 'Wearable' behavior for medieval:clothes-upperbody-medieval-large-green-robe instead
17.8.2026 23:11:40 [Warning] 'ItemWearable' class is obsolete. Please, replace it with 'Wearable' behavior for medieval:clothes-upperbody-medieval-large-green-neck instead
17.8.2026 23:11:40 [Warning] 'ItemWearable' class is obsolete. Please, replace it with 'Wearable' behavior for medieval:clothes-upperbody-medieval-large-gray-w instead
17.8.2026 23:11:40 [Warning] 'ItemWearable' class is obsolete. Please, replace it with 'Wearable' behavior for medieval:clothes-upperbody-medieval-large-gray-robe instead
17.8.2026 23:11:40 [Warning] 'ItemWearable' class is obsolete. Please, replace it with 'Wearable' behavior for medieval:clothes-upperbody-medieval-large-gray-neck instead
17.8.2026 23:11:40 [Warning] 'ItemWearable' class is obsolete. Please, replace it with 'Wearable' behavior for medieval:clothes-upperbody-medieval-large-brown-w instead
17.8.2026 23:11:40 [Warning] 'ItemWearable' class is obsolete. Please, replace it with 'Wearable' behavior for medieval:clothes-upperbody-medieval-large-brown-robe instead
17.8.2026 23:11:40 [Warning] 'ItemWearable' class is obsolete. Please, replace it with 'Wearable' behavior for medieval:clothes-upperbody-medieval-large-brown-neck instead
17.8.2026 23:11:40 [Warning] 'ItemWearable' class is obsolete. Please, replace it with 'Wearable' behavior for medieval:clothes-upperbody-medieval-large-blue-w instead
17.8.2026 23:11:40 [Warning] 'ItemWearable' class is obsolete. Please, replace it with 'Wearable' behavior for medieval:clothes-upperbody-medieval-large-blue-robe instead
17.8.2026 23:11:40 [Warning] 'ItemWearable' class is obsolete. Please, replace it with 'Wearable' behavior for medieval:clothes-upperbody-medieval-large-blue-neck instead
17.8.2026 23:11:40 [Warning] 'ItemWearable' class is obsolete. Please, replace it with 'Wearable' behavior for medieval:clothes-upperbody-large-yellow-luxurious-medieval-tunic instead
17.8.2026 23:11:40 [Warning] 'ItemWearable' class is obsolete. Please, replace it with 'Wearable' behavior for medieval:clothes-upperbody-large-red-luxurious-medieval-tunic instead
17.8.2026 23:11:40 [Warning] 'ItemWearable' class is obsolete. Please, replace it with 'Wearable' behavior for medieval:clothes-upperbody-large-orange-luxurious-medieval-tunic instead
17.8.2026 23:11:40 [Warning] 'ItemWearable' class is obsolete. Please, replace it with 'Wearable' behavior for medieval:clothes-upperbody-large-green-luxurious-medieval-tunic instead
17.8.2026 23:11:40 [Warning] 'ItemWearable' class is obsolete. Please, replace it with 'Wearable' behavior for medieval:clothes-upperbody-large-gray-luxurious-medieval-tunic instead
17.8.2026 23:11:40 [Warning] 'ItemWearable' class is obsolete. Please, replace it with 'Wearable' behavior for medieval:clothes-upperbody-large-blue-luxurious-medieval-tunic instead
17.8.2026 23:11:40 [Warning] 'ItemWearable' class is obsolete. Please, replace it with 'Wearable' behavior for medieval:clothes-upperbody-medieval-shirt instead
17.8.2026 23:11:40 [Warning] 'ItemWearable' class is obsolete. Please, replace it with 'Wearable' behavior for medieval:clothes-upperbody-medieval-leather-shirt-white instead
17.8.2026 23:11:40 [Warning] 'ItemWearable' class is obsolete. Please, replace it with 'Wearable' behavior for medieval:clothes-upperbody-medieval-leather-shirt-red instead
17.8.2026 23:11:40 [Warning] 'ItemWearable' class is obsolete. Please, replace it with 'Wearable' behavior for medieval:clothes-upperbody-medieval-leather-shirt-green instead
17.8.2026 23:11:40 [Warning] 'ItemWearable' class is obsolete. Please, replace it with 'Wearable' behavior for medieval:clothes-upperbody-medieval-leather-shirt-gray instead
17.8.2026 23:11:40 [Warning] 'ItemWearable' class is obsolete. Please, replace it with 'Wearable' behavior for medieval:clothes-upperbody-medieval-leather-shirt-blue instead
17.8.2026 23:11:40 [Warning] 'ItemWearable' class is obsolete. Please, replace it with 'Wearable' behavior for medieval:clothes-upperbody-medieval-leather-shirt-black instead
17.8.2026 23:11:40 [Warning] 'ItemWearable' class is obsolete. Please, replace it with 'Wearable' behavior for medieval:clothes-upperbody-medieval-leather-shirt instead
17.8.2026 23:11:40 [Warning] 'ItemWearable' class is obsolete. Please, replace it with 'Wearable' behavior for medieval:clothes-upperbody-linen-tunic-yellow instead
17.8.2026 23:11:40 [Warning] 'ItemWearable' class is obsolete. Please, replace it with 'Wearable' behavior for medieval:clothes-upperbody-linen-tunic-white instead
17.8.2026 23:11:40 [Warning] 'ItemWearable' class is obsolete. Please, replace it with 'Wearable' behavior for medieval:clothes-upperbody-linen-tunic-red instead
17.8.2026 23:11:40 [Warning] 'ItemWearable' class is obsolete. Please, replace it with 'Wearable' behavior for medieval:clothes-upperbody-linen-tunic-purple instead
17.8.2026 23:11:40 [Warning] 'ItemWearable' class is obsolete. Please, replace it with 'Wearable' behavior for medieval:clothes-upperbody-linen-tunic-orange instead
17.8.2026 23:11:40 [Warning] 'ItemWearable' class is obsolete. Please, replace it with 'Wearable' behavior for medieval:clothes-upperbody-linen-tunic-green instead
17.8.2026 23:11:40 [Warning] 'ItemWearable' class is obsolete. Please, replace it with 'Wearable' behavior for medieval:clothes-upperbody-linen-tunic-gray instead
17.8.2026 23:11:40 [Warning] 'ItemWearable' class is obsolete. Please, replace it with 'Wearable' behavior for medieval:clothes-upperbody-linen-tunic-brown instead
17.8.2026 23:11:40 [Warning] 'ItemWearable' class is obsolete. Please, replace it with 'Wearable' behavior for medieval:clothes-upperbody-linen-tunic-blue instead
17.8.2026 23:11:40 [Warning] 'ItemWearable' class is obsolete. Please, replace it with 'Wearable' behavior for medieval:clothes-upperbody-linen-tunic-pink instead
17.8.2026 23:11:40 [Warning] 'ItemWearable' class is obsolete. Please, replace it with 'Wearable' behavior for medieval:clothes-upperbody-linen-tunic-black instead
17.8.2026 23:11:40 [Warning] 'ItemWearable' class is obsolete. Please, replace it with 'Wearable' behavior for medieval:clothes-upperbody-steel-embroidered-shirt instead
17.8.2026 23:11:40 [Warning] 'ItemWearable' class is obsolete. Please, replace it with 'Wearable' behavior for medieval:clothes-upperbody-turquoise-embroidered-shirt instead
17.8.2026 23:11:40 [Warning] 'ItemWearable' class is obsolete. Please, replace it with 'Wearable' behavior for medieval:clothes-upperbody-camel-embroidered-shirt instead
17.8.2026 23:11:40 [Warning] 'ItemWearable' class is obsolete. Please, replace it with 'Wearable' behavior for medieval:clothes-upperbody-crimson-embroidered-shirt instead
17.8.2026 23:11:40 [Warning] 'ItemWearable' class is obsolete. Please, replace it with 'Wearable' behavior for medieval:clothes-upperbodyover-guindo instead
17.8.2026 23:11:40 [Warning] 'ItemWearable' class is obsolete. Please, replace it with 'Wearable' behavior for medieval:clothes-upperbodyover-olivo instead
17.8.2026 23:11:40 [Warning] 'ItemWearable' class is obsolete. Please, replace it with 'Wearable' behavior for medieval:clothes-upperbodyover-duende instead
17.8.2026 23:11:40 [Warning] 'ItemWearable' class is obsolete. Please, replace it with 'Wearable' behavior for medieval:clothes-upperbodyover-lux instead
17.8.2026 23:11:40 [Warning] 'ItemWearable' class is obsolete. Please, replace it with 'Wearable' behavior for medieval:clothes-upperbodyover-savage instead
17.8.2026 23:11:40 [Warning] 'ItemWearable' class is obsolete. Please, replace it with 'Wearable' behavior for medieval:clothes-upperbodyover-navajo instead
17.8.2026 23:11:40 [Warning] 'ItemWearable' class is obsolete. Please, replace it with 'Wearable' behavior for medieval:clothes-upperbodyover-lion instead
17.8.2026 23:11:40 [Warning] 'ItemWearable' class is obsolete. Please, replace it with 'Wearable' behavior for medieval:clothes-upperbodyover-jungle instead
17.8.2026 23:11:40 [Warning] 'ItemWearable' class is obsolete. Please, replace it with 'Wearable' behavior for medieval:clothes-upperbodyover-gentilred instead
17.8.2026 23:11:40 [Warning] 'ItemWearable' class is obsolete. Please, replace it with 'Wearable' behavior for medieval:clothes-upperbodyover-gentil instead
17.8.2026 23:11:40 [Warning] 'ItemWearable' class is obsolete. Please, replace it with 'Wearable' behavior for medieval:clothes-upperbodyover-elegante instead
17.8.2026 23:11:40 [Warning] 'ItemWearable' class is obsolete. Please, replace it with 'Wearable' behavior for medieval:clothes-upperbodyover-eagle instead
17.8.2026 23:11:40 [Warning] 'ItemWearable' class is obsolete. Please, replace it with 'Wearable' behavior for medieval:clothes-upperbodyover-diamond instead
17.8.2026 23:11:40 [Warning] 'ItemWearable' class is obsolete. Please, replace it with 'Wearable' behavior for medieval:clothes-upperbodyover-calavera instead
17.8.2026 23:11:40 [Warning] 'ItemWearable' class is obsolete. Please, replace it with 'Wearable' behavior for medieval:clothes-upperbodyover-bosque2 instead
17.8.2026 23:11:40 [Warning] 'ItemWearable' class is obsolete. Please, replace it with 'Wearable' behavior for medieval:clothes-upperbodyover-blackgold instead
17.8.2026 23:11:40 [Warning] 'ItemWearable' class is obsolete. Please, replace it with 'Wearable' behavior for medieval:clothes-upperbodyover-blackgray instead
17.8.2026 23:11:40 [Warning] 'ItemWearable' class is obsolete. Please, replace it with 'Wearable' behavior for medieval:clothes-upperbodyover-reli2 instead
17.8.2026 23:11:40 [Warning] 'ItemWearable' class is obsolete. Please, replace it with 'Wearable' behavior for medieval:clothes-upperbodyover-reli instead
17.8.2026 23:11:40 [Warning] 'ItemWearable' class is obsolete. Please, replace it with 'Wearable' behavior for medieval:clothes-upperbodyover-hunterwhite instead
17.8.2026 23:11:40 [Warning] 'ItemWearable' class is obsolete. Please, replace it with 'Wearable' behavior for medieval:clothes-upperbodyover-hunterred instead
17.8.2026 23:11:40 [Warning] 'ItemWearable' class is obsolete. Please, replace it with 'Wearable' behavior for medieval:clothes-upperbodyover-medieval-robes instead
17.8.2026 23:11:40 [Warning] 'ItemWearable' class is obsolete. Please, replace it with 'Wearable' behavior for medieval:clothes-upperbodyover-medieval-robes-red instead
17.8.2026 23:11:40 [Warning] 'ItemWearable' class is obsolete. Please, replace it with 'Wearable' behavior for medieval:clothes-upperbodyover-medieval-robes-green instead
17.8.2026 23:11:40 [Warning] 'ItemWearable' class is obsolete. Please, replace it with 'Wearable' behavior for medieval:clothes-upperbodyover-medieval-robes-brown instead
17.8.2026 23:11:40 [Warning] 'ItemWearable' class is obsolete. Please, replace it with 'Wearable' behavior for medieval:clothes-upperbodyover-medieval-large-brown-faldita instead
17.8.2026 23:11:40 [Warning] 'ItemWearable' class is obsolete. Please, replace it with 'Wearable' behavior for medieval:clothes-upperbodyover-medieval-large-black-faldita instead
17.8.2026 23:11:40 [Warning] 'ItemWearable' class is obsolete. Please, replace it with 'Wearable' behavior for medieval:clothes-upperbodyover-medieval-large-yellowblue-faldita instead
17.8.2026 23:11:40 [Warning] 'ItemWearable' class is obsolete. Please, replace it with 'Wearable' behavior for medieval:clothes-upperbodyover-medieval-large-redyellow-faldita instead
17.8.2026 23:11:40 [Warning] 'ItemWearable' class is obsolete. Please, replace it with 'Wearable' behavior for medieval:clothes-upperbodyover-medieval-large-red-faldita instead
17.8.2026 23:11:40 [Warning] 'ItemWearable' class is obsolete. Please, replace it with 'Wearable' behavior for medieval:clothes-upperbodyover-medieval-large-redblue-faldita instead
17.8.2026 23:11:40 [Warning] 'ItemWearable' class is obsolete. Please, replace it with 'Wearable' behavior for medieval:clothes-upperbodyover-medieval-large-purple-faldita instead
17.8.2026 23:11:40 [Warning] 'ItemWearable' class is obsolete. Please, replace it with 'Wearable' behavior for medieval:clothes-upperbodyover-medieval-large-pink-faldita instead
17.8.2026 23:11:40 [Warning] 'ItemWearable' class is obsolete. Please, replace it with 'Wearable' behavior for medieval:clothes-upperbodyover-medieval-large-orangebrown-faldita instead
17.8.2026 23:11:40 [Warning] 'ItemWearable' class is obsolete. Please, replace it with 'Wearable' behavior for medieval:clothes-upperbodyover-medieval-large-green-faldita instead
17.8.2026 23:11:40 [Warning] 'ItemWearable' class is obsolete. Please, replace it with 'Wearable' behavior for medieval:clothes-upperbodyover-medieval-large-blues-faldita instead
17.8.2026 23:11:40 [Warning] 'ItemWearable' class is obsolete. Please, replace it with 'Wearable' behavior for medieval:clothes-upperbodyover-medieval-large-bluegreen-faldita instead
17.8.2026 23:11:40 [Warning] 'ItemWearable' class is obsolete. Please, replace it with 'Wearable' behavior for medieval:clothes-upperbodyover-medieval-large-blue-faldita instead
17.8.2026 23:11:40 [Warning] 'ItemWearable' class is obsolete. Please, replace it with 'Wearable' behavior for medieval:clothes-upperbodyover-medieval-large-beige-faldita instead
17.8.2026 23:11:40 [Warning] 'ItemWearable' class is obsolete. Please, replace it with 'Wearable' behavior for medieval:clothes-upperbodyover-vikingcoat instead
17.8.2026 23:11:40 [Warning] 'ItemWearable' class is obsolete. Please, replace it with 'Wearable' behavior for medieval:clothes-upperbodyover-lad instead
17.8.2026 23:11:40 [Warning] 'ItemWearable' class is obsolete. Please, replace it with 'Wearable' behavior for medieval:clothes-upperbodyover-leonwhite instead
17.8.2026 23:11:40 [Warning] 'ItemWearable' class is obsolete. Please, replace it with 'Wearable' behavior for medieval:clothes-upperbodyover-leon instead
17.8.2026 23:11:40 [Warning] 'ItemWearable' class is obsolete. Please, replace it with 'Wearable' behavior for medieval:clothes-upperbodyover-yellow-shirt instead
17.8.2026 23:11:40 [Warning] 'ItemWearable' class is obsolete. Please, replace it with 'Wearable' behavior for medieval:clothes-upperbodyover-warrior instead
17.8.2026 23:11:40 [Warning] 'ItemWearable' class is obsolete. Please, replace it with 'Wearable' behavior for medieval:clothes-upperbodyover-single-coat instead
17.8.2026 23:11:40 [Warning] 'ItemWearable' class is obsolete. Please, replace it with 'Wearable' behavior for medieval:clothes-upperbodyover-reds-shirt instead
17.8.2026 23:11:40 [Warning] 'ItemWearable' class is obsolete. Please, replace it with 'Wearable' behavior for medieval:clothes-upperbodyover-red-shirt instead
17.8.2026 23:11:40 [Warning] 'ItemWearable' class is obsolete. Please, replace it with 'Wearable' behavior for medieval:clothes-upperbodyover-red-coat instead
17.8.2026 23:11:40 [Warning] 'ItemWearable' class is obsolete. Please, replace it with 'Wearable' behavior for medieval:clothes-upperbodyover-red-civil instead
17.8.2026 23:11:40 [Warning] 'ItemWearable' class is obsolete. Please, replace it with 'Wearable' behavior for medieval:clothes-upperbodyover-purple-coat-short instead
17.8.2026 23:11:40 [Warning] 'ItemWearable' class is obsolete. Please, replace it with 'Wearable' behavior for medieval:clothes-upperbodyover-poor instead
17.8.2026 23:11:40 [Warning] 'ItemWearable' class is obsolete. Please, replace it with 'Wearable' behavior for medieval:clothes-upperbodyover-medieval-civilr instead
17.8.2026 23:11:40 [Warning] 'ItemWearable' class is obsolete. Please, replace it with 'Wearable' behavior for medieval:clothes-upperbodyover-medieval-civilp instead
17.8.2026 23:11:40 [Warning] 'ItemWearable' class is obsolete. Please, replace it with 'Wearable' behavior for medieval:clothes-upperbodyover-medieval-civilb instead
17.8.2026 23:11:40 [Warning] 'ItemWearable' class is obsolete. Please, replace it with 'Wearable' behavior for medieval:clothes-upperbodyover-lightbrown-leather-coat instead
17.8.2026 23:11:40 [Warning] 'ItemWearable' class is obsolete. Please, replace it with 'Wearable' behavior for medieval:clothes-upperbodyover-yelloww-shirt instead
17.8.2026 23:11:40 [Warning] 'ItemWearable' class is obsolete. Please, replace it with 'Wearable' behavior for medieval:clothes-upperbodyover-redd-shirt instead
17.8.2026 23:11:40 [Warning] 'ItemWearable' class is obsolete. Please, replace it with 'Wearable' behavior for medieval:clothes-upperbodyover-purple-shirt instead
17.8.2026 23:11:40 [Warning] 'ItemWearable' class is obsolete. Please, replace it with 'Wearable' behavior for medieval:clothes-upperbodyover-brownn-shirt instead
17.8.2026 23:11:40 [Warning] 'ItemWearable' class is obsolete. Please, replace it with 'Wearable' behavior for medieval:clothes-upperbodyover-blue-shirt instead
17.8.2026 23:11:40 [Warning] 'ItemWearable' class is obsolete. Please, replace it with 'Wearable' behavior for medieval:clothes-upperbodyover-green-shirt instead
17.8.2026 23:11:40 [Warning] 'ItemWearable' class is obsolete. Please, replace it with 'Wearable' behavior for medieval:clothes-upperbodyover-hunter instead
17.8.2026 23:11:40 [Warning] 'ItemWearable' class is obsolete. Please, replace it with 'Wearable' behavior for medieval:clothes-upperbodyover-farmer instead
17.8.2026 23:11:40 [Warning] 'ItemWearable' class is obsolete. Please, replace it with 'Wearable' behavior for medieval:clothes-upperbodyover-brown-shirt instead
17.8.2026 23:11:40 [Warning] 'ItemWearable' class is obsolete. Please, replace it with 'Wearable' behavior for medieval:clothes-upperbodyover-brown-leather-coat instead
17.8.2026 23:11:40 [Warning] 'ItemWearable' class is obsolete. Please, replace it with 'Wearable' behavior for medieval:clothes-upperbodyover-blue-civil instead
17.8.2026 23:11:40 [Warning] 'ItemWearable' class is obsolete. Please, replace it with 'Wearable' behavior for medieval:clothes-upperbodyover-black-short-coat instead
17.8.2026 23:11:40 [Warning] 'ItemWearable' class is obsolete. Please, replace it with 'Wearable' behavior for medieval:clothes-upperbodyover-red-coattt instead
17.8.2026 23:11:40 [Warning] 'ItemWearable' class is obsolete. Please, replace it with 'Wearable' behavior for medieval:clothes-upperbodyover-black-coat instead
17.8.2026 23:11:40 [Warning] 'ItemWearable' class is obsolete. Please, replace it with 'Wearable' behavior for medieval:clothes-upperbodyover-black-cape instead
17.8.2026 23:11:40 [Warning] 'ItemWearable' class is obsolete. Please, replace it with 'Wearable' behavior for medieval:clothes-upperbodyover-assassin instead
17.8.2026 23:11:40 [Warning] 'ItemWearable' class is obsolete. Please, replace it with 'Wearable' behavior for medieval:clothes-upperbodyover-miner instead
17.8.2026 23:11:40 [Warning] 'ItemWearable' class is obsolete. Please, replace it with 'Wearable' behavior for medieval:clothes-upperbodyover-large-hunter-coat instead
17.8.2026 23:11:40 [Warning] 'ItemWearable' class is obsolete. Please, replace it with 'Wearable' behavior for medieval:clothes-upperbodyover-medieval-travelers-earthrobe instead
17.8.2026 23:11:40 [Warning] 'ItemWearable' class is obsolete. Please, replace it with 'Wearable' behavior for medieval:clothes-waist-medieval-tailor-belt instead
17.8.2026 23:11:40 [Warning] 'ItemWearable' class is obsolete. Please, replace it with 'Wearable' behavior for medieval:clothes-waist-rope-linen instead
17.8.2026 23:11:40 [Warning] 'ItemWearable' class is obsolete. Please, replace it with 'Wearable' behavior for medieval:clothes-waist-bone instead
17.8.2026 23:11:40 [Warning] 'ItemWearable' class is obsolete. Please, replace it with 'Wearable' behavior for medieval:clothes-waist-medieval-wide-belt-knife-ex instead
17.8.2026 23:11:40 [Warning] 'ItemWearable' class is obsolete. Please, replace it with 'Wearable' behavior for medieval:clothes-waist-medieval-wide-belt-knife instead
17.8.2026 23:11:40 [Warning] 'ItemWearable' class is obsolete. Please, replace it with 'Wearable' behavior for medieval:clothes-waist-medieval-wide-belt instead
17.8.2026 23:11:40 [Warning] 'ItemWearable' class is obsolete. Please, replace it with 'Wearable' behavior for medieval:clothes-waist-medieval-large-belt-knife-ex instead
17.8.2026 23:11:40 [Warning] 'ItemWearable' class is obsolete. Please, replace it with 'Wearable' behavior for medieval:clothes-waist-medieval-large-belt-knife instead
17.8.2026 23:11:40 [Warning] 'ItemWearable' class is obsolete. Please, replace it with 'Wearable' behavior for medieval:clothes-waist-medieval-large-belt instead
17.8.2026 23:11:40 [Warning] 'ItemWearable' class is obsolete. Please, replace it with 'Wearable' behavior for medieval:clothes-waist-medieval-large-belt-knife-lantern-on2 instead
17.8.2026 23:11:40 [Warning] 'ItemWearable' class is obsolete. Please, replace it with 'Wearable' behavior for medieval:clothes-waist-medieval-large-belt-knife-lantern-on1 instead
17.8.2026 23:11:40 [Warning] 'ItemWearable' class is obsolete. Please, replace it with 'Wearable' behavior for medieval:clothes-waist-medieval-large-belt-knife-lantern-on instead
17.8.2026 23:11:40 [Warning] Server overloaded. A tick took 1921ms to complete.
17.8.2026 23:14:49 [Event] Saved 300 generating chunks...
17.8.2026 23:14:49 [Event] ...
17.8.2026 23:14:49 [Event] Saved 600 generating chunks...
17.8.2026 23:14:49 [Event] ...
17.8.2026 23:14:49 [Event] Saved 900 generating chunks...
17.8.2026 23:14:49 [Event] ...
17.8.2026 23:14:49 [Event] Saved 1200 generating chunks...
17.8.2026 23:14:49 [Event] ...
17.8.2026 23:14:49 [Event] Saved 1500 generating chunks...
17.8.2026 23:14:49 [Event] ...
17.8.2026 23:14:49 [Event] Saved 1800 generating chunks...
17.8.2026 23:14:49 [Event] ...
17.8.2026 23:14:49 [Event] Saved 2100 generating chunks...
17.8.2026 23:14:49 [Event] ...
17.8.2026 23:14:49 [Event] Saved 2400 generating chunks...
17.8.2026 23:14:49 [Event] ...
17.8.2026 23:14:49 [Event] Saved 2700 generating chunks...
17.8.2026 23:14:49 [Event] ...
17.8.2026 23:14:49 [Event] Saved 3000 generating chunks...
17.8.2026 23:14:49 [Event] ...
17.8.2026 23:14:49 [Notification] Server ticking has been suspended
17.8.2026 23:17:09 [Notification] A client reconnected, resuming game calendar.
17.8.2026 23:17:09 [Notification] Server ticking has been resumed
17.8.2026 23:17:15 [Notification] Server ticking has been suspended
17.8.2026 23:17:17 [Notification] Client 1 disconnected: Server shutting down - Exit request by client
17.8.2026 23:17:17 [Notification] Last player disconnected, compacting large object heap...
17.8.2026 23:17:19 [Event] Le Joueur Hezekhiel a été supprimé. Raison : Server shutting down - Exit request by client
17.8.2026 23:17:19 [Notification] Server stop requested, begin shutdown sequence. Stop reason: Exit request by client
17.8.2026 23:17:19 [Notification] Entering runphase Shutdown
17.8.2026 23:17:21 [Error] [overhaulliblegacycompat] An exception was thrown when trying to start the mod:
17.8.2026 23:17:21 [Error] [overhaulliblegacycompat] Exception: Cannot call this method outside the main thread. Not thread safe to do so.
   at Vintagestory.Client.NoObf.ClientEventAPI.UnregisterRenderer(IRenderer renderer, EnumRenderStage stage) in VintagestoryLib\Client\API\ClientEventAPI.cs:line 583
   at CombatOverhaul.Integration.CriticalHitFeedback.Dispose() in C:\Users\caiaf\Documents\VSMods\OverhaullibLegacy\source\Integration\CriticalHitFeedback.cs:line 52
   at CombatOverhaul.Integration.GrindingWheelCompat.Dispose() in C:\Users\caiaf\Documents\VSMods\OverhaullibLegacy\source\Integration\GrindingWheelCompat.cs:line 32
   at CombatOverhaul.CombatOverhaulSystem.Dispose() in C:\Users\caiaf\Documents\VSMods\OverhaullibLegacy\source\ModSystems.cs:line 415
   at Vintagestory.Common.ModLoader.TryRunModPhase(Mod mod, ModSystem system, ICoreAPI api, ModRunPhase phase) in VintagestoryLib\Common\API\ModLoader.cs:line 684
17.8.2026 23:17:21 [Error] Failed to run mod phase Dispose for mod CombatOverhaul.CombatOverhaulSystem
17.8.2026 23:17:26 [Event] Mods and systems notified, now saving everything...
17.8.2026 23:17:26 [Event] Il s'arrête.
17.8.2026 23:17:26 [Event] Un dernier regard ...
17.8.2026 23:17:26 [Event] Saved player world data...
17.8.2026 23:17:26 [Event] Saved map regions...
17.8.2026 23:17:26 [Event] Puis tout devient silencieux ...
